2026-10-03 15:39:21,351 level=WARNING module=sunflow.opt msg=no admissible pattern for ['Kharosa', 'Jawali', 'Lamjana II', 'Chalburga']: infeasible by construction ({'Kharosa': {'candidates': 9, 'thermal_dropped': 9, 'kept': 0, 'longest_single_spell_blocks': 0}, 'Jawali': {'candidates': 84, 'thermal_dropped': 84, 'kept': 0, 'longest_single_spell_blocks': 0}, 'Lamjana II': {'candidates': 84, 'thermal_dropped': 84, 'kept': 0, 'longest_single_spell_blocks': 0}, 'Chalburga': {'candidates': 84, 'thermal_dropped': 84, 'kept': 0, 'longest_single_spell_blocks': 0}})
2026-10-03 15:39:21,793 level=WARNING module=sunflow.opt msg=no admissible pattern for ['Kharosa']: infeasible by construction ({'Kharosa': {'candidates': 264, 'thermal_dropped': 264, 'kept': 0, 'longest_single_spell_blocks': 0}, 'Jawali': {'candidates': 591, 'thermal_dropped': 537, 'kept': 54, 'longest_single_spell_blocks': 0}, 'Lamjana II': {'candidates': 591, 'thermal_dropped': 537, 'kept': 54, 'longest_single_spell_blocks': 0}, 'Chalburga': {'candidates': 591, 'thermal_dropped': 537, 'kept': 54, 'longest_single_spell_blocks': 0}})
2026-10-03 15:39:24,874 level=INFO module=sunflow.opt msg=solve status=optimal obj=204445.7 gap=0.0129 t=3.00s binaries=388 constraints=237
2026-10-03 15:39:24,925 level=INFO module=sunflow.certify msg=certified status=CERTIFIED_WITH_RELAXATION rung=feasibility_focus tightening=0
2026-10-03 15:39:27,330 level=INFO module=sunflow.opt msg=solve status=optimal obj=53506.0 gap=0.0043 t=0.72s binaries=186 constraints=328
2026-10-03 15:39:27,390 level=INFO module=sunflow.certify msg=certified status=CERTIFIED rung=nominal tightening=0
2026-10-03 15:39:30,570 level=INFO module=sunflow.opt msg=solve status=optimal obj=182084.6 gap=0.0031 t=1.33s binaries=189 constraints=328
2026-10-03 15:39:52,048 level=INFO module=sunflow.opt msg=solve status=feasible obj=156646.4 gap=None t=21.14s binaries=1775 constraints=351
2026-10-03 15:39:52,085 level=INFO module=sunflow.certify msg=certified without night compensation using split spells
2026-10-03 15:39:54,076 level=WARNING module=sunflow.opt msg=solve status=infeasible tc=infeasible t=0.64s
2026-10-03 15:40:09,962 level=INFO module=sunflow.opt msg=solve status=optimal obj=180908.5 gap=0.0158 t=15.70s binaries=1360 constraints=349
2026-10-03 15:40:09,994 level=INFO module=sunflow.certify msg=certified status=CERTIFIED_WITH_RELAXATION rung=split_spells tightening=0
2026-10-03 15:40:10,084 level=INFO module=sunflow.certify msg=baseline guard: published timetable (Rs 81,265) not worse than plan (Rs 92,886); issuing timetable
2026-10-03 15:40:12,118 level=INFO module=sunflow.opt msg=solve status=optimal obj=104143.5 gap=0.0007 t=0.68s binaries=111 constraints=328
2026-10-03 15:40:12,159 level=INFO module=sunflow.certify msg=certified status=CERTIFIED rung=nominal tightening=0
2026-10-03 15:40:14,565 level=INFO module=sunflow.opt msg=solve status=optimal obj=68868.9 gap=0.0001 t=0.94s binaries=178 constraints=328
2026-10-03 15:40:33,093 level=INFO module=sunflow.opt msg=solve status=optimal obj=52774.0 gap=0.0095 t=18.16s binaries=1565 constraints=351
2026-10-03 15:40:33,192 level=INFO module=sunflow.certify msg=certified without night compensation using split spells
2026-10-03 15:40:36,385 level=INFO module=sunflow.opt msg=solve status=optimal obj=177362.5 gap=0.0 t=1.66s binaries=336 constraints=328
2026-10-03 15:40:36,438 level=INFO module=sunflow.certify msg=certified status=CERTIFIED rung=nominal tightening=0
2026-10-03 15:40:36,684 level=INFO module=sunflow.certify msg=baseline guard: published timetable (Rs 45,948) not worse than plan (Rs 46,343); issuing timetable
2026-10-03 15:40:37,827 level=INFO module=sunflow.opt msg=solve status=optimal obj=148030.1 gap=0.0 t=1.07s binaries=261 constraints=328
2026-10-03 15:40:37,866 level=INFO module=sunflow.certify msg=certified status=CERTIFIED rung=nominal tightening=0
2026-10-03 15:40:37,987 level=INFO module=sunflow.certify msg=baseline guard: published timetable (Rs 48,525) not worse than plan (Rs 48,931); issuing timetable
2026-10-03 15:40:39,457 level=WARNING module=sunflow.opt msg=no admissible pattern for ['Kharosa', 'Jawali', 'Lamjana II', 'Chalburga']: infeasible by construction ({'Kharosa': {'candidates': 84, 'thermal_dropped': 84, 'kept': 0, 'longest_single_spell_blocks': 0}, 'Jawali': {'candidates': 9, 'thermal_dropped': 9, 'kept': 0, 'longest_single_spell_blocks': 0}, 'Lamjana II': {'candidates': 84, 'thermal_dropped': 84, 'kept': 0, 'longest_single_spell_blocks': 0}, 'Chalburga': {'candidates': 84, 'thermal_dropped': 84, 'kept': 0, 'longest_single_spell_blocks': 0}})
2026-10-03 15:40:39,825 level=WARNING module=sunflow.opt msg=no admissible pattern for ['Kharosa', 'Jawali', 'Lamjana II', 'Chalburga']: infeasible by construction ({'Kharosa': {'candidates': 591, 'thermal_dropped': 591, 'kept': 0, 'longest_single_spell_blocks': 0}, 'Jawali': {'candidates': 264, 'thermal_dropped': 264, 'kept': 0, 'longest_single_spell_blocks': 0}, 'Lamjana II': {'candidates': 591, 'thermal_dropped': 591, 'kept': 0, 'longest_single_spell_blocks': 0}, 'Chalburga': {'candidates': 591, 'thermal_dropped': 591, 'kept': 0, 'longest_single_spell_blocks': 0}})
2026-10-03 15:40:40,844 level=WARNING module=sunflow.opt msg=no admissible pattern for ['Kharosa', 'Jawali', 'Lamjana II', 'Chalburga']: infeasible by construction ({'Kharosa': {'candidates': 1407, 'thermal_dropped': 1407, 'kept': 0, 'longest_single_spell_blocks': 0}, 'Jawali': {'candidates': 1407, 'thermal_dropped': 1407, 'kept': 0, 'longest_single_spell_blocks': 0}, 'Lamjana II': {'candidates': 1407, 'thermal_dropped': 1407, 'kept': 0, 'longest_single_spell_blocks': 0}, 'Chalburga': {'candidates': 1407, 'thermal_dropped': 1407, 'kept': 0, 'longest_single_spell_blocks': 0}})
2026-10-03 15:41:08,142 level=INFO module=sunflow.opt msg=solve status=feasible obj=147134.6 gap=None t=26.37s binaries=5628 constraints=351
2026-10-03 15:41:09,142 level=WARNING module=sunflow.opt msg=no admissible pattern for ['Kharosa', 'Jawali', 'Lamjana II', 'Chalburga']: infeasible by construction ({'Kharosa': {'candidates': 1407, 'thermal_dropped': 1407, 'kept': 0, 'longest_single_spell_blocks': 0}, 'Jawali': {'candidates': 1407, 'thermal_dropped': 1407, 'kept': 0, 'longest_single_spell_blocks': 0}, 'Lamjana II': {'candidates': 1407, 'thermal_dropped': 1407, 'kept': 0, 'longest_single_spell_blocks': 0}, 'Chalburga': {'candidates': 1407, 'thermal_dropped': 1407, 'kept': 0, 'longest_single_spell_blocks': 0}})
2026-10-03 15:41:09,937 level=WARNING module=sunflow.opt msg=no admissible pattern for ['Kharosa', 'Jawali', 'Lamjana II', 'Chalburga']: infeasible by construction ({'Kharosa': {'candidates': 1407, 'thermal_dropped': 1407, 'kept': 0, 'longest_single_spell_blocks': 0}, 'Jawali': {'candidates': 1407, 'thermal_dropped': 1407, 'kept': 0, 'longest_single_spell_blocks': 0}, 'Lamjana II': {'candidates': 1407, 'thermal_dropped': 1407, 'kept': 0, 'longest_single_spell_blocks': 0}, 'Chalburga': {'candidates': 1407, 'thermal_dropped': 1407, 'kept': 0, 'longest_single_spell_blocks': 0}})
2026-10-03 15:41:10,654 level=WARNING module=sunflow.opt msg=no admissible pattern for ['Kharosa', 'Jawali', 'Lamjana II', 'Chalburga']: infeasible by construction ({'Kharosa': {'candidates': 1407, 'thermal_dropped': 1407, 'kept': 0, 'longest_single_spell_blocks': 0}, 'Jawali': {'candidates': 1407, 'thermal_dropped': 1407, 'kept': 0, 'longest_single_spell_blocks': 0}, 'Lamjana II': {'candidates': 1407, 'thermal_dropped': 1407, 'kept': 0, 'longest_single_spell_blocks': 0}, 'Chalburga': {'candidates': 1407, 'thermal_dropped': 1407, 'kept': 0, 'longest_single_spell_blocks': 0}})
2026-10-03 15:41:21,605 level=INFO module=sunflow.opt msg=solve status=optimal obj=239011.3 gap=0.0142 t=10.72s binaries=2132 constraints=357
2026-10-03 15:41:21,606 level=WARNING module=sunflow.certify msg=No plan satisfies every hard rule under the declared assumptions; published timetable issued with alert.
2026-10-03 15:41:26,104 level=INFO module=sunflow.opt msg=solve status=optimal obj=55699.6 gap=0.0007 t=1.61s binaries=261 constraints=328
2026-10-03 15:41:26,166 level=INFO module=sunflow.certify msg=certified status=CERTIFIED rung=nominal tightening=0
2026-10-03 15:41:26,305 level=INFO module=sunflow.certify msg=baseline guard: published timetable (Rs 21,105) not worse than plan (Rs 21,458); issuing timetable
2026-10-03 15:41:33,384 level=INFO module=sunflow.opt msg=solve status=optimal obj=46466.7 gap=0.0011 t=5.22s binaries=336 constraints=328
2026-10-03 15:41:33,477 level=INFO module=sunflow.certify msg=certified status=CERTIFIED rung=nominal tightening=0
2026-10-03 15:41:37,383 level=INFO module=sunflow.opt msg=solve status=optimal obj=183791.4 gap=0.0 t=1.73s binaries=261 constraints=328
2026-10-03 15:41:37,512 level=INFO module=sunflow.certify msg=certified status=CERTIFIED rung=nominal tightening=0
2026-10-03 15:41:37,677 level=INFO module=sunflow.certify msg=baseline guard: published timetable (Rs 101,923) not worse than plan (Rs 101,923); issuing timetable
2026-10-03 15:41:39,388 level=INFO module=sunflow.opt msg=solve status=optimal obj=67794.3 gap=0.0016 t=1.58s binaries=180 constraints=328
2026-10-03 15:42:00,996 level=INFO module=sunflow.opt msg=solve status=feasible obj=52288.1 gap=None t=21.25s binaries=1547 constraints=351
2026-10-03 15:42:01,113 level=INFO module=sunflow.certify msg=certified without night compensation using split spells
2026-10-03 15:42:03,590 level=WARNING module=sunflow.opt msg=no admissible pattern for ['Kharosa', 'Jawali', 'Lamjana II', 'Chalburga']: infeasible by construction ({'Kharosa': {'candidates': 84, 'thermal_dropped': 84, 'kept': 0, 'longest_single_spell_blocks': 0}, 'Jawali': {'candidates': 9, 'thermal_dropped': 9, 'kept': 0, 'longest_single_spell_blocks': 0}, 'Lamjana II': {'candidates': 84, 'thermal_dropped': 84, 'kept': 0, 'longest_single_spell_blocks': 0}, 'Chalburga': {'candidates': 84, 'thermal_dropped': 84, 'kept': 0, 'longest_single_spell_blocks': 0}})
2026-10-03 15:42:06,404 level=INFO module=sunflow.opt msg=solve status=optimal obj=217017.1 gap=0.018 t=2.75s binaries=324 constraints=336
2026-10-03 15:42:06,477 level=INFO module=sunflow.certify msg=certified status=CERTIFIED_WITH_RELAXATION rung=split_spells tightening=0
2026-10-03 15:42:11,486 level=INFO module=sunflow.opt msg=solve status=optimal obj=111723.1 gap=0.0 t=2.35s binaries=186 constraints=328
2026-10-03 15:42:11,548 level=INFO module=sunflow.certify msg=certified status=CERTIFIED rung=nominal tightening=0
2026-10-03 15:42:14,585 level=WARNING module=sunflow.opt msg=no admissible pattern for ['Kharosa']: infeasible by construction ({'Kharosa': {'candidates': 9, 'thermal_dropped': 9, 'kept': 0, 'longest_single_spell_blocks': 0}, 'Jawali': {'candidates': 9, 'thermal_dropped': 0, 'kept': 9, 'longest_single_spell_blocks': 32}, 'Lamjana II': {'candidates': 84, 'thermal_dropped': 0, 'kept': 84, 'longest_single_spell_blocks': 32}, 'Chalburga': {'candidates': 9, 'thermal_dropped': 0, 'kept': 9, 'longest_single_spell_blocks': 32}})
2026-10-03 15:42:14,946 level=WARNING module=sunflow.opt msg=no admissible pattern for ['Kharosa']: infeasible by construction ({'Kharosa': {'candidates': 264, 'thermal_dropped': 264, 'kept': 0, 'longest_single_spell_blocks': 0}, 'Jawali': {'candidates': 264, 'thermal_dropped': 0, 'kept': 264, 'longest_single_spell_blocks': 32}, 'Lamjana II': {'candidates': 591, 'thermal_dropped': 0, 'kept': 591, 'longest_single_spell_blocks': 32}, 'Chalburga': {'candidates': 264, 'thermal_dropped': 0, 'kept': 264, 'longest_single_spell_blocks': 32}})
2026-10-03 15:42:16,719 level=WARNING module=sunflow.opt msg=no admissible pattern for ['Kharosa']: infeasible by construction ({'Kharosa': {'candidates': 1407, 'thermal_dropped': 1407, 'kept': 0, 'longest_single_spell_blocks': 0}, 'Jawali': {'candidates': 1407, 'thermal_dropped': 0, 'kept': 1407, 'longest_single_spell_blocks': 32}, 'Lamjana II': {'candidates': 1407, 'thermal_dropped': 0, 'kept': 1407, 'longest_single_spell_blocks': 32}, 'Chalburga': {'candidates': 1407, 'thermal_dropped': 0, 'kept': 1407, 'longest_single_spell_blocks': 32}})
2026-10-03 15:42:46,176 level=INFO module=sunflow.opt msg=solve status=feasible obj=148764.2 gap=None t=27.74s binaries=5628 constraints=351
2026-10-03 15:42:50,618 level=WARNING module=sunflow.opt msg=no admissible pattern for ['Kharosa']: infeasible by construction ({'Kharosa': {'candidates': 1407, 'thermal_dropped': 1407, 'kept': 0, 'longest_single_spell_blocks': 0}, 'Jawali': {'candidates': 1407, 'thermal_dropped': 0, 'kept': 1407, 'longest_single_spell_blocks': 32}, 'Lamjana II': {'candidates': 1407, 'thermal_dropped': 0, 'kept': 1407, 'longest_single_spell_blocks': 32}, 'Chalburga': {'candidates': 1407, 'thermal_dropped': 0, 'kept': 1407, 'longest_single_spell_blocks': 32}})
2026-10-03 15:42:51,875 level=WARNING module=sunflow.opt msg=no admissible pattern for ['Kharosa']: infeasible by construction ({'Kharosa': {'candidates': 1407, 'thermal_dropped': 1407, 'kept': 0, 'longest_single_spell_blocks': 0}, 'Jawali': {'candidates': 1407, 'thermal_dropped': 0, 'kept': 1407, 'longest_single_spell_blocks': 32}, 'Lamjana II': {'candidates': 1407, 'thermal_dropped': 0, 'kept': 1407, 'longest_single_spell_blocks': 32}, 'Chalburga': {'candidates': 1407, 'thermal_dropped': 0, 'kept': 1407, 'longest_single_spell_blocks': 32}})
2026-10-03 15:42:53,629 level=WARNING module=sunflow.opt msg=no admissible pattern for ['Kharosa']: infeasible by construction ({'Kharosa': {'candidates': 1407, 'thermal_dropped': 1407, 'kept': 0, 'longest_single_spell_blocks': 0}, 'Jawali': {'candidates': 1407, 'thermal_dropped': 0, 'kept': 1407, 'longest_single_spell_blocks': 32}, 'Lamjana II': {'candidates': 1407, 'thermal_dropped': 0, 'kept': 1407, 'longest_single_spell_blocks': 32}, 'Chalburga': {'candidates': 1407, 'thermal_dropped': 0, 'kept': 1407, 'longest_single_spell_blocks': 32}})
2026-10-03 15:43:58,446 level=INFO module=sunflow.opt msg=solve status=feasible obj=168702.4 gap=None t=63.36s binaries=10986 constraints=357
2026-10-03 15:43:58,446 level=WARNING module=sunflow.certify msg=No plan satisfies every hard rule under the declared assumptions; published timetable issued with alert.
2026-10-03 15:44:00,053 level=WARNING module=sunflow.opt msg=no admissible pattern for ['Kharosa', 'Jawali', 'Lamjana II', 'Chalburga']: infeasible by construction ({'Kharosa': {'candidates': 84, 'thermal_dropped': 84, 'kept': 0, 'longest_single_spell_blocks': 0}, 'Jawali': {'candidates': 84, 'thermal_dropped': 84, 'kept': 0, 'longest_single_spell_blocks': 0}, 'Lamjana II': {'candidates': 84, 'thermal_dropped': 84, 'kept': 0, 'longest_single_spell_blocks': 0}, 'Chalburga': {'candidates': 9, 'thermal_dropped': 9, 'kept': 0, 'longest_single_spell_blocks': 0}})
2026-10-03 15:44:00,425 level=WARNING module=sunflow.opt msg=no admissible pattern for ['Kharosa', 'Jawali', 'Lamjana II', 'Chalburga']: infeasible by construction ({'Kharosa': {'candidates': 591, 'thermal_dropped': 591, 'kept': 0, 'longest_single_spell_blocks': 0}, 'Jawali': {'candidates': 591, 'thermal_dropped': 591, 'kept': 0, 'longest_single_spell_blocks': 0}, 'Lamjana II': {'candidates': 591, 'thermal_dropped': 591, 'kept': 0, 'longest_single_spell_blocks': 0}, 'Chalburga': {'candidates': 264, 'thermal_dropped': 264, 'kept': 0, 'longest_single_spell_blocks': 0}})
2026-10-03 15:44:01,874 level=WARNING module=sunflow.opt msg=no admissible pattern for ['Kharosa', 'Jawali', 'Lamjana II', 'Chalburga']: infeasible by construction ({'Kharosa': {'candidates': 1407, 'thermal_dropped': 1407, 'kept': 0, 'longest_single_spell_blocks': 0}, 'Jawali': {'candidates': 1407, 'thermal_dropped': 1407, 'kept': 0, 'longest_single_spell_blocks': 0}, 'Lamjana II': {'candidates': 1407, 'thermal_dropped': 1407, 'kept': 0, 'longest_single_spell_blocks': 0}, 'Chalburga': {'candidates': 1407, 'thermal_dropped': 1407, 'kept': 0, 'longest_single_spell_blocks': 0}})
2026-10-03 15:44:42,819 level=INFO module=sunflow.opt msg=solve status=feasible obj=226297.8 gap=None t=39.94s binaries=5628 constraints=391
2026-10-03 15:44:44,091 level=WARNING module=sunflow.opt msg=no admissible pattern for ['Kharosa', 'Jawali', 'Lamjana II', 'Chalburga']: infeasible by construction ({'Kharosa': {'candidates': 1407, 'thermal_dropped': 1407, 'kept': 0, 'longest_single_spell_blocks': 0}, 'Jawali': {'candidates': 1407, 'thermal_dropped': 1407, 'kept': 0, 'longest_single_spell_blocks': 0}, 'Lamjana II': {'candidates': 1407, 'thermal_dropped': 1407, 'kept': 0, 'longest_single_spell_blocks': 0}, 'Chalburga': {'candidates': 1407, 'thermal_dropped': 1407, 'kept': 0, 'longest_single_spell_blocks': 0}})
2026-10-03 15:44:45,114 level=WARNING module=sunflow.opt msg=no admissible pattern for ['Kharosa', 'Jawali', 'Lamjana II', 'Chalburga']: infeasible by construction ({'Kharosa': {'candidates': 1407, 'thermal_dropped': 1407, 'kept': 0, 'longest_single_spell_blocks': 0}, 'Jawali': {'candidates': 1407, 'thermal_dropped': 1407, 'kept': 0, 'longest_single_spell_blocks': 0}, 'Lamjana II': {'candidates': 1407, 'thermal_dropped': 1407, 'kept': 0, 'longest_single_spell_blocks': 0}, 'Chalburga': {'candidates': 1407, 'thermal_dropped': 1407, 'kept': 0, 'longest_single_spell_blocks': 0}})
2026-10-03 15:44:47,752 level=WARNING module=sunflow.opt msg=no admissible pattern for ['Kharosa', 'Jawali', 'Lamjana II', 'Chalburga']: infeasible by construction ({'Kharosa': {'candidates': 1407, 'thermal_dropped': 1407, 'kept': 0, 'longest_single_spell_blocks': 0}, 'Jawali': {'candidates': 1407, 'thermal_dropped': 1407, 'kept': 0, 'longest_single_spell_blocks': 0}, 'Lamjana II': {'candidates': 1407, 'thermal_dropped': 1407, 'kept': 0, 'longest_single_spell_blocks': 0}, 'Chalburga': {'candidates': 1407, 'thermal_dropped': 1407, 'kept': 0, 'longest_single_spell_blocks': 0}})
2026-10-03 15:44:54,192 level=INFO module=sunflow.opt msg=solve status=optimal obj=301846.4 gap=0.0022 t=6.33s binaries=1313 constraints=397
2026-10-03 15:44:54,192 level=WARNING module=sunflow.certify msg=No plan satisfies every hard rule under the declared assumptions; published timetable issued with alert.
2026-10-03 15:44:56,276 level=WARNING module=sunflow.opt msg=no admissible pattern for ['Kharosa', 'Jawali', 'Lamjana II', 'Chalburga']: infeasible by construction ({'Kharosa': {'candidates': 84, 'thermal_dropped': 84, 'kept': 0, 'longest_single_spell_blocks': 0}, 'Jawali': {'candidates': 84, 'thermal_dropped': 84, 'kept': 0, 'longest_single_spell_blocks': 0}, 'Lamjana II': {'candidates': 9, 'thermal_dropped': 9, 'kept': 0, 'longest_single_spell_blocks': 0}, 'Chalburga': {'candidates': 84, 'thermal_dropped': 84, 'kept': 0, 'longest_single_spell_blocks': 0}})
2026-10-03 15:44:56,628 level=WARNING module=sunflow.opt msg=no admissible pattern for ['Kharosa', 'Jawali', 'Lamjana II', 'Chalburga']: infeasible by construction ({'Kharosa': {'candidates': 591, 'thermal_dropped': 591, 'kept': 0, 'longest_single_spell_blocks': 0}, 'Jawali': {'candidates': 591, 'thermal_dropped': 591, 'kept': 0, 'longest_single_spell_blocks': 0}, 'Lamjana II': {'candidates': 264, 'thermal_dropped': 264, 'kept': 0, 'longest_single_spell_blocks': 0}, 'Chalburga': {'candidates': 591, 'thermal_dropped': 591, 'kept': 0, 'longest_single_spell_blocks': 0}})
2026-10-03 15:44:57,891 level=WARNING module=sunflow.opt msg=no admissible pattern for ['Kharosa', 'Jawali', 'Lamjana II', 'Chalburga']: infeasible by construction ({'Kharosa': {'candidates': 1407, 'thermal_dropped': 1407, 'kept': 0, 'longest_single_spell_blocks': 0}, 'Jawali': {'candidates': 1407, 'thermal_dropped': 1407, 'kept': 0, 'longest_single_spell_blocks': 0}, 'Lamjana II': {'candidates': 1407, 'thermal_dropped': 1407, 'kept': 0, 'longest_single_spell_blocks': 0}, 'Chalburga': {'candidates': 1407, 'thermal_dropped': 1407, 'kept': 0, 'longest_single_spell_blocks': 0}})
2026-10-03 15:45:28,578 level=INFO module=sunflow.opt msg=solve status=feasible obj=277230.3 gap=None t=29.64s binaries=5628 constraints=391
2026-10-03 15:45:30,054 level=WARNING module=sunflow.opt msg=no admissible pattern for ['Kharosa', 'Jawali', 'Lamjana II', 'Chalburga']: infeasible by construction ({'Kharosa': {'candidates': 1407, 'thermal_dropped': 1407, 'kept': 0, 'longest_single_spell_blocks': 0}, 'Jawali': {'candidates': 1407, 'thermal_dropped': 1407, 'kept': 0, 'longest_single_spell_blocks': 0}, 'Lamjana II': {'candidates': 1407, 'thermal_dropped': 1407, 'kept': 0, 'longest_single_spell_blocks': 0}, 'Chalburga': {'candidates': 1407, 'thermal_dropped': 1407, 'kept': 0, 'longest_single_spell_blocks': 0}})
2026-10-03 15:45:31,121 level=WARNING module=sunflow.opt msg=no admissible pattern for ['Kharosa', 'Jawali', 'Lamjana II', 'Chalburga']: infeasible by construction ({'Kharosa': {'candidates': 1407, 'thermal_dropped': 1407, 'kept': 0, 'longest_single_spell_blocks': 0}, 'Jawali': {'candidates': 1407, 'thermal_dropped': 1407, 'kept': 0, 'longest_single_spell_blocks': 0}, 'Lamjana II': {'candidates': 1407, 'thermal_dropped': 1407, 'kept': 0, 'longest_single_spell_blocks': 0}, 'Chalburga': {'candidates': 1407, 'thermal_dropped': 1407, 'kept': 0, 'longest_single_spell_blocks': 0}})
2026-10-03 15:45:32,759 level=WARNING module=sunflow.opt msg=no admissible pattern for ['Kharosa', 'Jawali', 'Lamjana II', 'Chalburga']: infeasible by construction ({'Kharosa': {'candidates': 1407, 'thermal_dropped': 1407, 'kept': 0, 'longest_single_spell_blocks': 0}, 'Jawali': {'candidates': 1407, 'thermal_dropped': 1407, 'kept': 0, 'longest_single_spell_blocks': 0}, 'Lamjana II': {'candidates': 1407, 'thermal_dropped': 1407, 'kept': 0, 'longest_single_spell_blocks': 0}, 'Chalburga': {'candidates': 1407, 'thermal_dropped': 1407, 'kept': 0, 'longest_single_spell_blocks': 0}})
2026-10-03 15:45:37,335 level=INFO module=sunflow.opt msg=solve status=optimal obj=420384.7 gap=0.0019 t=4.53s binaries=712 constraints=397
2026-10-03 15:45:37,336 level=WARNING module=sunflow.certify msg=No plan satisfies every hard rule under the declared assumptions; published timetable issued with alert.
2026-10-03 15:45:45,841 level=WARNING module=sunflow.opt msg=solve status=infeasible tc=infeasible t=5.97s
2026-10-03 15:46:14,694 level=WARNING module=sunflow.opt msg=solve status=timeout tc=maxtimelimit t=28.85s
2026-10-03 15:46:54,693 level=INFO module=sunflow.opt msg=solve status=feasible obj=193895.5 gap=None t=39.20s binaries=5628 constraints=295
2026-10-03 15:46:54,726 level=INFO module=sunflow.certify msg=certified status=CERTIFIED_WITH_RELAXATION rung=feasibility_focus tightening=0
2026-10-03 15:47:00,783 level=INFO module=sunflow.opt msg=solve status=optimal obj=57146.9 gap=0.0013 t=3.59s binaries=261 constraints=328
2026-10-03 15:47:01,025 level=INFO module=sunflow.certify msg=certified status=CERTIFIED rung=nominal tightening=0
2026-10-03 15:47:11,847 level=WARNING module=sunflow.opt msg=solve status=infeasible tc=infeasible t=3.00s
2026-10-03 15:47:37,861 level=INFO module=sunflow.opt msg=solve status=feasible obj=110054.4 gap=None t=25.67s binaries=1346 constraints=351
2026-10-03 15:47:37,915 level=INFO module=sunflow.certify msg=certified status=CERTIFIED_WITH_RELAXATION rung=split_spells tightening=0
2026-10-03 15:47:38,109 level=INFO module=sunflow.certify msg=baseline guard: published timetable (Rs 24,375) not worse than plan (Rs 37,773); issuing timetable
2026-10-03 15:47:43,436 level=INFO module=sunflow.opt msg=solve status=optimal obj=111898.7 gap=0.0002 t=3.13s binaries=261 constraints=328
2026-10-03 15:47:43,491 level=INFO module=sunflow.certify msg=certified status=CERTIFIED rung=nominal tightening=0
2026-10-03 15:48:00,187 level=WARNING module=sunflow.opt msg=solve status=timeout tc=maxtimelimit t=16.50s
2026-10-03 15:48:25,698 level=WARNING module=sunflow.opt msg=solve status=timeout tc=maxtimelimit t=25.49s
2026-10-03 15:48:58,884 level=WARNING module=sunflow.opt msg=solve status=timeout tc=maxtimelimit t=33.19s
2026-10-03 15:48:58,980 level=WARNING module=sunflow.certify msg=Solver could not find a plan or prove infeasibility within the time limit; published timetable issued with alert.
2026-10-03 15:49:01,317 level=WARNING module=sunflow.opt msg=no admissible pattern for ['Jawali']: infeasible by construction ({'Kharosa': {'candidates': 84, 'thermal_dropped': 0, 'kept': 84, 'longest_single_spell_blocks': 32}, 'Jawali': {'candidates': 84, 'thermal_dropped': 84, 'kept': 0, 'longest_single_spell_blocks': 0}, 'Lamjana II': {'candidates': 84, 'thermal_dropped': 0, 'kept': 84, 'longest_single_spell_blocks': 32}, 'Chalburga': {'candidates': 9, 'thermal_dropped': 0, 'kept': 9, 'longest_single_spell_blocks': 32}})
2026-10-03 15:49:14,068 level=INFO module=sunflow.opt msg=solve status=optimal obj=164465.7 gap=0.0038 t=12.35s binaries=1448 constraints=351
2026-10-03 15:49:14,154 level=INFO module=sunflow.certify msg=certified status=CERTIFIED_WITH_RELAXATION rung=split_spells tightening=0
2026-10-03 15:49:17,520 level=WARNING module=sunflow.opt msg=no admissible pattern for ['Kharosa', 'Jawali', 'Lamjana II', 'Chalburga']: infeasible by construction ({'Kharosa': {'candidates': 84, 'thermal_dropped': 84, 'kept': 0, 'longest_single_spell_blocks': 0}, 'Jawali': {'candidates': 84, 'thermal_dropped': 84, 'kept': 0, 'longest_single_spell_blocks': 0}, 'Lamjana II': {'candidates': 84, 'thermal_dropped': 84, 'kept': 0, 'longest_single_spell_blocks': 0}, 'Chalburga': {'candidates': 84, 'thermal_dropped': 84, 'kept': 0, 'longest_single_spell_blocks': 0}})
2026-10-03 15:49:18,249 level=WARNING module=sunflow.opt msg=no admissible pattern for ['Kharosa', 'Jawali', 'Lamjana II', 'Chalburga']: infeasible by construction ({'Kharosa': {'candidates': 591, 'thermal_dropped': 591, 'kept': 0, 'longest_single_spell_blocks': 0}, 'Jawali': {'candidates': 591, 'thermal_dropped': 591, 'kept': 0, 'longest_single_spell_blocks': 0}, 'Lamjana II': {'candidates': 591, 'thermal_dropped': 591, 'kept': 0, 'longest_single_spell_blocks': 0}, 'Chalburga': {'candidates': 591, 'thermal_dropped': 591, 'kept': 0, 'longest_single_spell_blocks': 0}})
2026-10-03 15:49:20,816 level=WARNING module=sunflow.opt msg=no admissible pattern for ['Kharosa', 'Jawali', 'Lamjana II', 'Chalburga']: infeasible by construction ({'Kharosa': {'candidates': 1407, 'thermal_dropped': 1407, 'kept': 0, 'longest_single_spell_blocks': 0}, 'Jawali': {'candidates': 1407, 'thermal_dropped': 1407, 'kept': 0, 'longest_single_spell_blocks': 0}, 'Lamjana II': {'candidates': 1407, 'thermal_dropped': 1407, 'kept': 0, 'longest_single_spell_blocks': 0}, 'Chalburga': {'candidates': 1407, 'thermal_dropped': 1407, 'kept': 0, 'longest_single_spell_blocks': 0}})
2026-10-03 15:50:02,119 level=INFO module=sunflow.opt msg=solve status=feasible obj=209644.0 gap=None t=40.18s binaries=5628 constraints=351
2026-10-03 15:50:03,116 level=WARNING module=sunflow.opt msg=no admissible pattern for ['Kharosa', 'Jawali', 'Lamjana II', 'Chalburga']: infeasible by construction ({'Kharosa': {'candidates': 1407, 'thermal_dropped': 1407, 'kept': 0, 'longest_single_spell_blocks': 0}, 'Jawali': {'candidates': 1407, 'thermal_dropped': 1407, 'kept': 0, 'longest_single_spell_blocks': 0}, 'Lamjana II': {'candidates': 1407, 'thermal_dropped': 1407, 'kept': 0, 'longest_single_spell_blocks': 0}, 'Chalburga': {'candidates': 1407, 'thermal_dropped': 1407, 'kept': 0, 'longest_single_spell_blocks': 0}})
2026-10-03 15:50:04,135 level=WARNING module=sunflow.opt msg=no admissible pattern for ['Kharosa', 'Jawali', 'Lamjana II', 'Chalburga']: infeasible by construction ({'Kharosa': {'candidates': 1407, 'thermal_dropped': 1407, 'kept': 0, 'longest_single_spell_blocks': 0}, 'Jawali': {'candidates': 1407, 'thermal_dropped': 1407, 'kept': 0, 'longest_single_spell_blocks': 0}, 'Lamjana II': {'candidates': 1407, 'thermal_dropped': 1407, 'kept': 0, 'longest_single_spell_blocks': 0}, 'Chalburga': {'candidates': 1407, 'thermal_dropped': 1407, 'kept': 0, 'longest_single_spell_blocks': 0}})
2026-10-03 15:50:05,225 level=WARNING module=sunflow.opt msg=no admissible pattern for ['Kharosa', 'Jawali', 'Lamjana II', 'Chalburga']: infeasible by construction ({'Kharosa': {'candidates': 1407, 'thermal_dropped': 1407, 'kept': 0, 'longest_single_spell_blocks': 0}, 'Jawali': {'candidates': 1407, 'thermal_dropped': 1407, 'kept': 0, 'longest_single_spell_blocks': 0}, 'Lamjana II': {'candidates': 1407, 'thermal_dropped': 1407, 'kept': 0, 'longest_single_spell_blocks': 0}, 'Chalburga': {'candidates': 1407, 'thermal_dropped': 1407, 'kept': 0, 'longest_single_spell_blocks': 0}})
2026-10-03 15:50:18,105 level=INFO module=sunflow.opt msg=solve status=optimal obj=276151.3 gap=0.014 t=12.67s binaries=1680 constraints=357
2026-10-03 15:50:18,106 level=WARNING module=sunflow.certify msg=No plan satisfies every hard rule under the declared assumptions; published timetable issued with alert.
shard 3/8: 25 done, 661s, statuses {'CERTIFIED_WITH_RELAXATION': 7, 'CERTIFIED': 12, 'INFEASIBLE': 5, 'FALLBACK_BASELINE': 1}, violations on certified plans: 0
2026-10-03 15:50:23,507 level=INFO module=sunflow.opt msg=solve status=optimal obj=146586.5 gap=0.0 t=2.26s binaries=261 constraints=328
2026-10-03 15:50:23,571 level=INFO module=sunflow.certify msg=certified status=CERTIFIED rung=nominal tightening=0
2026-10-03 15:50:30,553 level=WARNING module=sunflow.opt msg=solve status=infeasible tc=infeasible t=3.56s
2026-10-03 15:50:56,674 level=WARNING module=sunflow.opt msg=solve status=timeout tc=maxtimelimit t=26.11s
2026-10-03 15:51:34,860 level=INFO module=sunflow.opt msg=solve status=feasible obj=151102.4 gap=None t=37.07s binaries=5628 constraints=295
2026-10-03 15:51:34,952 level=INFO module=sunflow.certify msg=certified status=CERTIFIED_WITH_RELAXATION rung=feasibility_focus tightening=0
2026-10-03 15:51:38,392 level=INFO module=sunflow.opt msg=solve status=optimal obj=130079.8 gap=0.0 t=1.34s binaries=186 constraints=328
2026-10-03 15:51:38,462 level=INFO module=sunflow.certify msg=certified status=CERTIFIED rung=nominal tightening=0
2026-10-03 15:51:40,295 level=WARNING module=sunflow.opt msg=no admissible pattern for ['Kharosa', 'Jawali', 'Lamjana II', 'Chalburga']: infeasible by construction ({'Kharosa': {'candidates': 84, 'thermal_dropped': 84, 'kept': 0, 'longest_single_spell_blocks': 0}, 'Jawali': {'candidates': 84, 'thermal_dropped': 84, 'kept': 0, 'longest_single_spell_blocks': 0}, 'Lamjana II': {'candidates': 84, 'thermal_dropped': 84, 'kept': 0, 'longest_single_spell_blocks': 0}, 'Chalburga': {'candidates': 84, 'thermal_dropped': 84, 'kept': 0, 'longest_single_spell_blocks': 0}})
2026-10-03 15:51:41,754 level=WARNING module=sunflow.opt msg=no admissible pattern for ['Kharosa', 'Jawali', 'Lamjana II', 'Chalburga']: infeasible by construction ({'Kharosa': {'candidates': 591, 'thermal_dropped': 591, 'kept': 0, 'longest_single_spell_blocks': 0}, 'Jawali': {'candidates': 591, 'thermal_dropped': 591, 'kept': 0, 'longest_single_spell_blocks': 0}, 'Lamjana II': {'candidates': 591, 'thermal_dropped': 591, 'kept': 0, 'longest_single_spell_blocks': 0}, 'Chalburga': {'candidates': 591, 'thermal_dropped': 591, 'kept': 0, 'longest_single_spell_blocks': 0}})
2026-10-03 15:51:43,116 level=WARNING module=sunflow.opt msg=no admissible pattern for ['Kharosa', 'Jawali', 'Lamjana II', 'Chalburga']: infeasible by construction ({'Kharosa': {'candidates': 1407, 'thermal_dropped': 1407, 'kept': 0, 'longest_single_spell_blocks': 0}, 'Jawali': {'candidates': 1407, 'thermal_dropped': 1407, 'kept': 0, 'longest_single_spell_blocks': 0}, 'Lamjana II': {'candidates': 1407, 'thermal_dropped': 1407, 'kept': 0, 'longest_single_spell_blocks': 0}, 'Chalburga': {'candidates': 1407, 'thermal_dropped': 1407, 'kept': 0, 'longest_single_spell_blocks': 0}})
2026-10-03 15:52:17,125 level=INFO module=sunflow.opt msg=solve status=feasible obj=191227.1 gap=None t=32.98s binaries=5628 constraints=391
2026-10-03 15:52:18,123 level=WARNING module=sunflow.opt msg=no admissible pattern for ['Kharosa', 'Jawali', 'Lamjana II', 'Chalburga']: infeasible by construction ({'Kharosa': {'candidates': 1407, 'thermal_dropped': 1407, 'kept': 0, 'longest_single_spell_blocks': 0}, 'Jawali': {'candidates': 1407, 'thermal_dropped': 1407, 'kept': 0, 'longest_single_spell_blocks': 0}, 'Lamjana II': {'candidates': 1407, 'thermal_dropped': 1407, 'kept': 0, 'longest_single_spell_blocks': 0}, 'Chalburga': {'candidates': 1407, 'thermal_dropped': 1407, 'kept': 0, 'longest_single_spell_blocks': 0}})
2026-10-03 15:52:19,188 level=WARNING module=sunflow.opt msg=no admissible pattern for ['Kharosa', 'Jawali', 'Lamjana II', 'Chalburga']: infeasible by construction ({'Kharosa': {'candidates': 1407, 'thermal_dropped': 1407, 'kept': 0, 'longest_single_spell_blocks': 0}, 'Jawali': {'candidates': 1407, 'thermal_dropped': 1407, 'kept': 0, 'longest_single_spell_blocks': 0}, 'Lamjana II': {'candidates': 1407, 'thermal_dropped': 1407, 'kept': 0, 'longest_single_spell_blocks': 0}, 'Chalburga': {'candidates': 1407, 'thermal_dropped': 1407, 'kept': 0, 'longest_single_spell_blocks': 0}})
2026-10-03 15:52:20,430 level=WARNING module=sunflow.opt msg=no admissible pattern for ['Kharosa', 'Jawali', 'Lamjana II', 'Chalburga']: infeasible by construction ({'Kharosa': {'candidates': 1407, 'thermal_dropped': 1407, 'kept': 0, 'longest_single_spell_blocks': 0}, 'Jawali': {'candidates': 1407, 'thermal_dropped': 1407, 'kept': 0, 'longest_single_spell_blocks': 0}, 'Lamjana II': {'candidates': 1407, 'thermal_dropped': 1407, 'kept': 0, 'longest_single_spell_blocks': 0}, 'Chalburga': {'candidates': 1407, 'thermal_dropped': 1407, 'kept': 0, 'longest_single_spell_blocks': 0}})
2026-10-03 15:52:35,323 level=INFO module=sunflow.opt msg=solve status=feasible obj=240401.8 gap=None t=14.68s binaries=2600 constraints=397
2026-10-03 15:52:35,323 level=WARNING module=sunflow.certify msg=No plan satisfies every hard rule under the declared assumptions; published timetable issued with alert.
2026-10-03 15:52:37,283 level=WARNING module=sunflow.opt msg=no admissible pattern for ['Lamjana II']: infeasible by construction ({'Kharosa': {'candidates': 84, 'thermal_dropped': 0, 'kept': 84, 'longest_single_spell_blocks': 32}, 'Jawali': {'candidates': 84, 'thermal_dropped': 0, 'kept': 84, 'longest_single_spell_blocks': 32}, 'Lamjana II': {'candidates': 0, 'thermal_dropped': 0, 'kept': 0, 'longest_single_spell_blocks': 0}, 'Chalburga': {'candidates': 9, 'thermal_dropped': 0, 'kept': 9, 'longest_single_spell_blocks': 32}})
2026-10-03 15:52:59,798 level=INFO module=sunflow.opt msg=solve status=feasible obj=55571.3 gap=None t=22.17s binaries=1506 constraints=351
2026-10-03 15:52:59,851 level=INFO module=sunflow.certify msg=certified status=CERTIFIED_WITH_RELAXATION rung=split_spells tightening=0
2026-10-03 15:53:02,198 level=WARNING module=sunflow.opt msg=no admissible pattern for ['Kharosa']: infeasible by construction ({'Kharosa': {'candidates': 9, 'thermal_dropped': 9, 'kept': 0, 'longest_single_spell_blocks': 0}, 'Jawali': {'candidates': 84, 'thermal_dropped': 0, 'kept': 84, 'longest_single_spell_blocks': 32}, 'Lamjana II': {'candidates': 9, 'thermal_dropped': 0, 'kept': 9, 'longest_single_spell_blocks': 32}, 'Chalburga': {'candidates': 84, 'thermal_dropped': 0, 'kept': 84, 'longest_single_spell_blocks': 32}})
2026-10-03 15:53:24,193 level=INFO module=sunflow.opt msg=solve status=feasible obj=164454.9 gap=None t=21.64s binaries=1677 constraints=351
2026-10-03 15:53:24,285 level=INFO module=sunflow.certify msg=certified status=CERTIFIED_WITH_RELAXATION rung=split_spells tightening=0
2026-10-03 15:53:24,477 level=INFO module=sunflow.certify msg=baseline guard: published timetable (Rs 108,519) not worse than plan (Rs 111,384); issuing timetable
2026-10-03 15:53:27,935 level=INFO module=sunflow.opt msg=solve status=optimal obj=74901.7 gap=0.0008 t=1.73s binaries=271 constraints=328
2026-10-03 15:53:53,795 level=INFO module=sunflow.opt msg=solve status=feasible obj=66261.0 gap=None t=25.19s binaries=2246 constraints=351
2026-10-03 15:53:53,951 level=INFO module=sunflow.certify msg=certified without night compensation using split spells
2026-10-03 15:53:54,216 level=INFO module=sunflow.certify msg=baseline guard: published timetable (Rs 19,302) not worse than plan (Rs 24,509); issuing timetable
2026-10-03 15:53:56,459 level=WARNING module=sunflow.opt msg=no admissible pattern for ['Jawali']: infeasible by construction ({'Kharosa': {'candidates': 84, 'thermal_dropped': 0, 'kept': 84, 'longest_single_spell_blocks': 32}, 'Jawali': {'candidates': 84, 'thermal_dropped': 84, 'kept': 0, 'longest_single_spell_blocks': 0}, 'Lamjana II': {'candidates': 20, 'thermal_dropped': 0, 'kept': 20, 'longest_single_spell_blocks': 28}, 'Chalburga': {'candidates': 9, 'thermal_dropped': 0, 'kept': 9, 'longest_single_spell_blocks': 32}})
2026-10-03 15:54:14,500 level=INFO module=sunflow.opt msg=solve status=optimal obj=112552.5 gap=0.0135 t=17.89s binaries=902 constraints=351
2026-10-03 15:54:14,547 level=INFO module=sunflow.certify msg=certified status=CERTIFIED_WITH_RELAXATION rung=split_spells tightening=0
2026-10-03 15:54:17,131 level=WARNING module=sunflow.opt msg=no admissible pattern for ['Chalburga']: infeasible by construction ({'Kharosa': {'candidates': 9, 'thermal_dropped': 0, 'kept': 9, 'longest_single_spell_blocks': 32}, 'Jawali': {'candidates': 84, 'thermal_dropped': 0, 'kept': 84, 'longest_single_spell_blocks': 32}, 'Lamjana II': {'candidates': 9, 'thermal_dropped': 0, 'kept': 9, 'longest_single_spell_blocks': 32}, 'Chalburga': {'candidates': 9, 'thermal_dropped': 9, 'kept': 0, 'longest_single_spell_blocks': 0}})
2026-10-03 15:54:17,924 level=WARNING module=sunflow.opt msg=no admissible pattern for ['Chalburga']: infeasible by construction ({'Kharosa': {'candidates': 264, 'thermal_dropped': 0, 'kept': 264, 'longest_single_spell_blocks': 32}, 'Jawali': {'candidates': 591, 'thermal_dropped': 0, 'kept': 591, 'longest_single_spell_blocks': 32}, 'Lamjana II': {'candidates': 264, 'thermal_dropped': 0, 'kept': 264, 'longest_single_spell_blocks': 32}, 'Chalburga': {'candidates': 264, 'thermal_dropped': 264, 'kept': 0, 'longest_single_spell_blocks': 0}})
2026-10-03 15:54:48,497 level=INFO module=sunflow.opt msg=solve status=feasible obj=142319.0 gap=None t=29.77s binaries=4226 constraints=255
2026-10-03 15:54:48,540 level=INFO module=sunflow.certify msg=certified status=CERTIFIED_WITH_RELAXATION rung=feasibility_focus tightening=0
2026-10-03 15:54:53,257 level=INFO module=sunflow.opt msg=solve status=optimal obj=132859.7 gap=0.0 t=2.09s binaries=336 constraints=328
2026-10-03 15:54:53,301 level=INFO module=sunflow.certify msg=certified status=CERTIFIED rung=nominal tightening=0
2026-10-03 15:54:57,712 level=INFO module=sunflow.opt msg=solve status=optimal obj=146339.7 gap=0.0 t=2.56s binaries=336 constraints=328
2026-10-03 15:54:57,757 level=INFO module=sunflow.certify msg=certified status=CERTIFIED rung=nominal tightening=0
2026-10-03 15:54:57,891 level=INFO module=sunflow.certify msg=baseline guard: published timetable (Rs 73,536) not worse than plan (Rs 73,536); issuing timetable
2026-10-03 15:55:04,968 level=INFO module=sunflow.opt msg=solve status=optimal obj=69444.0 gap=0.0008 t=3.50s binaries=336 constraints=328
2026-10-03 15:55:05,080 level=INFO module=sunflow.certify msg=certified status=CERTIFIED rung=nominal tightening=0
2026-10-03 15:55:07,584 level=WARNING module=sunflow.opt msg=no admissible pattern for ['Kharosa', 'Jawali', 'Lamjana II', 'Chalburga']: infeasible by construction ({'Kharosa': {'candidates': 84, 'thermal_dropped': 84, 'kept': 0, 'longest_single_spell_blocks': 0}, 'Jawali': {'candidates': 9, 'thermal_dropped': 9, 'kept': 0, 'longest_single_spell_blocks': 0}, 'Lamjana II': {'candidates': 9, 'thermal_dropped': 9, 'kept': 0, 'longest_single_spell_blocks': 0}, 'Chalburga': {'candidates': 84, 'thermal_dropped': 84, 'kept': 0, 'longest_single_spell_blocks': 0}})
2026-10-03 15:55:08,177 level=WARNING module=sunflow.opt msg=no admissible pattern for ['Jawali', 'Lamjana II']: infeasible by construction ({'Kharosa': {'candidates': 591, 'thermal_dropped': 590, 'kept': 1, 'longest_single_spell_blocks': 0}, 'Jawali': {'candidates': 264, 'thermal_dropped': 264, 'kept': 0, 'longest_single_spell_blocks': 0}, 'Lamjana II': {'candidates': 264, 'thermal_dropped': 264, 'kept': 0, 'longest_single_spell_blocks': 0}, 'Chalburga': {'candidates': 591, 'thermal_dropped': 590, 'kept': 1, 'longest_single_spell_blocks': 0}})
2026-10-03 15:55:09,914 level=WARNING module=sunflow.opt msg=solve status=infeasible tc=infeasible t=1.74s
2026-10-03 15:55:43,988 level=INFO module=sunflow.opt msg=solve status=feasible obj=146504.9 gap=None t=33.16s binaries=5628 constraints=351
2026-10-03 15:55:46,769 level=WARNING module=sunflow.opt msg=solve status=infeasible tc=infeasible t=2.78s
2026-10-03 15:55:48,444 level=WARNING module=sunflow.opt msg=solve status=infeasible tc=infeasible t=1.67s
2026-10-03 15:55:51,244 level=WARNING module=sunflow.opt msg=solve status=infeasible tc=infeasible t=2.80s
2026-10-03 15:56:10,959 level=INFO module=sunflow.opt msg=solve status=feasible obj=229185.2 gap=None t=19.41s binaries=2708 constraints=357
2026-10-03 15:56:10,960 level=WARNING module=sunflow.certify msg=No plan satisfies every hard rule under the declared assumptions; published timetable issued with alert.
2026-10-03 15:56:15,619 level=INFO module=sunflow.opt msg=solve status=optimal obj=118297.6 gap=0.0 t=2.15s binaries=336 constraints=328
2026-10-03 15:56:15,686 level=INFO module=sunflow.certify msg=certified status=CERTIFIED rung=nominal tightening=0
2026-10-03 15:56:22,412 level=INFO module=sunflow.opt msg=solve status=optimal obj=164025.4 gap=0.0004 t=3.46s binaries=336 constraints=328
2026-10-03 15:56:22,630 level=INFO module=sunflow.certify msg=certified status=CERTIFIED rung=nominal tightening=0
2026-10-03 15:56:29,454 level=WARNING module=sunflow.opt msg=solve status=infeasible tc=infeasible t=3.45s
2026-10-03 15:56:55,324 level=INFO module=sunflow.opt msg=solve status=feasible obj=128328.5 gap=None t=25.37s binaries=2364 constraints=391
2026-10-03 15:56:55,361 level=INFO module=sunflow.certify msg=certified status=CERTIFIED_WITH_RELAXATION rung=split_spells tightening=0
2026-10-03 15:56:58,294 level=WARNING module=sunflow.opt msg=no admissible pattern for ['Kharosa', 'Jawali', 'Lamjana II', 'Chalburga']: infeasible by construction ({'Kharosa': {'candidates': 9, 'thermal_dropped': 9, 'kept': 0, 'longest_single_spell_blocks': 0}, 'Jawali': {'candidates': 9, 'thermal_dropped': 9, 'kept': 0, 'longest_single_spell_blocks': 0}, 'Lamjana II': {'candidates': 9, 'thermal_dropped': 9, 'kept': 0, 'longest_single_spell_blocks': 0}, 'Chalburga': {'candidates': 9, 'thermal_dropped': 9, 'kept': 0, 'longest_single_spell_blocks': 0}})
2026-10-03 15:56:58,833 level=WARNING module=sunflow.opt msg=no admissible pattern for ['Chalburga']: infeasible by construction ({'Kharosa': {'candidates': 264, 'thermal_dropped': 260, 'kept': 4, 'longest_single_spell_blocks': 0}, 'Jawali': {'candidates': 264, 'thermal_dropped': 260, 'kept': 4, 'longest_single_spell_blocks': 0}, 'Lamjana II': {'candidates': 264, 'thermal_dropped': 260, 'kept': 4, 'longest_single_spell_blocks': 0}, 'Chalburga': {'candidates': 264, 'thermal_dropped': 264, 'kept': 0, 'longest_single_spell_blocks': 0}})
2026-10-03 15:57:00,096 level=WARNING module=sunflow.opt msg=no admissible pattern for ['Chalburga']: infeasible by construction ({'Kharosa': {'candidates': 1407, 'thermal_dropped': 826, 'kept': 581, 'longest_single_spell_blocks': 0}, 'Jawali': {'candidates': 1407, 'thermal_dropped': 826, 'kept': 581, 'longest_single_spell_blocks': 0}, 'Lamjana II': {'candidates': 1407, 'thermal_dropped': 826, 'kept': 581, 'longest_single_spell_blocks': 0}, 'Chalburga': {'candidates': 1407, 'thermal_dropped': 1407, 'kept': 0, 'longest_single_spell_blocks': 0}})
2026-10-03 15:57:42,882 level=INFO module=sunflow.opt msg=solve status=feasible obj=180793.9 gap=None t=41.18s binaries=5628 constraints=351
2026-10-03 15:57:44,352 level=WARNING module=sunflow.opt msg=no admissible pattern for ['Chalburga']: infeasible by construction ({'Kharosa': {'candidates': 1407, 'thermal_dropped': 826, 'kept': 581, 'longest_single_spell_blocks': 0}, 'Jawali': {'candidates': 1407, 'thermal_dropped': 826, 'kept': 581, 'longest_single_spell_blocks': 0}, 'Lamjana II': {'candidates': 1407, 'thermal_dropped': 826, 'kept': 581, 'longest_single_spell_blocks': 0}, 'Chalburga': {'candidates': 1407, 'thermal_dropped': 1407, 'kept': 0, 'longest_single_spell_blocks': 0}})
2026-10-03 15:57:45,543 level=WARNING module=sunflow.opt msg=no admissible pattern for ['Chalburga']: infeasible by construction ({'Kharosa': {'candidates': 1407, 'thermal_dropped': 826, 'kept': 581, 'longest_single_spell_blocks': 0}, 'Jawali': {'candidates': 1407, 'thermal_dropped': 826, 'kept': 581, 'longest_single_spell_blocks': 0}, 'Lamjana II': {'candidates': 1407, 'thermal_dropped': 826, 'kept': 581, 'longest_single_spell_blocks': 0}, 'Chalburga': {'candidates': 1407, 'thermal_dropped': 1407, 'kept': 0, 'longest_single_spell_blocks': 0}})
2026-10-03 15:57:46,790 level=WARNING module=sunflow.opt msg=no admissible pattern for ['Chalburga']: infeasible by construction ({'Kharosa': {'candidates': 1407, 'thermal_dropped': 826, 'kept': 581, 'longest_single_spell_blocks': 0}, 'Jawali': {'candidates': 1407, 'thermal_dropped': 826, 'kept': 581, 'longest_single_spell_blocks': 0}, 'Lamjana II': {'candidates': 1407, 'thermal_dropped': 826, 'kept': 581, 'longest_single_spell_blocks': 0}, 'Chalburga': {'candidates': 1407, 'thermal_dropped': 1407, 'kept': 0, 'longest_single_spell_blocks': 0}})
2026-10-03 15:58:27,861 level=INFO module=sunflow.opt msg=solve status=feasible obj=220390.9 gap=None t=40.21s binaries=7646 constraints=357
2026-10-03 15:58:27,862 level=WARNING module=sunflow.certify msg=No plan satisfies every hard rule under the declared assumptions; published timetable issued with alert.
2026-10-03 15:58:31,363 level=INFO module=sunflow.opt msg=solve status=optimal obj=86165.3 gap=0.0005 t=0.86s binaries=178 constraints=328
2026-10-03 15:58:54,301 level=INFO module=sunflow.opt msg=solve status=feasible obj=70655.7 gap=None t=22.57s binaries=1499 constraints=351
2026-10-03 15:58:54,344 level=INFO module=sunflow.certify msg=certified without night compensation using split spells
2026-10-03 15:58:57,220 level=WARNING module=sunflow.opt msg=no admissible pattern for ['Jawali']: infeasible by construction ({'Kharosa': {'candidates': 84, 'thermal_dropped': 0, 'kept': 84, 'longest_single_spell_blocks': 32}, 'Jawali': {'candidates': 84, 'thermal_dropped': 84, 'kept': 0, 'longest_single_spell_blocks': 0}, 'Lamjana II': {'candidates': 84, 'thermal_dropped': 0, 'kept': 84, 'longest_single_spell_blocks': 32}, 'Chalburga': {'candidates': 84, 'thermal_dropped': 0, 'kept': 84, 'longest_single_spell_blocks': 32}})
2026-10-03 15:59:17,145 level=INFO module=sunflow.opt msg=solve status=optimal obj=96397.8 gap=0.0091 t=19.64s binaries=1779 constraints=351
2026-10-03 15:59:17,186 level=INFO module=sunflow.certify msg=certified status=CERTIFIED_WITH_RELAXATION rung=split_spells tightening=0
2026-10-03 15:59:20,897 level=INFO module=sunflow.opt msg=solve status=optimal obj=128827.5 gap=0.0 t=1.96s binaries=336 constraints=328
2026-10-03 15:59:20,930 level=INFO module=sunflow.certify msg=certified status=CERTIFIED rung=nominal tightening=0
2026-10-03 15:59:23,319 level=INFO module=sunflow.opt msg=solve status=optimal obj=75241.8 gap=0.0002 t=0.88s binaries=261 constraints=328
2026-10-03 15:59:23,390 level=INFO module=sunflow.certify msg=certified status=CERTIFIED rung=nominal tightening=0
2026-10-03 15:59:25,901 level=INFO module=sunflow.opt msg=solve status=optimal obj=52625.2 gap=0.0007 t=1.13s binaries=186 constraints=328
2026-10-03 15:59:25,943 level=INFO module=sunflow.certify msg=certified status=CERTIFIED rung=nominal tightening=0
2026-10-03 15:59:26,062 level=INFO module=sunflow.certify msg=baseline guard: published timetable (Rs 21,076) not worse than plan (Rs 21,232); issuing timetable
2026-10-03 15:59:29,243 level=INFO module=sunflow.opt msg=solve status=optimal obj=74678.7 gap=0.0 t=1.69s binaries=336 constraints=328
2026-10-03 15:59:29,318 level=INFO module=sunflow.certify msg=certified status=CERTIFIED rung=nominal tightening=0
2026-10-03 15:59:31,521 level=WARNING module=sunflow.opt msg=no admissible pattern for ['Kharosa', 'Lamjana II', 'Chalburga']: infeasible by construction ({'Kharosa': {'candidates': 9, 'thermal_dropped': 9, 'kept': 0, 'longest_single_spell_blocks': 0}, 'Jawali': {'candidates': 84, 'thermal_dropped': 78, 'kept': 6, 'longest_single_spell_blocks': 26}, 'Lamjana II': {'candidates': 9, 'thermal_dropped': 9, 'kept': 0, 'longest_single_spell_blocks': 0}, 'Chalburga': {'candidates': 9, 'thermal_dropped': 9, 'kept': 0, 'longest_single_spell_blocks': 0}})
2026-10-03 15:59:39,123 level=INFO module=sunflow.opt msg=solve status=optimal obj=180968.4 gap=0.0154 t=7.44s binaries=736 constraints=347
2026-10-03 15:59:39,160 level=INFO module=sunflow.certify msg=certified status=CERTIFIED_WITH_RELAXATION rung=split_spells tightening=0
2026-10-03 15:59:39,280 level=INFO module=sunflow.certify msg=baseline guard: published timetable (Rs 56,750) not worse than plan (Rs 80,005); issuing timetable
2026-10-03 15:59:40,546 level=WARNING module=sunflow.opt msg=no admissible pattern for ['Kharosa', 'Jawali', 'Lamjana II', 'Chalburga']: infeasible by construction ({'Kharosa': {'candidates': 84, 'thermal_dropped': 84, 'kept': 0, 'longest_single_spell_blocks': 0}, 'Jawali': {'candidates': 84, 'thermal_dropped': 84, 'kept': 0, 'longest_single_spell_blocks': 0}, 'Lamjana II': {'candidates': 84, 'thermal_dropped': 84, 'kept': 0, 'longest_single_spell_blocks': 0}, 'Chalburga': {'candidates': 84, 'thermal_dropped': 84, 'kept': 0, 'longest_single_spell_blocks': 0}})
2026-10-03 15:59:48,271 level=INFO module=sunflow.opt msg=solve status=optimal obj=162390.4 gap=0.0241 t=7.61s binaries=764 constraints=339
2026-10-03 15:59:48,307 level=INFO module=sunflow.certify msg=certified status=CERTIFIED_WITH_RELAXATION rung=split_spells tightening=0
shard 3/8: 50 done, 1232s, statuses {'CERTIFIED_WITH_RELAXATION': 15, 'CERTIFIED': 26, 'INFEASIBLE': 8, 'FALLBACK_BASELINE': 1}, violations on certified plans: 0
2026-10-03 15:59:48,422 level=WARNING module=sunflow.opt msg=no admissible pattern for ['Kharosa', 'Jawali', 'Lamjana II', 'Chalburga']: infeasible by construction ({'Kharosa': {'candidates': 9, 'thermal_dropped': 9, 'kept': 0, 'longest_single_spell_blocks': 0}, 'Jawali': {'candidates': 84, 'thermal_dropped': 84, 'kept': 0, 'longest_single_spell_blocks': 0}, 'Lamjana II': {'candidates': 0, 'thermal_dropped': 0, 'kept': 0, 'longest_single_spell_blocks': 0}, 'Chalburga': {'candidates': 84, 'thermal_dropped': 84, 'kept': 0, 'longest_single_spell_blocks': 0}})
2026-10-03 15:59:55,021 level=INFO module=sunflow.opt msg=solve status=optimal obj=196718.0 gap=0.0067 t=6.49s binaries=702 constraints=347
2026-10-03 15:59:55,070 level=INFO module=sunflow.certify msg=certified status=CERTIFIED_WITH_RELAXATION rung=split_spells tightening=0
2026-10-03 15:59:56,772 level=WARNING module=sunflow.opt msg=no admissible pattern for ['Kharosa', 'Jawali', 'Lamjana II', 'Chalburga']: infeasible by construction ({'Kharosa': {'candidates': 9, 'thermal_dropped': 9, 'kept': 0, 'longest_single_spell_blocks': 0}, 'Jawali': {'candidates': 9, 'thermal_dropped': 9, 'kept': 0, 'longest_single_spell_blocks': 0}, 'Lamjana II': {'candidates': 9, 'thermal_dropped': 9, 'kept': 0, 'longest_single_spell_blocks': 0}, 'Chalburga': {'candidates': 84, 'thermal_dropped': 84, 'kept': 0, 'longest_single_spell_blocks': 0}})
2026-10-03 15:59:57,179 level=WARNING module=sunflow.opt msg=no admissible pattern for ['Kharosa', 'Jawali', 'Lamjana II', 'Chalburga']: infeasible by construction ({'Kharosa': {'candidates': 264, 'thermal_dropped': 264, 'kept': 0, 'longest_single_spell_blocks': 0}, 'Jawali': {'candidates': 264, 'thermal_dropped': 264, 'kept': 0, 'longest_single_spell_blocks': 0}, 'Lamjana II': {'candidates': 264, 'thermal_dropped': 264, 'kept': 0, 'longest_single_spell_blocks': 0}, 'Chalburga': {'candidates': 591, 'thermal_dropped': 591, 'kept': 0, 'longest_single_spell_blocks': 0}})
2026-10-03 15:59:58,316 level=WARNING module=sunflow.opt msg=no admissible pattern for ['Kharosa', 'Jawali', 'Lamjana II', 'Chalburga']: infeasible by construction ({'Kharosa': {'candidates': 1407, 'thermal_dropped': 1407, 'kept': 0, 'longest_single_spell_blocks': 0}, 'Jawali': {'candidates': 1407, 'thermal_dropped': 1407, 'kept': 0, 'longest_single_spell_blocks': 0}, 'Lamjana II': {'candidates': 1407, 'thermal_dropped': 1407, 'kept': 0, 'longest_single_spell_blocks': 0}, 'Chalburga': {'candidates': 1407, 'thermal_dropped': 1407, 'kept': 0, 'longest_single_spell_blocks': 0}})
2026-10-03 16:00:23,898 level=INFO module=sunflow.opt msg=solve status=feasible obj=189908.3 gap=None t=24.81s binaries=5628 constraints=351
2026-10-03 16:00:24,795 level=WARNING module=sunflow.opt msg=no admissible pattern for ['Kharosa', 'Jawali', 'Lamjana II', 'Chalburga']: infeasible by construction ({'Kharosa': {'candidates': 1407, 'thermal_dropped': 1407, 'kept': 0, 'longest_single_spell_blocks': 0}, 'Jawali': {'candidates': 1407, 'thermal_dropped': 1407, 'kept': 0, 'longest_single_spell_blocks': 0}, 'Lamjana II': {'candidates': 1407, 'thermal_dropped': 1407, 'kept': 0, 'longest_single_spell_blocks': 0}, 'Chalburga': {'candidates': 1407, 'thermal_dropped': 1407, 'kept': 0, 'longest_single_spell_blocks': 0}})
2026-10-03 16:00:25,668 level=WARNING module=sunflow.opt msg=no admissible pattern for ['Kharosa', 'Jawali', 'Lamjana II', 'Chalburga']: infeasible by construction ({'Kharosa': {'candidates': 1407, 'thermal_dropped': 1407, 'kept': 0, 'longest_single_spell_blocks': 0}, 'Jawali': {'candidates': 1407, 'thermal_dropped': 1407, 'kept': 0, 'longest_single_spell_blocks': 0}, 'Lamjana II': {'candidates': 1407, 'thermal_dropped': 1407, 'kept': 0, 'longest_single_spell_blocks': 0}, 'Chalburga': {'candidates': 1407, 'thermal_dropped': 1407, 'kept': 0, 'longest_single_spell_blocks': 0}})
2026-10-03 16:00:26,468 level=WARNING module=sunflow.opt msg=no admissible pattern for ['Kharosa', 'Jawali', 'Lamjana II', 'Chalburga']: infeasible by construction ({'Kharosa': {'candidates': 1407, 'thermal_dropped': 1407, 'kept': 0, 'longest_single_spell_blocks': 0}, 'Jawali': {'candidates': 1407, 'thermal_dropped': 1407, 'kept': 0, 'longest_single_spell_blocks': 0}, 'Lamjana II': {'candidates': 1407, 'thermal_dropped': 1407, 'kept': 0, 'longest_single_spell_blocks': 0}, 'Chalburga': {'candidates': 1407, 'thermal_dropped': 1407, 'kept': 0, 'longest_single_spell_blocks': 0}})
2026-10-03 16:00:35,634 level=INFO module=sunflow.opt msg=solve status=optimal obj=260123.2 gap=0.0231 t=9.05s binaries=1868 constraints=357
2026-10-03 16:00:35,634 level=WARNING module=sunflow.certify msg=No plan satisfies every hard rule under the declared assumptions; published timetable issued with alert.
2026-10-03 16:00:38,548 level=INFO module=sunflow.opt msg=solve status=optimal obj=71099.0 gap=0.0019 t=1.28s binaries=187 constraints=328
2026-10-03 16:00:59,460 level=INFO module=sunflow.opt msg=solve status=feasible obj=59025.9 gap=None t=20.56s binaries=1886 constraints=351
2026-10-03 16:00:59,508 level=INFO module=sunflow.certify msg=certified without night compensation using split spells
2026-10-03 16:00:59,643 level=INFO module=sunflow.certify msg=baseline guard: published timetable (Rs 18,948) not worse than plan (Rs 25,936); issuing timetable
2026-10-03 16:01:02,849 level=INFO module=sunflow.opt msg=solve status=optimal obj=129403.3 gap=0.0 t=1.33s binaries=336 constraints=328
2026-10-03 16:01:02,880 level=INFO module=sunflow.certify msg=certified status=CERTIFIED rung=nominal tightening=0
2026-10-03 16:01:04,997 level=WARNING module=sunflow.opt msg=no admissible pattern for ['Jawali']: infeasible by construction ({'Kharosa': {'candidates': 84, 'thermal_dropped': 0, 'kept': 84, 'longest_single_spell_blocks': 32}, 'Jawali': {'candidates': 0, 'thermal_dropped': 0, 'kept': 0, 'longest_single_spell_blocks': 0}, 'Lamjana II': {'candidates': 84, 'thermal_dropped': 0, 'kept': 84, 'longest_single_spell_blocks': 32}, 'Chalburga': {'candidates': 9, 'thermal_dropped': 8, 'kept': 1, 'longest_single_spell_blocks': 32}})
2026-10-03 16:01:24,947 level=WARNING module=sunflow.opt msg=solve status=infeasible tc=infeasible t=19.95s
2026-10-03 16:01:53,040 level=INFO module=sunflow.opt msg=solve status=feasible obj=163672.7 gap=None t=27.16s binaries=4440 constraints=295
2026-10-03 16:01:53,090 level=INFO module=sunflow.certify msg=certified status=CERTIFIED_WITH_RELAXATION rung=feasibility_focus tightening=0
2026-10-03 16:01:54,942 level=WARNING module=sunflow.opt msg=no admissible pattern for ['Kharosa', 'Jawali', 'Lamjana II', 'Chalburga']: infeasible by construction ({'Kharosa': {'candidates': 0, 'thermal_dropped': 0, 'kept': 0, 'longest_single_spell_blocks': 0}, 'Jawali': {'candidates': 84, 'thermal_dropped': 84, 'kept': 0, 'longest_single_spell_blocks': 0}, 'Lamjana II': {'candidates': 9, 'thermal_dropped': 9, 'kept': 0, 'longest_single_spell_blocks': 0}, 'Chalburga': {'candidates': 84, 'thermal_dropped': 84, 'kept': 0, 'longest_single_spell_blocks': 0}})
2026-10-03 16:01:55,270 level=WARNING module=sunflow.opt msg=no admissible pattern for ['Kharosa', 'Jawali', 'Lamjana II', 'Chalburga']: infeasible by construction ({'Kharosa': {'candidates': 140, 'thermal_dropped': 140, 'kept': 0, 'longest_single_spell_blocks': 0}, 'Jawali': {'candidates': 591, 'thermal_dropped': 591, 'kept': 0, 'longest_single_spell_blocks': 0}, 'Lamjana II': {'candidates': 264, 'thermal_dropped': 264, 'kept': 0, 'longest_single_spell_blocks': 0}, 'Chalburga': {'candidates': 591, 'thermal_dropped': 591, 'kept': 0, 'longest_single_spell_blocks': 0}})
2026-10-03 16:01:56,491 level=WARNING module=sunflow.opt msg=no admissible pattern for ['Kharosa', 'Jawali', 'Lamjana II', 'Chalburga']: infeasible by construction ({'Kharosa': {'candidates': 395, 'thermal_dropped': 395, 'kept': 0, 'longest_single_spell_blocks': 0}, 'Jawali': {'candidates': 1407, 'thermal_dropped': 1407, 'kept': 0, 'longest_single_spell_blocks': 0}, 'Lamjana II': {'candidates': 1407, 'thermal_dropped': 1407, 'kept': 0, 'longest_single_spell_blocks': 0}, 'Chalburga': {'candidates': 1407, 'thermal_dropped': 1407, 'kept': 0, 'longest_single_spell_blocks': 0}})
2026-10-03 16:02:17,999 level=INFO module=sunflow.opt msg=solve status=feasible obj=187531.0 gap=None t=20.74s binaries=4616 constraints=347
2026-10-03 16:02:18,806 level=WARNING module=sunflow.opt msg=no admissible pattern for ['Kharosa', 'Jawali', 'Lamjana II', 'Chalburga']: infeasible by construction ({'Kharosa': {'candidates': 395, 'thermal_dropped': 395, 'kept': 0, 'longest_single_spell_blocks': 0}, 'Jawali': {'candidates': 1407, 'thermal_dropped': 1407, 'kept': 0, 'longest_single_spell_blocks': 0}, 'Lamjana II': {'candidates': 1407, 'thermal_dropped': 1407, 'kept': 0, 'longest_single_spell_blocks': 0}, 'Chalburga': {'candidates': 1407, 'thermal_dropped': 1407, 'kept': 0, 'longest_single_spell_blocks': 0}})
2026-10-03 16:02:19,680 level=WARNING module=sunflow.opt msg=no admissible pattern for ['Kharosa', 'Jawali', 'Lamjana II', 'Chalburga']: infeasible by construction ({'Kharosa': {'candidates': 395, 'thermal_dropped': 395, 'kept': 0, 'longest_single_spell_blocks': 0}, 'Jawali': {'candidates': 1407, 'thermal_dropped': 1407, 'kept': 0, 'longest_single_spell_blocks': 0}, 'Lamjana II': {'candidates': 1407, 'thermal_dropped': 1407, 'kept': 0, 'longest_single_spell_blocks': 0}, 'Chalburga': {'candidates': 1407, 'thermal_dropped': 1407, 'kept': 0, 'longest_single_spell_blocks': 0}})
2026-10-03 16:02:20,349 level=WARNING module=sunflow.opt msg=no admissible pattern for ['Kharosa', 'Jawali', 'Lamjana II', 'Chalburga']: infeasible by construction ({'Kharosa': {'candidates': 395, 'thermal_dropped': 395, 'kept': 0, 'longest_single_spell_blocks': 0}, 'Jawali': {'candidates': 1407, 'thermal_dropped': 1407, 'kept': 0, 'longest_single_spell_blocks': 0}, 'Lamjana II': {'candidates': 1407, 'thermal_dropped': 1407, 'kept': 0, 'longest_single_spell_blocks': 0}, 'Chalburga': {'candidates': 1407, 'thermal_dropped': 1407, 'kept': 0, 'longest_single_spell_blocks': 0}})
2026-10-03 16:02:24,610 level=INFO module=sunflow.opt msg=solve status=optimal obj=381399.9 gap=0.0033 t=4.21s binaries=929 constraints=354
2026-10-03 16:02:24,611 level=WARNING module=sunflow.certify msg=No plan satisfies every hard rule under the declared assumptions; published timetable issued with alert.
2026-10-03 16:02:28,326 level=INFO module=sunflow.opt msg=solve status=optimal obj=49837.6 gap=0.0 t=1.55s binaries=261 constraints=328
2026-10-03 16:02:28,397 level=INFO module=sunflow.certify msg=certified status=CERTIFIED rung=nominal tightening=0
2026-10-03 16:02:28,497 level=INFO module=sunflow.certify msg=baseline guard: published timetable (Rs 17,903) not worse than plan (Rs 17,967); issuing timetable
2026-10-03 16:02:30,682 level=WARNING module=sunflow.opt msg=no admissible pattern for ['Kharosa', 'Jawali', 'Lamjana II', 'Chalburga']: infeasible by construction ({'Kharosa': {'candidates': 84, 'thermal_dropped': 84, 'kept': 0, 'longest_single_spell_blocks': 0}, 'Jawali': {'candidates': 84, 'thermal_dropped': 84, 'kept': 0, 'longest_single_spell_blocks': 0}, 'Lamjana II': {'candidates': 84, 'thermal_dropped': 84, 'kept': 0, 'longest_single_spell_blocks': 0}, 'Chalburga': {'candidates': 84, 'thermal_dropped': 84, 'kept': 0, 'longest_single_spell_blocks': 0}})
2026-10-03 16:02:50,439 level=INFO module=sunflow.opt msg=solve status=feasible obj=202977.1 gap=0.0754 t=19.63s binaries=1152 constraints=386
2026-10-03 16:02:50,475 level=INFO module=sunflow.certify msg=certified status=CERTIFIED_WITH_RELAXATION rung=split_spells tightening=0
2026-10-03 16:02:53,006 level=WARNING module=sunflow.opt msg=no admissible pattern for ['Jawali']: infeasible by construction ({'Kharosa': {'candidates': 84, 'thermal_dropped': 0, 'kept': 84, 'longest_single_spell_blocks': 32}, 'Jawali': {'candidates': 84, 'thermal_dropped': 84, 'kept': 0, 'longest_single_spell_blocks': 0}, 'Lamjana II': {'candidates': 84, 'thermal_dropped': 0, 'kept': 84, 'longest_single_spell_blocks': 32}, 'Chalburga': {'candidates': 84, 'thermal_dropped': 0, 'kept': 84, 'longest_single_spell_blocks': 32}})
2026-10-03 16:03:15,264 level=INFO module=sunflow.opt msg=solve status=feasible obj=71121.3 gap=None t=21.92s binaries=2035 constraints=351
2026-10-03 16:03:15,301 level=INFO module=sunflow.certify msg=certified status=CERTIFIED_WITH_RELAXATION rung=split_spells tightening=0
2026-10-03 16:03:15,408 level=INFO module=sunflow.certify msg=baseline guard: published timetable (Rs 46,845) not worse than plan (Rs 48,933); issuing timetable
2026-10-03 16:03:15,550 level=WARNING module=sunflow.opt msg=no admissible pattern for ['Kharosa', 'Jawali', 'Lamjana II', 'Chalburga']: infeasible by construction ({'Kharosa': {'candidates': 84, 'thermal_dropped': 84, 'kept': 0, 'longest_single_spell_blocks': 0}, 'Jawali': {'candidates': 84, 'thermal_dropped': 84, 'kept': 0, 'longest_single_spell_blocks': 0}, 'Lamjana II': {'candidates': 84, 'thermal_dropped': 84, 'kept': 0, 'longest_single_spell_blocks': 0}, 'Chalburga': {'candidates': 9, 'thermal_dropped': 9, 'kept': 0, 'longest_single_spell_blocks': 0}})
2026-10-03 16:03:15,919 level=WARNING module=sunflow.opt msg=no admissible pattern for ['Kharosa', 'Jawali', 'Lamjana II', 'Chalburga']: infeasible by construction ({'Kharosa': {'candidates': 591, 'thermal_dropped': 591, 'kept': 0, 'longest_single_spell_blocks': 0}, 'Jawali': {'candidates': 591, 'thermal_dropped': 591, 'kept': 0, 'longest_single_spell_blocks': 0}, 'Lamjana II': {'candidates': 591, 'thermal_dropped': 591, 'kept': 0, 'longest_single_spell_blocks': 0}, 'Chalburga': {'candidates': 264, 'thermal_dropped': 264, 'kept': 0, 'longest_single_spell_blocks': 0}})
2026-10-03 16:03:16,799 level=WARNING module=sunflow.opt msg=no admissible pattern for ['Kharosa', 'Jawali', 'Lamjana II', 'Chalburga']: infeasible by construction ({'Kharosa': {'candidates': 1407, 'thermal_dropped': 1407, 'kept': 0, 'longest_single_spell_blocks': 0}, 'Jawali': {'candidates': 1407, 'thermal_dropped': 1407, 'kept': 0, 'longest_single_spell_blocks': 0}, 'Lamjana II': {'candidates': 1407, 'thermal_dropped': 1407, 'kept': 0, 'longest_single_spell_blocks': 0}, 'Chalburga': {'candidates': 1407, 'thermal_dropped': 1407, 'kept': 0, 'longest_single_spell_blocks': 0}})
2026-10-03 16:03:42,811 level=INFO module=sunflow.opt msg=solve status=feasible obj=193017.8 gap=None t=25.29s binaries=5628 constraints=351
2026-10-03 16:03:43,821 level=WARNING module=sunflow.opt msg=no admissible pattern for ['Kharosa', 'Jawali', 'Lamjana II', 'Chalburga']: infeasible by construction ({'Kharosa': {'candidates': 1407, 'thermal_dropped': 1407, 'kept': 0, 'longest_single_spell_blocks': 0}, 'Jawali': {'candidates': 1407, 'thermal_dropped': 1407, 'kept': 0, 'longest_single_spell_blocks': 0}, 'Lamjana II': {'candidates': 1407, 'thermal_dropped': 1407, 'kept': 0, 'longest_single_spell_blocks': 0}, 'Chalburga': {'candidates': 1407, 'thermal_dropped': 1407, 'kept': 0, 'longest_single_spell_blocks': 0}})
2026-10-03 16:03:45,226 level=WARNING module=sunflow.opt msg=no admissible pattern for ['Kharosa', 'Jawali', 'Lamjana II', 'Chalburga']: infeasible by construction ({'Kharosa': {'candidates': 1407, 'thermal_dropped': 1407, 'kept': 0, 'longest_single_spell_blocks': 0}, 'Jawali': {'candidates': 1407, 'thermal_dropped': 1407, 'kept': 0, 'longest_single_spell_blocks': 0}, 'Lamjana II': {'candidates': 1407, 'thermal_dropped': 1407, 'kept': 0, 'longest_single_spell_blocks': 0}, 'Chalburga': {'candidates': 1407, 'thermal_dropped': 1407, 'kept': 0, 'longest_single_spell_blocks': 0}})
2026-10-03 16:03:46,109 level=WARNING module=sunflow.opt msg=no admissible pattern for ['Kharosa', 'Jawali', 'Lamjana II', 'Chalburga']: infeasible by construction ({'Kharosa': {'candidates': 1407, 'thermal_dropped': 1407, 'kept': 0, 'longest_single_spell_blocks': 0}, 'Jawali': {'candidates': 1407, 'thermal_dropped': 1407, 'kept': 0, 'longest_single_spell_blocks': 0}, 'Lamjana II': {'candidates': 1407, 'thermal_dropped': 1407, 'kept': 0, 'longest_single_spell_blocks': 0}, 'Chalburga': {'candidates': 1407, 'thermal_dropped': 1407, 'kept': 0, 'longest_single_spell_blocks': 0}})
2026-10-03 16:03:49,835 level=INFO module=sunflow.opt msg=solve status=optimal obj=385970.5 gap=0.0037 t=3.66s binaries=944 constraints=357
2026-10-03 16:03:49,835 level=WARNING module=sunflow.certify msg=No plan satisfies every hard rule under the declared assumptions; published timetable issued with alert.
2026-10-03 16:03:51,769 level=WARNING module=sunflow.opt msg=no admissible pattern for ['Kharosa', 'Jawali', 'Lamjana II', 'Chalburga']: infeasible by construction ({'Kharosa': {'candidates': 84, 'thermal_dropped': 84, 'kept': 0, 'longest_single_spell_blocks': 0}, 'Jawali': {'candidates': 9, 'thermal_dropped': 9, 'kept': 0, 'longest_single_spell_blocks': 0}, 'Lamjana II': {'candidates': 84, 'thermal_dropped': 84, 'kept': 0, 'longest_single_spell_blocks': 0}, 'Chalburga': {'candidates': 84, 'thermal_dropped': 84, 'kept': 0, 'longest_single_spell_blocks': 0}})
2026-10-03 16:03:52,061 level=WARNING module=sunflow.opt msg=no admissible pattern for ['Jawali']: infeasible by construction ({'Kharosa': {'candidates': 591, 'thermal_dropped': 571, 'kept': 20, 'longest_single_spell_blocks': 0}, 'Jawali': {'candidates': 264, 'thermal_dropped': 264, 'kept': 0, 'longest_single_spell_blocks': 0}, 'Lamjana II': {'candidates': 591, 'thermal_dropped': 571, 'kept': 20, 'longest_single_spell_blocks': 0}, 'Chalburga': {'candidates': 591, 'thermal_dropped': 571, 'kept': 20, 'longest_single_spell_blocks': 0}})
2026-10-03 16:03:54,208 level=WARNING module=sunflow.opt msg=solve status=infeasible tc=infeasible t=2.15s
2026-10-03 16:04:19,507 level=INFO module=sunflow.opt msg=solve status=feasible obj=164516.6 gap=None t=24.24s binaries=5628 constraints=351
2026-10-03 16:04:21,203 level=WARNING module=sunflow.opt msg=solve status=infeasible tc=infeasible t=1.69s
2026-10-03 16:04:22,557 level=INFO module=sunflow.opt msg=solve status=optimal obj=239564.4 gap=0.0 t=1.34s binaries=96 constraints=300
2026-10-03 16:04:24,259 level=WARNING module=sunflow.opt msg=solve status=infeasible tc=infeasible t=1.70s
2026-10-03 16:04:46,939 level=INFO module=sunflow.opt msg=solve status=feasible obj=206017.6 gap=None t=22.14s binaries=5248 constraints=357
2026-10-03 16:04:46,939 level=WARNING module=sunflow.certify msg=No plan satisfies every hard rule under the declared assumptions; published timetable issued with alert.
2026-10-03 16:04:47,615 level=INFO module=sunflow.opt msg=solve status=optimal obj=132676.4 gap=0.0012 t=0.65s binaries=112 constraints=315
2026-10-03 16:05:11,475 level=INFO module=sunflow.opt msg=solve status=feasible obj=120802.4 gap=None t=23.23s binaries=1543 constraints=351
2026-10-03 16:05:11,565 level=INFO module=sunflow.certify msg=certified without night compensation using split spells
2026-10-03 16:05:11,757 level=INFO module=sunflow.certify msg=baseline guard: published timetable (Rs 15,375) not worse than plan (Rs 26,894); issuing timetable
2026-10-03 16:05:15,272 level=WARNING module=sunflow.opt msg=no admissible pattern for ['Kharosa', 'Jawali', 'Lamjana II', 'Chalburga']: infeasible by construction ({'Kharosa': {'candidates': 84, 'thermal_dropped': 84, 'kept': 0, 'longest_single_spell_blocks': 0}, 'Jawali': {'candidates': 84, 'thermal_dropped': 84, 'kept': 0, 'longest_single_spell_blocks': 0}, 'Lamjana II': {'candidates': 84, 'thermal_dropped': 84, 'kept': 0, 'longest_single_spell_blocks': 0}, 'Chalburga': {'candidates': 9, 'thermal_dropped': 9, 'kept': 0, 'longest_single_spell_blocks': 0}})
2026-10-03 16:05:15,993 level=WARNING module=sunflow.opt msg=no admissible pattern for ['Lamjana II', 'Chalburga']: infeasible by construction ({'Kharosa': {'candidates': 591, 'thermal_dropped': 423, 'kept': 168, 'longest_single_spell_blocks': 0}, 'Jawali': {'candidates': 591, 'thermal_dropped': 423, 'kept': 168, 'longest_single_spell_blocks': 0}, 'Lamjana II': {'candidates': 591, 'thermal_dropped': 591, 'kept': 0, 'longest_single_spell_blocks': 0}, 'Chalburga': {'candidates': 264, 'thermal_dropped': 264, 'kept': 0, 'longest_single_spell_blocks': 0}})
2026-10-03 16:05:17,517 level=WARNING module=sunflow.opt msg=no admissible pattern for ['Lamjana II']: infeasible by construction ({'Kharosa': {'candidates': 1407, 'thermal_dropped': 966, 'kept': 441, 'longest_single_spell_blocks': 0}, 'Jawali': {'candidates': 1407, 'thermal_dropped': 966, 'kept': 441, 'longest_single_spell_blocks': 0}, 'Lamjana II': {'candidates': 1407, 'thermal_dropped': 1407, 'kept': 0, 'longest_single_spell_blocks': 0}, 'Chalburga': {'candidates': 1407, 'thermal_dropped': 966, 'kept': 441, 'longest_single_spell_blocks': 0}})
2026-10-03 16:05:41,482 level=INFO module=sunflow.opt msg=solve status=feasible obj=173490.7 gap=None t=23.16s binaries=5628 constraints=351
2026-10-03 16:05:42,368 level=WARNING module=sunflow.opt msg=no admissible pattern for ['Lamjana II']: infeasible by construction ({'Kharosa': {'candidates': 1407, 'thermal_dropped': 966, 'kept': 441, 'longest_single_spell_blocks': 0}, 'Jawali': {'candidates': 1407, 'thermal_dropped': 966, 'kept': 441, 'longest_single_spell_blocks': 0}, 'Lamjana II': {'candidates': 1407, 'thermal_dropped': 1407, 'kept': 0, 'longest_single_spell_blocks': 0}, 'Chalburga': {'candidates': 1407, 'thermal_dropped': 966, 'kept': 441, 'longest_single_spell_blocks': 0}})
2026-10-03 16:05:43,220 level=WARNING module=sunflow.opt msg=no admissible pattern for ['Lamjana II']: infeasible by construction ({'Kharosa': {'candidates': 1407, 'thermal_dropped': 966, 'kept': 441, 'longest_single_spell_blocks': 0}, 'Jawali': {'candidates': 1407, 'thermal_dropped': 966, 'kept': 441, 'longest_single_spell_blocks': 0}, 'Lamjana II': {'candidates': 1407, 'thermal_dropped': 1407, 'kept': 0, 'longest_single_spell_blocks': 0}, 'Chalburga': {'candidates': 1407, 'thermal_dropped': 966, 'kept': 441, 'longest_single_spell_blocks': 0}})
2026-10-03 16:05:44,674 level=WARNING module=sunflow.opt msg=no admissible pattern for ['Lamjana II']: infeasible by construction ({'Kharosa': {'candidates': 1407, 'thermal_dropped': 966, 'kept': 441, 'longest_single_spell_blocks': 0}, 'Jawali': {'candidates': 1407, 'thermal_dropped': 966, 'kept': 441, 'longest_single_spell_blocks': 0}, 'Lamjana II': {'candidates': 1407, 'thermal_dropped': 1407, 'kept': 0, 'longest_single_spell_blocks': 0}, 'Chalburga': {'candidates': 1407, 'thermal_dropped': 966, 'kept': 441, 'longest_single_spell_blocks': 0}})
2026-10-03 16:06:08,417 level=INFO module=sunflow.opt msg=solve status=feasible obj=223040.8 gap=None t=23.06s binaries=7031 constraints=357
2026-10-03 16:06:08,418 level=WARNING module=sunflow.certify msg=No plan satisfies every hard rule under the declared assumptions; published timetable issued with alert.
2026-10-03 16:06:09,397 level=INFO module=sunflow.opt msg=solve status=optimal obj=77122.6 gap=0.0008 t=0.94s binaries=336 constraints=328
2026-10-03 16:06:09,447 level=INFO module=sunflow.certify msg=certified status=CERTIFIED rung=nominal tightening=0
2026-10-03 16:06:11,816 level=INFO module=sunflow.opt msg=solve status=optimal obj=111283.8 gap=0.0002 t=0.77s binaries=186 constraints=328
2026-10-03 16:06:11,851 level=INFO module=sunflow.certify msg=certified status=CERTIFIED rung=nominal tightening=0
2026-10-03 16:06:14,286 level=INFO module=sunflow.opt msg=solve status=optimal obj=147496.8 gap=0.0002 t=0.89s binaries=261 constraints=328
2026-10-03 16:06:14,323 level=INFO module=sunflow.certify msg=certified status=CERTIFIED rung=nominal tightening=0
2026-10-03 16:06:16,772 level=INFO module=sunflow.opt msg=solve status=optimal obj=62192.0 gap=0.0003 t=0.73s binaries=186 constraints=328
2026-10-03 16:06:16,828 level=INFO module=sunflow.certify msg=certified status=CERTIFIED rung=nominal tightening=0
2026-10-03 16:06:16,966 level=INFO module=sunflow.certify msg=baseline guard: published timetable (Rs 18,545) not worse than plan (Rs 19,194); issuing timetable
2026-10-03 16:06:19,554 level=INFO module=sunflow.opt msg=solve status=optimal obj=75012.1 gap=0.0 t=0.84s binaries=261 constraints=328
2026-10-03 16:06:19,602 level=INFO module=sunflow.certify msg=certified status=CERTIFIED rung=nominal tightening=0
2026-10-03 16:06:22,878 level=INFO module=sunflow.opt msg=solve status=optimal obj=45577.0 gap=0.0006 t=1.84s binaries=336 constraints=328
2026-10-03 16:06:22,917 level=INFO module=sunflow.certify msg=certified status=CERTIFIED rung=nominal tightening=0
2026-10-03 16:06:26,144 level=INFO module=sunflow.opt msg=solve status=optimal obj=146415.5 gap=0.0 t=1.48s binaries=336 constraints=328
2026-10-03 16:06:26,199 level=INFO module=sunflow.certify msg=certified status=CERTIFIED rung=nominal tightening=0
2026-10-03 16:06:26,437 level=INFO module=sunflow.certify msg=baseline guard: published timetable (Rs 83,220) not worse than plan (Rs 83,220); issuing timetable
2026-10-03 16:06:27,198 level=INFO module=sunflow.opt msg=solve status=optimal obj=106665.3 gap=0.0 t=0.67s binaries=186 constraints=328
2026-10-03 16:06:27,241 level=INFO module=sunflow.certify msg=certified status=CERTIFIED rung=nominal tightening=0
2026-10-03 16:06:29,935 level=INFO module=sunflow.opt msg=solve status=optimal obj=53355.5 gap=0.0007 t=1.26s binaries=261 constraints=328
2026-10-03 16:06:29,969 level=INFO module=sunflow.certify msg=certified status=CERTIFIED rung=nominal tightening=0
2026-10-03 16:06:31,459 level=INFO module=sunflow.opt msg=solve status=optimal obj=79272.0 gap=0.0013 t=1.33s binaries=336 constraints=328
2026-10-03 16:06:31,498 level=INFO module=sunflow.certify msg=certified status=CERTIFIED rung=nominal tightening=0
2026-10-03 16:06:35,999 level=WARNING module=sunflow.opt msg=solve status=infeasible tc=infeasible t=2.66s
2026-10-03 16:06:57,167 level=INFO module=sunflow.opt msg=solve status=feasible obj=193263.8 gap=None t=20.86s binaries=1863 constraints=391
2026-10-03 16:06:57,222 level=INFO module=sunflow.certify msg=certified status=CERTIFIED_WITH_RELAXATION rung=split_spells tightening=0
2026-10-03 16:06:58,692 level=WARNING module=sunflow.opt msg=no admissible pattern for ['Chalburga']: infeasible by construction ({'Kharosa': {'candidates': 84, 'thermal_dropped': 0, 'kept': 84, 'longest_single_spell_blocks': 32}, 'Jawali': {'candidates': 84, 'thermal_dropped': 0, 'kept': 84, 'longest_single_spell_blocks': 32}, 'Lamjana II': {'candidates': 9, 'thermal_dropped': 0, 'kept': 9, 'longest_single_spell_blocks': 32}, 'Chalburga': {'candidates': 9, 'thermal_dropped': 9, 'kept': 0, 'longest_single_spell_blocks': 0}})
2026-10-03 16:06:59,139 level=WARNING module=sunflow.opt msg=no admissible pattern for ['Chalburga']: infeasible by construction ({'Kharosa': {'candidates': 591, 'thermal_dropped': 0, 'kept': 591, 'longest_single_spell_blocks': 32}, 'Jawali': {'candidates': 591, 'thermal_dropped': 0, 'kept': 591, 'longest_single_spell_blocks': 32}, 'Lamjana II': {'candidates': 264, 'thermal_dropped': 0, 'kept': 264, 'longest_single_spell_blocks': 32}, 'Chalburga': {'candidates': 264, 'thermal_dropped': 264, 'kept': 0, 'longest_single_spell_blocks': 0}})
2026-10-03 16:07:00,581 level=WARNING module=sunflow.opt msg=no admissible pattern for ['Chalburga']: infeasible by construction ({'Kharosa': {'candidates': 1407, 'thermal_dropped': 0, 'kept': 1407, 'longest_single_spell_blocks': 32}, 'Jawali': {'candidates': 1407, 'thermal_dropped': 0, 'kept': 1407, 'longest_single_spell_blocks': 32}, 'Lamjana II': {'candidates': 1407, 'thermal_dropped': 0, 'kept': 1407, 'longest_single_spell_blocks': 32}, 'Chalburga': {'candidates': 1407, 'thermal_dropped': 1407, 'kept': 0, 'longest_single_spell_blocks': 0}})
2026-10-03 16:07:24,644 level=INFO module=sunflow.opt msg=solve status=feasible obj=115436.9 gap=None t=22.64s binaries=5628 constraints=351
2026-10-03 16:07:25,613 level=WARNING module=sunflow.opt msg=no admissible pattern for ['Chalburga']: infeasible by construction ({'Kharosa': {'candidates': 1407, 'thermal_dropped': 0, 'kept': 1407, 'longest_single_spell_blocks': 32}, 'Jawali': {'candidates': 1407, 'thermal_dropped': 0, 'kept': 1407, 'longest_single_spell_blocks': 32}, 'Lamjana II': {'candidates': 1407, 'thermal_dropped': 0, 'kept': 1407, 'longest_single_spell_blocks': 32}, 'Chalburga': {'candidates': 1407, 'thermal_dropped': 1407, 'kept': 0, 'longest_single_spell_blocks': 0}})
2026-10-03 16:07:26,461 level=WARNING module=sunflow.opt msg=no admissible pattern for ['Chalburga']: infeasible by construction ({'Kharosa': {'candidates': 1407, 'thermal_dropped': 0, 'kept': 1407, 'longest_single_spell_blocks': 32}, 'Jawali': {'candidates': 1407, 'thermal_dropped': 0, 'kept': 1407, 'longest_single_spell_blocks': 32}, 'Lamjana II': {'candidates': 1407, 'thermal_dropped': 0, 'kept': 1407, 'longest_single_spell_blocks': 32}, 'Chalburga': {'candidates': 1407, 'thermal_dropped': 1407, 'kept': 0, 'longest_single_spell_blocks': 0}})
2026-10-03 16:07:27,437 level=WARNING module=sunflow.opt msg=no admissible pattern for ['Chalburga']: infeasible by construction ({'Kharosa': {'candidates': 1407, 'thermal_dropped': 0, 'kept': 1407, 'longest_single_spell_blocks': 32}, 'Jawali': {'candidates': 1407, 'thermal_dropped': 0, 'kept': 1407, 'longest_single_spell_blocks': 32}, 'Lamjana II': {'candidates': 1407, 'thermal_dropped': 0, 'kept': 1407, 'longest_single_spell_blocks': 32}, 'Chalburga': {'candidates': 1407, 'thermal_dropped': 1407, 'kept': 0, 'longest_single_spell_blocks': 0}})
2026-10-03 16:08:09,538 level=INFO module=sunflow.opt msg=solve status=feasible obj=132350.7 gap=None t=40.94s binaries=11176 constraints=357
2026-10-03 16:08:09,538 level=WARNING module=sunflow.certify msg=No plan satisfies every hard rule under the declared assumptions; published timetable issued with alert.
shard 3/8: 75 done, 1733s, statuses {'CERTIFIED_WITH_RELAXATION': 19, 'CERTIFIED': 41, 'INFEASIBLE': 14, 'FALLBACK_BASELINE': 1}, violations on certified plans: 0
2026-10-03 16:08:09,589 level=WARNING module=sunflow.opt msg=no admissible pattern for ['Kharosa', 'Jawali', 'Lamjana II', 'Chalburga']: infeasible by construction ({'Kharosa': {'candidates': 84, 'thermal_dropped': 84, 'kept': 0, 'longest_single_spell_blocks': 0}, 'Jawali': {'candidates': 84, 'thermal_dropped': 84, 'kept': 0, 'longest_single_spell_blocks': 0}, 'Lamjana II': {'candidates': 9, 'thermal_dropped': 9, 'kept': 0, 'longest_single_spell_blocks': 0}, 'Chalburga': {'candidates': 9, 'thermal_dropped': 9, 'kept': 0, 'longest_single_spell_blocks': 0}})
2026-10-03 16:08:11,791 level=WARNING module=sunflow.opt msg=solve status=infeasible tc=infeasible t=2.20s
2026-10-03 16:08:27,007 level=INFO module=sunflow.opt msg=solve status=optimal obj=159722.8 gap=0.0186 t=14.86s binaries=2012 constraints=247
2026-10-03 16:08:27,066 level=INFO module=sunflow.certify msg=certified status=CERTIFIED_WITH_RELAXATION rung=feasibility_focus tightening=0
2026-10-03 16:08:27,219 level=WARNING module=sunflow.opt msg=no admissible pattern for ['Kharosa', 'Lamjana II']: infeasible by construction ({'Kharosa': {'candidates': 84, 'thermal_dropped': 84, 'kept': 0, 'longest_single_spell_blocks': 0}, 'Jawali': {'candidates': 84, 'thermal_dropped': 78, 'kept': 6, 'longest_single_spell_blocks': 26}, 'Lamjana II': {'candidates': 9, 'thermal_dropped': 9, 'kept': 0, 'longest_single_spell_blocks': 0}, 'Chalburga': {'candidates': 84, 'thermal_dropped': 78, 'kept': 6, 'longest_single_spell_blocks': 26}})
2026-10-03 16:08:27,611 level=WARNING module=sunflow.opt msg=no admissible pattern for ['Kharosa']: infeasible by construction ({'Kharosa': {'candidates': 591, 'thermal_dropped': 591, 'kept': 0, 'longest_single_spell_blocks': 0}, 'Jawali': {'candidates': 591, 'thermal_dropped': 260, 'kept': 331, 'longest_single_spell_blocks': 26}, 'Lamjana II': {'candidates': 264, 'thermal_dropped': 167, 'kept': 97, 'longest_single_spell_blocks': 0}, 'Chalburga': {'candidates': 591, 'thermal_dropped': 260, 'kept': 331, 'longest_single_spell_blocks': 26}})
2026-10-03 16:08:28,707 level=WARNING module=sunflow.opt msg=no admissible pattern for ['Kharosa']: infeasible by construction ({'Kharosa': {'candidates': 1407, 'thermal_dropped': 1407, 'kept': 0, 'longest_single_spell_blocks': 0}, 'Jawali': {'candidates': 1407, 'thermal_dropped': 475, 'kept': 932, 'longest_single_spell_blocks': 26}, 'Lamjana II': {'candidates': 1407, 'thermal_dropped': 475, 'kept': 932, 'longest_single_spell_blocks': 26}, 'Chalburga': {'candidates': 1407, 'thermal_dropped': 475, 'kept': 932, 'longest_single_spell_blocks': 26}})
2026-10-03 16:08:57,266 level=INFO module=sunflow.opt msg=solve status=feasible obj=184769.1 gap=None t=27.77s binaries=5628 constraints=351
2026-10-03 16:08:58,225 level=WARNING module=sunflow.opt msg=no admissible pattern for ['Kharosa']: infeasible by construction ({'Kharosa': {'candidates': 1407, 'thermal_dropped': 1407, 'kept': 0, 'longest_single_spell_blocks': 0}, 'Jawali': {'candidates': 1407, 'thermal_dropped': 475, 'kept': 932, 'longest_single_spell_blocks': 26}, 'Lamjana II': {'candidates': 1407, 'thermal_dropped': 475, 'kept': 932, 'longest_single_spell_blocks': 26}, 'Chalburga': {'candidates': 1407, 'thermal_dropped': 475, 'kept': 932, 'longest_single_spell_blocks': 26}})
2026-10-03 16:08:59,957 level=WARNING module=sunflow.opt msg=no admissible pattern for ['Kharosa']: infeasible by construction ({'Kharosa': {'candidates': 1407, 'thermal_dropped': 1407, 'kept': 0, 'longest_single_spell_blocks': 0}, 'Jawali': {'candidates': 1407, 'thermal_dropped': 475, 'kept': 932, 'longest_single_spell_blocks': 26}, 'Lamjana II': {'candidates': 1407, 'thermal_dropped': 475, 'kept': 932, 'longest_single_spell_blocks': 26}, 'Chalburga': {'candidates': 1407, 'thermal_dropped': 475, 'kept': 932, 'longest_single_spell_blocks': 26}})
2026-10-03 16:09:00,904 level=WARNING module=sunflow.opt msg=no admissible pattern for ['Kharosa']: infeasible by construction ({'Kharosa': {'candidates': 1407, 'thermal_dropped': 1407, 'kept': 0, 'longest_single_spell_blocks': 0}, 'Jawali': {'candidates': 1407, 'thermal_dropped': 475, 'kept': 932, 'longest_single_spell_blocks': 26}, 'Lamjana II': {'candidates': 1407, 'thermal_dropped': 475, 'kept': 932, 'longest_single_spell_blocks': 26}, 'Chalburga': {'candidates': 1407, 'thermal_dropped': 475, 'kept': 932, 'longest_single_spell_blocks': 26}})
2026-10-03 16:09:39,503 level=INFO module=sunflow.opt msg=solve status=feasible obj=220096.0 gap=None t=37.66s binaries=8927 constraints=357
2026-10-03 16:09:39,504 level=WARNING module=sunflow.certify msg=No plan satisfies every hard rule under the declared assumptions; published timetable issued with alert.
2026-10-03 16:09:41,688 level=WARNING module=sunflow.opt msg=no admissible pattern for ['Kharosa', 'Chalburga']: infeasible by construction ({'Kharosa': {'candidates': 0, 'thermal_dropped': 0, 'kept': 0, 'longest_single_spell_blocks': 0}, 'Jawali': {'candidates': 84, 'thermal_dropped': 0, 'kept': 84, 'longest_single_spell_blocks': 32}, 'Lamjana II': {'candidates': 84, 'thermal_dropped': 0, 'kept': 84, 'longest_single_spell_blocks': 32}, 'Chalburga': {'candidates': 9, 'thermal_dropped': 9, 'kept': 0, 'longest_single_spell_blocks': 0}})
2026-10-03 16:09:41,934 level=WARNING module=sunflow.opt msg=no admissible pattern for ['Chalburga']: infeasible by construction ({'Kharosa': {'candidates': 5, 'thermal_dropped': 0, 'kept': 5, 'longest_single_spell_blocks': 0}, 'Jawali': {'candidates': 591, 'thermal_dropped': 0, 'kept': 591, 'longest_single_spell_blocks': 32}, 'Lamjana II': {'candidates': 591, 'thermal_dropped': 0, 'kept': 591, 'longest_single_spell_blocks': 32}, 'Chalburga': {'candidates': 264, 'thermal_dropped': 264, 'kept': 0, 'longest_single_spell_blocks': 0}})
2026-10-03 16:09:52,590 level=INFO module=sunflow.opt msg=solve status=optimal obj=196662.7 gap=0.0003 t=10.09s binaries=2862 constraints=251
2026-10-03 16:09:52,631 level=INFO module=sunflow.certify msg=certified status=CERTIFIED_WITH_RELAXATION rung=feasibility_focus tightening=0
2026-10-03 16:09:54,656 level=WARNING module=sunflow.opt msg=no admissible pattern for ['Lamjana II']: infeasible by construction ({'Kharosa': {'candidates': 84, 'thermal_dropped': 0, 'kept': 84, 'longest_single_spell_blocks': 32}, 'Jawali': {'candidates': 9, 'thermal_dropped': 0, 'kept': 9, 'longest_single_spell_blocks': 32}, 'Lamjana II': {'candidates': 0, 'thermal_dropped': 0, 'kept': 0, 'longest_single_spell_blocks': 0}, 'Chalburga': {'candidates': 9, 'thermal_dropped': 0, 'kept': 9, 'longest_single_spell_blocks': 32}})
2026-10-03 16:10:13,076 level=INFO module=sunflow.opt msg=solve status=optimal obj=120064.9 gap=0.0037 t=18.13s binaries=1191 constraints=351
2026-10-03 16:10:13,136 level=INFO module=sunflow.certify msg=certified status=CERTIFIED_WITH_RELAXATION rung=split_spells tightening=0
2026-10-03 16:10:13,347 level=WARNING module=sunflow.opt msg=no admissible pattern for ['Kharosa', 'Jawali', 'Lamjana II', 'Chalburga']: infeasible by construction ({'Kharosa': {'candidates': 9, 'thermal_dropped': 9, 'kept': 0, 'longest_single_spell_blocks': 0}, 'Jawali': {'candidates': 9, 'thermal_dropped': 9, 'kept': 0, 'longest_single_spell_blocks': 0}, 'Lamjana II': {'candidates': 84, 'thermal_dropped': 84, 'kept': 0, 'longest_single_spell_blocks': 0}, 'Chalburga': {'candidates': 84, 'thermal_dropped': 84, 'kept': 0, 'longest_single_spell_blocks': 0}})
2026-10-03 16:10:13,702 level=WARNING module=sunflow.opt msg=no admissible pattern for ['Kharosa', 'Jawali']: infeasible by construction ({'Kharosa': {'candidates': 264, 'thermal_dropped': 264, 'kept': 0, 'longest_single_spell_blocks': 0}, 'Jawali': {'candidates': 264, 'thermal_dropped': 264, 'kept': 0, 'longest_single_spell_blocks': 0}, 'Lamjana II': {'candidates': 591, 'thermal_dropped': 588, 'kept': 3, 'longest_single_spell_blocks': 0}, 'Chalburga': {'candidates': 591, 'thermal_dropped': 588, 'kept': 3, 'longest_single_spell_blocks': 0}})
2026-10-03 16:10:14,582 level=WARNING module=sunflow.opt msg=no admissible pattern for ['Kharosa']: infeasible by construction ({'Kharosa': {'candidates': 1407, 'thermal_dropped': 1407, 'kept': 0, 'longest_single_spell_blocks': 0}, 'Jawali': {'candidates': 1407, 'thermal_dropped': 1404, 'kept': 3, 'longest_single_spell_blocks': 0}, 'Lamjana II': {'candidates': 1407, 'thermal_dropped': 1404, 'kept': 3, 'longest_single_spell_blocks': 0}, 'Chalburga': {'candidates': 1407, 'thermal_dropped': 1404, 'kept': 3, 'longest_single_spell_blocks': 0}})
2026-10-03 16:10:38,248 level=INFO module=sunflow.opt msg=solve status=feasible obj=209795.6 gap=None t=22.85s binaries=5628 constraints=351
2026-10-03 16:10:39,206 level=WARNING module=sunflow.opt msg=no admissible pattern for ['Kharosa']: infeasible by construction ({'Kharosa': {'candidates': 1407, 'thermal_dropped': 1407, 'kept': 0, 'longest_single_spell_blocks': 0}, 'Jawali': {'candidates': 1407, 'thermal_dropped': 1404, 'kept': 3, 'longest_single_spell_blocks': 0}, 'Lamjana II': {'candidates': 1407, 'thermal_dropped': 1404, 'kept': 3, 'longest_single_spell_blocks': 0}, 'Chalburga': {'candidates': 1407, 'thermal_dropped': 1404, 'kept': 3, 'longest_single_spell_blocks': 0}})
2026-10-03 16:10:40,034 level=WARNING module=sunflow.opt msg=no admissible pattern for ['Kharosa']: infeasible by construction ({'Kharosa': {'candidates': 1407, 'thermal_dropped': 1407, 'kept': 0, 'longest_single_spell_blocks': 0}, 'Jawali': {'candidates': 1407, 'thermal_dropped': 1404, 'kept': 3, 'longest_single_spell_blocks': 0}, 'Lamjana II': {'candidates': 1407, 'thermal_dropped': 1404, 'kept': 3, 'longest_single_spell_blocks': 0}, 'Chalburga': {'candidates': 1407, 'thermal_dropped': 1404, 'kept': 3, 'longest_single_spell_blocks': 0}})
2026-10-03 16:10:40,889 level=WARNING module=sunflow.opt msg=no admissible pattern for ['Kharosa']: infeasible by construction ({'Kharosa': {'candidates': 1407, 'thermal_dropped': 1407, 'kept': 0, 'longest_single_spell_blocks': 0}, 'Jawali': {'candidates': 1407, 'thermal_dropped': 1404, 'kept': 3, 'longest_single_spell_blocks': 0}, 'Lamjana II': {'candidates': 1407, 'thermal_dropped': 1404, 'kept': 3, 'longest_single_spell_blocks': 0}, 'Chalburga': {'candidates': 1407, 'thermal_dropped': 1404, 'kept': 3, 'longest_single_spell_blocks': 0}})
2026-10-03 16:10:54,665 level=INFO module=sunflow.opt msg=solve status=feasible obj=276717.8 gap=None t=13.42s binaries=2471 constraints=357
2026-10-03 16:10:54,665 level=WARNING module=sunflow.certify msg=No plan satisfies every hard rule under the declared assumptions; published timetable issued with alert.
2026-10-03 16:11:01,121 level=INFO module=sunflow.opt msg=solve status=optimal obj=49485.8 gap=0.0001 t=3.40s binaries=336 constraints=328
2026-10-03 16:11:01,160 level=INFO module=sunflow.certify msg=certified status=CERTIFIED rung=nominal tightening=0
2026-10-03 16:11:01,289 level=INFO module=sunflow.certify msg=baseline guard: published timetable (Rs 17,869) not worse than plan (Rs 18,744); issuing timetable
2026-10-03 16:11:06,491 level=INFO module=sunflow.opt msg=solve status=optimal obj=46909.3 gap=0.0 t=1.51s binaries=186 constraints=328
2026-10-03 16:11:06,564 level=INFO module=sunflow.certify msg=certified status=CERTIFIED rung=nominal tightening=0
2026-10-03 16:11:06,685 level=INFO module=sunflow.certify msg=baseline guard: published timetable (Rs 18,550) not worse than plan (Rs 19,092); issuing timetable
2026-10-03 16:11:10,854 level=INFO module=sunflow.opt msg=solve status=optimal obj=59522.9 gap=0.0022 t=1.91s binaries=183 constraints=328
2026-10-03 16:11:27,585 level=INFO module=sunflow.opt msg=solve status=optimal obj=59522.9 gap=0.0021 t=16.43s binaries=1452 constraints=351
2026-10-03 16:11:27,585 level=INFO module=sunflow.certify msg=certified status=CERTIFIED rung=nominal tightening=0
2026-10-03 16:11:29,116 level=INFO module=sunflow.opt msg=solve status=optimal obj=58757.0 gap=0.0008 t=1.41s binaries=261 constraints=328
2026-10-03 16:11:29,150 level=INFO module=sunflow.certify msg=certified status=CERTIFIED rung=nominal tightening=0
2026-10-03 16:11:31,990 level=INFO module=sunflow.opt msg=solve status=optimal obj=56146.3 gap=0.0007 t=1.18s binaries=261 constraints=328
2026-10-03 16:11:32,034 level=INFO module=sunflow.certify msg=certified status=CERTIFIED rung=nominal tightening=0
2026-10-03 16:11:32,202 level=INFO module=sunflow.certify msg=baseline guard: published timetable (Rs 21,239) not worse than plan (Rs 21,411); issuing timetable
2026-10-03 16:11:32,358 level=WARNING module=sunflow.opt msg=no admissible pattern for ['Lamjana II']: infeasible by construction ({'Kharosa': {'candidates': 84, 'thermal_dropped': 0, 'kept': 84, 'longest_single_spell_blocks': 32}, 'Jawali': {'candidates': 84, 'thermal_dropped': 0, 'kept': 84, 'longest_single_spell_blocks': 32}, 'Lamjana II': {'candidates': 84, 'thermal_dropped': 84, 'kept': 0, 'longest_single_spell_blocks': 0}, 'Chalburga': {'candidates': 84, 'thermal_dropped': 0, 'kept': 84, 'longest_single_spell_blocks': 32}})
2026-10-03 16:11:32,720 level=WARNING module=sunflow.opt msg=no admissible pattern for ['Lamjana II']: infeasible by construction ({'Kharosa': {'candidates': 591, 'thermal_dropped': 0, 'kept': 591, 'longest_single_spell_blocks': 32}, 'Jawali': {'candidates': 591, 'thermal_dropped': 0, 'kept': 591, 'longest_single_spell_blocks': 32}, 'Lamjana II': {'candidates': 591, 'thermal_dropped': 591, 'kept': 0, 'longest_single_spell_blocks': 0}, 'Chalburga': {'candidates': 591, 'thermal_dropped': 0, 'kept': 591, 'longest_single_spell_blocks': 32}})
2026-10-03 16:11:33,565 level=WARNING module=sunflow.opt msg=no admissible pattern for ['Lamjana II']: infeasible by construction ({'Kharosa': {'candidates': 1407, 'thermal_dropped': 0, 'kept': 1407, 'longest_single_spell_blocks': 32}, 'Jawali': {'candidates': 1407, 'thermal_dropped': 0, 'kept': 1407, 'longest_single_spell_blocks': 32}, 'Lamjana II': {'candidates': 1407, 'thermal_dropped': 1407, 'kept': 0, 'longest_single_spell_blocks': 0}, 'Chalburga': {'candidates': 1407, 'thermal_dropped': 0, 'kept': 1407, 'longest_single_spell_blocks': 32}})
2026-10-03 16:11:59,367 level=INFO module=sunflow.opt msg=solve status=feasible obj=103795.6 gap=None t=25.14s binaries=5628 constraints=351
2026-10-03 16:12:00,176 level=WARNING module=sunflow.opt msg=no admissible pattern for ['Lamjana II']: infeasible by construction ({'Kharosa': {'candidates': 1407, 'thermal_dropped': 0, 'kept': 1407, 'longest_single_spell_blocks': 32}, 'Jawali': {'candidates': 1407, 'thermal_dropped': 0, 'kept': 1407, 'longest_single_spell_blocks': 32}, 'Lamjana II': {'candidates': 1407, 'thermal_dropped': 1407, 'kept': 0, 'longest_single_spell_blocks': 0}, 'Chalburga': {'candidates': 1407, 'thermal_dropped': 0, 'kept': 1407, 'longest_single_spell_blocks': 32}})
2026-10-03 16:12:01,070 level=WARNING module=sunflow.opt msg=no admissible pattern for ['Lamjana II']: infeasible by construction ({'Kharosa': {'candidates': 1407, 'thermal_dropped': 0, 'kept': 1407, 'longest_single_spell_blocks': 32}, 'Jawali': {'candidates': 1407, 'thermal_dropped': 0, 'kept': 1407, 'longest_single_spell_blocks': 32}, 'Lamjana II': {'candidates': 1407, 'thermal_dropped': 1407, 'kept': 0, 'longest_single_spell_blocks': 0}, 'Chalburga': {'candidates': 1407, 'thermal_dropped': 0, 'kept': 1407, 'longest_single_spell_blocks': 32}})
2026-10-03 16:12:01,931 level=WARNING module=sunflow.opt msg=no admissible pattern for ['Lamjana II']: infeasible by construction ({'Kharosa': {'candidates': 1407, 'thermal_dropped': 0, 'kept': 1407, 'longest_single_spell_blocks': 32}, 'Jawali': {'candidates': 1407, 'thermal_dropped': 0, 'kept': 1407, 'longest_single_spell_blocks': 32}, 'Lamjana II': {'candidates': 1407, 'thermal_dropped': 1407, 'kept': 0, 'longest_single_spell_blocks': 0}, 'Chalburga': {'candidates': 1407, 'thermal_dropped': 0, 'kept': 1407, 'longest_single_spell_blocks': 32}})
2026-10-03 16:12:46,764 level=INFO module=sunflow.opt msg=solve status=feasible obj=127227.2 gap=None t=43.73s binaries=10912 constraints=357
2026-10-03 16:12:46,764 level=WARNING module=sunflow.certify msg=No plan satisfies every hard rule under the declared assumptions; published timetable issued with alert.
2026-10-03 16:12:51,879 level=INFO module=sunflow.opt msg=solve status=optimal obj=65289.2 gap=0.0001 t=3.10s binaries=261 constraints=328
2026-10-03 16:12:51,955 level=INFO module=sunflow.certify msg=certified status=CERTIFIED rung=nominal tightening=0
2026-10-03 16:12:52,138 level=INFO module=sunflow.certify msg=baseline guard: published timetable (Rs 21,048) not worse than plan (Rs 21,653); issuing timetable
2026-10-03 16:12:54,398 level=WARNING module=sunflow.opt msg=no admissible pattern for ['Kharosa']: infeasible by construction ({'Kharosa': {'candidates': 0, 'thermal_dropped': 0, 'kept': 0, 'longest_single_spell_blocks': 0}, 'Jawali': {'candidates': 84, 'thermal_dropped': 0, 'kept': 84, 'longest_single_spell_blocks': 32}, 'Lamjana II': {'candidates': 84, 'thermal_dropped': 0, 'kept': 84, 'longest_single_spell_blocks': 32}, 'Chalburga': {'candidates': 9, 'thermal_dropped': 0, 'kept': 9, 'longest_single_spell_blocks': 32}})
2026-10-03 16:13:14,475 level=INFO module=sunflow.opt msg=solve status=feasible obj=125977.7 gap=None t=19.83s binaries=1470 constraints=343
2026-10-03 16:13:14,510 level=INFO module=sunflow.certify msg=certified status=CERTIFIED_WITH_RELAXATION rung=split_spells tightening=0
2026-10-03 16:13:18,305 level=WARNING module=sunflow.opt msg=solve status=infeasible tc=infeasible t=1.79s
2026-10-03 16:13:43,155 level=INFO module=sunflow.opt msg=solve status=feasible obj=205993.6 gap=None t=24.47s binaries=2364 constraints=391
2026-10-03 16:13:43,217 level=INFO module=sunflow.certify msg=certified status=CERTIFIED_WITH_RELAXATION rung=split_spells tightening=0
2026-10-03 16:13:46,660 level=INFO module=sunflow.opt msg=solve status=optimal obj=182313.0 gap=0.0 t=1.46s binaries=261 constraints=328
2026-10-03 16:13:46,724 level=INFO module=sunflow.certify msg=certified status=CERTIFIED rung=nominal tightening=0
2026-10-03 16:13:48,824 level=WARNING module=sunflow.opt msg=no admissible pattern for ['Chalburga']: infeasible by construction ({'Kharosa': {'candidates': 84, 'thermal_dropped': 31, 'kept': 53, 'longest_single_spell_blocks': 28}, 'Jawali': {'candidates': 84, 'thermal_dropped': 31, 'kept': 53, 'longest_single_spell_blocks': 28}, 'Lamjana II': {'candidates': 84, 'thermal_dropped': 31, 'kept': 53, 'longest_single_spell_blocks': 28}, 'Chalburga': {'candidates': 9, 'thermal_dropped': 9, 'kept': 0, 'longest_single_spell_blocks': 0}})
2026-10-03 16:14:09,727 level=INFO module=sunflow.opt msg=solve status=feasible obj=160764.0 gap=None t=20.62s binaries=1655 constraints=351
2026-10-03 16:14:09,772 level=INFO module=sunflow.certify msg=certified status=CERTIFIED_WITH_RELAXATION rung=split_spells tightening=0
2026-10-03 16:14:09,891 level=INFO module=sunflow.certify msg=baseline guard: published timetable (Rs 47,074) not worse than plan (Rs 61,914); issuing timetable
2026-10-03 16:14:13,423 level=INFO module=sunflow.opt msg=solve status=optimal obj=114658.5 gap=0.0001 t=1.51s binaries=336 constraints=328
2026-10-03 16:14:13,507 level=INFO module=sunflow.certify msg=certified status=CERTIFIED rung=nominal tightening=0
2026-10-03 16:14:16,665 level=WARNING module=sunflow.opt msg=no admissible pattern for ['Chalburga']: infeasible by construction ({'Kharosa': {'candidates': 84, 'thermal_dropped': 0, 'kept': 84, 'longest_single_spell_blocks': 32}, 'Jawali': {'candidates': 84, 'thermal_dropped': 0, 'kept': 84, 'longest_single_spell_blocks': 32}, 'Lamjana II': {'candidates': 9, 'thermal_dropped': 0, 'kept': 9, 'longest_single_spell_blocks': 32}, 'Chalburga': {'candidates': 0, 'thermal_dropped': 0, 'kept': 0, 'longest_single_spell_blocks': 0}})
2026-10-03 16:14:40,511 level=WARNING module=sunflow.opt msg=solve status=timeout tc=maxtimelimit t=23.84s
2026-10-03 16:15:12,032 level=INFO module=sunflow.opt msg=solve status=feasible obj=130217.4 gap=None t=30.86s binaries=4449 constraints=295
2026-10-03 16:15:12,076 level=INFO module=sunflow.certify msg=certified status=CERTIFIED_WITH_RELAXATION rung=feasibility_focus tightening=0
2026-10-03 16:15:15,196 level=INFO module=sunflow.opt msg=solve status=optimal obj=70107.2 gap=0.0009 t=1.06s binaries=258 constraints=328
2026-10-03 16:15:38,330 level=INFO module=sunflow.opt msg=solve status=feasible obj=57681.4 gap=None t=22.65s binaries=1826 constraints=351
2026-10-03 16:15:38,393 level=INFO module=sunflow.certify msg=certified without night compensation using split spells
2026-10-03 16:15:40,186 level=WARNING module=sunflow.opt msg=no admissible pattern for ['Chalburga']: infeasible by construction ({'Kharosa': {'candidates': 84, 'thermal_dropped': 0, 'kept': 84, 'longest_single_spell_blocks': 32}, 'Jawali': {'candidates': 84, 'thermal_dropped': 0, 'kept': 84, 'longest_single_spell_blocks': 32}, 'Lamjana II': {'candidates': 84, 'thermal_dropped': 0, 'kept': 84, 'longest_single_spell_blocks': 32}, 'Chalburga': {'candidates': 84, 'thermal_dropped': 84, 'kept': 0, 'longest_single_spell_blocks': 0}})
2026-10-03 16:16:00,802 level=INFO module=sunflow.opt msg=solve status=feasible obj=151019.4 gap=None t=19.95s binaries=1844 constraints=351
2026-10-03 16:16:00,897 level=INFO module=sunflow.certify msg=certified status=CERTIFIED_WITH_RELAXATION rung=split_spells tightening=0
2026-10-03 16:16:05,542 level=WARNING module=sunflow.opt msg=solve status=infeasible tc=infeasible t=2.47s
2026-10-03 16:16:27,542 level=INFO module=sunflow.opt msg=solve status=feasible obj=140714.1 gap=None t=21.56s binaries=2364 constraints=391
2026-10-03 16:16:27,773 level=INFO module=sunflow.certify msg=certified status=CERTIFIED_WITH_RELAXATION rung=split_spells tightening=0
2026-10-03 16:16:32,490 level=WARNING module=sunflow.opt msg=no admissible pattern for ['Kharosa', 'Jawali', 'Lamjana II', 'Chalburga']: infeasible by construction ({'Kharosa': {'candidates': 9, 'thermal_dropped': 9, 'kept': 0, 'longest_single_spell_blocks': 0}, 'Jawali': {'candidates': 84, 'thermal_dropped': 84, 'kept': 0, 'longest_single_spell_blocks': 0}, 'Lamjana II': {'candidates': 1, 'thermal_dropped': 1, 'kept': 0, 'longest_single_spell_blocks': 0}, 'Chalburga': {'candidates': 84, 'thermal_dropped': 84, 'kept': 0, 'longest_single_spell_blocks': 0}})
2026-10-03 16:16:33,368 level=WARNING module=sunflow.opt msg=no admissible pattern for ['Kharosa', 'Jawali', 'Lamjana II', 'Chalburga']: infeasible by construction ({'Kharosa': {'candidates': 264, 'thermal_dropped': 264, 'kept': 0, 'longest_single_spell_blocks': 0}, 'Jawali': {'candidates': 591, 'thermal_dropped': 591, 'kept': 0, 'longest_single_spell_blocks': 0}, 'Lamjana II': {'candidates': 32, 'thermal_dropped': 32, 'kept': 0, 'longest_single_spell_blocks': 0}, 'Chalburga': {'candidates': 591, 'thermal_dropped': 591, 'kept': 0, 'longest_single_spell_blocks': 0}})
2026-10-03 16:16:34,272 level=WARNING module=sunflow.opt msg=no admissible pattern for ['Kharosa', 'Jawali', 'Lamjana II', 'Chalburga']: infeasible by construction ({'Kharosa': {'candidates': 1407, 'thermal_dropped': 1407, 'kept': 0, 'longest_single_spell_blocks': 0}, 'Jawali': {'candidates': 1407, 'thermal_dropped': 1407, 'kept': 0, 'longest_single_spell_blocks': 0}, 'Lamjana II': {'candidates': 92, 'thermal_dropped': 92, 'kept': 0, 'longest_single_spell_blocks': 0}, 'Chalburga': {'candidates': 1407, 'thermal_dropped': 1407, 'kept': 0, 'longest_single_spell_blocks': 0}})
2026-10-03 16:17:14,341 level=INFO module=sunflow.opt msg=solve status=feasible obj=257586.6 gap=None t=38.68s binaries=4313 constraints=391
2026-10-03 16:17:15,411 level=WARNING module=sunflow.opt msg=no admissible pattern for ['Kharosa', 'Jawali', 'Lamjana II', 'Chalburga']: infeasible by construction ({'Kharosa': {'candidates': 1407, 'thermal_dropped': 1407, 'kept': 0, 'longest_single_spell_blocks': 0}, 'Jawali': {'candidates': 1407, 'thermal_dropped': 1407, 'kept': 0, 'longest_single_spell_blocks': 0}, 'Lamjana II': {'candidates': 92, 'thermal_dropped': 92, 'kept': 0, 'longest_single_spell_blocks': 0}, 'Chalburga': {'candidates': 1407, 'thermal_dropped': 1407, 'kept': 0, 'longest_single_spell_blocks': 0}})
2026-10-03 16:17:16,346 level=WARNING module=sunflow.opt msg=no admissible pattern for ['Kharosa', 'Jawali', 'Lamjana II', 'Chalburga']: infeasible by construction ({'Kharosa': {'candidates': 1407, 'thermal_dropped': 1407, 'kept': 0, 'longest_single_spell_blocks': 0}, 'Jawali': {'candidates': 1407, 'thermal_dropped': 1407, 'kept': 0, 'longest_single_spell_blocks': 0}, 'Lamjana II': {'candidates': 92, 'thermal_dropped': 92, 'kept': 0, 'longest_single_spell_blocks': 0}, 'Chalburga': {'candidates': 1407, 'thermal_dropped': 1407, 'kept': 0, 'longest_single_spell_blocks': 0}})
2026-10-03 16:17:17,205 level=WARNING module=sunflow.opt msg=no admissible pattern for ['Kharosa', 'Jawali', 'Lamjana II', 'Chalburga']: infeasible by construction ({'Kharosa': {'candidates': 1407, 'thermal_dropped': 1407, 'kept': 0, 'longest_single_spell_blocks': 0}, 'Jawali': {'candidates': 1407, 'thermal_dropped': 1407, 'kept': 0, 'longest_single_spell_blocks': 0}, 'Lamjana II': {'candidates': 92, 'thermal_dropped': 92, 'kept': 0, 'longest_single_spell_blocks': 0}, 'Chalburga': {'candidates': 1407, 'thermal_dropped': 1407, 'kept': 0, 'longest_single_spell_blocks': 0}})
2026-10-03 16:17:28,567 level=INFO module=sunflow.opt msg=solve status=optimal obj=381564.1 gap=0.0131 t=11.21s binaries=961 constraints=397
2026-10-03 16:17:28,568 level=WARNING module=sunflow.certify msg=No plan satisfies every hard rule under the declared assumptions; published timetable issued with alert.
2026-10-03 16:17:39,630 level=INFO module=sunflow.opt msg=solve status=optimal obj=109212.7 gap=0.0006 t=4.97s binaries=261 constraints=328
2026-10-03 16:17:40,245 level=INFO module=sunflow.certify msg=certified status=CERTIFIED rung=nominal tightening=0
2026-10-03 16:17:53,894 level=WARNING module=sunflow.opt msg=solve status=infeasible tc=infeasible t=8.57s
2026-10-03 16:18:29,406 level=WARNING module=sunflow.opt msg=solve status=timeout tc=maxtimelimit t=35.51s
2026-10-03 16:19:18,084 level=INFO module=sunflow.opt msg=solve status=feasible obj=233190.1 gap=None t=47.73s binaries=5628 constraints=295
2026-10-03 16:19:18,279 level=INFO module=sunflow.certify msg=certified status=CERTIFIED_WITH_RELAXATION rung=feasibility_focus tightening=0
2026-10-03 16:19:25,631 level=WARNING module=sunflow.opt msg=no admissible pattern for ['Kharosa', 'Jawali', 'Lamjana II', 'Chalburga']: infeasible by construction ({'Kharosa': {'candidates': 84, 'thermal_dropped': 84, 'kept': 0, 'longest_single_spell_blocks': 0}, 'Jawali': {'candidates': 9, 'thermal_dropped': 9, 'kept': 0, 'longest_single_spell_blocks': 0}, 'Lamjana II': {'candidates': 84, 'thermal_dropped': 84, 'kept': 0, 'longest_single_spell_blocks': 0}, 'Chalburga': {'candidates': 84, 'thermal_dropped': 84, 'kept': 0, 'longest_single_spell_blocks': 0}})
2026-10-03 16:19:27,227 level=WARNING module=sunflow.opt msg=no admissible pattern for ['Jawali']: infeasible by construction ({'Kharosa': {'candidates': 591, 'thermal_dropped': 374, 'kept': 217, 'longest_single_spell_blocks': 0}, 'Jawali': {'candidates': 264, 'thermal_dropped': 264, 'kept': 0, 'longest_single_spell_blocks': 0}, 'Lamjana II': {'candidates': 591, 'thermal_dropped': 374, 'kept': 217, 'longest_single_spell_blocks': 0}, 'Chalburga': {'candidates': 591, 'thermal_dropped': 374, 'kept': 217, 'longest_single_spell_blocks': 0}})
2026-10-03 16:19:28,475 level=WARNING module=sunflow.opt msg=no admissible pattern for ['Jawali']: infeasible by construction ({'Kharosa': {'candidates': 1407, 'thermal_dropped': 746, 'kept': 661, 'longest_single_spell_blocks': 0}, 'Jawali': {'candidates': 1407, 'thermal_dropped': 1407, 'kept': 0, 'longest_single_spell_blocks': 0}, 'Lamjana II': {'candidates': 1407, 'thermal_dropped': 746, 'kept': 661, 'longest_single_spell_blocks': 0}, 'Chalburga': {'candidates': 1407, 'thermal_dropped': 746, 'kept': 661, 'longest_single_spell_blocks': 0}})
2026-10-03 16:20:19,337 level=INFO module=sunflow.opt msg=solve status=feasible obj=123949.8 gap=None t=47.73s binaries=5628 constraints=351
2026-10-03 16:20:20,804 level=WARNING module=sunflow.opt msg=no admissible pattern for ['Jawali']: infeasible by construction ({'Kharosa': {'candidates': 1407, 'thermal_dropped': 746, 'kept': 661, 'longest_single_spell_blocks': 0}, 'Jawali': {'candidates': 1407, 'thermal_dropped': 1407, 'kept': 0, 'longest_single_spell_blocks': 0}, 'Lamjana II': {'candidates': 1407, 'thermal_dropped': 746, 'kept': 661, 'longest_single_spell_blocks': 0}, 'Chalburga': {'candidates': 1407, 'thermal_dropped': 746, 'kept': 661, 'longest_single_spell_blocks': 0}})
2026-10-03 16:20:24,141 level=WARNING module=sunflow.opt msg=no admissible pattern for ['Jawali']: infeasible by construction ({'Kharosa': {'candidates': 1407, 'thermal_dropped': 746, 'kept': 661, 'longest_single_spell_blocks': 0}, 'Jawali': {'candidates': 1407, 'thermal_dropped': 1407, 'kept': 0, 'longest_single_spell_blocks': 0}, 'Lamjana II': {'candidates': 1407, 'thermal_dropped': 746, 'kept': 661, 'longest_single_spell_blocks': 0}, 'Chalburga': {'candidates': 1407, 'thermal_dropped': 746, 'kept': 661, 'longest_single_spell_blocks': 0}})
2026-10-03 16:20:26,300 level=WARNING module=sunflow.opt msg=no admissible pattern for ['Jawali']: infeasible by construction ({'Kharosa': {'candidates': 1407, 'thermal_dropped': 746, 'kept': 661, 'longest_single_spell_blocks': 0}, 'Jawali': {'candidates': 1407, 'thermal_dropped': 1407, 'kept': 0, 'longest_single_spell_blocks': 0}, 'Lamjana II': {'candidates': 1407, 'thermal_dropped': 746, 'kept': 661, 'longest_single_spell_blocks': 0}, 'Chalburga': {'candidates': 1407, 'thermal_dropped': 746, 'kept': 661, 'longest_single_spell_blocks': 0}})
2026-10-03 16:21:36,499 level=INFO module=sunflow.opt msg=solve status=feasible obj=183366.2 gap=None t=68.88s binaries=8060 constraints=357
2026-10-03 16:21:36,502 level=WARNING module=sunflow.certify msg=No plan satisfies every hard rule under the declared assumptions; published timetable issued with alert.
shard 3/8: 100 done, 2540s, statuses {'CERTIFIED_WITH_RELAXATION': 29, 'CERTIFIED': 51, 'INFEASIBLE': 19, 'FALLBACK_BASELINE': 1}, violations on certified plans: 0
2026-10-03 16:21:43,489 level=INFO module=sunflow.opt msg=solve status=optimal obj=51041.5 gap=0.0001 t=2.13s binaries=186 constraints=328
2026-10-03 16:21:43,556 level=INFO module=sunflow.certify msg=certified status=CERTIFIED rung=nominal tightening=0
2026-10-03 16:21:50,181 level=INFO module=sunflow.opt msg=solve status=optimal obj=99200.7 gap=0.0 t=3.28s binaries=336 constraints=328
2026-10-03 16:21:50,263 level=INFO module=sunflow.certify msg=certified status=CERTIFIED rung=nominal tightening=0
2026-10-03 16:22:07,471 level=WARNING module=sunflow.opt msg=solve status=timeout tc=maxtimelimit t=16.83s
2026-10-03 16:22:39,056 level=WARNING module=sunflow.opt msg=solve status=timeout tc=maxtimelimit t=31.58s
2026-10-03 16:23:31,345 level=INFO module=sunflow.opt msg=solve status=feasible obj=160573.1 gap=None t=50.38s binaries=5628 constraints=255
2026-10-03 16:23:31,411 level=INFO module=sunflow.certify msg=certified status=CERTIFIED_WITH_RELAXATION rung=feasibility_focus tightening=0
2026-10-03 16:23:34,372 level=WARNING module=sunflow.opt msg=no admissible pattern for ['Kharosa', 'Jawali', 'Lamjana II', 'Chalburga']: infeasible by construction ({'Kharosa': {'candidates': 9, 'thermal_dropped': 9, 'kept': 0, 'longest_single_spell_blocks': 0}, 'Jawali': {'candidates': 84, 'thermal_dropped': 84, 'kept': 0, 'longest_single_spell_blocks': 0}, 'Lamjana II': {'candidates': 84, 'thermal_dropped': 84, 'kept': 0, 'longest_single_spell_blocks': 0}, 'Chalburga': {'candidates': 84, 'thermal_dropped': 84, 'kept': 0, 'longest_single_spell_blocks': 0}})
2026-10-03 16:23:34,832 level=WARNING module=sunflow.opt msg=no admissible pattern for ['Kharosa', 'Jawali', 'Lamjana II', 'Chalburga']: infeasible by construction ({'Kharosa': {'candidates': 264, 'thermal_dropped': 264, 'kept': 0, 'longest_single_spell_blocks': 0}, 'Jawali': {'candidates': 591, 'thermal_dropped': 591, 'kept': 0, 'longest_single_spell_blocks': 0}, 'Lamjana II': {'candidates': 591, 'thermal_dropped': 591, 'kept': 0, 'longest_single_spell_blocks': 0}, 'Chalburga': {'candidates': 591, 'thermal_dropped': 591, 'kept': 0, 'longest_single_spell_blocks': 0}})
2026-10-03 16:23:36,634 level=WARNING module=sunflow.opt msg=no admissible pattern for ['Kharosa', 'Jawali', 'Lamjana II', 'Chalburga']: infeasible by construction ({'Kharosa': {'candidates': 1407, 'thermal_dropped': 1407, 'kept': 0, 'longest_single_spell_blocks': 0}, 'Jawali': {'candidates': 1407, 'thermal_dropped': 1407, 'kept': 0, 'longest_single_spell_blocks': 0}, 'Lamjana II': {'candidates': 1407, 'thermal_dropped': 1407, 'kept': 0, 'longest_single_spell_blocks': 0}, 'Chalburga': {'candidates': 1407, 'thermal_dropped': 1407, 'kept': 0, 'longest_single_spell_blocks': 0}})
2026-10-03 16:24:18,012 level=INFO module=sunflow.opt msg=solve status=feasible obj=204304.3 gap=None t=40.03s binaries=5628 constraints=351
2026-10-03 16:24:19,252 level=WARNING module=sunflow.opt msg=no admissible pattern for ['Kharosa', 'Jawali', 'Lamjana II', 'Chalburga']: infeasible by construction ({'Kharosa': {'candidates': 1407, 'thermal_dropped': 1407, 'kept': 0, 'longest_single_spell_blocks': 0}, 'Jawali': {'candidates': 1407, 'thermal_dropped': 1407, 'kept': 0, 'longest_single_spell_blocks': 0}, 'Lamjana II': {'candidates': 1407, 'thermal_dropped': 1407, 'kept': 0, 'longest_single_spell_blocks': 0}, 'Chalburga': {'candidates': 1407, 'thermal_dropped': 1407, 'kept': 0, 'longest_single_spell_blocks': 0}})
2026-10-03 16:24:20,541 level=WARNING module=sunflow.opt msg=no admissible pattern for ['Kharosa', 'Jawali', 'Lamjana II', 'Chalburga']: infeasible by construction ({'Kharosa': {'candidates': 1407, 'thermal_dropped': 1407, 'kept': 0, 'longest_single_spell_blocks': 0}, 'Jawali': {'candidates': 1407, 'thermal_dropped': 1407, 'kept': 0, 'longest_single_spell_blocks': 0}, 'Lamjana II': {'candidates': 1407, 'thermal_dropped': 1407, 'kept': 0, 'longest_single_spell_blocks': 0}, 'Chalburga': {'candidates': 1407, 'thermal_dropped': 1407, 'kept': 0, 'longest_single_spell_blocks': 0}})
2026-10-03 16:24:21,933 level=WARNING module=sunflow.opt msg=no admissible pattern for ['Kharosa', 'Jawali', 'Lamjana II', 'Chalburga']: infeasible by construction ({'Kharosa': {'candidates': 1407, 'thermal_dropped': 1407, 'kept': 0, 'longest_single_spell_blocks': 0}, 'Jawali': {'candidates': 1407, 'thermal_dropped': 1407, 'kept': 0, 'longest_single_spell_blocks': 0}, 'Lamjana II': {'candidates': 1407, 'thermal_dropped': 1407, 'kept': 0, 'longest_single_spell_blocks': 0}, 'Chalburga': {'candidates': 1407, 'thermal_dropped': 1407, 'kept': 0, 'longest_single_spell_blocks': 0}})
2026-10-03 16:24:35,036 level=INFO module=sunflow.opt msg=solve status=optimal obj=279239.0 gap=0.009 t=12.91s binaries=1592 constraints=357
2026-10-03 16:24:35,036 level=WARNING module=sunflow.certify msg=No plan satisfies every hard rule under the declared assumptions; published timetable issued with alert.
2026-10-03 16:24:37,112 level=WARNING module=sunflow.opt msg=no admissible pattern for ['Jawali', 'Chalburga']: infeasible by construction ({'Kharosa': {'candidates': 84, 'thermal_dropped': 67, 'kept': 17, 'longest_single_spell_blocks': 28}, 'Jawali': {'candidates': 0, 'thermal_dropped': 0, 'kept': 0, 'longest_single_spell_blocks': 0}, 'Lamjana II': {'candidates': 84, 'thermal_dropped': 67, 'kept': 17, 'longest_single_spell_blocks': 28}, 'Chalburga': {'candidates': 9, 'thermal_dropped': 9, 'kept': 0, 'longest_single_spell_blocks': 0}})
2026-10-03 16:24:47,522 level=WARNING module=sunflow.opt msg=solve status=infeasible tc=infeasible t=10.41s
2026-10-03 16:25:13,412 level=INFO module=sunflow.opt msg=solve status=feasible obj=183099.1 gap=None t=25.19s binaries=3898 constraints=293
2026-10-03 16:25:13,502 level=INFO module=sunflow.certify msg=certified status=CERTIFIED_WITH_RELAXATION rung=feasibility_focus tightening=0
2026-10-03 16:25:16,430 level=INFO module=sunflow.opt msg=solve status=optimal obj=122797.2 gap=0.0007 t=1.09s binaries=261 constraints=328
2026-10-03 16:25:16,477 level=INFO module=sunflow.certify msg=certified status=CERTIFIED rung=nominal tightening=0
2026-10-03 16:25:19,195 level=WARNING module=sunflow.opt msg=no admissible pattern for ['Chalburga']: infeasible by construction ({'Kharosa': {'candidates': 84, 'thermal_dropped': 1, 'kept': 83, 'longest_single_spell_blocks': 32}, 'Jawali': {'candidates': 84, 'thermal_dropped': 1, 'kept': 83, 'longest_single_spell_blocks': 32}, 'Lamjana II': {'candidates': 84, 'thermal_dropped': 1, 'kept': 83, 'longest_single_spell_blocks': 32}, 'Chalburga': {'candidates': 0, 'thermal_dropped': 0, 'kept': 0, 'longest_single_spell_blocks': 0}})
2026-10-03 16:25:42,061 level=INFO module=sunflow.opt msg=solve status=feasible obj=142722.6 gap=None t=22.60s binaries=1809 constraints=351
2026-10-03 16:25:42,098 level=INFO module=sunflow.certify msg=certified status=CERTIFIED_WITH_RELAXATION rung=split_spells tightening=0
2026-10-03 16:25:45,410 level=INFO module=sunflow.opt msg=solve status=optimal obj=99265.4 gap=0.0002 t=1.29s binaries=261 constraints=328
2026-10-03 16:25:45,453 level=INFO module=sunflow.certify msg=certified status=CERTIFIED rung=nominal tightening=0
2026-10-03 16:25:49,229 level=INFO module=sunflow.opt msg=solve status=optimal obj=183648.0 gap=0.0 t=2.07s binaries=272 constraints=317
2026-10-03 16:26:10,806 level=INFO module=sunflow.opt msg=solve status=feasible obj=175907.5 gap=None t=21.10s binaries=1802 constraints=340
2026-10-03 16:26:10,806 level=INFO module=sunflow.certify msg=certified status=CERTIFIED rung=nominal tightening=0
2026-10-03 16:26:16,179 level=INFO module=sunflow.opt msg=solve status=optimal obj=166581.0 gap=0.0 t=2.03s binaries=336 constraints=328
2026-10-03 16:26:16,295 level=INFO module=sunflow.certify msg=certified status=CERTIFIED rung=nominal tightening=0
2026-10-03 16:26:16,482 level=INFO module=sunflow.certify msg=baseline guard: published timetable (Rs 132,205) not worse than plan (Rs 132,205); issuing timetable
2026-10-03 16:26:18,709 level=WARNING module=sunflow.opt msg=no admissible pattern for ['Chalburga']: infeasible by construction ({'Kharosa': {'candidates': 9, 'thermal_dropped': 0, 'kept': 9, 'longest_single_spell_blocks': 32}, 'Jawali': {'candidates': 84, 'thermal_dropped': 0, 'kept': 84, 'longest_single_spell_blocks': 32}, 'Lamjana II': {'candidates': 9, 'thermal_dropped': 0, 'kept': 9, 'longest_single_spell_blocks': 32}, 'Chalburga': {'candidates': 84, 'thermal_dropped': 84, 'kept': 0, 'longest_single_spell_blocks': 0}})
2026-10-03 16:26:40,959 level=INFO module=sunflow.opt msg=solve status=feasible obj=83886.2 gap=0.9912 t=21.68s binaries=1269 constraints=351
2026-10-03 16:26:41,032 level=INFO module=sunflow.certify msg=certified status=CERTIFIED_WITH_RELAXATION rung=split_spells tightening=0
2026-10-03 16:26:44,994 level=INFO module=sunflow.opt msg=solve status=optimal obj=117580.5 gap=0.0 t=1.97s binaries=336 constraints=328
2026-10-03 16:26:45,061 level=INFO module=sunflow.certify msg=certified status=CERTIFIED rung=nominal tightening=0
2026-10-03 16:26:47,985 level=INFO module=sunflow.opt msg=solve status=optimal obj=93008.7 gap=0.0 t=0.69s binaries=111 constraints=328
2026-10-03 16:26:48,076 level=INFO module=sunflow.certify msg=certified status=CERTIFIED rung=nominal tightening=0
2026-10-03 16:26:51,704 level=INFO module=sunflow.opt msg=solve status=optimal obj=109646.5 gap=0.0 t=1.50s binaries=186 constraints=328
2026-10-03 16:26:51,755 level=INFO module=sunflow.certify msg=certified status=CERTIFIED rung=nominal tightening=0
2026-10-03 16:26:55,590 level=INFO module=sunflow.opt msg=solve status=optimal obj=135482.5 gap=0.0 t=1.63s binaries=336 constraints=328
2026-10-03 16:26:55,631 level=INFO module=sunflow.certify msg=certified status=CERTIFIED rung=nominal tightening=0
2026-10-03 16:26:57,336 level=WARNING module=sunflow.opt msg=no admissible pattern for ['Kharosa']: infeasible by construction ({'Kharosa': {'candidates': 84, 'thermal_dropped': 84, 'kept': 0, 'longest_single_spell_blocks': 0}, 'Jawali': {'candidates': 9, 'thermal_dropped': 0, 'kept': 9, 'longest_single_spell_blocks': 32}, 'Lamjana II': {'candidates': 84, 'thermal_dropped': 0, 'kept': 84, 'longest_single_spell_blocks': 32}, 'Chalburga': {'candidates': 84, 'thermal_dropped': 0, 'kept': 84, 'longest_single_spell_blocks': 32}})
2026-10-03 16:27:15,742 level=INFO module=sunflow.opt msg=solve status=optimal obj=120486.2 gap=0.0151 t=18.11s binaries=1521 constraints=351
2026-10-03 16:27:15,791 level=INFO module=sunflow.certify msg=certified status=CERTIFIED_WITH_RELAXATION rung=split_spells tightening=0
2026-10-03 16:27:19,610 level=INFO module=sunflow.opt msg=solve status=optimal obj=162135.0 gap=0.0001 t=1.34s binaries=172 constraints=323
2026-10-03 16:27:19,643 level=INFO module=sunflow.certify msg=certified status=CERTIFIED rung=nominal tightening=0
2026-10-03 16:27:19,771 level=INFO module=sunflow.certify msg=baseline guard: published timetable (Rs 15,978) not worse than plan (Rs 16,186); issuing timetable
2026-10-03 16:27:21,078 level=WARNING module=sunflow.opt msg=no admissible pattern for ['Chalburga']: infeasible by construction ({'Kharosa': {'candidates': 84, 'thermal_dropped': 0, 'kept': 84, 'longest_single_spell_blocks': 32}, 'Jawali': {'candidates': 84, 'thermal_dropped': 0, 'kept': 84, 'longest_single_spell_blocks': 32}, 'Lamjana II': {'candidates': 9, 'thermal_dropped': 0, 'kept': 9, 'longest_single_spell_blocks': 32}, 'Chalburga': {'candidates': 9, 'thermal_dropped': 9, 'kept': 0, 'longest_single_spell_blocks': 0}})
2026-10-03 16:27:21,358 level=WARNING module=sunflow.opt msg=no admissible pattern for ['Chalburga']: infeasible by construction ({'Kharosa': {'candidates': 591, 'thermal_dropped': 0, 'kept': 591, 'longest_single_spell_blocks': 32}, 'Jawali': {'candidates': 591, 'thermal_dropped': 0, 'kept': 591, 'longest_single_spell_blocks': 32}, 'Lamjana II': {'candidates': 264, 'thermal_dropped': 0, 'kept': 264, 'longest_single_spell_blocks': 32}, 'Chalburga': {'candidates': 264, 'thermal_dropped': 264, 'kept': 0, 'longest_single_spell_blocks': 0}})
2026-10-03 16:27:48,771 level=INFO module=sunflow.opt msg=solve status=feasible obj=153649.3 gap=None t=26.85s binaries=4583 constraints=255
2026-10-03 16:27:48,809 level=INFO module=sunflow.certify msg=certified status=CERTIFIED_WITH_RELAXATION rung=feasibility_focus tightening=0
2026-10-03 16:27:48,953 level=WARNING module=sunflow.opt msg=no admissible pattern for ['Kharosa', 'Jawali', 'Lamjana II', 'Chalburga']: infeasible by construction ({'Kharosa': {'candidates': 0, 'thermal_dropped': 0, 'kept': 0, 'longest_single_spell_blocks': 0}, 'Jawali': {'candidates': 84, 'thermal_dropped': 84, 'kept': 0, 'longest_single_spell_blocks': 0}, 'Lamjana II': {'candidates': 84, 'thermal_dropped': 84, 'kept': 0, 'longest_single_spell_blocks': 0}, 'Chalburga': {'candidates': 84, 'thermal_dropped': 84, 'kept': 0, 'longest_single_spell_blocks': 0}})
2026-10-03 16:27:49,187 level=WARNING module=sunflow.opt msg=no admissible pattern for ['Kharosa']: infeasible by construction ({'Kharosa': {'candidates': 30, 'thermal_dropped': 30, 'kept': 0, 'longest_single_spell_blocks': 0}, 'Jawali': {'candidates': 591, 'thermal_dropped': 570, 'kept': 21, 'longest_single_spell_blocks': 0}, 'Lamjana II': {'candidates': 591, 'thermal_dropped': 570, 'kept': 21, 'longest_single_spell_blocks': 0}, 'Chalburga': {'candidates': 591, 'thermal_dropped': 570, 'kept': 21, 'longest_single_spell_blocks': 0}})
2026-10-03 16:27:49,898 level=WARNING module=sunflow.opt msg=no admissible pattern for ['Kharosa']: infeasible by construction ({'Kharosa': {'candidates': 88, 'thermal_dropped': 88, 'kept': 0, 'longest_single_spell_blocks': 0}, 'Jawali': {'candidates': 1407, 'thermal_dropped': 1382, 'kept': 25, 'longest_single_spell_blocks': 0}, 'Lamjana II': {'candidates': 1407, 'thermal_dropped': 1382, 'kept': 25, 'longest_single_spell_blocks': 0}, 'Chalburga': {'candidates': 1407, 'thermal_dropped': 1382, 'kept': 25, 'longest_single_spell_blocks': 0}})
2026-10-03 16:28:10,779 level=INFO module=sunflow.opt msg=solve status=feasible obj=187076.1 gap=None t=20.20s binaries=4309 constraints=344
2026-10-03 16:28:11,380 level=WARNING module=sunflow.opt msg=no admissible pattern for ['Kharosa']: infeasible by construction ({'Kharosa': {'candidates': 88, 'thermal_dropped': 88, 'kept': 0, 'longest_single_spell_blocks': 0}, 'Jawali': {'candidates': 1407, 'thermal_dropped': 1382, 'kept': 25, 'longest_single_spell_blocks': 0}, 'Lamjana II': {'candidates': 1407, 'thermal_dropped': 1382, 'kept': 25, 'longest_single_spell_blocks': 0}, 'Chalburga': {'candidates': 1407, 'thermal_dropped': 1382, 'kept': 25, 'longest_single_spell_blocks': 0}})
2026-10-03 16:28:12,104 level=WARNING module=sunflow.opt msg=no admissible pattern for ['Kharosa']: infeasible by construction ({'Kharosa': {'candidates': 88, 'thermal_dropped': 88, 'kept': 0, 'longest_single_spell_blocks': 0}, 'Jawali': {'candidates': 1407, 'thermal_dropped': 1382, 'kept': 25, 'longest_single_spell_blocks': 0}, 'Lamjana II': {'candidates': 1407, 'thermal_dropped': 1382, 'kept': 25, 'longest_single_spell_blocks': 0}, 'Chalburga': {'candidates': 1407, 'thermal_dropped': 1382, 'kept': 25, 'longest_single_spell_blocks': 0}})
2026-10-03 16:28:12,831 level=WARNING module=sunflow.opt msg=no admissible pattern for ['Kharosa']: infeasible by construction ({'Kharosa': {'candidates': 88, 'thermal_dropped': 88, 'kept': 0, 'longest_single_spell_blocks': 0}, 'Jawali': {'candidates': 1407, 'thermal_dropped': 1382, 'kept': 25, 'longest_single_spell_blocks': 0}, 'Lamjana II': {'candidates': 1407, 'thermal_dropped': 1382, 'kept': 25, 'longest_single_spell_blocks': 0}, 'Chalburga': {'candidates': 1407, 'thermal_dropped': 1382, 'kept': 25, 'longest_single_spell_blocks': 0}})
2026-10-03 16:28:29,560 level=INFO module=sunflow.opt msg=solve status=feasible obj=250449.7 gap=None t=16.29s binaries=3869 constraints=351
2026-10-03 16:28:29,561 level=WARNING module=sunflow.certify msg=No plan satisfies every hard rule under the declared assumptions; published timetable issued with alert.
2026-10-03 16:28:32,446 level=INFO module=sunflow.opt msg=solve status=optimal obj=155902.8 gap=0.0 t=1.54s binaries=261 constraints=328
2026-10-03 16:28:32,549 level=INFO module=sunflow.certify msg=certified status=CERTIFIED rung=nominal tightening=0
2026-10-03 16:28:35,253 level=WARNING module=sunflow.opt msg=no admissible pattern for ['Kharosa', 'Lamjana II', 'Chalburga']: infeasible by construction ({'Kharosa': {'candidates': 9, 'thermal_dropped': 9, 'kept': 0, 'longest_single_spell_blocks': 0}, 'Jawali': {'candidates': 84, 'thermal_dropped': 83, 'kept': 1, 'longest_single_spell_blocks': 24}, 'Lamjana II': {'candidates': 9, 'thermal_dropped': 9, 'kept': 0, 'longest_single_spell_blocks': 0}, 'Chalburga': {'candidates': 9, 'thermal_dropped': 9, 'kept': 0, 'longest_single_spell_blocks': 0}})
2026-10-03 16:28:43,297 level=WARNING module=sunflow.opt msg=solve status=infeasible tc=infeasible t=8.04s
2026-10-03 16:29:06,598 level=INFO module=sunflow.opt msg=solve status=feasible obj=153790.1 gap=None t=22.81s binaries=3428 constraints=251
2026-10-03 16:29:06,633 level=INFO module=sunflow.certify msg=certified status=CERTIFIED_WITH_RELAXATION rung=feasibility_focus tightening=0
2026-10-03 16:29:08,484 level=WARNING module=sunflow.opt msg=no admissible pattern for ['Kharosa', 'Jawali', 'Lamjana II', 'Chalburga']: infeasible by construction ({'Kharosa': {'candidates': 84, 'thermal_dropped': 84, 'kept': 0, 'longest_single_spell_blocks': 0}, 'Jawali': {'candidates': 84, 'thermal_dropped': 84, 'kept': 0, 'longest_single_spell_blocks': 0}, 'Lamjana II': {'candidates': 9, 'thermal_dropped': 9, 'kept': 0, 'longest_single_spell_blocks': 0}, 'Chalburga': {'candidates': 84, 'thermal_dropped': 84, 'kept': 0, 'longest_single_spell_blocks': 0}})
2026-10-03 16:29:08,989 level=WARNING module=sunflow.opt msg=no admissible pattern for ['Kharosa', 'Jawali', 'Lamjana II', 'Chalburga']: infeasible by construction ({'Kharosa': {'candidates': 591, 'thermal_dropped': 591, 'kept': 0, 'longest_single_spell_blocks': 0}, 'Jawali': {'candidates': 591, 'thermal_dropped': 591, 'kept': 0, 'longest_single_spell_blocks': 0}, 'Lamjana II': {'candidates': 264, 'thermal_dropped': 264, 'kept': 0, 'longest_single_spell_blocks': 0}, 'Chalburga': {'candidates': 591, 'thermal_dropped': 591, 'kept': 0, 'longest_single_spell_blocks': 0}})
2026-10-03 16:29:10,071 level=WARNING module=sunflow.opt msg=no admissible pattern for ['Kharosa', 'Jawali', 'Lamjana II', 'Chalburga']: infeasible by construction ({'Kharosa': {'candidates': 1407, 'thermal_dropped': 1407, 'kept': 0, 'longest_single_spell_blocks': 0}, 'Jawali': {'candidates': 1407, 'thermal_dropped': 1407, 'kept': 0, 'longest_single_spell_blocks': 0}, 'Lamjana II': {'candidates': 1407, 'thermal_dropped': 1407, 'kept': 0, 'longest_single_spell_blocks': 0}, 'Chalburga': {'candidates': 1407, 'thermal_dropped': 1407, 'kept': 0, 'longest_single_spell_blocks': 0}})
2026-10-03 16:29:35,644 level=INFO module=sunflow.opt msg=solve status=feasible obj=203308.4 gap=None t=24.60s binaries=5628 constraints=351
2026-10-03 16:29:36,455 level=WARNING module=sunflow.opt msg=no admissible pattern for ['Kharosa', 'Jawali', 'Lamjana II', 'Chalburga']: infeasible by construction ({'Kharosa': {'candidates': 1407, 'thermal_dropped': 1407, 'kept': 0, 'longest_single_spell_blocks': 0}, 'Jawali': {'candidates': 1407, 'thermal_dropped': 1407, 'kept': 0, 'longest_single_spell_blocks': 0}, 'Lamjana II': {'candidates': 1407, 'thermal_dropped': 1407, 'kept': 0, 'longest_single_spell_blocks': 0}, 'Chalburga': {'candidates': 1407, 'thermal_dropped': 1407, 'kept': 0, 'longest_single_spell_blocks': 0}})
2026-10-03 16:29:37,296 level=WARNING module=sunflow.opt msg=no admissible pattern for ['Kharosa', 'Jawali', 'Lamjana II', 'Chalburga']: infeasible by construction ({'Kharosa': {'candidates': 1407, 'thermal_dropped': 1407, 'kept': 0, 'longest_single_spell_blocks': 0}, 'Jawali': {'candidates': 1407, 'thermal_dropped': 1407, 'kept': 0, 'longest_single_spell_blocks': 0}, 'Lamjana II': {'candidates': 1407, 'thermal_dropped': 1407, 'kept': 0, 'longest_single_spell_blocks': 0}, 'Chalburga': {'candidates': 1407, 'thermal_dropped': 1407, 'kept': 0, 'longest_single_spell_blocks': 0}})
2026-10-03 16:29:39,299 level=WARNING module=sunflow.opt msg=no admissible pattern for ['Kharosa', 'Jawali', 'Lamjana II', 'Chalburga']: infeasible by construction ({'Kharosa': {'candidates': 1407, 'thermal_dropped': 1407, 'kept': 0, 'longest_single_spell_blocks': 0}, 'Jawali': {'candidates': 1407, 'thermal_dropped': 1407, 'kept': 0, 'longest_single_spell_blocks': 0}, 'Lamjana II': {'candidates': 1407, 'thermal_dropped': 1407, 'kept': 0, 'longest_single_spell_blocks': 0}, 'Chalburga': {'candidates': 1407, 'thermal_dropped': 1407, 'kept': 0, 'longest_single_spell_blocks': 0}})
2026-10-03 16:29:54,602 level=INFO module=sunflow.opt msg=solve status=feasible obj=247694.1 gap=None t=15.03s binaries=3180 constraints=357
2026-10-03 16:29:54,602 level=WARNING module=sunflow.certify msg=No plan satisfies every hard rule under the declared assumptions; published timetable issued with alert.
2026-10-03 16:29:56,129 level=WARNING module=sunflow.opt msg=no admissible pattern for ['Kharosa', 'Jawali', 'Lamjana II', 'Chalburga']: infeasible by construction ({'Kharosa': {'candidates': 84, 'thermal_dropped': 84, 'kept': 0, 'longest_single_spell_blocks': 0}, 'Jawali': {'candidates': 84, 'thermal_dropped': 84, 'kept': 0, 'longest_single_spell_blocks': 0}, 'Lamjana II': {'candidates': 84, 'thermal_dropped': 84, 'kept': 0, 'longest_single_spell_blocks': 0}, 'Chalburga': {'candidates': 9, 'thermal_dropped': 9, 'kept': 0, 'longest_single_spell_blocks': 0}})
2026-10-03 16:29:56,468 level=WARNING module=sunflow.opt msg=no admissible pattern for ['Kharosa', 'Jawali', 'Lamjana II', 'Chalburga']: infeasible by construction ({'Kharosa': {'candidates': 591, 'thermal_dropped': 591, 'kept': 0, 'longest_single_spell_blocks': 0}, 'Jawali': {'candidates': 591, 'thermal_dropped': 591, 'kept': 0, 'longest_single_spell_blocks': 0}, 'Lamjana II': {'candidates': 591, 'thermal_dropped': 591, 'kept': 0, 'longest_single_spell_blocks': 0}, 'Chalburga': {'candidates': 264, 'thermal_dropped': 264, 'kept': 0, 'longest_single_spell_blocks': 0}})
2026-10-03 16:29:57,415 level=WARNING module=sunflow.opt msg=no admissible pattern for ['Kharosa', 'Jawali', 'Lamjana II', 'Chalburga']: infeasible by construction ({'Kharosa': {'candidates': 1407, 'thermal_dropped': 1407, 'kept': 0, 'longest_single_spell_blocks': 0}, 'Jawali': {'candidates': 1407, 'thermal_dropped': 1407, 'kept': 0, 'longest_single_spell_blocks': 0}, 'Lamjana II': {'candidates': 1407, 'thermal_dropped': 1407, 'kept': 0, 'longest_single_spell_blocks': 0}, 'Chalburga': {'candidates': 1407, 'thermal_dropped': 1407, 'kept': 0, 'longest_single_spell_blocks': 0}})
2026-10-03 16:30:23,830 level=INFO module=sunflow.opt msg=solve status=feasible obj=225013.4 gap=None t=25.32s binaries=5628 constraints=391
2026-10-03 16:30:24,811 level=WARNING module=sunflow.opt msg=no admissible pattern for ['Kharosa', 'Jawali', 'Lamjana II', 'Chalburga']: infeasible by construction ({'Kharosa': {'candidates': 1407, 'thermal_dropped': 1407, 'kept': 0, 'longest_single_spell_blocks': 0}, 'Jawali': {'candidates': 1407, 'thermal_dropped': 1407, 'kept': 0, 'longest_single_spell_blocks': 0}, 'Lamjana II': {'candidates': 1407, 'thermal_dropped': 1407, 'kept': 0, 'longest_single_spell_blocks': 0}, 'Chalburga': {'candidates': 1407, 'thermal_dropped': 1407, 'kept': 0, 'longest_single_spell_blocks': 0}})
2026-10-03 16:30:25,785 level=WARNING module=sunflow.opt msg=no admissible pattern for ['Kharosa', 'Jawali', 'Lamjana II', 'Chalburga']: infeasible by construction ({'Kharosa': {'candidates': 1407, 'thermal_dropped': 1407, 'kept': 0, 'longest_single_spell_blocks': 0}, 'Jawali': {'candidates': 1407, 'thermal_dropped': 1407, 'kept': 0, 'longest_single_spell_blocks': 0}, 'Lamjana II': {'candidates': 1407, 'thermal_dropped': 1407, 'kept': 0, 'longest_single_spell_blocks': 0}, 'Chalburga': {'candidates': 1407, 'thermal_dropped': 1407, 'kept': 0, 'longest_single_spell_blocks': 0}})
2026-10-03 16:30:26,710 level=WARNING module=sunflow.opt msg=no admissible pattern for ['Kharosa', 'Jawali', 'Lamjana II', 'Chalburga']: infeasible by construction ({'Kharosa': {'candidates': 1407, 'thermal_dropped': 1407, 'kept': 0, 'longest_single_spell_blocks': 0}, 'Jawali': {'candidates': 1407, 'thermal_dropped': 1407, 'kept': 0, 'longest_single_spell_blocks': 0}, 'Lamjana II': {'candidates': 1407, 'thermal_dropped': 1407, 'kept': 0, 'longest_single_spell_blocks': 0}, 'Chalburga': {'candidates': 1407, 'thermal_dropped': 1407, 'kept': 0, 'longest_single_spell_blocks': 0}})
2026-10-03 16:30:31,559 level=INFO module=sunflow.opt msg=solve status=optimal obj=333963.6 gap=0.0238 t=4.81s binaries=1176 constraints=397
2026-10-03 16:30:31,559 level=WARNING module=sunflow.certify msg=No plan satisfies every hard rule under the declared assumptions; published timetable issued with alert.
2026-10-03 16:30:33,643 level=INFO module=sunflow.opt msg=solve status=optimal obj=127364.1 gap=0.0 t=0.72s binaries=183 constraints=328
2026-10-03 16:30:51,029 level=INFO module=sunflow.opt msg=solve status=optimal obj=115948.8 gap=0.0 t=17.17s binaries=1461 constraints=351
2026-10-03 16:30:51,073 level=INFO module=sunflow.certify msg=certified without night compensation using split spells
2026-10-03 16:30:52,460 level=WARNING module=sunflow.opt msg=no admissible pattern for ['Kharosa', 'Jawali', 'Lamjana II', 'Chalburga']: infeasible by construction ({'Kharosa': {'candidates': 84, 'thermal_dropped': 84, 'kept': 0, 'longest_single_spell_blocks': 0}, 'Jawali': {'candidates': 84, 'thermal_dropped': 84, 'kept': 0, 'longest_single_spell_blocks': 0}, 'Lamjana II': {'candidates': 84, 'thermal_dropped': 84, 'kept': 0, 'longest_single_spell_blocks': 0}, 'Chalburga': {'candidates': 84, 'thermal_dropped': 84, 'kept': 0, 'longest_single_spell_blocks': 0}})
2026-10-03 16:30:52,811 level=WARNING module=sunflow.opt msg=no admissible pattern for ['Kharosa', 'Jawali', 'Lamjana II', 'Chalburga']: infeasible by construction ({'Kharosa': {'candidates': 591, 'thermal_dropped': 591, 'kept': 0, 'longest_single_spell_blocks': 0}, 'Jawali': {'candidates': 591, 'thermal_dropped': 591, 'kept': 0, 'longest_single_spell_blocks': 0}, 'Lamjana II': {'candidates': 591, 'thermal_dropped': 591, 'kept': 0, 'longest_single_spell_blocks': 0}, 'Chalburga': {'candidates': 591, 'thermal_dropped': 591, 'kept': 0, 'longest_single_spell_blocks': 0}})
2026-10-03 16:30:53,670 level=WARNING module=sunflow.opt msg=no admissible pattern for ['Kharosa', 'Jawali', 'Lamjana II', 'Chalburga']: infeasible by construction ({'Kharosa': {'candidates': 1407, 'thermal_dropped': 1407, 'kept': 0, 'longest_single_spell_blocks': 0}, 'Jawali': {'candidates': 1407, 'thermal_dropped': 1407, 'kept': 0, 'longest_single_spell_blocks': 0}, 'Lamjana II': {'candidates': 1407, 'thermal_dropped': 1407, 'kept': 0, 'longest_single_spell_blocks': 0}, 'Chalburga': {'candidates': 1407, 'thermal_dropped': 1407, 'kept': 0, 'longest_single_spell_blocks': 0}})
2026-10-03 16:31:16,391 level=INFO module=sunflow.opt msg=solve status=feasible obj=171319.5 gap=None t=21.92s binaries=5628 constraints=351
2026-10-03 16:31:17,151 level=WARNING module=sunflow.opt msg=no admissible pattern for ['Kharosa', 'Jawali', 'Lamjana II', 'Chalburga']: infeasible by construction ({'Kharosa': {'candidates': 1407, 'thermal_dropped': 1407, 'kept': 0, 'longest_single_spell_blocks': 0}, 'Jawali': {'candidates': 1407, 'thermal_dropped': 1407, 'kept': 0, 'longest_single_spell_blocks': 0}, 'Lamjana II': {'candidates': 1407, 'thermal_dropped': 1407, 'kept': 0, 'longest_single_spell_blocks': 0}, 'Chalburga': {'candidates': 1407, 'thermal_dropped': 1407, 'kept': 0, 'longest_single_spell_blocks': 0}})
2026-10-03 16:31:17,756 level=WARNING module=sunflow.opt msg=no admissible pattern for ['Kharosa', 'Jawali', 'Lamjana II', 'Chalburga']: infeasible by construction ({'Kharosa': {'candidates': 1407, 'thermal_dropped': 1407, 'kept': 0, 'longest_single_spell_blocks': 0}, 'Jawali': {'candidates': 1407, 'thermal_dropped': 1407, 'kept': 0, 'longest_single_spell_blocks': 0}, 'Lamjana II': {'candidates': 1407, 'thermal_dropped': 1407, 'kept': 0, 'longest_single_spell_blocks': 0}, 'Chalburga': {'candidates': 1407, 'thermal_dropped': 1407, 'kept': 0, 'longest_single_spell_blocks': 0}})
2026-10-03 16:31:18,564 level=WARNING module=sunflow.opt msg=no admissible pattern for ['Kharosa', 'Jawali', 'Lamjana II', 'Chalburga']: infeasible by construction ({'Kharosa': {'candidates': 1407, 'thermal_dropped': 1407, 'kept': 0, 'longest_single_spell_blocks': 0}, 'Jawali': {'candidates': 1407, 'thermal_dropped': 1407, 'kept': 0, 'longest_single_spell_blocks': 0}, 'Lamjana II': {'candidates': 1407, 'thermal_dropped': 1407, 'kept': 0, 'longest_single_spell_blocks': 0}, 'Chalburga': {'candidates': 1407, 'thermal_dropped': 1407, 'kept': 0, 'longest_single_spell_blocks': 0}})
2026-10-03 16:31:23,381 level=INFO module=sunflow.opt msg=solve status=optimal obj=280789.8 gap=0.0057 t=4.77s binaries=1444 constraints=357
2026-10-03 16:31:23,381 level=WARNING module=sunflow.certify msg=No plan satisfies every hard rule under the declared assumptions; published timetable issued with alert.
shard 3/8: 125 done, 3127s, statuses {'CERTIFIED_WITH_RELAXATION': 37, 'CERTIFIED': 63, 'INFEASIBLE': 24, 'FALLBACK_BASELINE': 1}, violations on certified plans: 0
{
  "n": 125,
  "n_total": 1000,
  "seed": 7,
  "shard": 3,
  "shards": 8,
  "status_counts": {
    "CERTIFIED_WITH_RELAXATION": 37,
    "CERTIFIED": 63,
    "INFEASIBLE": 24,
    "FALLBACK_BASELINE": 1
  },
  "certified_plans_with_violations": 0,
  "elapsed_s": 3126.737381696701
}
