2026-10-03 15:39:18,783 level=WARNING module=sunflow.opt msg=no admissible pattern for ['Kharosa', 'Jawali', 'Lamjana II', 'Chalburga']: infeasible by construction ({'Kharosa': {'candidates': 84, 'thermal_dropped': 84, 'kept': 0, 'longest_single_spell_blocks': 0}, 'Jawali': {'candidates': 84, 'thermal_dropped': 84, 'kept': 0, 'longest_single_spell_blocks': 0}, 'Lamjana II': {'candidates': 9, 'thermal_dropped': 9, 'kept': 0, 'longest_single_spell_blocks': 0}, 'Chalburga': {'candidates': 84, 'thermal_dropped': 84, 'kept': 0, 'longest_single_spell_blocks': 0}})
2026-10-03 15:39:19,123 level=WARNING module=sunflow.opt msg=no admissible pattern for ['Lamjana II']: infeasible by construction ({'Kharosa': {'candidates': 591, 'thermal_dropped': 453, 'kept': 138, 'longest_single_spell_blocks': 0}, 'Jawali': {'candidates': 591, 'thermal_dropped': 453, 'kept': 138, 'longest_single_spell_blocks': 0}, 'Lamjana II': {'candidates': 264, 'thermal_dropped': 264, 'kept': 0, 'longest_single_spell_blocks': 0}, 'Chalburga': {'candidates': 591, 'thermal_dropped': 453, 'kept': 138, 'longest_single_spell_blocks': 0}})
2026-10-03 15:39:28,268 level=INFO module=sunflow.opt msg=solve status=optimal obj=211207.9 gap=0.0146 t=8.78s binaries=1288 constraints=245
2026-10-03 15:39:28,305 level=INFO module=sunflow.certify msg=certified status=CERTIFIED_WITH_RELAXATION rung=feasibility_focus tightening=0
2026-10-03 15:39:29,799 level=WARNING module=sunflow.opt msg=no admissible pattern for ['Kharosa', 'Jawali', 'Lamjana II', 'Chalburga']: infeasible by construction ({'Kharosa': {'candidates': 84, 'thermal_dropped': 84, 'kept': 0, 'longest_single_spell_blocks': 0}, 'Jawali': {'candidates': 84, 'thermal_dropped': 84, 'kept': 0, 'longest_single_spell_blocks': 0}, 'Lamjana II': {'candidates': 84, 'thermal_dropped': 84, 'kept': 0, 'longest_single_spell_blocks': 0}, 'Chalburga': {'candidates': 20, 'thermal_dropped': 20, 'kept': 0, 'longest_single_spell_blocks': 0}})
2026-10-03 15:39:30,094 level=WARNING module=sunflow.opt msg=no admissible pattern for ['Chalburga']: infeasible by construction ({'Kharosa': {'candidates': 591, 'thermal_dropped': 585, 'kept': 6, 'longest_single_spell_blocks': 0}, 'Jawali': {'candidates': 591, 'thermal_dropped': 585, 'kept': 6, 'longest_single_spell_blocks': 0}, 'Lamjana II': {'candidates': 591, 'thermal_dropped': 585, 'kept': 6, 'longest_single_spell_blocks': 0}, 'Chalburga': {'candidates': 29, 'thermal_dropped': 29, 'kept': 0, 'longest_single_spell_blocks': 0}})
2026-10-03 15:39:31,187 level=WARNING module=sunflow.opt msg=no admissible pattern for ['Chalburga']: infeasible by construction ({'Kharosa': {'candidates': 1407, 'thermal_dropped': 1400, 'kept': 7, 'longest_single_spell_blocks': 0}, 'Jawali': {'candidates': 1407, 'thermal_dropped': 1400, 'kept': 7, 'longest_single_spell_blocks': 0}, 'Lamjana II': {'candidates': 1407, 'thermal_dropped': 1400, 'kept': 7, 'longest_single_spell_blocks': 0}, 'Chalburga': {'candidates': 29, 'thermal_dropped': 29, 'kept': 0, 'longest_single_spell_blocks': 0}})
2026-10-03 15:39:53,208 level=INFO module=sunflow.opt msg=solve status=feasible obj=149375.2 gap=None t=21.25s binaries=4250 constraints=351
2026-10-03 15:39:53,825 level=WARNING module=sunflow.opt msg=no admissible pattern for ['Chalburga']: infeasible by construction ({'Kharosa': {'candidates': 1407, 'thermal_dropped': 1400, 'kept': 7, 'longest_single_spell_blocks': 0}, 'Jawali': {'candidates': 1407, 'thermal_dropped': 1400, 'kept': 7, 'longest_single_spell_blocks': 0}, 'Lamjana II': {'candidates': 1407, 'thermal_dropped': 1400, 'kept': 7, 'longest_single_spell_blocks': 0}, 'Chalburga': {'candidates': 29, 'thermal_dropped': 29, 'kept': 0, 'longest_single_spell_blocks': 0}})
2026-10-03 15:39:54,524 level=WARNING module=sunflow.opt msg=no admissible pattern for ['Chalburga']: infeasible by construction ({'Kharosa': {'candidates': 1407, 'thermal_dropped': 1400, 'kept': 7, 'longest_single_spell_blocks': 0}, 'Jawali': {'candidates': 1407, 'thermal_dropped': 1400, 'kept': 7, 'longest_single_spell_blocks': 0}, 'Lamjana II': {'candidates': 1407, 'thermal_dropped': 1400, 'kept': 7, 'longest_single_spell_blocks': 0}, 'Chalburga': {'candidates': 29, 'thermal_dropped': 29, 'kept': 0, 'longest_single_spell_blocks': 0}})
2026-10-03 15:39:55,176 level=WARNING module=sunflow.opt msg=no admissible pattern for ['Chalburga']: infeasible by construction ({'Kharosa': {'candidates': 1407, 'thermal_dropped': 1400, 'kept': 7, 'longest_single_spell_blocks': 0}, 'Jawali': {'candidates': 1407, 'thermal_dropped': 1400, 'kept': 7, 'longest_single_spell_blocks': 0}, 'Lamjana II': {'candidates': 1407, 'thermal_dropped': 1400, 'kept': 7, 'longest_single_spell_blocks': 0}, 'Chalburga': {'candidates': 29, 'thermal_dropped': 29, 'kept': 0, 'longest_single_spell_blocks': 0}})
2026-10-03 15:40:08,485 level=INFO module=sunflow.opt msg=solve status=feasible obj=249628.4 gap=None t=13.04s binaries=2817 constraints=357
2026-10-03 15:40:08,485 level=WARNING module=sunflow.certify msg=No plan satisfies every hard rule under the declared assumptions; published timetable issued with alert.
2026-10-03 15:40:11,078 level=INFO module=sunflow.opt msg=solve status=optimal obj=85628.2 gap=0.0 t=1.00s binaries=261 constraints=328
2026-10-03 15:40:11,130 level=INFO module=sunflow.certify msg=certified status=CERTIFIED rung=nominal tightening=0
2026-10-03 15:40:13,894 level=INFO module=sunflow.opt msg=solve status=optimal obj=116821.4 gap=0.0 t=1.19s binaries=186 constraints=328
2026-10-03 15:40:13,933 level=INFO module=sunflow.certify msg=certified status=CERTIFIED rung=nominal tightening=0
2026-10-03 15:40:16,746 level=INFO module=sunflow.opt msg=solve status=optimal obj=196425.5 gap=0.0 t=0.97s binaries=148 constraints=323
2026-10-03 15:40:35,721 level=INFO module=sunflow.opt msg=solve status=optimal obj=175212.9 gap=0.0074 t=18.67s binaries=1672 constraints=351
2026-10-03 15:40:35,753 level=INFO module=sunflow.certify msg=certified without night compensation using split spells
2026-10-03 15:40:35,855 level=INFO module=sunflow.certify msg=baseline guard: published timetable (Rs 74,875) not worse than plan (Rs 80,347); issuing timetable
2026-10-03 15:40:38,176 level=INFO module=sunflow.opt msg=solve status=optimal obj=47425.1 gap=0.0013 t=0.84s binaries=261 constraints=328
2026-10-03 15:40:38,254 level=INFO module=sunflow.certify msg=certified status=CERTIFIED rung=nominal tightening=0
2026-10-03 15:40:40,540 level=INFO module=sunflow.opt msg=solve status=optimal obj=60057.9 gap=0.0 t=0.86s binaries=111 constraints=328
2026-10-03 15:40:40,590 level=INFO module=sunflow.certify msg=certified status=CERTIFIED rung=nominal tightening=0
2026-10-03 15:40:42,249 level=WARNING module=sunflow.opt msg=no admissible pattern for ['Kharosa', 'Jawali', 'Lamjana II', 'Chalburga']: infeasible by construction ({'Kharosa': {'candidates': 84, 'thermal_dropped': 84, 'kept': 0, 'longest_single_spell_blocks': 0}, 'Jawali': {'candidates': 84, 'thermal_dropped': 84, 'kept': 0, 'longest_single_spell_blocks': 0}, 'Lamjana II': {'candidates': 84, 'thermal_dropped': 84, 'kept': 0, 'longest_single_spell_blocks': 0}, 'Chalburga': {'candidates': 9, 'thermal_dropped': 9, 'kept': 0, 'longest_single_spell_blocks': 0}})
2026-10-03 15:40:59,729 level=INFO module=sunflow.opt msg=solve status=feasible obj=154118.8 gap=0.0321 t=17.31s binaries=826 constraints=344
2026-10-03 15:40:59,774 level=INFO module=sunflow.certify msg=certified status=CERTIFIED_WITH_RELAXATION rung=split_spells tightening=0
2026-10-03 15:40:59,880 level=INFO module=sunflow.certify msg=baseline guard: published timetable (Rs 17,260) not worse than plan (Rs 75,975); issuing timetable
2026-10-03 15:41:02,448 level=WARNING module=sunflow.opt msg=solve status=infeasible tc=infeasible t=0.62s
2026-10-03 15:41:21,590 level=INFO module=sunflow.opt msg=solve status=feasible obj=126541.3 gap=0.0314 t=18.59s binaries=1588 constraints=347
2026-10-03 15:41:21,629 level=INFO module=sunflow.certify msg=certified status=CERTIFIED_WITH_RELAXATION rung=split_spells tightening=0
2026-10-03 15:41:21,740 level=INFO module=sunflow.certify msg=baseline guard: published timetable (Rs 23,286) not worse than plan (Rs 62,442); issuing timetable
2026-10-03 15:41:27,117 level=INFO module=sunflow.opt msg=solve status=optimal obj=176110.9 gap=0.0 t=2.45s binaries=336 constraints=328
2026-10-03 15:41:27,161 level=INFO module=sunflow.certify msg=certified status=CERTIFIED rung=nominal tightening=0
2026-10-03 15:41:27,291 level=INFO module=sunflow.certify msg=baseline guard: published timetable (Rs 111,403) not worse than plan (Rs 111,403); issuing timetable
2026-10-03 15:41:34,191 level=INFO module=sunflow.opt msg=solve status=optimal obj=50670.3 gap=0.0004 t=2.39s binaries=261 constraints=328
2026-10-03 15:41:34,246 level=INFO module=sunflow.certify msg=certified status=CERTIFIED rung=nominal tightening=0
2026-10-03 15:41:37,148 level=WARNING module=sunflow.opt msg=no admissible pattern for ['Chalburga']: infeasible by construction ({'Kharosa': {'candidates': 84, 'thermal_dropped': 2, 'kept': 82, 'longest_single_spell_blocks': 32}, 'Jawali': {'candidates': 84, 'thermal_dropped': 2, 'kept': 82, 'longest_single_spell_blocks': 32}, 'Lamjana II': {'candidates': 9, 'thermal_dropped': 2, 'kept': 7, 'longest_single_spell_blocks': 32}, 'Chalburga': {'candidates': 0, 'thermal_dropped': 0, 'kept': 0, 'longest_single_spell_blocks': 0}})
2026-10-03 15:41:52,218 level=INFO module=sunflow.opt msg=solve status=optimal obj=146715.1 gap=0.0073 t=14.76s binaries=1444 constraints=351
2026-10-03 15:41:52,275 level=INFO module=sunflow.certify msg=certified status=CERTIFIED_WITH_RELAXATION rung=split_spells tightening=0
2026-10-03 15:41:55,203 level=WARNING module=sunflow.opt msg=no admissible pattern for ['Lamjana II']: infeasible by construction ({'Kharosa': {'candidates': 84, 'thermal_dropped': 0, 'kept': 84, 'longest_single_spell_blocks': 32}, 'Jawali': {'candidates': 9, 'thermal_dropped': 0, 'kept': 9, 'longest_single_spell_blocks': 32}, 'Lamjana II': {'candidates': 0, 'thermal_dropped': 0, 'kept': 0, 'longest_single_spell_blocks': 0}, 'Chalburga': {'candidates': 9, 'thermal_dropped': 0, 'kept': 9, 'longest_single_spell_blocks': 32}})
2026-10-03 15:42:15,836 level=INFO module=sunflow.opt msg=solve status=feasible obj=109307.2 gap=None t=20.39s binaries=1169 constraints=351
2026-10-03 15:42:15,903 level=INFO module=sunflow.certify msg=certified status=CERTIFIED_WITH_RELAXATION rung=split_spells tightening=0
2026-10-03 15:42:17,872 level=WARNING module=sunflow.opt msg=no admissible pattern for ['Kharosa']: infeasible by construction ({'Kharosa': {'candidates': 0, 'thermal_dropped': 0, 'kept': 0, 'longest_single_spell_blocks': 0}, 'Jawali': {'candidates': 9, 'thermal_dropped': 0, 'kept': 9, 'longest_single_spell_blocks': 32}, 'Lamjana II': {'candidates': 84, 'thermal_dropped': 0, 'kept': 84, 'longest_single_spell_blocks': 32}, 'Chalburga': {'candidates': 84, 'thermal_dropped': 0, 'kept': 84, 'longest_single_spell_blocks': 32}})
2026-10-03 15:42:38,499 level=INFO module=sunflow.opt msg=solve status=feasible obj=158241.5 gap=None t=20.39s binaries=1466 constraints=346
2026-10-03 15:42:38,545 level=INFO module=sunflow.certify msg=certified status=CERTIFIED_WITH_RELAXATION rung=split_spells tightening=0
2026-10-03 15:42:44,226 level=INFO module=sunflow.opt msg=solve status=optimal obj=149518.6 gap=0.0 t=3.80s binaries=336 constraints=328
2026-10-03 15:42:44,294 level=INFO module=sunflow.certify msg=certified status=CERTIFIED rung=nominal tightening=0
2026-10-03 15:42:44,456 level=INFO module=sunflow.certify msg=baseline guard: published timetable (Rs 71,373) not worse than plan (Rs 71,493); issuing timetable
2026-10-03 15:42:47,476 level=WARNING module=sunflow.opt msg=no admissible pattern for ['Lamjana II']: infeasible by construction ({'Kharosa': {'candidates': 84, 'thermal_dropped': 0, 'kept': 84, 'longest_single_spell_blocks': 32}, 'Jawali': {'candidates': 9, 'thermal_dropped': 0, 'kept': 9, 'longest_single_spell_blocks': 32}, 'Lamjana II': {'candidates': 84, 'thermal_dropped': 84, 'kept': 0, 'longest_single_spell_blocks': 0}, 'Chalburga': {'candidates': 84, 'thermal_dropped': 0, 'kept': 84, 'longest_single_spell_blocks': 32}})
2026-10-03 15:43:15,455 level=INFO module=sunflow.opt msg=solve status=feasible obj=161426.5 gap=None t=27.47s binaries=1451 constraints=351
2026-10-03 15:43:15,524 level=INFO module=sunflow.certify msg=certified status=CERTIFIED_WITH_RELAXATION rung=split_spells tightening=0
2026-10-03 15:43:52,696 level=WARNING module=sunflow.opt msg=presolve infeasibility not confirmed (presolve off: maxtimelimit); using the confirmed run
2026-10-03 15:43:52,696 level=WARNING module=sunflow.opt msg=solve status=timeout tc=maxtimelimit t=33.64s
2026-10-03 15:44:15,573 level=INFO module=sunflow.opt msg=solve status=feasible obj=124585.9 gap=None t=22.46s binaries=2037 constraints=351
2026-10-03 15:44:15,608 level=INFO module=sunflow.certify msg=certified status=CERTIFIED_WITH_RELAXATION rung=split_spells tightening=0
2026-10-03 15:44:24,144 level=INFO module=sunflow.opt msg=solve status=optimal obj=90689.6 gap=0.0 t=5.56s binaries=261 constraints=328
2026-10-03 15:44:24,594 level=INFO module=sunflow.certify msg=certified status=CERTIFIED rung=nominal tightening=0
2026-10-03 15:44:25,318 level=INFO module=sunflow.certify msg=baseline guard: published timetable (Rs 22,270) not worse than plan (Rs 22,303); issuing timetable
2026-10-03 15:44:28,089 level=WARNING module=sunflow.opt msg=no admissible pattern for ['Kharosa', 'Jawali', 'Lamjana II', 'Chalburga']: infeasible by construction ({'Kharosa': {'candidates': 9, 'thermal_dropped': 9, 'kept': 0, 'longest_single_spell_blocks': 0}, 'Jawali': {'candidates': 15, 'thermal_dropped': 15, 'kept': 0, 'longest_single_spell_blocks': 0}, 'Lamjana II': {'candidates': 84, 'thermal_dropped': 84, 'kept': 0, 'longest_single_spell_blocks': 0}, 'Chalburga': {'candidates': 84, 'thermal_dropped': 84, 'kept': 0, 'longest_single_spell_blocks': 0}})
2026-10-03 15:44:28,663 level=WARNING module=sunflow.opt msg=no admissible pattern for ['Kharosa', 'Jawali', 'Lamjana II', 'Chalburga']: infeasible by construction ({'Kharosa': {'candidates': 264, 'thermal_dropped': 264, 'kept': 0, 'longest_single_spell_blocks': 0}, 'Jawali': {'candidates': 24, 'thermal_dropped': 24, 'kept': 0, 'longest_single_spell_blocks': 0}, 'Lamjana II': {'candidates': 591, 'thermal_dropped': 591, 'kept': 0, 'longest_single_spell_blocks': 0}, 'Chalburga': {'candidates': 591, 'thermal_dropped': 591, 'kept': 0, 'longest_single_spell_blocks': 0}})
2026-10-03 15:44:29,466 level=WARNING module=sunflow.opt msg=no admissible pattern for ['Kharosa', 'Jawali', 'Lamjana II', 'Chalburga']: infeasible by construction ({'Kharosa': {'candidates': 1407, 'thermal_dropped': 1407, 'kept': 0, 'longest_single_spell_blocks': 0}, 'Jawali': {'candidates': 24, 'thermal_dropped': 24, 'kept': 0, 'longest_single_spell_blocks': 0}, 'Lamjana II': {'candidates': 1407, 'thermal_dropped': 1407, 'kept': 0, 'longest_single_spell_blocks': 0}, 'Chalburga': {'candidates': 1407, 'thermal_dropped': 1407, 'kept': 0, 'longest_single_spell_blocks': 0}})
2026-10-03 15:44:54,690 level=INFO module=sunflow.opt msg=solve status=feasible obj=204272.5 gap=None t=24.13s binaries=4245 constraints=351
2026-10-03 15:44:56,176 level=WARNING module=sunflow.opt msg=no admissible pattern for ['Kharosa', 'Jawali', 'Lamjana II', 'Chalburga']: infeasible by construction ({'Kharosa': {'candidates': 1407, 'thermal_dropped': 1407, 'kept': 0, 'longest_single_spell_blocks': 0}, 'Jawali': {'candidates': 24, 'thermal_dropped': 24, 'kept': 0, 'longest_single_spell_blocks': 0}, 'Lamjana II': {'candidates': 1407, 'thermal_dropped': 1407, 'kept': 0, 'longest_single_spell_blocks': 0}, 'Chalburga': {'candidates': 1407, 'thermal_dropped': 1407, 'kept': 0, 'longest_single_spell_blocks': 0}})
2026-10-03 15:44:57,161 level=WARNING module=sunflow.opt msg=no admissible pattern for ['Kharosa', 'Jawali', 'Lamjana II', 'Chalburga']: infeasible by construction ({'Kharosa': {'candidates': 1407, 'thermal_dropped': 1407, 'kept': 0, 'longest_single_spell_blocks': 0}, 'Jawali': {'candidates': 24, 'thermal_dropped': 24, 'kept': 0, 'longest_single_spell_blocks': 0}, 'Lamjana II': {'candidates': 1407, 'thermal_dropped': 1407, 'kept': 0, 'longest_single_spell_blocks': 0}, 'Chalburga': {'candidates': 1407, 'thermal_dropped': 1407, 'kept': 0, 'longest_single_spell_blocks': 0}})
2026-10-03 15:44:57,990 level=WARNING module=sunflow.opt msg=no admissible pattern for ['Kharosa', 'Jawali', 'Lamjana II', 'Chalburga']: infeasible by construction ({'Kharosa': {'candidates': 1407, 'thermal_dropped': 1407, 'kept': 0, 'longest_single_spell_blocks': 0}, 'Jawali': {'candidates': 24, 'thermal_dropped': 24, 'kept': 0, 'longest_single_spell_blocks': 0}, 'Lamjana II': {'candidates': 1407, 'thermal_dropped': 1407, 'kept': 0, 'longest_single_spell_blocks': 0}, 'Chalburga': {'candidates': 1407, 'thermal_dropped': 1407, 'kept': 0, 'longest_single_spell_blocks': 0}})
2026-10-03 15:45:10,022 level=INFO module=sunflow.opt msg=solve status=optimal obj=256544.3 gap=0.0138 t=11.86s binaries=1864 constraints=357
2026-10-03 15:45:10,022 level=WARNING module=sunflow.certify msg=No plan satisfies every hard rule under the declared assumptions; published timetable issued with alert.
2026-10-03 15:45:14,343 level=INFO module=sunflow.opt msg=solve status=optimal obj=81577.9 gap=0.0005 t=2.30s binaries=336 constraints=328
2026-10-03 15:45:14,382 level=INFO module=sunflow.certify msg=certified status=CERTIFIED rung=nominal tightening=0
2026-10-03 15:45:18,935 level=INFO module=sunflow.opt msg=solve status=optimal obj=97844.4 gap=0.0001 t=2.07s binaries=261 constraints=328
2026-10-03 15:45:19,010 level=INFO module=sunflow.certify msg=certified status=CERTIFIED rung=nominal tightening=0
2026-10-03 15:45:22,764 level=INFO module=sunflow.opt msg=solve status=optimal obj=106395.8 gap=0.0 t=1.50s binaries=261 constraints=328
2026-10-03 15:45:22,799 level=INFO module=sunflow.certify msg=certified status=CERTIFIED rung=nominal tightening=0
2026-10-03 15:45:24,496 level=WARNING module=sunflow.opt msg=no admissible pattern for ['Lamjana II']: infeasible by construction ({'Kharosa': {'candidates': 9, 'thermal_dropped': 0, 'kept': 9, 'longest_single_spell_blocks': 32}, 'Jawali': {'candidates': 84, 'thermal_dropped': 0, 'kept': 84, 'longest_single_spell_blocks': 32}, 'Lamjana II': {'candidates': 0, 'thermal_dropped': 0, 'kept': 0, 'longest_single_spell_blocks': 0}, 'Chalburga': {'candidates': 9, 'thermal_dropped': 0, 'kept': 9, 'longest_single_spell_blocks': 32}})
2026-10-03 15:45:48,670 level=INFO module=sunflow.opt msg=solve status=feasible obj=123258.2 gap=None t=23.32s binaries=1184 constraints=351
2026-10-03 15:45:48,869 level=INFO module=sunflow.certify msg=certified status=CERTIFIED_WITH_RELAXATION rung=split_spells tightening=0
2026-10-03 15:45:49,943 level=WARNING module=sunflow.opt msg=solve status=infeasible tc=infeasible t=0.59s
2026-10-03 15:46:10,282 level=INFO module=sunflow.opt msg=solve status=feasible obj=183442.0 gap=None t=20.03s binaries=1288 constraints=346
2026-10-03 15:46:10,321 level=INFO module=sunflow.certify msg=certified status=CERTIFIED_WITH_RELAXATION rung=split_spells tightening=0
2026-10-03 15:46:10,442 level=INFO module=sunflow.certify msg=baseline guard: published timetable (Rs 35,457) not worse than plan (Rs 69,049); issuing timetable
2026-10-03 15:46:13,947 level=INFO module=sunflow.opt msg=solve status=optimal obj=95603.8 gap=0.0 t=2.01s binaries=261 constraints=328
2026-10-03 15:46:14,016 level=INFO module=sunflow.certify msg=certified status=CERTIFIED rung=nominal tightening=0
shard 4/8: 25 done, 419s, statuses {'CERTIFIED_WITH_RELAXATION': 7, 'INFEASIBLE': 2, 'CERTIFIED': 16}, violations on certified plans: 0
2026-10-03 15:46:18,592 level=INFO module=sunflow.opt msg=solve status=optimal obj=156725.7 gap=0.0 t=1.85s binaries=262 constraints=328
2026-10-03 15:46:45,102 level=INFO module=sunflow.opt msg=solve status=feasible obj=156725.7 gap=None t=25.18s binaries=1783 constraints=351
2026-10-03 15:46:45,103 level=INFO module=sunflow.certify msg=certified status=CERTIFIED rung=nominal tightening=0
2026-10-03 15:46:48,294 level=WARNING module=sunflow.opt msg=no admissible pattern for ['Kharosa', 'Jawali', 'Lamjana II', 'Chalburga']: infeasible by construction ({'Kharosa': {'candidates': 84, 'thermal_dropped': 84, 'kept': 0, 'longest_single_spell_blocks': 0}, 'Jawali': {'candidates': 48, 'thermal_dropped': 48, 'kept': 0, 'longest_single_spell_blocks': 0}, 'Lamjana II': {'candidates': 84, 'thermal_dropped': 84, 'kept': 0, 'longest_single_spell_blocks': 0}, 'Chalburga': {'candidates': 84, 'thermal_dropped': 84, 'kept': 0, 'longest_single_spell_blocks': 0}})
2026-10-03 15:46:48,562 level=WARNING module=sunflow.opt msg=no admissible pattern for ['Kharosa', 'Jawali', 'Lamjana II', 'Chalburga']: infeasible by construction ({'Kharosa': {'candidates': 591, 'thermal_dropped': 591, 'kept': 0, 'longest_single_spell_blocks': 0}, 'Jawali': {'candidates': 138, 'thermal_dropped': 138, 'kept': 0, 'longest_single_spell_blocks': 0}, 'Lamjana II': {'candidates': 591, 'thermal_dropped': 591, 'kept': 0, 'longest_single_spell_blocks': 0}, 'Chalburga': {'candidates': 591, 'thermal_dropped': 591, 'kept': 0, 'longest_single_spell_blocks': 0}})
2026-10-03 15:46:49,819 level=WARNING module=sunflow.opt msg=no admissible pattern for ['Kharosa', 'Jawali', 'Lamjana II', 'Chalburga']: infeasible by construction ({'Kharosa': {'candidates': 1407, 'thermal_dropped': 1407, 'kept': 0, 'longest_single_spell_blocks': 0}, 'Jawali': {'candidates': 339, 'thermal_dropped': 339, 'kept': 0, 'longest_single_spell_blocks': 0}, 'Lamjana II': {'candidates': 1407, 'thermal_dropped': 1407, 'kept': 0, 'longest_single_spell_blocks': 0}, 'Chalburga': {'candidates': 1407, 'thermal_dropped': 1407, 'kept': 0, 'longest_single_spell_blocks': 0}})
2026-10-03 15:47:26,754 level=INFO module=sunflow.opt msg=solve status=feasible obj=167204.5 gap=None t=36.20s binaries=4560 constraints=351
2026-10-03 15:47:28,044 level=WARNING module=sunflow.opt msg=no admissible pattern for ['Kharosa', 'Jawali', 'Lamjana II', 'Chalburga']: infeasible by construction ({'Kharosa': {'candidates': 1407, 'thermal_dropped': 1407, 'kept': 0, 'longest_single_spell_blocks': 0}, 'Jawali': {'candidates': 339, 'thermal_dropped': 339, 'kept': 0, 'longest_single_spell_blocks': 0}, 'Lamjana II': {'candidates': 1407, 'thermal_dropped': 1407, 'kept': 0, 'longest_single_spell_blocks': 0}, 'Chalburga': {'candidates': 1407, 'thermal_dropped': 1407, 'kept': 0, 'longest_single_spell_blocks': 0}})
2026-10-03 15:47:29,946 level=WARNING module=sunflow.opt msg=no admissible pattern for ['Kharosa', 'Jawali', 'Lamjana II', 'Chalburga']: infeasible by construction ({'Kharosa': {'candidates': 1407, 'thermal_dropped': 1407, 'kept': 0, 'longest_single_spell_blocks': 0}, 'Jawali': {'candidates': 339, 'thermal_dropped': 339, 'kept': 0, 'longest_single_spell_blocks': 0}, 'Lamjana II': {'candidates': 1407, 'thermal_dropped': 1407, 'kept': 0, 'longest_single_spell_blocks': 0}, 'Chalburga': {'candidates': 1407, 'thermal_dropped': 1407, 'kept': 0, 'longest_single_spell_blocks': 0}})
2026-10-03 15:47:31,736 level=WARNING module=sunflow.opt msg=no admissible pattern for ['Kharosa', 'Jawali', 'Lamjana II', 'Chalburga']: infeasible by construction ({'Kharosa': {'candidates': 1407, 'thermal_dropped': 1407, 'kept': 0, 'longest_single_spell_blocks': 0}, 'Jawali': {'candidates': 339, 'thermal_dropped': 339, 'kept': 0, 'longest_single_spell_blocks': 0}, 'Lamjana II': {'candidates': 1407, 'thermal_dropped': 1407, 'kept': 0, 'longest_single_spell_blocks': 0}, 'Chalburga': {'candidates': 1407, 'thermal_dropped': 1407, 'kept': 0, 'longest_single_spell_blocks': 0}})
2026-10-03 15:47:38,687 level=INFO module=sunflow.opt msg=solve status=optimal obj=324438.8 gap=0.0056 t=6.88s binaries=1122 constraints=357
2026-10-03 15:47:38,688 level=WARNING module=sunflow.certify msg=No plan satisfies every hard rule under the declared assumptions; published timetable issued with alert.
2026-10-03 15:47:44,316 level=INFO module=sunflow.opt msg=solve status=optimal obj=126529.4 gap=0.0 t=2.79s binaries=336 constraints=328
2026-10-03 15:47:44,384 level=INFO module=sunflow.certify msg=certified status=CERTIFIED rung=nominal tightening=0
2026-10-03 15:47:46,985 level=WARNING module=sunflow.opt msg=no admissible pattern for ['Kharosa', 'Jawali', 'Lamjana II', 'Chalburga']: infeasible by construction ({'Kharosa': {'candidates': 84, 'thermal_dropped': 84, 'kept': 0, 'longest_single_spell_blocks': 0}, 'Jawali': {'candidates': 84, 'thermal_dropped': 84, 'kept': 0, 'longest_single_spell_blocks': 0}, 'Lamjana II': {'candidates': 84, 'thermal_dropped': 84, 'kept': 0, 'longest_single_spell_blocks': 0}, 'Chalburga': {'candidates': 84, 'thermal_dropped': 84, 'kept': 0, 'longest_single_spell_blocks': 0}})
2026-10-03 15:47:47,512 level=WARNING module=sunflow.opt msg=no admissible pattern for ['Kharosa', 'Jawali', 'Lamjana II', 'Chalburga']: infeasible by construction ({'Kharosa': {'candidates': 591, 'thermal_dropped': 591, 'kept': 0, 'longest_single_spell_blocks': 0}, 'Jawali': {'candidates': 591, 'thermal_dropped': 591, 'kept': 0, 'longest_single_spell_blocks': 0}, 'Lamjana II': {'candidates': 591, 'thermal_dropped': 591, 'kept': 0, 'longest_single_spell_blocks': 0}, 'Chalburga': {'candidates': 591, 'thermal_dropped': 591, 'kept': 0, 'longest_single_spell_blocks': 0}})
2026-10-03 15:47:48,556 level=WARNING module=sunflow.opt msg=no admissible pattern for ['Kharosa', 'Jawali', 'Lamjana II', 'Chalburga']: infeasible by construction ({'Kharosa': {'candidates': 1407, 'thermal_dropped': 1407, 'kept': 0, 'longest_single_spell_blocks': 0}, 'Jawali': {'candidates': 1407, 'thermal_dropped': 1407, 'kept': 0, 'longest_single_spell_blocks': 0}, 'Lamjana II': {'candidates': 1407, 'thermal_dropped': 1407, 'kept': 0, 'longest_single_spell_blocks': 0}, 'Chalburga': {'candidates': 1407, 'thermal_dropped': 1407, 'kept': 0, 'longest_single_spell_blocks': 0}})
2026-10-03 15:48:24,981 level=INFO module=sunflow.opt msg=solve status=feasible obj=264235.5 gap=None t=35.58s binaries=5628 constraints=391
2026-10-03 15:48:25,875 level=WARNING module=sunflow.opt msg=no admissible pattern for ['Kharosa', 'Jawali', 'Lamjana II', 'Chalburga']: infeasible by construction ({'Kharosa': {'candidates': 1407, 'thermal_dropped': 1407, 'kept': 0, 'longest_single_spell_blocks': 0}, 'Jawali': {'candidates': 1407, 'thermal_dropped': 1407, 'kept': 0, 'longest_single_spell_blocks': 0}, 'Lamjana II': {'candidates': 1407, 'thermal_dropped': 1407, 'kept': 0, 'longest_single_spell_blocks': 0}, 'Chalburga': {'candidates': 1407, 'thermal_dropped': 1407, 'kept': 0, 'longest_single_spell_blocks': 0}})
2026-10-03 15:48:26,728 level=WARNING module=sunflow.opt msg=no admissible pattern for ['Kharosa', 'Jawali', 'Lamjana II', 'Chalburga']: infeasible by construction ({'Kharosa': {'candidates': 1407, 'thermal_dropped': 1407, 'kept': 0, 'longest_single_spell_blocks': 0}, 'Jawali': {'candidates': 1407, 'thermal_dropped': 1407, 'kept': 0, 'longest_single_spell_blocks': 0}, 'Lamjana II': {'candidates': 1407, 'thermal_dropped': 1407, 'kept': 0, 'longest_single_spell_blocks': 0}, 'Chalburga': {'candidates': 1407, 'thermal_dropped': 1407, 'kept': 0, 'longest_single_spell_blocks': 0}})
2026-10-03 15:48:27,656 level=WARNING module=sunflow.opt msg=no admissible pattern for ['Kharosa', 'Jawali', 'Lamjana II', 'Chalburga']: infeasible by construction ({'Kharosa': {'candidates': 1407, 'thermal_dropped': 1407, 'kept': 0, 'longest_single_spell_blocks': 0}, 'Jawali': {'candidates': 1407, 'thermal_dropped': 1407, 'kept': 0, 'longest_single_spell_blocks': 0}, 'Lamjana II': {'candidates': 1407, 'thermal_dropped': 1407, 'kept': 0, 'longest_single_spell_blocks': 0}, 'Chalburga': {'candidates': 1407, 'thermal_dropped': 1407, 'kept': 0, 'longest_single_spell_blocks': 0}})
2026-10-03 15:48:31,442 level=INFO module=sunflow.opt msg=solve status=optimal obj=438179.8 gap=0.0021 t=3.77s binaries=500 constraints=397
2026-10-03 15:48:31,442 level=WARNING module=sunflow.certify msg=No plan satisfies every hard rule under the declared assumptions; published timetable issued with alert.
2026-10-03 15:48:36,922 level=WARNING module=sunflow.opt msg=solve status=infeasible tc=infeasible t=2.64s
2026-10-03 15:49:01,152 level=WARNING module=sunflow.opt msg=solve status=timeout tc=maxtimelimit t=24.23s
2026-10-03 15:49:31,430 level=INFO module=sunflow.opt msg=solve status=feasible obj=151180.8 gap=None t=29.24s binaries=5628 constraints=295
2026-10-03 15:49:31,475 level=INFO module=sunflow.certify msg=certified status=CERTIFIED_WITH_RELAXATION rung=feasibility_focus tightening=0
2026-10-03 15:49:33,331 level=WARNING module=sunflow.opt msg=no admissible pattern for ['Kharosa', 'Jawali', 'Lamjana II', 'Chalburga']: infeasible by construction ({'Kharosa': {'candidates': 84, 'thermal_dropped': 84, 'kept': 0, 'longest_single_spell_blocks': 0}, 'Jawali': {'candidates': 84, 'thermal_dropped': 84, 'kept': 0, 'longest_single_spell_blocks': 0}, 'Lamjana II': {'candidates': 9, 'thermal_dropped': 9, 'kept': 0, 'longest_single_spell_blocks': 0}, 'Chalburga': {'candidates': 84, 'thermal_dropped': 84, 'kept': 0, 'longest_single_spell_blocks': 0}})
2026-10-03 15:49:33,767 level=WARNING module=sunflow.opt msg=no admissible pattern for ['Kharosa', 'Jawali', 'Lamjana II', 'Chalburga']: infeasible by construction ({'Kharosa': {'candidates': 591, 'thermal_dropped': 591, 'kept': 0, 'longest_single_spell_blocks': 0}, 'Jawali': {'candidates': 591, 'thermal_dropped': 591, 'kept': 0, 'longest_single_spell_blocks': 0}, 'Lamjana II': {'candidates': 264, 'thermal_dropped': 264, 'kept': 0, 'longest_single_spell_blocks': 0}, 'Chalburga': {'candidates': 591, 'thermal_dropped': 591, 'kept': 0, 'longest_single_spell_blocks': 0}})
2026-10-03 15:49:36,504 level=WARNING module=sunflow.opt msg=no admissible pattern for ['Kharosa', 'Jawali', 'Lamjana II', 'Chalburga']: infeasible by construction ({'Kharosa': {'candidates': 1407, 'thermal_dropped': 1407, 'kept': 0, 'longest_single_spell_blocks': 0}, 'Jawali': {'candidates': 1407, 'thermal_dropped': 1407, 'kept': 0, 'longest_single_spell_blocks': 0}, 'Lamjana II': {'candidates': 1407, 'thermal_dropped': 1407, 'kept': 0, 'longest_single_spell_blocks': 0}, 'Chalburga': {'candidates': 1407, 'thermal_dropped': 1407, 'kept': 0, 'longest_single_spell_blocks': 0}})
2026-10-03 15:50:05,615 level=INFO module=sunflow.opt msg=solve status=feasible obj=196965.7 gap=None t=28.07s binaries=5628 constraints=351
2026-10-03 15:50:06,632 level=WARNING module=sunflow.opt msg=no admissible pattern for ['Kharosa', 'Jawali', 'Lamjana II', 'Chalburga']: infeasible by construction ({'Kharosa': {'candidates': 1407, 'thermal_dropped': 1407, 'kept': 0, 'longest_single_spell_blocks': 0}, 'Jawali': {'candidates': 1407, 'thermal_dropped': 1407, 'kept': 0, 'longest_single_spell_blocks': 0}, 'Lamjana II': {'candidates': 1407, 'thermal_dropped': 1407, 'kept': 0, 'longest_single_spell_blocks': 0}, 'Chalburga': {'candidates': 1407, 'thermal_dropped': 1407, 'kept': 0, 'longest_single_spell_blocks': 0}})
2026-10-03 15:50:07,972 level=WARNING module=sunflow.opt msg=no admissible pattern for ['Kharosa', 'Jawali', 'Lamjana II', 'Chalburga']: infeasible by construction ({'Kharosa': {'candidates': 1407, 'thermal_dropped': 1407, 'kept': 0, 'longest_single_spell_blocks': 0}, 'Jawali': {'candidates': 1407, 'thermal_dropped': 1407, 'kept': 0, 'longest_single_spell_blocks': 0}, 'Lamjana II': {'candidates': 1407, 'thermal_dropped': 1407, 'kept': 0, 'longest_single_spell_blocks': 0}, 'Chalburga': {'candidates': 1407, 'thermal_dropped': 1407, 'kept': 0, 'longest_single_spell_blocks': 0}})
2026-10-03 15:50:09,136 level=WARNING module=sunflow.opt msg=no admissible pattern for ['Kharosa', 'Jawali', 'Lamjana II', 'Chalburga']: infeasible by construction ({'Kharosa': {'candidates': 1407, 'thermal_dropped': 1407, 'kept': 0, 'longest_single_spell_blocks': 0}, 'Jawali': {'candidates': 1407, 'thermal_dropped': 1407, 'kept': 0, 'longest_single_spell_blocks': 0}, 'Lamjana II': {'candidates': 1407, 'thermal_dropped': 1407, 'kept': 0, 'longest_single_spell_blocks': 0}, 'Chalburga': {'candidates': 1407, 'thermal_dropped': 1407, 'kept': 0, 'longest_single_spell_blocks': 0}})
2026-10-03 15:50:30,263 level=INFO module=sunflow.opt msg=solve status=feasible obj=245912.5 gap=None t=20.82s binaries=2972 constraints=357
2026-10-03 15:50:30,264 level=WARNING module=sunflow.certify msg=No plan satisfies every hard rule under the declared assumptions; published timetable issued with alert.
2026-10-03 15:50:32,265 level=WARNING module=sunflow.opt msg=no admissible pattern for ['Kharosa', 'Jawali', 'Lamjana II', 'Chalburga']: infeasible by construction ({'Kharosa': {'candidates': 84, 'thermal_dropped': 84, 'kept': 0, 'longest_single_spell_blocks': 0}, 'Jawali': {'candidates': 84, 'thermal_dropped': 84, 'kept': 0, 'longest_single_spell_blocks': 0}, 'Lamjana II': {'candidates': 84, 'thermal_dropped': 84, 'kept': 0, 'longest_single_spell_blocks': 0}, 'Chalburga': {'candidates': 84, 'thermal_dropped': 84, 'kept': 0, 'longest_single_spell_blocks': 0}})
2026-10-03 15:50:32,991 level=WARNING module=sunflow.opt msg=no admissible pattern for ['Kharosa', 'Jawali', 'Lamjana II', 'Chalburga']: infeasible by construction ({'Kharosa': {'candidates': 591, 'thermal_dropped': 591, 'kept': 0, 'longest_single_spell_blocks': 0}, 'Jawali': {'candidates': 591, 'thermal_dropped': 591, 'kept': 0, 'longest_single_spell_blocks': 0}, 'Lamjana II': {'candidates': 591, 'thermal_dropped': 591, 'kept': 0, 'longest_single_spell_blocks': 0}, 'Chalburga': {'candidates': 591, 'thermal_dropped': 591, 'kept': 0, 'longest_single_spell_blocks': 0}})
2026-10-03 15:50:34,300 level=WARNING module=sunflow.opt msg=no admissible pattern for ['Kharosa', 'Jawali', 'Lamjana II', 'Chalburga']: infeasible by construction ({'Kharosa': {'candidates': 1407, 'thermal_dropped': 1407, 'kept': 0, 'longest_single_spell_blocks': 0}, 'Jawali': {'candidates': 1407, 'thermal_dropped': 1407, 'kept': 0, 'longest_single_spell_blocks': 0}, 'Lamjana II': {'candidates': 1407, 'thermal_dropped': 1407, 'kept': 0, 'longest_single_spell_blocks': 0}, 'Chalburga': {'candidates': 1407, 'thermal_dropped': 1407, 'kept': 0, 'longest_single_spell_blocks': 0}})
2026-10-03 15:51:12,329 level=INFO module=sunflow.opt msg=solve status=feasible obj=204641.8 gap=None t=36.68s binaries=5628 constraints=351
2026-10-03 15:51:13,824 level=WARNING module=sunflow.opt msg=no admissible pattern for ['Kharosa', 'Jawali', 'Lamjana II', 'Chalburga']: infeasible by construction ({'Kharosa': {'candidates': 1407, 'thermal_dropped': 1407, 'kept': 0, 'longest_single_spell_blocks': 0}, 'Jawali': {'candidates': 1407, 'thermal_dropped': 1407, 'kept': 0, 'longest_single_spell_blocks': 0}, 'Lamjana II': {'candidates': 1407, 'thermal_dropped': 1407, 'kept': 0, 'longest_single_spell_blocks': 0}, 'Chalburga': {'candidates': 1407, 'thermal_dropped': 1407, 'kept': 0, 'longest_single_spell_blocks': 0}})
2026-10-03 15:51:14,769 level=WARNING module=sunflow.opt msg=no admissible pattern for ['Kharosa', 'Jawali', 'Lamjana II', 'Chalburga']: infeasible by construction ({'Kharosa': {'candidates': 1407, 'thermal_dropped': 1407, 'kept': 0, 'longest_single_spell_blocks': 0}, 'Jawali': {'candidates': 1407, 'thermal_dropped': 1407, 'kept': 0, 'longest_single_spell_blocks': 0}, 'Lamjana II': {'candidates': 1407, 'thermal_dropped': 1407, 'kept': 0, 'longest_single_spell_blocks': 0}, 'Chalburga': {'candidates': 1407, 'thermal_dropped': 1407, 'kept': 0, 'longest_single_spell_blocks': 0}})
2026-10-03 15:51:15,671 level=WARNING module=sunflow.opt msg=no admissible pattern for ['Kharosa', 'Jawali', 'Lamjana II', 'Chalburga']: infeasible by construction ({'Kharosa': {'candidates': 1407, 'thermal_dropped': 1407, 'kept': 0, 'longest_single_spell_blocks': 0}, 'Jawali': {'candidates': 1407, 'thermal_dropped': 1407, 'kept': 0, 'longest_single_spell_blocks': 0}, 'Lamjana II': {'candidates': 1407, 'thermal_dropped': 1407, 'kept': 0, 'longest_single_spell_blocks': 0}, 'Chalburga': {'candidates': 1407, 'thermal_dropped': 1407, 'kept': 0, 'longest_single_spell_blocks': 0}})
2026-10-03 15:51:19,776 level=INFO module=sunflow.opt msg=solve status=optimal obj=410237.6 gap=0.0079 t=4.08s binaries=626 constraints=357
2026-10-03 15:51:19,776 level=WARNING module=sunflow.certify msg=No plan satisfies every hard rule under the declared assumptions; published timetable issued with alert.
2026-10-03 15:51:23,071 level=INFO module=sunflow.opt msg=solve status=optimal obj=55582.9 gap=0.0004 t=1.23s binaries=336 constraints=328
2026-10-03 15:51:23,115 level=INFO module=sunflow.certify msg=certified status=CERTIFIED rung=nominal tightening=0
2026-10-03 15:51:27,498 level=INFO module=sunflow.opt msg=solve status=optimal obj=102038.9 gap=0.0002 t=1.55s binaries=261 constraints=328
2026-10-03 15:51:27,563 level=INFO module=sunflow.certify msg=certified status=CERTIFIED rung=nominal tightening=0
2026-10-03 15:51:33,089 level=INFO module=sunflow.opt msg=solve status=optimal obj=83570.6 gap=0.0003 t=3.24s binaries=336 constraints=328
2026-10-03 15:51:33,278 level=INFO module=sunflow.certify msg=certified status=CERTIFIED rung=nominal tightening=0
2026-10-03 15:51:37,464 level=INFO module=sunflow.opt msg=solve status=optimal obj=92967.9 gap=0.0003 t=1.77s binaries=261 constraints=328
2026-10-03 15:51:37,550 level=INFO module=sunflow.certify msg=certified status=CERTIFIED rung=nominal tightening=0
2026-10-03 15:51:40,211 level=WARNING module=sunflow.opt msg=no admissible pattern for ['Kharosa', 'Jawali', 'Lamjana II', 'Chalburga']: infeasible by construction ({'Kharosa': {'candidates': 9, 'thermal_dropped': 9, 'kept': 0, 'longest_single_spell_blocks': 0}, 'Jawali': {'candidates': 84, 'thermal_dropped': 84, 'kept': 0, 'longest_single_spell_blocks': 0}, 'Lamjana II': {'candidates': 9, 'thermal_dropped': 9, 'kept': 0, 'longest_single_spell_blocks': 0}, 'Chalburga': {'candidates': 0, 'thermal_dropped': 0, 'kept': 0, 'longest_single_spell_blocks': 0}})
2026-10-03 15:51:40,486 level=WARNING module=sunflow.opt msg=no admissible pattern for ['Kharosa', 'Jawali', 'Lamjana II', 'Chalburga']: infeasible by construction ({'Kharosa': {'candidates': 264, 'thermal_dropped': 264, 'kept': 0, 'longest_single_spell_blocks': 0}, 'Jawali': {'candidates': 591, 'thermal_dropped': 591, 'kept': 0, 'longest_single_spell_blocks': 0}, 'Lamjana II': {'candidates': 264, 'thermal_dropped': 264, 'kept': 0, 'longest_single_spell_blocks': 0}, 'Chalburga': {'candidates': 113, 'thermal_dropped': 113, 'kept': 0, 'longest_single_spell_blocks': 0}})
2026-10-03 15:51:41,372 level=WARNING module=sunflow.opt msg=no admissible pattern for ['Kharosa', 'Jawali', 'Lamjana II', 'Chalburga']: infeasible by construction ({'Kharosa': {'candidates': 1407, 'thermal_dropped': 1407, 'kept': 0, 'longest_single_spell_blocks': 0}, 'Jawali': {'candidates': 1407, 'thermal_dropped': 1407, 'kept': 0, 'longest_single_spell_blocks': 0}, 'Lamjana II': {'candidates': 1407, 'thermal_dropped': 1407, 'kept': 0, 'longest_single_spell_blocks': 0}, 'Chalburga': {'candidates': 309, 'thermal_dropped': 309, 'kept': 0, 'longest_single_spell_blocks': 0}})
2026-10-03 15:52:06,983 level=INFO module=sunflow.opt msg=solve status=feasible obj=145011.9 gap=None t=24.65s binaries=4530 constraints=351
2026-10-03 15:52:09,241 level=WARNING module=sunflow.opt msg=no admissible pattern for ['Kharosa', 'Jawali', 'Lamjana II', 'Chalburga']: infeasible by construction ({'Kharosa': {'candidates': 1407, 'thermal_dropped': 1407, 'kept': 0, 'longest_single_spell_blocks': 0}, 'Jawali': {'candidates': 1407, 'thermal_dropped': 1407, 'kept': 0, 'longest_single_spell_blocks': 0}, 'Lamjana II': {'candidates': 1407, 'thermal_dropped': 1407, 'kept': 0, 'longest_single_spell_blocks': 0}, 'Chalburga': {'candidates': 309, 'thermal_dropped': 309, 'kept': 0, 'longest_single_spell_blocks': 0}})
2026-10-03 15:52:10,111 level=WARNING module=sunflow.opt msg=no admissible pattern for ['Kharosa', 'Jawali', 'Lamjana II', 'Chalburga']: infeasible by construction ({'Kharosa': {'candidates': 1407, 'thermal_dropped': 1407, 'kept': 0, 'longest_single_spell_blocks': 0}, 'Jawali': {'candidates': 1407, 'thermal_dropped': 1407, 'kept': 0, 'longest_single_spell_blocks': 0}, 'Lamjana II': {'candidates': 1407, 'thermal_dropped': 1407, 'kept': 0, 'longest_single_spell_blocks': 0}, 'Chalburga': {'candidates': 309, 'thermal_dropped': 309, 'kept': 0, 'longest_single_spell_blocks': 0}})
2026-10-03 15:52:11,379 level=WARNING module=sunflow.opt msg=no admissible pattern for ['Kharosa', 'Jawali', 'Lamjana II', 'Chalburga']: infeasible by construction ({'Kharosa': {'candidates': 1407, 'thermal_dropped': 1407, 'kept': 0, 'longest_single_spell_blocks': 0}, 'Jawali': {'candidates': 1407, 'thermal_dropped': 1407, 'kept': 0, 'longest_single_spell_blocks': 0}, 'Lamjana II': {'candidates': 1407, 'thermal_dropped': 1407, 'kept': 0, 'longest_single_spell_blocks': 0}, 'Chalburga': {'candidates': 309, 'thermal_dropped': 309, 'kept': 0, 'longest_single_spell_blocks': 0}})
2026-10-03 15:52:23,493 level=INFO module=sunflow.opt msg=solve status=optimal obj=262965.7 gap=0.0185 t=11.75s binaries=1845 constraints=357
2026-10-03 15:52:23,494 level=WARNING module=sunflow.certify msg=No plan satisfies every hard rule under the declared assumptions; published timetable issued with alert.
2026-10-03 15:52:27,106 level=INFO module=sunflow.opt msg=solve status=optimal obj=98882.3 gap=0.0 t=1.89s binaries=336 constraints=328
2026-10-03 15:52:27,154 level=INFO module=sunflow.certify msg=certified status=CERTIFIED rung=nominal tightening=0
2026-10-03 15:52:30,714 level=INFO module=sunflow.opt msg=solve status=optimal obj=50672.6 gap=0.0 t=1.03s binaries=186 constraints=328
2026-10-03 15:52:30,849 level=INFO module=sunflow.certify msg=certified status=CERTIFIED rung=nominal tightening=0
2026-10-03 15:52:34,702 level=INFO module=sunflow.opt msg=solve status=optimal obj=106257.2 gap=0.0 t=1.71s binaries=186 constraints=328
2026-10-03 15:52:34,737 level=INFO module=sunflow.certify msg=certified status=CERTIFIED rung=nominal tightening=0
2026-10-03 15:52:39,478 level=INFO module=sunflow.opt msg=solve status=optimal obj=133099.5 gap=0.0001 t=2.44s binaries=336 constraints=328
2026-10-03 15:52:39,719 level=INFO module=sunflow.certify msg=certified status=CERTIFIED rung=nominal tightening=0
2026-10-03 15:52:43,849 level=WARNING module=sunflow.opt msg=no admissible pattern for ['Kharosa', 'Jawali', 'Lamjana II', 'Chalburga']: infeasible by construction ({'Kharosa': {'candidates': 84, 'thermal_dropped': 84, 'kept': 0, 'longest_single_spell_blocks': 0}, 'Jawali': {'candidates': 0, 'thermal_dropped': 0, 'kept': 0, 'longest_single_spell_blocks': 0}, 'Lamjana II': {'candidates': 84, 'thermal_dropped': 84, 'kept': 0, 'longest_single_spell_blocks': 0}, 'Chalburga': {'candidates': 84, 'thermal_dropped': 84, 'kept': 0, 'longest_single_spell_blocks': 0}})
2026-10-03 15:52:44,505 level=WARNING module=sunflow.opt msg=no admissible pattern for ['Kharosa', 'Jawali', 'Lamjana II', 'Chalburga']: infeasible by construction ({'Kharosa': {'candidates': 591, 'thermal_dropped': 591, 'kept': 0, 'longest_single_spell_blocks': 0}, 'Jawali': {'candidates': 90, 'thermal_dropped': 90, 'kept': 0, 'longest_single_spell_blocks': 0}, 'Lamjana II': {'candidates': 591, 'thermal_dropped': 591, 'kept': 0, 'longest_single_spell_blocks': 0}, 'Chalburga': {'candidates': 591, 'thermal_dropped': 591, 'kept': 0, 'longest_single_spell_blocks': 0}})
2026-10-03 15:52:46,552 level=WARNING module=sunflow.opt msg=no admissible pattern for ['Kharosa', 'Jawali', 'Lamjana II', 'Chalburga']: infeasible by construction ({'Kharosa': {'candidates': 1407, 'thermal_dropped': 1407, 'kept': 0, 'longest_single_spell_blocks': 0}, 'Jawali': {'candidates': 260, 'thermal_dropped': 260, 'kept': 0, 'longest_single_spell_blocks': 0}, 'Lamjana II': {'candidates': 1407, 'thermal_dropped': 1407, 'kept': 0, 'longest_single_spell_blocks': 0}, 'Chalburga': {'candidates': 1407, 'thermal_dropped': 1407, 'kept': 0, 'longest_single_spell_blocks': 0}})
2026-10-03 15:53:12,639 level=INFO module=sunflow.opt msg=solve status=feasible obj=145602.6 gap=None t=25.36s binaries=4481 constraints=351
2026-10-03 15:53:13,803 level=WARNING module=sunflow.opt msg=no admissible pattern for ['Kharosa', 'Jawali', 'Lamjana II', 'Chalburga']: infeasible by construction ({'Kharosa': {'candidates': 1407, 'thermal_dropped': 1407, 'kept': 0, 'longest_single_spell_blocks': 0}, 'Jawali': {'candidates': 260, 'thermal_dropped': 260, 'kept': 0, 'longest_single_spell_blocks': 0}, 'Lamjana II': {'candidates': 1407, 'thermal_dropped': 1407, 'kept': 0, 'longest_single_spell_blocks': 0}, 'Chalburga': {'candidates': 1407, 'thermal_dropped': 1407, 'kept': 0, 'longest_single_spell_blocks': 0}})
2026-10-03 15:53:14,542 level=WARNING module=sunflow.opt msg=no admissible pattern for ['Kharosa', 'Jawali', 'Lamjana II', 'Chalburga']: infeasible by construction ({'Kharosa': {'candidates': 1407, 'thermal_dropped': 1407, 'kept': 0, 'longest_single_spell_blocks': 0}, 'Jawali': {'candidates': 260, 'thermal_dropped': 260, 'kept': 0, 'longest_single_spell_blocks': 0}, 'Lamjana II': {'candidates': 1407, 'thermal_dropped': 1407, 'kept': 0, 'longest_single_spell_blocks': 0}, 'Chalburga': {'candidates': 1407, 'thermal_dropped': 1407, 'kept': 0, 'longest_single_spell_blocks': 0}})
2026-10-03 15:53:15,301 level=WARNING module=sunflow.opt msg=no admissible pattern for ['Kharosa', 'Jawali', 'Lamjana II', 'Chalburga']: infeasible by construction ({'Kharosa': {'candidates': 1407, 'thermal_dropped': 1407, 'kept': 0, 'longest_single_spell_blocks': 0}, 'Jawali': {'candidates': 260, 'thermal_dropped': 260, 'kept': 0, 'longest_single_spell_blocks': 0}, 'Lamjana II': {'candidates': 1407, 'thermal_dropped': 1407, 'kept': 0, 'longest_single_spell_blocks': 0}, 'Chalburga': {'candidates': 1407, 'thermal_dropped': 1407, 'kept': 0, 'longest_single_spell_blocks': 0}})
2026-10-03 15:53:31,398 level=INFO module=sunflow.opt msg=solve status=feasible obj=236233.2 gap=0.9987 t=15.86s binaries=2066 constraints=357
2026-10-03 15:53:31,399 level=WARNING module=sunflow.certify msg=No plan satisfies every hard rule under the declared assumptions; published timetable issued with alert.
2026-10-03 15:53:37,711 level=WARNING module=sunflow.opt msg=solve status=infeasible tc=infeasible t=3.56s
2026-10-03 15:54:05,489 level=WARNING module=sunflow.opt msg=solve status=timeout tc=maxtimelimit t=27.78s
2026-10-03 15:54:43,872 level=INFO module=sunflow.opt msg=solve status=feasible obj=205357.3 gap=None t=36.71s binaries=5568 constraints=295
2026-10-03 15:54:43,930 level=INFO module=sunflow.certify msg=certified status=CERTIFIED_WITH_RELAXATION rung=feasibility_focus tightening=0
2026-10-03 15:54:47,170 level=WARNING module=sunflow.opt msg=no admissible pattern for ['Kharosa', 'Jawali', 'Lamjana II', 'Chalburga']: infeasible by construction ({'Kharosa': {'candidates': 84, 'thermal_dropped': 84, 'kept': 0, 'longest_single_spell_blocks': 0}, 'Jawali': {'candidates': 84, 'thermal_dropped': 84, 'kept': 0, 'longest_single_spell_blocks': 0}, 'Lamjana II': {'candidates': 9, 'thermal_dropped': 9, 'kept': 0, 'longest_single_spell_blocks': 0}, 'Chalburga': {'candidates': 9, 'thermal_dropped': 9, 'kept': 0, 'longest_single_spell_blocks': 0}})
2026-10-03 15:54:47,500 level=WARNING module=sunflow.opt msg=no admissible pattern for ['Lamjana II', 'Chalburga']: infeasible by construction ({'Kharosa': {'candidates': 591, 'thermal_dropped': 556, 'kept': 35, 'longest_single_spell_blocks': 0}, 'Jawali': {'candidates': 591, 'thermal_dropped': 556, 'kept': 35, 'longest_single_spell_blocks': 0}, 'Lamjana II': {'candidates': 264, 'thermal_dropped': 264, 'kept': 0, 'longest_single_spell_blocks': 0}, 'Chalburga': {'candidates': 264, 'thermal_dropped': 264, 'kept': 0, 'longest_single_spell_blocks': 0}})
2026-10-03 15:54:49,509 level=INFO module=sunflow.opt msg=solve status=optimal obj=301451.5 gap=0.0004 t=1.98s binaries=180 constraints=234
2026-10-03 15:54:49,583 level=INFO module=sunflow.certify msg=certified status=CERTIFIED_WITH_RELAXATION rung=feasibility_focus tightening=0
2026-10-03 15:54:54,665 level=INFO module=sunflow.opt msg=solve status=optimal obj=93189.6 gap=0.0013 t=3.11s binaries=336 constraints=328
2026-10-03 15:54:54,716 level=INFO module=sunflow.certify msg=certified status=CERTIFIED rung=nominal tightening=0
2026-10-03 15:54:58,242 level=INFO module=sunflow.opt msg=solve status=optimal obj=198457.3 gap=0.0 t=1.87s binaries=261 constraints=328
2026-10-03 15:54:58,300 level=INFO module=sunflow.certify msg=certified status=CERTIFIED rung=nominal tightening=0
2026-10-03 15:54:58,424 level=INFO module=sunflow.certify msg=baseline guard: published timetable (Rs 56,483) not worse than plan (Rs 56,483); issuing timetable
2026-10-03 15:55:00,632 level=WARNING module=sunflow.opt msg=no admissible pattern for ['Lamjana II']: infeasible by construction ({'Kharosa': {'candidates': 84, 'thermal_dropped': 0, 'kept': 84, 'longest_single_spell_blocks': 32}, 'Jawali': {'candidates': 84, 'thermal_dropped': 0, 'kept': 84, 'longest_single_spell_blocks': 32}, 'Lamjana II': {'candidates': 0, 'thermal_dropped': 0, 'kept': 0, 'longest_single_spell_blocks': 0}, 'Chalburga': {'candidates': 9, 'thermal_dropped': 0, 'kept': 9, 'longest_single_spell_blocks': 32}})
2026-10-03 15:55:22,911 level=INFO module=sunflow.opt msg=solve status=feasible obj=62585.9 gap=None t=21.88s binaries=1636 constraints=351
2026-10-03 15:55:22,976 level=INFO module=sunflow.certify msg=certified status=CERTIFIED_WITH_RELAXATION rung=split_spells tightening=0
2026-10-03 15:55:23,108 level=WARNING module=sunflow.opt msg=no admissible pattern for ['Kharosa', 'Jawali', 'Lamjana II', 'Chalburga']: infeasible by construction ({'Kharosa': {'candidates': 9, 'thermal_dropped': 9, 'kept': 0, 'longest_single_spell_blocks': 0}, 'Jawali': {'candidates': 84, 'thermal_dropped': 84, 'kept': 0, 'longest_single_spell_blocks': 0}, 'Lamjana II': {'candidates': 84, 'thermal_dropped': 84, 'kept': 0, 'longest_single_spell_blocks': 0}, 'Chalburga': {'candidates': 84, 'thermal_dropped': 84, 'kept': 0, 'longest_single_spell_blocks': 0}})
2026-10-03 15:55:23,973 level=WARNING module=sunflow.opt msg=no admissible pattern for ['Lamjana II']: infeasible by construction ({'Kharosa': {'candidates': 264, 'thermal_dropped': 255, 'kept': 9, 'longest_single_spell_blocks': 0}, 'Jawali': {'candidates': 591, 'thermal_dropped': 417, 'kept': 174, 'longest_single_spell_blocks': 0}, 'Lamjana II': {'candidates': 591, 'thermal_dropped': 591, 'kept': 0, 'longest_single_spell_blocks': 0}, 'Chalburga': {'candidates': 591, 'thermal_dropped': 417, 'kept': 174, 'longest_single_spell_blocks': 0}})
2026-10-03 15:55:24,930 level=WARNING module=sunflow.opt msg=no admissible pattern for ['Lamjana II']: infeasible by construction ({'Kharosa': {'candidates': 1407, 'thermal_dropped': 937, 'kept': 470, 'longest_single_spell_blocks': 0}, 'Jawali': {'candidates': 1407, 'thermal_dropped': 937, 'kept': 470, 'longest_single_spell_blocks': 0}, 'Lamjana II': {'candidates': 1407, 'thermal_dropped': 1407, 'kept': 0, 'longest_single_spell_blocks': 0}, 'Chalburga': {'candidates': 1407, 'thermal_dropped': 937, 'kept': 470, 'longest_single_spell_blocks': 0}})
2026-10-03 15:55:52,545 level=INFO module=sunflow.opt msg=solve status=feasible obj=122661.9 gap=None t=26.48s binaries=5628 constraints=351
2026-10-03 15:55:53,531 level=WARNING module=sunflow.opt msg=no admissible pattern for ['Lamjana II']: infeasible by construction ({'Kharosa': {'candidates': 1407, 'thermal_dropped': 937, 'kept': 470, 'longest_single_spell_blocks': 0}, 'Jawali': {'candidates': 1407, 'thermal_dropped': 937, 'kept': 470, 'longest_single_spell_blocks': 0}, 'Lamjana II': {'candidates': 1407, 'thermal_dropped': 1407, 'kept': 0, 'longest_single_spell_blocks': 0}, 'Chalburga': {'candidates': 1407, 'thermal_dropped': 937, 'kept': 470, 'longest_single_spell_blocks': 0}})
2026-10-03 15:55:54,491 level=WARNING module=sunflow.opt msg=no admissible pattern for ['Lamjana II']: infeasible by construction ({'Kharosa': {'candidates': 1407, 'thermal_dropped': 937, 'kept': 470, 'longest_single_spell_blocks': 0}, 'Jawali': {'candidates': 1407, 'thermal_dropped': 937, 'kept': 470, 'longest_single_spell_blocks': 0}, 'Lamjana II': {'candidates': 1407, 'thermal_dropped': 1407, 'kept': 0, 'longest_single_spell_blocks': 0}, 'Chalburga': {'candidates': 1407, 'thermal_dropped': 937, 'kept': 470, 'longest_single_spell_blocks': 0}})
2026-10-03 15:55:55,479 level=WARNING module=sunflow.opt msg=no admissible pattern for ['Lamjana II']: infeasible by construction ({'Kharosa': {'candidates': 1407, 'thermal_dropped': 937, 'kept': 470, 'longest_single_spell_blocks': 0}, 'Jawali': {'candidates': 1407, 'thermal_dropped': 937, 'kept': 470, 'longest_single_spell_blocks': 0}, 'Lamjana II': {'candidates': 1407, 'thermal_dropped': 1407, 'kept': 0, 'longest_single_spell_blocks': 0}, 'Chalburga': {'candidates': 1407, 'thermal_dropped': 937, 'kept': 470, 'longest_single_spell_blocks': 0}})
2026-10-03 15:56:33,029 level=INFO module=sunflow.opt msg=solve status=feasible obj=192144.9 gap=None t=36.39s binaries=7008 constraints=357
2026-10-03 15:56:33,031 level=WARNING module=sunflow.certify msg=No plan satisfies every hard rule under the declared assumptions; published timetable issued with alert.
2026-10-03 15:56:36,240 level=WARNING module=sunflow.opt msg=no admissible pattern for ['Kharosa']: infeasible by construction ({'Kharosa': {'candidates': 84, 'thermal_dropped': 84, 'kept': 0, 'longest_single_spell_blocks': 0}, 'Jawali': {'candidates': 84, 'thermal_dropped': 14, 'kept': 70, 'longest_single_spell_blocks': 32}, 'Lamjana II': {'candidates': 84, 'thermal_dropped': 14, 'kept': 70, 'longest_single_spell_blocks': 32}, 'Chalburga': {'candidates': 84, 'thermal_dropped': 14, 'kept': 70, 'longest_single_spell_blocks': 32}})
2026-10-03 15:56:36,634 level=WARNING module=sunflow.opt msg=no admissible pattern for ['Kharosa']: infeasible by construction ({'Kharosa': {'candidates': 591, 'thermal_dropped': 591, 'kept': 0, 'longest_single_spell_blocks': 0}, 'Jawali': {'candidates': 591, 'thermal_dropped': 14, 'kept': 577, 'longest_single_spell_blocks': 32}, 'Lamjana II': {'candidates': 591, 'thermal_dropped': 14, 'kept': 577, 'longest_single_spell_blocks': 32}, 'Chalburga': {'candidates': 591, 'thermal_dropped': 14, 'kept': 577, 'longest_single_spell_blocks': 32}})
2026-10-03 15:56:37,590 level=WARNING module=sunflow.opt msg=no admissible pattern for ['Kharosa']: infeasible by construction ({'Kharosa': {'candidates': 1407, 'thermal_dropped': 1407, 'kept': 0, 'longest_single_spell_blocks': 0}, 'Jawali': {'candidates': 1407, 'thermal_dropped': 14, 'kept': 1393, 'longest_single_spell_blocks': 32}, 'Lamjana II': {'candidates': 1407, 'thermal_dropped': 14, 'kept': 1393, 'longest_single_spell_blocks': 32}, 'Chalburga': {'candidates': 1407, 'thermal_dropped': 14, 'kept': 1393, 'longest_single_spell_blocks': 32}})
2026-10-03 15:57:21,914 level=INFO module=sunflow.opt msg=solve status=feasible obj=108667.1 gap=None t=43.03s binaries=5628 constraints=351
2026-10-03 15:57:23,038 level=WARNING module=sunflow.opt msg=no admissible pattern for ['Kharosa']: infeasible by construction ({'Kharosa': {'candidates': 1407, 'thermal_dropped': 1407, 'kept': 0, 'longest_single_spell_blocks': 0}, 'Jawali': {'candidates': 1407, 'thermal_dropped': 14, 'kept': 1393, 'longest_single_spell_blocks': 32}, 'Lamjana II': {'candidates': 1407, 'thermal_dropped': 14, 'kept': 1393, 'longest_single_spell_blocks': 32}, 'Chalburga': {'candidates': 1407, 'thermal_dropped': 14, 'kept': 1393, 'longest_single_spell_blocks': 32}})
2026-10-03 15:57:24,183 level=WARNING module=sunflow.opt msg=no admissible pattern for ['Kharosa']: infeasible by construction ({'Kharosa': {'candidates': 1407, 'thermal_dropped': 1407, 'kept': 0, 'longest_single_spell_blocks': 0}, 'Jawali': {'candidates': 1407, 'thermal_dropped': 14, 'kept': 1393, 'longest_single_spell_blocks': 32}, 'Lamjana II': {'candidates': 1407, 'thermal_dropped': 14, 'kept': 1393, 'longest_single_spell_blocks': 32}, 'Chalburga': {'candidates': 1407, 'thermal_dropped': 14, 'kept': 1393, 'longest_single_spell_blocks': 32}})
2026-10-03 15:57:25,391 level=WARNING module=sunflow.opt msg=no admissible pattern for ['Kharosa']: infeasible by construction ({'Kharosa': {'candidates': 1407, 'thermal_dropped': 1407, 'kept': 0, 'longest_single_spell_blocks': 0}, 'Jawali': {'candidates': 1407, 'thermal_dropped': 14, 'kept': 1393, 'longest_single_spell_blocks': 32}, 'Lamjana II': {'candidates': 1407, 'thermal_dropped': 14, 'kept': 1393, 'longest_single_spell_blocks': 32}, 'Chalburga': {'candidates': 1407, 'thermal_dropped': 14, 'kept': 1393, 'longest_single_spell_blocks': 32}})
2026-10-03 15:58:24,031 level=INFO module=sunflow.opt msg=solve status=feasible obj=143194.6 gap=None t=57.25s binaries=10794 constraints=357
2026-10-03 15:58:24,032 level=WARNING module=sunflow.certify msg=No plan satisfies every hard rule under the declared assumptions; published timetable issued with alert.
2026-10-03 15:58:29,552 level=INFO module=sunflow.opt msg=solve status=optimal obj=124226.6 gap=0.0 t=2.23s binaries=336 constraints=328
2026-10-03 15:58:29,593 level=INFO module=sunflow.certify msg=certified status=CERTIFIED rung=nominal tightening=0
shard 4/8: 50 done, 1155s, statuses {'CERTIFIED_WITH_RELAXATION': 11, 'INFEASIBLE': 10, 'CERTIFIED': 29}, violations on certified plans: 0
2026-10-03 15:58:31,512 level=WARNING module=sunflow.opt msg=no admissible pattern for ['Kharosa', 'Jawali', 'Lamjana II', 'Chalburga']: infeasible by construction ({'Kharosa': {'candidates': 84, 'thermal_dropped': 84, 'kept': 0, 'longest_single_spell_blocks': 0}, 'Jawali': {'candidates': 9, 'thermal_dropped': 9, 'kept': 0, 'longest_single_spell_blocks': 0}, 'Lamjana II': {'candidates': 84, 'thermal_dropped': 84, 'kept': 0, 'longest_single_spell_blocks': 0}, 'Chalburga': {'candidates': 84, 'thermal_dropped': 84, 'kept': 0, 'longest_single_spell_blocks': 0}})
2026-10-03 15:58:31,890 level=WARNING module=sunflow.opt msg=no admissible pattern for ['Kharosa', 'Jawali']: infeasible by construction ({'Kharosa': {'candidates': 591, 'thermal_dropped': 591, 'kept': 0, 'longest_single_spell_blocks': 0}, 'Jawali': {'candidates': 264, 'thermal_dropped': 264, 'kept': 0, 'longest_single_spell_blocks': 0}, 'Lamjana II': {'candidates': 591, 'thermal_dropped': 579, 'kept': 12, 'longest_single_spell_blocks': 0}, 'Chalburga': {'candidates': 591, 'thermal_dropped': 579, 'kept': 12, 'longest_single_spell_blocks': 0}})
2026-10-03 15:58:32,889 level=WARNING module=sunflow.opt msg=no admissible pattern for ['Kharosa']: infeasible by construction ({'Kharosa': {'candidates': 1407, 'thermal_dropped': 1407, 'kept': 0, 'longest_single_spell_blocks': 0}, 'Jawali': {'candidates': 1407, 'thermal_dropped': 1391, 'kept': 16, 'longest_single_spell_blocks': 0}, 'Lamjana II': {'candidates': 1407, 'thermal_dropped': 1391, 'kept': 16, 'longest_single_spell_blocks': 0}, 'Chalburga': {'candidates': 1407, 'thermal_dropped': 1391, 'kept': 16, 'longest_single_spell_blocks': 0}})
2026-10-03 15:59:00,473 level=INFO module=sunflow.opt msg=solve status=feasible obj=146247.9 gap=None t=26.83s binaries=5628 constraints=351
2026-10-03 15:59:01,261 level=WARNING module=sunflow.opt msg=no admissible pattern for ['Kharosa']: infeasible by construction ({'Kharosa': {'candidates': 1407, 'thermal_dropped': 1407, 'kept': 0, 'longest_single_spell_blocks': 0}, 'Jawali': {'candidates': 1407, 'thermal_dropped': 1391, 'kept': 16, 'longest_single_spell_blocks': 0}, 'Lamjana II': {'candidates': 1407, 'thermal_dropped': 1391, 'kept': 16, 'longest_single_spell_blocks': 0}, 'Chalburga': {'candidates': 1407, 'thermal_dropped': 1391, 'kept': 16, 'longest_single_spell_blocks': 0}})
2026-10-03 15:59:01,980 level=WARNING module=sunflow.opt msg=no admissible pattern for ['Kharosa']: infeasible by construction ({'Kharosa': {'candidates': 1407, 'thermal_dropped': 1407, 'kept': 0, 'longest_single_spell_blocks': 0}, 'Jawali': {'candidates': 1407, 'thermal_dropped': 1391, 'kept': 16, 'longest_single_spell_blocks': 0}, 'Lamjana II': {'candidates': 1407, 'thermal_dropped': 1391, 'kept': 16, 'longest_single_spell_blocks': 0}, 'Chalburga': {'candidates': 1407, 'thermal_dropped': 1391, 'kept': 16, 'longest_single_spell_blocks': 0}})
2026-10-03 15:59:02,755 level=WARNING module=sunflow.opt msg=no admissible pattern for ['Kharosa']: infeasible by construction ({'Kharosa': {'candidates': 1407, 'thermal_dropped': 1407, 'kept': 0, 'longest_single_spell_blocks': 0}, 'Jawali': {'candidates': 1407, 'thermal_dropped': 1391, 'kept': 16, 'longest_single_spell_blocks': 0}, 'Lamjana II': {'candidates': 1407, 'thermal_dropped': 1391, 'kept': 16, 'longest_single_spell_blocks': 0}, 'Chalburga': {'candidates': 1407, 'thermal_dropped': 1391, 'kept': 16, 'longest_single_spell_blocks': 0}})
2026-10-03 15:59:18,512 level=INFO module=sunflow.opt msg=solve status=feasible obj=244283.5 gap=None t=15.48s binaries=3194 constraints=357
2026-10-03 15:59:18,512 level=WARNING module=sunflow.certify msg=No plan satisfies every hard rule under the declared assumptions; published timetable issued with alert.
2026-10-03 15:59:21,553 level=INFO module=sunflow.opt msg=solve status=optimal obj=56420.6 gap=0.0013 t=0.99s binaries=186 constraints=328
2026-10-03 15:59:21,592 level=INFO module=sunflow.certify msg=certified status=CERTIFIED rung=nominal tightening=0
2026-10-03 15:59:21,782 level=WARNING module=sunflow.opt msg=no admissible pattern for ['Chalburga']: infeasible by construction ({'Kharosa': {'candidates': 84, 'thermal_dropped': 0, 'kept': 84, 'longest_single_spell_blocks': 32}, 'Jawali': {'candidates': 9, 'thermal_dropped': 0, 'kept': 9, 'longest_single_spell_blocks': 32}, 'Lamjana II': {'candidates': 84, 'thermal_dropped': 0, 'kept': 84, 'longest_single_spell_blocks': 32}, 'Chalburga': {'candidates': 0, 'thermal_dropped': 0, 'kept': 0, 'longest_single_spell_blocks': 0}})
2026-10-03 15:59:39,251 level=INFO module=sunflow.opt msg=solve status=optimal obj=109520.7 gap=0.0 t=17.23s binaries=1624 constraints=351
2026-10-03 15:59:39,290 level=INFO module=sunflow.certify msg=certified status=CERTIFIED_WITH_RELAXATION rung=split_spells tightening=0
2026-10-03 15:59:44,157 level=WARNING module=sunflow.opt msg=solve status=infeasible tc=infeasible t=2.98s
2026-10-03 16:00:06,038 level=INFO module=sunflow.opt msg=solve status=feasible obj=114983.4 gap=None t=21.56s binaries=2364 constraints=391
2026-10-03 16:00:06,072 level=INFO module=sunflow.certify msg=certified status=CERTIFIED_WITH_RELAXATION rung=split_spells tightening=0
2026-10-03 16:00:08,404 level=WARNING module=sunflow.opt msg=no admissible pattern for ['Kharosa', 'Jawali', 'Lamjana II', 'Chalburga']: infeasible by construction ({'Kharosa': {'candidates': 84, 'thermal_dropped': 84, 'kept': 0, 'longest_single_spell_blocks': 0}, 'Jawali': {'candidates': 84, 'thermal_dropped': 84, 'kept': 0, 'longest_single_spell_blocks': 0}, 'Lamjana II': {'candidates': 84, 'thermal_dropped': 84, 'kept': 0, 'longest_single_spell_blocks': 0}, 'Chalburga': {'candidates': 9, 'thermal_dropped': 9, 'kept': 0, 'longest_single_spell_blocks': 0}})
2026-10-03 16:00:08,976 level=WARNING module=sunflow.opt msg=no admissible pattern for ['Kharosa', 'Jawali', 'Lamjana II', 'Chalburga']: infeasible by construction ({'Kharosa': {'candidates': 591, 'thermal_dropped': 591, 'kept': 0, 'longest_single_spell_blocks': 0}, 'Jawali': {'candidates': 591, 'thermal_dropped': 591, 'kept': 0, 'longest_single_spell_blocks': 0}, 'Lamjana II': {'candidates': 591, 'thermal_dropped': 591, 'kept': 0, 'longest_single_spell_blocks': 0}, 'Chalburga': {'candidates': 264, 'thermal_dropped': 264, 'kept': 0, 'longest_single_spell_blocks': 0}})
2026-10-03 16:00:10,257 level=WARNING module=sunflow.opt msg=no admissible pattern for ['Kharosa', 'Jawali', 'Lamjana II', 'Chalburga']: infeasible by construction ({'Kharosa': {'candidates': 1407, 'thermal_dropped': 1407, 'kept': 0, 'longest_single_spell_blocks': 0}, 'Jawali': {'candidates': 1407, 'thermal_dropped': 1407, 'kept': 0, 'longest_single_spell_blocks': 0}, 'Lamjana II': {'candidates': 1407, 'thermal_dropped': 1407, 'kept': 0, 'longest_single_spell_blocks': 0}, 'Chalburga': {'candidates': 1407, 'thermal_dropped': 1407, 'kept': 0, 'longest_single_spell_blocks': 0}})
2026-10-03 16:00:36,343 level=INFO module=sunflow.opt msg=solve status=feasible obj=233085.4 gap=None t=24.92s binaries=5628 constraints=351
2026-10-03 16:00:37,253 level=WARNING module=sunflow.opt msg=no admissible pattern for ['Kharosa', 'Jawali', 'Lamjana II', 'Chalburga']: infeasible by construction ({'Kharosa': {'candidates': 1407, 'thermal_dropped': 1407, 'kept': 0, 'longest_single_spell_blocks': 0}, 'Jawali': {'candidates': 1407, 'thermal_dropped': 1407, 'kept': 0, 'longest_single_spell_blocks': 0}, 'Lamjana II': {'candidates': 1407, 'thermal_dropped': 1407, 'kept': 0, 'longest_single_spell_blocks': 0}, 'Chalburga': {'candidates': 1407, 'thermal_dropped': 1407, 'kept': 0, 'longest_single_spell_blocks': 0}})
2026-10-03 16:00:38,582 level=WARNING module=sunflow.opt msg=no admissible pattern for ['Kharosa', 'Jawali', 'Lamjana II', 'Chalburga']: infeasible by construction ({'Kharosa': {'candidates': 1407, 'thermal_dropped': 1407, 'kept': 0, 'longest_single_spell_blocks': 0}, 'Jawali': {'candidates': 1407, 'thermal_dropped': 1407, 'kept': 0, 'longest_single_spell_blocks': 0}, 'Lamjana II': {'candidates': 1407, 'thermal_dropped': 1407, 'kept': 0, 'longest_single_spell_blocks': 0}, 'Chalburga': {'candidates': 1407, 'thermal_dropped': 1407, 'kept': 0, 'longest_single_spell_blocks': 0}})
2026-10-03 16:00:39,527 level=WARNING module=sunflow.opt msg=no admissible pattern for ['Kharosa', 'Jawali', 'Lamjana II', 'Chalburga']: infeasible by construction ({'Kharosa': {'candidates': 1407, 'thermal_dropped': 1407, 'kept': 0, 'longest_single_spell_blocks': 0}, 'Jawali': {'candidates': 1407, 'thermal_dropped': 1407, 'kept': 0, 'longest_single_spell_blocks': 0}, 'Lamjana II': {'candidates': 1407, 'thermal_dropped': 1407, 'kept': 0, 'longest_single_spell_blocks': 0}, 'Chalburga': {'candidates': 1407, 'thermal_dropped': 1407, 'kept': 0, 'longest_single_spell_blocks': 0}})
2026-10-03 16:00:44,421 level=INFO module=sunflow.opt msg=solve status=optimal obj=313016.4 gap=0.0093 t=4.82s binaries=1206 constraints=357
2026-10-03 16:00:44,422 level=WARNING module=sunflow.certify msg=No plan satisfies every hard rule under the declared assumptions; published timetable issued with alert.
2026-10-03 16:00:46,482 level=WARNING module=sunflow.opt msg=no admissible pattern for ['Jawali']: infeasible by construction ({'Kharosa': {'candidates': 9, 'thermal_dropped': 0, 'kept': 9, 'longest_single_spell_blocks': 32}, 'Jawali': {'candidates': 0, 'thermal_dropped': 0, 'kept': 0, 'longest_single_spell_blocks': 0}, 'Lamjana II': {'candidates': 84, 'thermal_dropped': 0, 'kept': 84, 'longest_single_spell_blocks': 32}, 'Chalburga': {'candidates': 84, 'thermal_dropped': 0, 'kept': 84, 'longest_single_spell_blocks': 32}})
2026-10-03 16:00:46,831 level=WARNING module=sunflow.opt msg=no admissible pattern for ['Jawali']: infeasible by construction ({'Kharosa': {'candidates': 264, 'thermal_dropped': 0, 'kept': 264, 'longest_single_spell_blocks': 32}, 'Jawali': {'candidates': 0, 'thermal_dropped': 0, 'kept': 0, 'longest_single_spell_blocks': 0}, 'Lamjana II': {'candidates': 591, 'thermal_dropped': 0, 'kept': 591, 'longest_single_spell_blocks': 32}, 'Chalburga': {'candidates': 591, 'thermal_dropped': 0, 'kept': 591, 'longest_single_spell_blocks': 32}})
2026-10-03 16:01:13,657 level=INFO module=sunflow.opt msg=solve status=feasible obj=132110.6 gap=None t=26.16s binaries=4260 constraints=255
2026-10-03 16:01:13,706 level=INFO module=sunflow.certify msg=certified status=CERTIFIED_WITH_RELAXATION rung=feasibility_focus tightening=0
2026-10-03 16:01:15,808 level=INFO module=sunflow.opt msg=solve status=optimal obj=166467.8 gap=0.0005 t=0.64s binaries=178 constraints=328
2026-10-03 16:01:15,845 level=INFO module=sunflow.certify msg=certified status=CERTIFIED rung=nominal tightening=0
2026-10-03 16:01:15,943 level=INFO module=sunflow.certify msg=baseline guard: published timetable (Rs 33,612) not worse than plan (Rs 33,849); issuing timetable
2026-10-03 16:01:18,615 level=INFO module=sunflow.opt msg=solve status=optimal obj=143904.3 gap=0.0006 t=1.23s binaries=261 constraints=328
2026-10-03 16:01:18,672 level=INFO module=sunflow.certify msg=certified status=CERTIFIED rung=nominal tightening=0
2026-10-03 16:01:22,719 level=INFO module=sunflow.opt msg=solve status=optimal obj=50252.4 gap=0.0001 t=2.28s binaries=336 constraints=328
2026-10-03 16:01:22,763 level=INFO module=sunflow.certify msg=certified status=CERTIFIED rung=nominal tightening=0
2026-10-03 16:01:24,714 level=WARNING module=sunflow.opt msg=no admissible pattern for ['Kharosa', 'Jawali', 'Lamjana II', 'Chalburga']: infeasible by construction ({'Kharosa': {'candidates': 84, 'thermal_dropped': 84, 'kept': 0, 'longest_single_spell_blocks': 0}, 'Jawali': {'candidates': 84, 'thermal_dropped': 84, 'kept': 0, 'longest_single_spell_blocks': 0}, 'Lamjana II': {'candidates': 84, 'thermal_dropped': 84, 'kept': 0, 'longest_single_spell_blocks': 0}, 'Chalburga': {'candidates': 84, 'thermal_dropped': 84, 'kept': 0, 'longest_single_spell_blocks': 0}})
2026-10-03 16:01:25,055 level=WARNING module=sunflow.opt msg=no admissible pattern for ['Kharosa', 'Jawali', 'Lamjana II', 'Chalburga']: infeasible by construction ({'Kharosa': {'candidates': 591, 'thermal_dropped': 591, 'kept': 0, 'longest_single_spell_blocks': 0}, 'Jawali': {'candidates': 591, 'thermal_dropped': 591, 'kept': 0, 'longest_single_spell_blocks': 0}, 'Lamjana II': {'candidates': 591, 'thermal_dropped': 591, 'kept': 0, 'longest_single_spell_blocks': 0}, 'Chalburga': {'candidates': 591, 'thermal_dropped': 591, 'kept': 0, 'longest_single_spell_blocks': 0}})
2026-10-03 16:01:25,907 level=WARNING module=sunflow.opt msg=no admissible pattern for ['Kharosa', 'Jawali', 'Lamjana II', 'Chalburga']: infeasible by construction ({'Kharosa': {'candidates': 1407, 'thermal_dropped': 1407, 'kept': 0, 'longest_single_spell_blocks': 0}, 'Jawali': {'candidates': 1407, 'thermal_dropped': 1407, 'kept': 0, 'longest_single_spell_blocks': 0}, 'Lamjana II': {'candidates': 1407, 'thermal_dropped': 1407, 'kept': 0, 'longest_single_spell_blocks': 0}, 'Chalburga': {'candidates': 1407, 'thermal_dropped': 1407, 'kept': 0, 'longest_single_spell_blocks': 0}})
2026-10-03 16:01:51,174 level=INFO module=sunflow.opt msg=solve status=feasible obj=159991.5 gap=None t=24.37s binaries=5628 constraints=351
2026-10-03 16:01:52,066 level=WARNING module=sunflow.opt msg=no admissible pattern for ['Kharosa', 'Jawali', 'Lamjana II', 'Chalburga']: infeasible by construction ({'Kharosa': {'candidates': 1407, 'thermal_dropped': 1407, 'kept': 0, 'longest_single_spell_blocks': 0}, 'Jawali': {'candidates': 1407, 'thermal_dropped': 1407, 'kept': 0, 'longest_single_spell_blocks': 0}, 'Lamjana II': {'candidates': 1407, 'thermal_dropped': 1407, 'kept': 0, 'longest_single_spell_blocks': 0}, 'Chalburga': {'candidates': 1407, 'thermal_dropped': 1407, 'kept': 0, 'longest_single_spell_blocks': 0}})
2026-10-03 16:01:53,371 level=WARNING module=sunflow.opt msg=no admissible pattern for ['Kharosa', 'Jawali', 'Lamjana II', 'Chalburga']: infeasible by construction ({'Kharosa': {'candidates': 1407, 'thermal_dropped': 1407, 'kept': 0, 'longest_single_spell_blocks': 0}, 'Jawali': {'candidates': 1407, 'thermal_dropped': 1407, 'kept': 0, 'longest_single_spell_blocks': 0}, 'Lamjana II': {'candidates': 1407, 'thermal_dropped': 1407, 'kept': 0, 'longest_single_spell_blocks': 0}, 'Chalburga': {'candidates': 1407, 'thermal_dropped': 1407, 'kept': 0, 'longest_single_spell_blocks': 0}})
2026-10-03 16:01:54,476 level=WARNING module=sunflow.opt msg=no admissible pattern for ['Kharosa', 'Jawali', 'Lamjana II', 'Chalburga']: infeasible by construction ({'Kharosa': {'candidates': 1407, 'thermal_dropped': 1407, 'kept': 0, 'longest_single_spell_blocks': 0}, 'Jawali': {'candidates': 1407, 'thermal_dropped': 1407, 'kept': 0, 'longest_single_spell_blocks': 0}, 'Lamjana II': {'candidates': 1407, 'thermal_dropped': 1407, 'kept': 0, 'longest_single_spell_blocks': 0}, 'Chalburga': {'candidates': 1407, 'thermal_dropped': 1407, 'kept': 0, 'longest_single_spell_blocks': 0}})
2026-10-03 16:01:58,822 level=INFO module=sunflow.opt msg=solve status=optimal obj=293657.8 gap=0.0046 t=4.29s binaries=1294 constraints=357
2026-10-03 16:01:58,822 level=WARNING module=sunflow.certify msg=No plan satisfies every hard rule under the declared assumptions; published timetable issued with alert.
2026-10-03 16:02:01,271 level=INFO module=sunflow.opt msg=solve status=optimal obj=94219.0 gap=0.0006 t=0.97s binaries=267 constraints=328
2026-10-03 16:02:22,333 level=INFO module=sunflow.opt msg=solve status=feasible obj=84250.8 gap=None t=20.57s binaries=1850 constraints=351
2026-10-03 16:02:22,373 level=INFO module=sunflow.certify msg=certified without night compensation using split spells
2026-10-03 16:02:24,415 level=WARNING module=sunflow.opt msg=no admissible pattern for ['Lamjana II']: infeasible by construction ({'Kharosa': {'candidates': 84, 'thermal_dropped': 2, 'kept': 82, 'longest_single_spell_blocks': 32}, 'Jawali': {'candidates': 9, 'thermal_dropped': 2, 'kept': 7, 'longest_single_spell_blocks': 32}, 'Lamjana II': {'candidates': 84, 'thermal_dropped': 84, 'kept': 0, 'longest_single_spell_blocks': 0}, 'Chalburga': {'candidates': 9, 'thermal_dropped': 2, 'kept': 7, 'longest_single_spell_blocks': 32}})
2026-10-03 16:02:24,797 level=WARNING module=sunflow.opt msg=no admissible pattern for ['Lamjana II']: infeasible by construction ({'Kharosa': {'candidates': 591, 'thermal_dropped': 2, 'kept': 589, 'longest_single_spell_blocks': 32}, 'Jawali': {'candidates': 264, 'thermal_dropped': 2, 'kept': 262, 'longest_single_spell_blocks': 32}, 'Lamjana II': {'candidates': 591, 'thermal_dropped': 591, 'kept': 0, 'longest_single_spell_blocks': 0}, 'Chalburga': {'candidates': 264, 'thermal_dropped': 2, 'kept': 262, 'longest_single_spell_blocks': 32}})
2026-10-03 16:02:25,766 level=WARNING module=sunflow.opt msg=no admissible pattern for ['Lamjana II']: infeasible by construction ({'Kharosa': {'candidates': 1407, 'thermal_dropped': 2, 'kept': 1405, 'longest_single_spell_blocks': 32}, 'Jawali': {'candidates': 1407, 'thermal_dropped': 2, 'kept': 1405, 'longest_single_spell_blocks': 32}, 'Lamjana II': {'candidates': 1407, 'thermal_dropped': 1407, 'kept': 0, 'longest_single_spell_blocks': 0}, 'Chalburga': {'candidates': 1407, 'thermal_dropped': 2, 'kept': 1405, 'longest_single_spell_blocks': 32}})
2026-10-03 16:02:52,193 level=INFO module=sunflow.opt msg=solve status=feasible obj=130843.3 gap=None t=25.52s binaries=5628 constraints=351
2026-10-03 16:02:53,590 level=WARNING module=sunflow.opt msg=no admissible pattern for ['Lamjana II']: infeasible by construction ({'Kharosa': {'candidates': 1407, 'thermal_dropped': 2, 'kept': 1405, 'longest_single_spell_blocks': 32}, 'Jawali': {'candidates': 1407, 'thermal_dropped': 2, 'kept': 1405, 'longest_single_spell_blocks': 32}, 'Lamjana II': {'candidates': 1407, 'thermal_dropped': 1407, 'kept': 0, 'longest_single_spell_blocks': 0}, 'Chalburga': {'candidates': 1407, 'thermal_dropped': 2, 'kept': 1405, 'longest_single_spell_blocks': 32}})
2026-10-03 16:02:54,969 level=WARNING module=sunflow.opt msg=no admissible pattern for ['Lamjana II']: infeasible by construction ({'Kharosa': {'candidates': 1407, 'thermal_dropped': 2, 'kept': 1405, 'longest_single_spell_blocks': 32}, 'Jawali': {'candidates': 1407, 'thermal_dropped': 2, 'kept': 1405, 'longest_single_spell_blocks': 32}, 'Lamjana II': {'candidates': 1407, 'thermal_dropped': 1407, 'kept': 0, 'longest_single_spell_blocks': 0}, 'Chalburga': {'candidates': 1407, 'thermal_dropped': 2, 'kept': 1405, 'longest_single_spell_blocks': 32}})
2026-10-03 16:02:55,998 level=WARNING module=sunflow.opt msg=no admissible pattern for ['Lamjana II']: infeasible by construction ({'Kharosa': {'candidates': 1407, 'thermal_dropped': 2, 'kept': 1405, 'longest_single_spell_blocks': 32}, 'Jawali': {'candidates': 1407, 'thermal_dropped': 2, 'kept': 1405, 'longest_single_spell_blocks': 32}, 'Lamjana II': {'candidates': 1407, 'thermal_dropped': 1407, 'kept': 0, 'longest_single_spell_blocks': 0}, 'Chalburga': {'candidates': 1407, 'thermal_dropped': 2, 'kept': 1405, 'longest_single_spell_blocks': 32}})
2026-10-03 16:03:37,490 level=INFO module=sunflow.opt msg=solve status=feasible obj=152611.3 gap=None t=40.44s binaries=10822 constraints=357
2026-10-03 16:03:37,490 level=WARNING module=sunflow.certify msg=No plan satisfies every hard rule under the declared assumptions; published timetable issued with alert.
2026-10-03 16:03:40,392 level=INFO module=sunflow.opt msg=solve status=optimal obj=67990.1 gap=0.0006 t=2.83s binaries=336 constraints=328
2026-10-03 16:03:40,464 level=INFO module=sunflow.certify msg=certified status=CERTIFIED rung=nominal tightening=0
2026-10-03 16:03:42,541 level=WARNING module=sunflow.opt msg=no admissible pattern for ['Kharosa', 'Jawali', 'Lamjana II', 'Chalburga']: infeasible by construction ({'Kharosa': {'candidates': 84, 'thermal_dropped': 84, 'kept': 0, 'longest_single_spell_blocks': 0}, 'Jawali': {'candidates': 84, 'thermal_dropped': 84, 'kept': 0, 'longest_single_spell_blocks': 0}, 'Lamjana II': {'candidates': 84, 'thermal_dropped': 84, 'kept': 0, 'longest_single_spell_blocks': 0}, 'Chalburga': {'candidates': 84, 'thermal_dropped': 84, 'kept': 0, 'longest_single_spell_blocks': 0}})
2026-10-03 16:03:50,150 level=INFO module=sunflow.opt msg=solve status=optimal obj=166519.0 gap=0.027 t=7.49s binaries=648 constraints=338
2026-10-03 16:03:50,187 level=INFO module=sunflow.certify msg=certified status=CERTIFIED_WITH_RELAXATION rung=split_spells tightening=0
2026-10-03 16:03:53,550 level=INFO module=sunflow.opt msg=solve status=optimal obj=52962.9 gap=0.0006 t=1.20s binaries=336 constraints=328
2026-10-03 16:03:53,587 level=INFO module=sunflow.certify msg=certified status=CERTIFIED rung=nominal tightening=0
2026-10-03 16:03:55,421 level=WARNING module=sunflow.opt msg=no admissible pattern for ['Kharosa', 'Jawali', 'Lamjana II', 'Chalburga']: infeasible by construction ({'Kharosa': {'candidates': 84, 'thermal_dropped': 84, 'kept': 0, 'longest_single_spell_blocks': 0}, 'Jawali': {'candidates': 84, 'thermal_dropped': 84, 'kept': 0, 'longest_single_spell_blocks': 0}, 'Lamjana II': {'candidates': 84, 'thermal_dropped': 84, 'kept': 0, 'longest_single_spell_blocks': 0}, 'Chalburga': {'candidates': 84, 'thermal_dropped': 84, 'kept': 0, 'longest_single_spell_blocks': 0}})
2026-10-03 16:03:56,231 level=WARNING module=sunflow.opt msg=no admissible pattern for ['Kharosa', 'Jawali', 'Lamjana II', 'Chalburga']: infeasible by construction ({'Kharosa': {'candidates': 591, 'thermal_dropped': 591, 'kept': 0, 'longest_single_spell_blocks': 0}, 'Jawali': {'candidates': 591, 'thermal_dropped': 591, 'kept': 0, 'longest_single_spell_blocks': 0}, 'Lamjana II': {'candidates': 591, 'thermal_dropped': 591, 'kept': 0, 'longest_single_spell_blocks': 0}, 'Chalburga': {'candidates': 591, 'thermal_dropped': 591, 'kept': 0, 'longest_single_spell_blocks': 0}})
2026-10-03 16:03:57,007 level=WARNING module=sunflow.opt msg=no admissible pattern for ['Kharosa', 'Jawali', 'Lamjana II', 'Chalburga']: infeasible by construction ({'Kharosa': {'candidates': 1407, 'thermal_dropped': 1407, 'kept': 0, 'longest_single_spell_blocks': 0}, 'Jawali': {'candidates': 1407, 'thermal_dropped': 1407, 'kept': 0, 'longest_single_spell_blocks': 0}, 'Lamjana II': {'candidates': 1407, 'thermal_dropped': 1407, 'kept': 0, 'longest_single_spell_blocks': 0}, 'Chalburga': {'candidates': 1407, 'thermal_dropped': 1407, 'kept': 0, 'longest_single_spell_blocks': 0}})
2026-10-03 16:04:21,767 level=INFO module=sunflow.opt msg=solve status=feasible obj=198453.4 gap=None t=24.03s binaries=5628 constraints=391
2026-10-03 16:04:22,523 level=WARNING module=sunflow.opt msg=no admissible pattern for ['Kharosa', 'Jawali', 'Lamjana II', 'Chalburga']: infeasible by construction ({'Kharosa': {'candidates': 1407, 'thermal_dropped': 1407, 'kept': 0, 'longest_single_spell_blocks': 0}, 'Jawali': {'candidates': 1407, 'thermal_dropped': 1407, 'kept': 0, 'longest_single_spell_blocks': 0}, 'Lamjana II': {'candidates': 1407, 'thermal_dropped': 1407, 'kept': 0, 'longest_single_spell_blocks': 0}, 'Chalburga': {'candidates': 1407, 'thermal_dropped': 1407, 'kept': 0, 'longest_single_spell_blocks': 0}})
2026-10-03 16:04:23,255 level=WARNING module=sunflow.opt msg=no admissible pattern for ['Kharosa', 'Jawali', 'Lamjana II', 'Chalburga']: infeasible by construction ({'Kharosa': {'candidates': 1407, 'thermal_dropped': 1407, 'kept': 0, 'longest_single_spell_blocks': 0}, 'Jawali': {'candidates': 1407, 'thermal_dropped': 1407, 'kept': 0, 'longest_single_spell_blocks': 0}, 'Lamjana II': {'candidates': 1407, 'thermal_dropped': 1407, 'kept': 0, 'longest_single_spell_blocks': 0}, 'Chalburga': {'candidates': 1407, 'thermal_dropped': 1407, 'kept': 0, 'longest_single_spell_blocks': 0}})
2026-10-03 16:04:24,042 level=WARNING module=sunflow.opt msg=no admissible pattern for ['Kharosa', 'Jawali', 'Lamjana II', 'Chalburga']: infeasible by construction ({'Kharosa': {'candidates': 1407, 'thermal_dropped': 1407, 'kept': 0, 'longest_single_spell_blocks': 0}, 'Jawali': {'candidates': 1407, 'thermal_dropped': 1407, 'kept': 0, 'longest_single_spell_blocks': 0}, 'Lamjana II': {'candidates': 1407, 'thermal_dropped': 1407, 'kept': 0, 'longest_single_spell_blocks': 0}, 'Chalburga': {'candidates': 1407, 'thermal_dropped': 1407, 'kept': 0, 'longest_single_spell_blocks': 0}})
2026-10-03 16:04:32,807 level=INFO module=sunflow.opt msg=solve status=optimal obj=298934.7 gap=0.0049 t=8.62s binaries=1420 constraints=397
2026-10-03 16:04:32,808 level=WARNING module=sunflow.certify msg=No plan satisfies every hard rule under the declared assumptions; published timetable issued with alert.
2026-10-03 16:04:36,207 level=INFO module=sunflow.opt msg=solve status=optimal obj=158235.2 gap=0.0 t=1.43s binaries=336 constraints=328
2026-10-03 16:04:36,254 level=INFO module=sunflow.certify msg=certified status=CERTIFIED rung=nominal tightening=0
2026-10-03 16:04:36,369 level=INFO module=sunflow.certify msg=baseline guard: published timetable (Rs 84,410) not worse than plan (Rs 84,410); issuing timetable
2026-10-03 16:04:37,942 level=INFO module=sunflow.opt msg=solve status=optimal obj=109929.6 gap=0.0 t=1.48s binaries=261 constraints=328
2026-10-03 16:04:37,989 level=INFO module=sunflow.certify msg=certified status=CERTIFIED rung=nominal tightening=0
2026-10-03 16:04:39,929 level=WARNING module=sunflow.opt msg=no admissible pattern for ['Kharosa']: infeasible by construction ({'Kharosa': {'candidates': 0, 'thermal_dropped': 0, 'kept': 0, 'longest_single_spell_blocks': 0}, 'Jawali': {'candidates': 84, 'thermal_dropped': 0, 'kept': 84, 'longest_single_spell_blocks': 32}, 'Lamjana II': {'candidates': 9, 'thermal_dropped': 0, 'kept': 9, 'longest_single_spell_blocks': 32}, 'Chalburga': {'candidates': 84, 'thermal_dropped': 0, 'kept': 84, 'longest_single_spell_blocks': 32}})
2026-10-03 16:05:02,872 level=INFO module=sunflow.opt msg=solve status=feasible obj=49992.6 gap=0.988 t=21.82s binaries=1485 constraints=349
2026-10-03 16:05:03,174 level=INFO module=sunflow.certify msg=certified status=CERTIFIED_WITH_RELAXATION rung=split_spells tightening=0
2026-10-03 16:05:09,001 level=INFO module=sunflow.opt msg=solve status=optimal obj=53770.6 gap=0.0 t=1.95s binaries=186 constraints=328
2026-10-03 16:05:09,186 level=INFO module=sunflow.certify msg=certified status=CERTIFIED rung=nominal tightening=0
2026-10-03 16:05:09,582 level=INFO module=sunflow.certify msg=baseline guard: published timetable (Rs 20,289) not worse than plan (Rs 21,193); issuing timetable
2026-10-03 16:05:12,537 level=WARNING module=sunflow.opt msg=no admissible pattern for ['Kharosa', 'Jawali', 'Lamjana II', 'Chalburga']: infeasible by construction ({'Kharosa': {'candidates': 84, 'thermal_dropped': 84, 'kept': 0, 'longest_single_spell_blocks': 0}, 'Jawali': {'candidates': 15, 'thermal_dropped': 15, 'kept': 0, 'longest_single_spell_blocks': 0}, 'Lamjana II': {'candidates': 84, 'thermal_dropped': 84, 'kept': 0, 'longest_single_spell_blocks': 0}, 'Chalburga': {'candidates': 84, 'thermal_dropped': 84, 'kept': 0, 'longest_single_spell_blocks': 0}})
2026-10-03 16:05:12,840 level=WARNING module=sunflow.opt msg=no admissible pattern for ['Kharosa', 'Jawali', 'Lamjana II', 'Chalburga']: infeasible by construction ({'Kharosa': {'candidates': 591, 'thermal_dropped': 591, 'kept': 0, 'longest_single_spell_blocks': 0}, 'Jawali': {'candidates': 24, 'thermal_dropped': 24, 'kept': 0, 'longest_single_spell_blocks': 0}, 'Lamjana II': {'candidates': 591, 'thermal_dropped': 591, 'kept': 0, 'longest_single_spell_blocks': 0}, 'Chalburga': {'candidates': 591, 'thermal_dropped': 591, 'kept': 0, 'longest_single_spell_blocks': 0}})
2026-10-03 16:05:13,575 level=WARNING module=sunflow.opt msg=no admissible pattern for ['Kharosa', 'Jawali', 'Lamjana II', 'Chalburga']: infeasible by construction ({'Kharosa': {'candidates': 1407, 'thermal_dropped': 1407, 'kept': 0, 'longest_single_spell_blocks': 0}, 'Jawali': {'candidates': 24, 'thermal_dropped': 24, 'kept': 0, 'longest_single_spell_blocks': 0}, 'Lamjana II': {'candidates': 1407, 'thermal_dropped': 1407, 'kept': 0, 'longest_single_spell_blocks': 0}, 'Chalburga': {'candidates': 1407, 'thermal_dropped': 1407, 'kept': 0, 'longest_single_spell_blocks': 0}})
2026-10-03 16:05:37,249 level=INFO module=sunflow.opt msg=solve status=feasible obj=226569.1 gap=None t=23.07s binaries=4245 constraints=351
2026-10-03 16:05:38,635 level=WARNING module=sunflow.opt msg=no admissible pattern for ['Kharosa', 'Jawali', 'Lamjana II', 'Chalburga']: infeasible by construction ({'Kharosa': {'candidates': 1407, 'thermal_dropped': 1407, 'kept': 0, 'longest_single_spell_blocks': 0}, 'Jawali': {'candidates': 24, 'thermal_dropped': 24, 'kept': 0, 'longest_single_spell_blocks': 0}, 'Lamjana II': {'candidates': 1407, 'thermal_dropped': 1407, 'kept': 0, 'longest_single_spell_blocks': 0}, 'Chalburga': {'candidates': 1407, 'thermal_dropped': 1407, 'kept': 0, 'longest_single_spell_blocks': 0}})
2026-10-03 16:05:39,347 level=WARNING module=sunflow.opt msg=no admissible pattern for ['Kharosa', 'Jawali', 'Lamjana II', 'Chalburga']: infeasible by construction ({'Kharosa': {'candidates': 1407, 'thermal_dropped': 1407, 'kept': 0, 'longest_single_spell_blocks': 0}, 'Jawali': {'candidates': 24, 'thermal_dropped': 24, 'kept': 0, 'longest_single_spell_blocks': 0}, 'Lamjana II': {'candidates': 1407, 'thermal_dropped': 1407, 'kept': 0, 'longest_single_spell_blocks': 0}, 'Chalburga': {'candidates': 1407, 'thermal_dropped': 1407, 'kept': 0, 'longest_single_spell_blocks': 0}})
2026-10-03 16:05:39,973 level=WARNING module=sunflow.opt msg=no admissible pattern for ['Kharosa', 'Jawali', 'Lamjana II', 'Chalburga']: infeasible by construction ({'Kharosa': {'candidates': 1407, 'thermal_dropped': 1407, 'kept': 0, 'longest_single_spell_blocks': 0}, 'Jawali': {'candidates': 24, 'thermal_dropped': 24, 'kept': 0, 'longest_single_spell_blocks': 0}, 'Lamjana II': {'candidates': 1407, 'thermal_dropped': 1407, 'kept': 0, 'longest_single_spell_blocks': 0}, 'Chalburga': {'candidates': 1407, 'thermal_dropped': 1407, 'kept': 0, 'longest_single_spell_blocks': 0}})
2026-10-03 16:05:52,455 level=INFO module=sunflow.opt msg=solve status=feasible obj=263033.0 gap=0.9973 t=12.31s binaries=2321 constraints=357
2026-10-03 16:05:52,455 level=WARNING module=sunflow.certify msg=No plan satisfies every hard rule under the declared assumptions; published timetable issued with alert.
2026-10-03 16:05:55,320 level=INFO module=sunflow.opt msg=solve status=optimal obj=99702.6 gap=0.0005 t=1.22s binaries=261 constraints=328
2026-10-03 16:05:55,368 level=INFO module=sunflow.certify msg=certified status=CERTIFIED rung=nominal tightening=0
2026-10-03 16:05:57,118 level=WARNING module=sunflow.opt msg=no admissible pattern for ['Lamjana II']: infeasible by construction ({'Kharosa': {'candidates': 84, 'thermal_dropped': 0, 'kept': 84, 'longest_single_spell_blocks': 32}, 'Jawali': {'candidates': 84, 'thermal_dropped': 0, 'kept': 84, 'longest_single_spell_blocks': 32}, 'Lamjana II': {'candidates': 0, 'thermal_dropped': 0, 'kept': 0, 'longest_single_spell_blocks': 0}, 'Chalburga': {'candidates': 84, 'thermal_dropped': 0, 'kept': 84, 'longest_single_spell_blocks': 32}})
2026-10-03 16:06:11,055 level=INFO module=sunflow.opt msg=solve status=optimal obj=145553.5 gap=0.0 t=13.70s binaries=1777 constraints=351
2026-10-03 16:06:11,088 level=INFO module=sunflow.certify msg=certified status=CERTIFIED_WITH_RELAXATION rung=split_spells tightening=0
2026-10-03 16:06:13,461 level=INFO module=sunflow.opt msg=solve status=optimal obj=105333.8 gap=0.0003 t=1.11s binaries=324 constraints=328
2026-10-03 16:06:34,874 level=INFO module=sunflow.opt msg=solve status=feasible obj=97945.6 gap=None t=20.87s binaries=2352 constraints=351
2026-10-03 16:06:34,923 level=INFO module=sunflow.certify msg=certified without night compensation using split spells
2026-10-03 16:06:35,023 level=INFO module=sunflow.certify msg=baseline guard: published timetable (Rs 18,476) not worse than plan (Rs 29,179); issuing timetable
2026-10-03 16:06:35,129 level=WARNING module=sunflow.opt msg=no admissible pattern for ['Chalburga']: infeasible by construction ({'Kharosa': {'candidates': 84, 'thermal_dropped': 0, 'kept': 84, 'longest_single_spell_blocks': 32}, 'Jawali': {'candidates': 9, 'thermal_dropped': 0, 'kept': 9, 'longest_single_spell_blocks': 32}, 'Lamjana II': {'candidates': 84, 'thermal_dropped': 0, 'kept': 84, 'longest_single_spell_blocks': 32}, 'Chalburga': {'candidates': 84, 'thermal_dropped': 84, 'kept': 0, 'longest_single_spell_blocks': 0}})
2026-10-03 16:06:45,746 level=INFO module=sunflow.opt msg=solve status=optimal obj=100068.9 gap=0.0077 t=10.41s binaries=1448 constraints=351
2026-10-03 16:06:45,830 level=INFO module=sunflow.certify msg=certified status=CERTIFIED_WITH_RELAXATION rung=split_spells tightening=0
shard 4/8: 75 done, 1651s, statuses {'CERTIFIED_WITH_RELAXATION': 19, 'INFEASIBLE': 16, 'CERTIFIED': 40}, violations on certified plans: 0
2026-10-03 16:06:48,780 level=INFO module=sunflow.opt msg=solve status=optimal obj=46603.6 gap=0.0 t=1.47s binaries=261 constraints=328
2026-10-03 16:06:48,811 level=INFO module=sunflow.certify msg=certified status=CERTIFIED rung=nominal tightening=0
2026-10-03 16:06:50,306 level=WARNING module=sunflow.opt msg=no admissible pattern for ['Kharosa', 'Jawali', 'Lamjana II', 'Chalburga']: infeasible by construction ({'Kharosa': {'candidates': 84, 'thermal_dropped': 84, 'kept': 0, 'longest_single_spell_blocks': 0}, 'Jawali': {'candidates': 84, 'thermal_dropped': 84, 'kept': 0, 'longest_single_spell_blocks': 0}, 'Lamjana II': {'candidates': 84, 'thermal_dropped': 84, 'kept': 0, 'longest_single_spell_blocks': 0}, 'Chalburga': {'candidates': 84, 'thermal_dropped': 84, 'kept': 0, 'longest_single_spell_blocks': 0}})
2026-10-03 16:06:50,591 level=WARNING module=sunflow.opt msg=no admissible pattern for ['Kharosa', 'Jawali', 'Lamjana II', 'Chalburga']: infeasible by construction ({'Kharosa': {'candidates': 591, 'thermal_dropped': 591, 'kept': 0, 'longest_single_spell_blocks': 0}, 'Jawali': {'candidates': 591, 'thermal_dropped': 591, 'kept': 0, 'longest_single_spell_blocks': 0}, 'Lamjana II': {'candidates': 591, 'thermal_dropped': 591, 'kept': 0, 'longest_single_spell_blocks': 0}, 'Chalburga': {'candidates': 591, 'thermal_dropped': 591, 'kept': 0, 'longest_single_spell_blocks': 0}})
2026-10-03 16:06:51,381 level=WARNING module=sunflow.opt msg=no admissible pattern for ['Kharosa', 'Jawali', 'Lamjana II', 'Chalburga']: infeasible by construction ({'Kharosa': {'candidates': 1407, 'thermal_dropped': 1407, 'kept': 0, 'longest_single_spell_blocks': 0}, 'Jawali': {'candidates': 1407, 'thermal_dropped': 1407, 'kept': 0, 'longest_single_spell_blocks': 0}, 'Lamjana II': {'candidates': 1407, 'thermal_dropped': 1407, 'kept': 0, 'longest_single_spell_blocks': 0}, 'Chalburga': {'candidates': 1407, 'thermal_dropped': 1407, 'kept': 0, 'longest_single_spell_blocks': 0}})
2026-10-03 16:07:13,680 level=INFO module=sunflow.opt msg=solve status=feasible obj=162706.4 gap=None t=21.37s binaries=5628 constraints=351
2026-10-03 16:07:15,368 level=WARNING module=sunflow.opt msg=no admissible pattern for ['Kharosa', 'Jawali', 'Lamjana II', 'Chalburga']: infeasible by construction ({'Kharosa': {'candidates': 1407, 'thermal_dropped': 1407, 'kept': 0, 'longest_single_spell_blocks': 0}, 'Jawali': {'candidates': 1407, 'thermal_dropped': 1407, 'kept': 0, 'longest_single_spell_blocks': 0}, 'Lamjana II': {'candidates': 1407, 'thermal_dropped': 1407, 'kept': 0, 'longest_single_spell_blocks': 0}, 'Chalburga': {'candidates': 1407, 'thermal_dropped': 1407, 'kept': 0, 'longest_single_spell_blocks': 0}})
2026-10-03 16:07:16,177 level=WARNING module=sunflow.opt msg=no admissible pattern for ['Kharosa', 'Jawali', 'Lamjana II', 'Chalburga']: infeasible by construction ({'Kharosa': {'candidates': 1407, 'thermal_dropped': 1407, 'kept': 0, 'longest_single_spell_blocks': 0}, 'Jawali': {'candidates': 1407, 'thermal_dropped': 1407, 'kept': 0, 'longest_single_spell_blocks': 0}, 'Lamjana II': {'candidates': 1407, 'thermal_dropped': 1407, 'kept': 0, 'longest_single_spell_blocks': 0}, 'Chalburga': {'candidates': 1407, 'thermal_dropped': 1407, 'kept': 0, 'longest_single_spell_blocks': 0}})
2026-10-03 16:07:17,132 level=WARNING module=sunflow.opt msg=no admissible pattern for ['Kharosa', 'Jawali', 'Lamjana II', 'Chalburga']: infeasible by construction ({'Kharosa': {'candidates': 1407, 'thermal_dropped': 1407, 'kept': 0, 'longest_single_spell_blocks': 0}, 'Jawali': {'candidates': 1407, 'thermal_dropped': 1407, 'kept': 0, 'longest_single_spell_blocks': 0}, 'Lamjana II': {'candidates': 1407, 'thermal_dropped': 1407, 'kept': 0, 'longest_single_spell_blocks': 0}, 'Chalburga': {'candidates': 1407, 'thermal_dropped': 1407, 'kept': 0, 'longest_single_spell_blocks': 0}})
2026-10-03 16:07:21,194 level=INFO module=sunflow.opt msg=solve status=optimal obj=319187.6 gap=0.0066 t=4.02s binaries=1208 constraints=357
2026-10-03 16:07:21,195 level=WARNING module=sunflow.certify msg=No plan satisfies every hard rule under the declared assumptions; published timetable issued with alert.
2026-10-03 16:07:24,676 level=INFO module=sunflow.opt msg=solve status=optimal obj=135106.3 gap=0.0002 t=1.97s binaries=261 constraints=328
2026-10-03 16:07:24,746 level=INFO module=sunflow.certify msg=certified status=CERTIFIED rung=nominal tightening=0
2026-10-03 16:07:27,075 level=WARNING module=sunflow.opt msg=no admissible pattern for ['Lamjana II', 'Chalburga']: infeasible by construction ({'Kharosa': {'candidates': 84, 'thermal_dropped': 69, 'kept': 15, 'longest_single_spell_blocks': 28}, 'Jawali': {'candidates': 84, 'thermal_dropped': 69, 'kept': 15, 'longest_single_spell_blocks': 28}, 'Lamjana II': {'candidates': 9, 'thermal_dropped': 9, 'kept': 0, 'longest_single_spell_blocks': 0}, 'Chalburga': {'candidates': 9, 'thermal_dropped': 9, 'kept': 0, 'longest_single_spell_blocks': 0}})
2026-10-03 16:07:44,328 level=INFO module=sunflow.opt msg=solve status=optimal obj=151339.5 gap=0.0222 t=17.01s binaries=1116 constraints=347
2026-10-03 16:07:44,386 level=INFO module=sunflow.certify msg=certified status=CERTIFIED_WITH_RELAXATION rung=split_spells tightening=0
2026-10-03 16:07:44,587 level=INFO module=sunflow.certify msg=baseline guard: published timetable (Rs 23,358) not worse than plan (Rs 54,545); issuing timetable
2026-10-03 16:08:04,189 level=WARNING module=sunflow.opt msg=solve status=timeout tc=maxtimelimit t=16.99s
2026-10-03 16:08:26,338 level=INFO module=sunflow.opt msg=solve status=feasible obj=141787.9 gap=None t=21.79s binaries=2364 constraints=351
2026-10-03 16:08:26,397 level=INFO module=sunflow.certify msg=certified status=CERTIFIED_WITH_RELAXATION rung=split_spells tightening=0
2026-10-03 16:08:30,535 level=INFO module=sunflow.opt msg=solve status=optimal obj=51498.3 gap=0.0005 t=1.95s binaries=336 constraints=328
2026-10-03 16:08:30,585 level=INFO module=sunflow.certify msg=certified status=CERTIFIED rung=nominal tightening=0
2026-10-03 16:08:30,950 level=WARNING module=sunflow.opt msg=no admissible pattern for ['Jawali']: infeasible by construction ({'Kharosa': {'candidates': 9, 'thermal_dropped': 3, 'kept': 6, 'longest_single_spell_blocks': 32}, 'Jawali': {'candidates': 84, 'thermal_dropped': 84, 'kept': 0, 'longest_single_spell_blocks': 0}, 'Lamjana II': {'candidates': 84, 'thermal_dropped': 15, 'kept': 69, 'longest_single_spell_blocks': 32}, 'Chalburga': {'candidates': 9, 'thermal_dropped': 3, 'kept': 6, 'longest_single_spell_blocks': 32}})
2026-10-03 16:08:31,450 level=WARNING module=sunflow.opt msg=no admissible pattern for ['Jawali']: infeasible by construction ({'Kharosa': {'candidates': 264, 'thermal_dropped': 3, 'kept': 261, 'longest_single_spell_blocks': 32}, 'Jawali': {'candidates': 591, 'thermal_dropped': 591, 'kept': 0, 'longest_single_spell_blocks': 0}, 'Lamjana II': {'candidates': 591, 'thermal_dropped': 15, 'kept': 576, 'longest_single_spell_blocks': 32}, 'Chalburga': {'candidates': 264, 'thermal_dropped': 3, 'kept': 261, 'longest_single_spell_blocks': 32}})
2026-10-03 16:08:32,350 level=WARNING module=sunflow.opt msg=no admissible pattern for ['Jawali']: infeasible by construction ({'Kharosa': {'candidates': 1407, 'thermal_dropped': 15, 'kept': 1392, 'longest_single_spell_blocks': 32}, 'Jawali': {'candidates': 1407, 'thermal_dropped': 1407, 'kept': 0, 'longest_single_spell_blocks': 0}, 'Lamjana II': {'candidates': 1407, 'thermal_dropped': 15, 'kept': 1392, 'longest_single_spell_blocks': 32}, 'Chalburga': {'candidates': 1407, 'thermal_dropped': 15, 'kept': 1392, 'longest_single_spell_blocks': 32}})
2026-10-03 16:08:58,813 level=INFO module=sunflow.opt msg=solve status=feasible obj=148853.0 gap=None t=25.69s binaries=5628 constraints=351
2026-10-03 16:08:59,660 level=WARNING module=sunflow.opt msg=no admissible pattern for ['Jawali']: infeasible by construction ({'Kharosa': {'candidates': 1407, 'thermal_dropped': 15, 'kept': 1392, 'longest_single_spell_blocks': 32}, 'Jawali': {'candidates': 1407, 'thermal_dropped': 1407, 'kept': 0, 'longest_single_spell_blocks': 0}, 'Lamjana II': {'candidates': 1407, 'thermal_dropped': 15, 'kept': 1392, 'longest_single_spell_blocks': 32}, 'Chalburga': {'candidates': 1407, 'thermal_dropped': 15, 'kept': 1392, 'longest_single_spell_blocks': 32}})
2026-10-03 16:09:00,634 level=WARNING module=sunflow.opt msg=no admissible pattern for ['Jawali']: infeasible by construction ({'Kharosa': {'candidates': 1407, 'thermal_dropped': 15, 'kept': 1392, 'longest_single_spell_blocks': 32}, 'Jawali': {'candidates': 1407, 'thermal_dropped': 1407, 'kept': 0, 'longest_single_spell_blocks': 0}, 'Lamjana II': {'candidates': 1407, 'thermal_dropped': 15, 'kept': 1392, 'longest_single_spell_blocks': 32}, 'Chalburga': {'candidates': 1407, 'thermal_dropped': 15, 'kept': 1392, 'longest_single_spell_blocks': 32}})
2026-10-03 16:09:01,510 level=WARNING module=sunflow.opt msg=no admissible pattern for ['Jawali']: infeasible by construction ({'Kharosa': {'candidates': 1407, 'thermal_dropped': 15, 'kept': 1392, 'longest_single_spell_blocks': 32}, 'Jawali': {'candidates': 1407, 'thermal_dropped': 1407, 'kept': 0, 'longest_single_spell_blocks': 0}, 'Lamjana II': {'candidates': 1407, 'thermal_dropped': 15, 'kept': 1392, 'longest_single_spell_blocks': 32}, 'Chalburga': {'candidates': 1407, 'thermal_dropped': 15, 'kept': 1392, 'longest_single_spell_blocks': 32}})
2026-10-03 16:09:49,190 level=INFO module=sunflow.opt msg=solve status=feasible obj=169142.5 gap=None t=46.32s binaries=10803 constraints=357
2026-10-03 16:09:49,190 level=WARNING module=sunflow.certify msg=No plan satisfies every hard rule under the declared assumptions; published timetable issued with alert.
2026-10-03 16:09:51,743 level=INFO module=sunflow.opt msg=solve status=optimal obj=116339.9 gap=0.0005 t=1.00s binaries=186 constraints=328
2026-10-03 16:09:51,781 level=INFO module=sunflow.certify msg=certified status=CERTIFIED rung=nominal tightening=0
2026-10-03 16:09:52,000 level=WARNING module=sunflow.opt msg=no admissible pattern for ['Kharosa', 'Jawali', 'Lamjana II', 'Chalburga']: infeasible by construction ({'Kharosa': {'candidates': 84, 'thermal_dropped': 84, 'kept': 0, 'longest_single_spell_blocks': 0}, 'Jawali': {'candidates': 84, 'thermal_dropped': 84, 'kept': 0, 'longest_single_spell_blocks': 0}, 'Lamjana II': {'candidates': 84, 'thermal_dropped': 84, 'kept': 0, 'longest_single_spell_blocks': 0}, 'Chalburga': {'candidates': 84, 'thermal_dropped': 84, 'kept': 0, 'longest_single_spell_blocks': 0}})
2026-10-03 16:09:52,417 level=WARNING module=sunflow.opt msg=no admissible pattern for ['Lamjana II']: infeasible by construction ({'Kharosa': {'candidates': 591, 'thermal_dropped': 543, 'kept': 48, 'longest_single_spell_blocks': 0}, 'Jawali': {'candidates': 591, 'thermal_dropped': 543, 'kept': 48, 'longest_single_spell_blocks': 0}, 'Lamjana II': {'candidates': 591, 'thermal_dropped': 591, 'kept': 0, 'longest_single_spell_blocks': 0}, 'Chalburga': {'candidates': 591, 'thermal_dropped': 543, 'kept': 48, 'longest_single_spell_blocks': 0}})
2026-10-03 16:09:53,367 level=WARNING module=sunflow.opt msg=no admissible pattern for ['Lamjana II']: infeasible by construction ({'Kharosa': {'candidates': 1407, 'thermal_dropped': 1329, 'kept': 78, 'longest_single_spell_blocks': 0}, 'Jawali': {'candidates': 1407, 'thermal_dropped': 1329, 'kept': 78, 'longest_single_spell_blocks': 0}, 'Lamjana II': {'candidates': 1407, 'thermal_dropped': 1407, 'kept': 0, 'longest_single_spell_blocks': 0}, 'Chalburga': {'candidates': 1407, 'thermal_dropped': 1329, 'kept': 78, 'longest_single_spell_blocks': 0}})
2026-10-03 16:10:19,862 level=INFO module=sunflow.opt msg=solve status=feasible obj=196131.8 gap=None t=25.68s binaries=5628 constraints=351
2026-10-03 16:10:20,721 level=WARNING module=sunflow.opt msg=no admissible pattern for ['Lamjana II']: infeasible by construction ({'Kharosa': {'candidates': 1407, 'thermal_dropped': 1329, 'kept': 78, 'longest_single_spell_blocks': 0}, 'Jawali': {'candidates': 1407, 'thermal_dropped': 1329, 'kept': 78, 'longest_single_spell_blocks': 0}, 'Lamjana II': {'candidates': 1407, 'thermal_dropped': 1407, 'kept': 0, 'longest_single_spell_blocks': 0}, 'Chalburga': {'candidates': 1407, 'thermal_dropped': 1329, 'kept': 78, 'longest_single_spell_blocks': 0}})
2026-10-03 16:10:21,575 level=WARNING module=sunflow.opt msg=no admissible pattern for ['Lamjana II']: infeasible by construction ({'Kharosa': {'candidates': 1407, 'thermal_dropped': 1329, 'kept': 78, 'longest_single_spell_blocks': 0}, 'Jawali': {'candidates': 1407, 'thermal_dropped': 1329, 'kept': 78, 'longest_single_spell_blocks': 0}, 'Lamjana II': {'candidates': 1407, 'thermal_dropped': 1407, 'kept': 0, 'longest_single_spell_blocks': 0}, 'Chalburga': {'candidates': 1407, 'thermal_dropped': 1329, 'kept': 78, 'longest_single_spell_blocks': 0}})
2026-10-03 16:10:22,445 level=WARNING module=sunflow.opt msg=no admissible pattern for ['Lamjana II']: infeasible by construction ({'Kharosa': {'candidates': 1407, 'thermal_dropped': 1329, 'kept': 78, 'longest_single_spell_blocks': 0}, 'Jawali': {'candidates': 1407, 'thermal_dropped': 1329, 'kept': 78, 'longest_single_spell_blocks': 0}, 'Lamjana II': {'candidates': 1407, 'thermal_dropped': 1407, 'kept': 0, 'longest_single_spell_blocks': 0}, 'Chalburga': {'candidates': 1407, 'thermal_dropped': 1329, 'kept': 78, 'longest_single_spell_blocks': 0}})
2026-10-03 16:10:42,707 level=INFO module=sunflow.opt msg=solve status=feasible obj=249006.5 gap=None t=19.92s binaries=4532 constraints=357
2026-10-03 16:10:42,707 level=WARNING module=sunflow.certify msg=No plan satisfies every hard rule under the declared assumptions; published timetable issued with alert.
2026-10-03 16:10:45,055 level=INFO module=sunflow.opt msg=solve status=optimal obj=76404.5 gap=0.0 t=0.91s binaries=186 constraints=328
2026-10-03 16:10:45,115 level=INFO module=sunflow.certify msg=certified status=CERTIFIED rung=nominal tightening=0
2026-10-03 16:10:46,745 level=WARNING module=sunflow.opt msg=no admissible pattern for ['Kharosa', 'Jawali', 'Lamjana II', 'Chalburga']: infeasible by construction ({'Kharosa': {'candidates': 84, 'thermal_dropped': 84, 'kept': 0, 'longest_single_spell_blocks': 0}, 'Jawali': {'candidates': 84, 'thermal_dropped': 84, 'kept': 0, 'longest_single_spell_blocks': 0}, 'Lamjana II': {'candidates': 9, 'thermal_dropped': 9, 'kept': 0, 'longest_single_spell_blocks': 0}, 'Chalburga': {'candidates': 9, 'thermal_dropped': 9, 'kept': 0, 'longest_single_spell_blocks': 0}})
2026-10-03 16:10:54,997 level=INFO module=sunflow.opt msg=solve status=optimal obj=192264.1 gap=0.0057 t=8.07s binaries=670 constraints=344
2026-10-03 16:10:55,076 level=INFO module=sunflow.certify msg=certified status=CERTIFIED_WITH_RELAXATION rung=split_spells tightening=0
2026-10-03 16:10:55,311 level=INFO module=sunflow.certify msg=baseline guard: published timetable (Rs 43,384) not worse than plan (Rs 91,883); issuing timetable
2026-10-03 16:10:57,785 level=WARNING module=sunflow.opt msg=no admissible pattern for ['Kharosa', 'Jawali', 'Lamjana II', 'Chalburga']: infeasible by construction ({'Kharosa': {'candidates': 84, 'thermal_dropped': 84, 'kept': 0, 'longest_single_spell_blocks': 0}, 'Jawali': {'candidates': 0, 'thermal_dropped': 0, 'kept': 0, 'longest_single_spell_blocks': 0}, 'Lamjana II': {'candidates': 84, 'thermal_dropped': 84, 'kept': 0, 'longest_single_spell_blocks': 0}, 'Chalburga': {'candidates': 84, 'thermal_dropped': 84, 'kept': 0, 'longest_single_spell_blocks': 0}})
2026-10-03 16:10:58,159 level=WARNING module=sunflow.opt msg=no admissible pattern for ['Kharosa', 'Jawali', 'Lamjana II', 'Chalburga']: infeasible by construction ({'Kharosa': {'candidates': 591, 'thermal_dropped': 591, 'kept': 0, 'longest_single_spell_blocks': 0}, 'Jawali': {'candidates': 39, 'thermal_dropped': 39, 'kept': 0, 'longest_single_spell_blocks': 0}, 'Lamjana II': {'candidates': 591, 'thermal_dropped': 591, 'kept': 0, 'longest_single_spell_blocks': 0}, 'Chalburga': {'candidates': 591, 'thermal_dropped': 591, 'kept': 0, 'longest_single_spell_blocks': 0}})
2026-10-03 16:10:59,279 level=WARNING module=sunflow.opt msg=no admissible pattern for ['Kharosa', 'Jawali', 'Lamjana II', 'Chalburga']: infeasible by construction ({'Kharosa': {'candidates': 1407, 'thermal_dropped': 1407, 'kept': 0, 'longest_single_spell_blocks': 0}, 'Jawali': {'candidates': 116, 'thermal_dropped': 116, 'kept': 0, 'longest_single_spell_blocks': 0}, 'Lamjana II': {'candidates': 1407, 'thermal_dropped': 1407, 'kept': 0, 'longest_single_spell_blocks': 0}, 'Chalburga': {'candidates': 1407, 'thermal_dropped': 1407, 'kept': 0, 'longest_single_spell_blocks': 0}})
2026-10-03 16:11:24,906 level=INFO module=sunflow.opt msg=solve status=feasible obj=241120.7 gap=None t=24.95s binaries=4337 constraints=351
2026-10-03 16:11:25,572 level=WARNING module=sunflow.opt msg=no admissible pattern for ['Kharosa', 'Jawali', 'Lamjana II', 'Chalburga']: infeasible by construction ({'Kharosa': {'candidates': 1407, 'thermal_dropped': 1407, 'kept': 0, 'longest_single_spell_blocks': 0}, 'Jawali': {'candidates': 116, 'thermal_dropped': 116, 'kept': 0, 'longest_single_spell_blocks': 0}, 'Lamjana II': {'candidates': 1407, 'thermal_dropped': 1407, 'kept': 0, 'longest_single_spell_blocks': 0}, 'Chalburga': {'candidates': 1407, 'thermal_dropped': 1407, 'kept': 0, 'longest_single_spell_blocks': 0}})
2026-10-03 16:11:26,195 level=WARNING module=sunflow.opt msg=no admissible pattern for ['Kharosa', 'Jawali', 'Lamjana II', 'Chalburga']: infeasible by construction ({'Kharosa': {'candidates': 1407, 'thermal_dropped': 1407, 'kept': 0, 'longest_single_spell_blocks': 0}, 'Jawali': {'candidates': 116, 'thermal_dropped': 116, 'kept': 0, 'longest_single_spell_blocks': 0}, 'Lamjana II': {'candidates': 1407, 'thermal_dropped': 1407, 'kept': 0, 'longest_single_spell_blocks': 0}, 'Chalburga': {'candidates': 1407, 'thermal_dropped': 1407, 'kept': 0, 'longest_single_spell_blocks': 0}})
2026-10-03 16:11:26,768 level=WARNING module=sunflow.opt msg=no admissible pattern for ['Kharosa', 'Jawali', 'Lamjana II', 'Chalburga']: infeasible by construction ({'Kharosa': {'candidates': 1407, 'thermal_dropped': 1407, 'kept': 0, 'longest_single_spell_blocks': 0}, 'Jawali': {'candidates': 116, 'thermal_dropped': 116, 'kept': 0, 'longest_single_spell_blocks': 0}, 'Lamjana II': {'candidates': 1407, 'thermal_dropped': 1407, 'kept': 0, 'longest_single_spell_blocks': 0}, 'Chalburga': {'candidates': 1407, 'thermal_dropped': 1407, 'kept': 0, 'longest_single_spell_blocks': 0}})
2026-10-03 16:11:28,975 level=INFO module=sunflow.opt msg=solve status=optimal obj=420422.2 gap=0.0015 t=2.19s binaries=545 constraints=357
2026-10-03 16:11:28,975 level=WARNING module=sunflow.certify msg=No plan satisfies every hard rule under the declared assumptions; published timetable issued with alert.
2026-10-03 16:11:31,226 level=INFO module=sunflow.opt msg=solve status=optimal obj=110897.9 gap=0.0 t=0.94s binaries=336 constraints=328
2026-10-03 16:11:31,262 level=INFO module=sunflow.certify msg=certified status=CERTIFIED rung=nominal tightening=0
2026-10-03 16:11:31,460 level=WARNING module=sunflow.opt msg=no admissible pattern for ['Kharosa', 'Jawali', 'Lamjana II', 'Chalburga']: infeasible by construction ({'Kharosa': {'candidates': 9, 'thermal_dropped': 9, 'kept': 0, 'longest_single_spell_blocks': 0}, 'Jawali': {'candidates': 0, 'thermal_dropped': 0, 'kept': 0, 'longest_single_spell_blocks': 0}, 'Lamjana II': {'candidates': 9, 'thermal_dropped': 9, 'kept': 0, 'longest_single_spell_blocks': 0}, 'Chalburga': {'candidates': 84, 'thermal_dropped': 84, 'kept': 0, 'longest_single_spell_blocks': 0}})
2026-10-03 16:11:31,666 level=WARNING module=sunflow.opt msg=no admissible pattern for ['Kharosa', 'Jawali', 'Lamjana II', 'Chalburga']: infeasible by construction ({'Kharosa': {'candidates': 264, 'thermal_dropped': 264, 'kept': 0, 'longest_single_spell_blocks': 0}, 'Jawali': {'candidates': 0, 'thermal_dropped': 0, 'kept': 0, 'longest_single_spell_blocks': 0}, 'Lamjana II': {'candidates': 264, 'thermal_dropped': 264, 'kept': 0, 'longest_single_spell_blocks': 0}, 'Chalburga': {'candidates': 591, 'thermal_dropped': 591, 'kept': 0, 'longest_single_spell_blocks': 0}})
2026-10-03 16:11:32,310 level=WARNING module=sunflow.opt msg=no admissible pattern for ['Kharosa', 'Jawali', 'Lamjana II', 'Chalburga']: infeasible by construction ({'Kharosa': {'candidates': 1407, 'thermal_dropped': 1407, 'kept': 0, 'longest_single_spell_blocks': 0}, 'Jawali': {'candidates': 24, 'thermal_dropped': 24, 'kept': 0, 'longest_single_spell_blocks': 0}, 'Lamjana II': {'candidates': 1407, 'thermal_dropped': 1407, 'kept': 0, 'longest_single_spell_blocks': 0}, 'Chalburga': {'candidates': 1407, 'thermal_dropped': 1407, 'kept': 0, 'longest_single_spell_blocks': 0}})
2026-10-03 16:11:56,945 level=INFO module=sunflow.opt msg=solve status=feasible obj=206018.8 gap=None t=24.08s binaries=4245 constraints=351
2026-10-03 16:11:57,544 level=WARNING module=sunflow.opt msg=no admissible pattern for ['Kharosa', 'Jawali', 'Lamjana II', 'Chalburga']: infeasible by construction ({'Kharosa': {'candidates': 1407, 'thermal_dropped': 1407, 'kept': 0, 'longest_single_spell_blocks': 0}, 'Jawali': {'candidates': 24, 'thermal_dropped': 24, 'kept': 0, 'longest_single_spell_blocks': 0}, 'Lamjana II': {'candidates': 1407, 'thermal_dropped': 1407, 'kept': 0, 'longest_single_spell_blocks': 0}, 'Chalburga': {'candidates': 1407, 'thermal_dropped': 1407, 'kept': 0, 'longest_single_spell_blocks': 0}})
2026-10-03 16:11:58,177 level=WARNING module=sunflow.opt msg=no admissible pattern for ['Kharosa', 'Jawali', 'Lamjana II', 'Chalburga']: infeasible by construction ({'Kharosa': {'candidates': 1407, 'thermal_dropped': 1407, 'kept': 0, 'longest_single_spell_blocks': 0}, 'Jawali': {'candidates': 24, 'thermal_dropped': 24, 'kept': 0, 'longest_single_spell_blocks': 0}, 'Lamjana II': {'candidates': 1407, 'thermal_dropped': 1407, 'kept': 0, 'longest_single_spell_blocks': 0}, 'Chalburga': {'candidates': 1407, 'thermal_dropped': 1407, 'kept': 0, 'longest_single_spell_blocks': 0}})
2026-10-03 16:11:58,769 level=WARNING module=sunflow.opt msg=no admissible pattern for ['Kharosa', 'Jawali', 'Lamjana II', 'Chalburga']: infeasible by construction ({'Kharosa': {'candidates': 1407, 'thermal_dropped': 1407, 'kept': 0, 'longest_single_spell_blocks': 0}, 'Jawali': {'candidates': 24, 'thermal_dropped': 24, 'kept': 0, 'longest_single_spell_blocks': 0}, 'Lamjana II': {'candidates': 1407, 'thermal_dropped': 1407, 'kept': 0, 'longest_single_spell_blocks': 0}, 'Chalburga': {'candidates': 1407, 'thermal_dropped': 1407, 'kept': 0, 'longest_single_spell_blocks': 0}})
2026-10-03 16:12:05,878 level=INFO module=sunflow.opt msg=solve status=optimal obj=259440.2 gap=0.011 t=7.02s binaries=1680 constraints=357
2026-10-03 16:12:05,878 level=WARNING module=sunflow.certify msg=No plan satisfies every hard rule under the declared assumptions; published timetable issued with alert.
2026-10-03 16:12:09,313 level=INFO module=sunflow.opt msg=solve status=optimal obj=74371.6 gap=0.0023 t=1.46s binaries=105 constraints=328
2026-10-03 16:12:30,117 level=INFO module=sunflow.opt msg=solve status=feasible obj=59344.4 gap=None t=20.48s binaries=1220 constraints=351
2026-10-03 16:12:30,154 level=INFO module=sunflow.certify msg=certified without night compensation using split spells
2026-10-03 16:12:33,262 level=INFO module=sunflow.opt msg=solve status=optimal obj=83145.9 gap=0.0012 t=1.44s binaries=219 constraints=321
2026-10-03 16:12:33,333 level=INFO module=sunflow.certify msg=certified status=CERTIFIED rung=nominal tightening=0
2026-10-03 16:12:35,973 level=INFO module=sunflow.opt msg=solve status=optimal obj=66128.3 gap=0.0 t=0.80s binaries=186 constraints=328
2026-10-03 16:12:36,034 level=INFO module=sunflow.certify msg=certified status=CERTIFIED rung=nominal tightening=0
2026-10-03 16:12:38,803 level=INFO module=sunflow.opt msg=solve status=optimal obj=116778.2 gap=0.0026 t=1.04s binaries=261 constraints=328
2026-10-03 16:12:38,876 level=INFO module=sunflow.certify msg=certified status=CERTIFIED rung=nominal tightening=0
2026-10-03 16:12:41,768 level=INFO module=sunflow.opt msg=solve status=optimal obj=67632.1 gap=0.0004 t=1.19s binaries=261 constraints=328
2026-10-03 16:12:41,820 level=INFO module=sunflow.certify msg=certified status=CERTIFIED rung=nominal tightening=0
2026-10-03 16:12:44,565 level=INFO module=sunflow.opt msg=solve status=optimal obj=126405.1 gap=0.0 t=0.76s binaries=186 constraints=328
2026-10-03 16:12:44,617 level=INFO module=sunflow.certify msg=certified status=CERTIFIED rung=nominal tightening=0
2026-10-03 16:12:46,800 level=WARNING module=sunflow.opt msg=solve status=infeasible tc=infeasible t=1.90s
2026-10-03 16:13:09,789 level=WARNING module=sunflow.opt msg=solve status=timeout tc=maxtimelimit t=22.99s
2026-10-03 16:13:39,022 level=INFO module=sunflow.opt msg=solve status=feasible obj=142791.2 gap=None t=28.12s binaries=5628 constraints=295
2026-10-03 16:13:39,071 level=INFO module=sunflow.certify msg=certified status=CERTIFIED_WITH_RELAXATION rung=feasibility_focus tightening=0
2026-10-03 16:13:40,336 level=INFO module=sunflow.opt msg=solve status=optimal obj=48356.8 gap=0.0012 t=1.14s binaries=336 constraints=328
2026-10-03 16:13:40,415 level=INFO module=sunflow.certify msg=certified status=CERTIFIED rung=nominal tightening=0
2026-10-03 16:13:43,441 level=INFO module=sunflow.opt msg=solve status=optimal obj=100686.0 gap=0.0005 t=0.82s binaries=186 constraints=328
2026-10-03 16:13:43,533 level=INFO module=sunflow.certify msg=certified status=CERTIFIED rung=nominal tightening=0
2026-10-03 16:13:44,991 level=INFO module=sunflow.opt msg=solve status=optimal obj=51649.2 gap=0.0009 t=1.16s binaries=336 constraints=328
2026-10-03 16:13:45,078 level=INFO module=sunflow.certify msg=certified status=CERTIFIED rung=nominal tightening=0
2026-10-03 16:13:48,496 level=INFO module=sunflow.opt msg=solve status=optimal obj=124985.0 gap=0.0 t=1.37s binaries=336 constraints=328
2026-10-03 16:13:48,554 level=INFO module=sunflow.certify msg=certified status=CERTIFIED rung=nominal tightening=0
2026-10-03 16:13:48,675 level=INFO module=sunflow.certify msg=baseline guard: published timetable (Rs 48,492) not worse than plan (Rs 48,987); issuing timetable
shard 4/8: 100 done, 2073s, statuses {'CERTIFIED_WITH_RELAXATION': 22, 'INFEASIBLE': 21, 'CERTIFIED': 57}, violations on certified plans: 0
2026-10-03 16:13:50,841 level=WARNING module=sunflow.opt msg=no admissible pattern for ['Kharosa', 'Jawali', 'Lamjana II', 'Chalburga']: infeasible by construction ({'Kharosa': {'candidates': 84, 'thermal_dropped': 84, 'kept': 0, 'longest_single_spell_blocks': 0}, 'Jawali': {'candidates': 84, 'thermal_dropped': 84, 'kept': 0, 'longest_single_spell_blocks': 0}, 'Lamjana II': {'candidates': 0, 'thermal_dropped': 0, 'kept': 0, 'longest_single_spell_blocks': 0}, 'Chalburga': {'candidates': 84, 'thermal_dropped': 84, 'kept': 0, 'longest_single_spell_blocks': 0}})
2026-10-03 16:13:51,234 level=WARNING module=sunflow.opt msg=no admissible pattern for ['Kharosa', 'Jawali', 'Lamjana II', 'Chalburga']: infeasible by construction ({'Kharosa': {'candidates': 591, 'thermal_dropped': 591, 'kept': 0, 'longest_single_spell_blocks': 0}, 'Jawali': {'candidates': 591, 'thermal_dropped': 591, 'kept': 0, 'longest_single_spell_blocks': 0}, 'Lamjana II': {'candidates': 22, 'thermal_dropped': 22, 'kept': 0, 'longest_single_spell_blocks': 0}, 'Chalburga': {'candidates': 591, 'thermal_dropped': 591, 'kept': 0, 'longest_single_spell_blocks': 0}})
2026-10-03 16:13:51,880 level=WARNING module=sunflow.opt msg=no admissible pattern for ['Kharosa', 'Jawali', 'Lamjana II', 'Chalburga']: infeasible by construction ({'Kharosa': {'candidates': 1407, 'thermal_dropped': 1407, 'kept': 0, 'longest_single_spell_blocks': 0}, 'Jawali': {'candidates': 1407, 'thermal_dropped': 1407, 'kept': 0, 'longest_single_spell_blocks': 0}, 'Lamjana II': {'candidates': 60, 'thermal_dropped': 60, 'kept': 0, 'longest_single_spell_blocks': 0}, 'Chalburga': {'candidates': 1407, 'thermal_dropped': 1407, 'kept': 0, 'longest_single_spell_blocks': 0}})
2026-10-03 16:14:13,985 level=INFO module=sunflow.opt msg=solve status=feasible obj=273433.1 gap=None t=20.94s binaries=4281 constraints=351
2026-10-03 16:14:14,909 level=WARNING module=sunflow.opt msg=no admissible pattern for ['Kharosa', 'Jawali', 'Lamjana II', 'Chalburga']: infeasible by construction ({'Kharosa': {'candidates': 1407, 'thermal_dropped': 1407, 'kept': 0, 'longest_single_spell_blocks': 0}, 'Jawali': {'candidates': 1407, 'thermal_dropped': 1407, 'kept': 0, 'longest_single_spell_blocks': 0}, 'Lamjana II': {'candidates': 60, 'thermal_dropped': 60, 'kept': 0, 'longest_single_spell_blocks': 0}, 'Chalburga': {'candidates': 1407, 'thermal_dropped': 1407, 'kept': 0, 'longest_single_spell_blocks': 0}})
2026-10-03 16:14:16,180 level=WARNING module=sunflow.opt msg=no admissible pattern for ['Kharosa', 'Jawali', 'Lamjana II', 'Chalburga']: infeasible by construction ({'Kharosa': {'candidates': 1407, 'thermal_dropped': 1407, 'kept': 0, 'longest_single_spell_blocks': 0}, 'Jawali': {'candidates': 1407, 'thermal_dropped': 1407, 'kept': 0, 'longest_single_spell_blocks': 0}, 'Lamjana II': {'candidates': 60, 'thermal_dropped': 60, 'kept': 0, 'longest_single_spell_blocks': 0}, 'Chalburga': {'candidates': 1407, 'thermal_dropped': 1407, 'kept': 0, 'longest_single_spell_blocks': 0}})
2026-10-03 16:14:17,111 level=WARNING module=sunflow.opt msg=no admissible pattern for ['Kharosa', 'Jawali', 'Lamjana II', 'Chalburga']: infeasible by construction ({'Kharosa': {'candidates': 1407, 'thermal_dropped': 1407, 'kept': 0, 'longest_single_spell_blocks': 0}, 'Jawali': {'candidates': 1407, 'thermal_dropped': 1407, 'kept': 0, 'longest_single_spell_blocks': 0}, 'Lamjana II': {'candidates': 60, 'thermal_dropped': 60, 'kept': 0, 'longest_single_spell_blocks': 0}, 'Chalburga': {'candidates': 1407, 'thermal_dropped': 1407, 'kept': 0, 'longest_single_spell_blocks': 0}})
2026-10-03 16:14:21,282 level=INFO module=sunflow.opt msg=solve status=optimal obj=387252.5 gap=0.0065 t=4.15s binaries=858 constraints=357
2026-10-03 16:14:21,282 level=WARNING module=sunflow.certify msg=No plan satisfies every hard rule under the declared assumptions; published timetable issued with alert.
2026-10-03 16:14:24,495 level=INFO module=sunflow.opt msg=solve status=optimal obj=139544.5 gap=0.0007 t=1.02s binaries=186 constraints=328
2026-10-03 16:14:24,573 level=INFO module=sunflow.certify msg=certified status=CERTIFIED rung=nominal tightening=0
2026-10-03 16:14:26,786 level=WARNING module=sunflow.opt msg=no admissible pattern for ['Kharosa', 'Jawali', 'Lamjana II', 'Chalburga']: infeasible by construction ({'Kharosa': {'candidates': 9, 'thermal_dropped': 9, 'kept': 0, 'longest_single_spell_blocks': 0}, 'Jawali': {'candidates': 9, 'thermal_dropped': 9, 'kept': 0, 'longest_single_spell_blocks': 0}, 'Lamjana II': {'candidates': 84, 'thermal_dropped': 84, 'kept': 0, 'longest_single_spell_blocks': 0}, 'Chalburga': {'candidates': 84, 'thermal_dropped': 84, 'kept': 0, 'longest_single_spell_blocks': 0}})
2026-10-03 16:14:27,331 level=WARNING module=sunflow.opt msg=no admissible pattern for ['Kharosa', 'Jawali']: infeasible by construction ({'Kharosa': {'candidates': 264, 'thermal_dropped': 264, 'kept': 0, 'longest_single_spell_blocks': 0}, 'Jawali': {'candidates': 264, 'thermal_dropped': 264, 'kept': 0, 'longest_single_spell_blocks': 0}, 'Lamjana II': {'candidates': 591, 'thermal_dropped': 507, 'kept': 84, 'longest_single_spell_blocks': 0}, 'Chalburga': {'candidates': 591, 'thermal_dropped': 507, 'kept': 84, 'longest_single_spell_blocks': 0}})
2026-10-03 16:14:29,246 level=WARNING module=sunflow.opt msg=no admissible pattern for ['Jawali']: infeasible by construction ({'Kharosa': {'candidates': 1407, 'thermal_dropped': 1240, 'kept': 167, 'longest_single_spell_blocks': 0}, 'Jawali': {'candidates': 1407, 'thermal_dropped': 1407, 'kept': 0, 'longest_single_spell_blocks': 0}, 'Lamjana II': {'candidates': 1407, 'thermal_dropped': 1240, 'kept': 167, 'longest_single_spell_blocks': 0}, 'Chalburga': {'candidates': 1407, 'thermal_dropped': 1240, 'kept': 167, 'longest_single_spell_blocks': 0}})
2026-10-03 16:14:56,097 level=INFO module=sunflow.opt msg=solve status=feasible obj=186152.1 gap=None t=25.81s binaries=5628 constraints=351
2026-10-03 16:14:57,325 level=WARNING module=sunflow.opt msg=no admissible pattern for ['Jawali']: infeasible by construction ({'Kharosa': {'candidates': 1407, 'thermal_dropped': 1240, 'kept': 167, 'longest_single_spell_blocks': 0}, 'Jawali': {'candidates': 1407, 'thermal_dropped': 1407, 'kept': 0, 'longest_single_spell_blocks': 0}, 'Lamjana II': {'candidates': 1407, 'thermal_dropped': 1240, 'kept': 167, 'longest_single_spell_blocks': 0}, 'Chalburga': {'candidates': 1407, 'thermal_dropped': 1240, 'kept': 167, 'longest_single_spell_blocks': 0}})
2026-10-03 16:14:58,150 level=WARNING module=sunflow.opt msg=no admissible pattern for ['Jawali']: infeasible by construction ({'Kharosa': {'candidates': 1407, 'thermal_dropped': 1240, 'kept': 167, 'longest_single_spell_blocks': 0}, 'Jawali': {'candidates': 1407, 'thermal_dropped': 1407, 'kept': 0, 'longest_single_spell_blocks': 0}, 'Lamjana II': {'candidates': 1407, 'thermal_dropped': 1240, 'kept': 167, 'longest_single_spell_blocks': 0}, 'Chalburga': {'candidates': 1407, 'thermal_dropped': 1240, 'kept': 167, 'longest_single_spell_blocks': 0}})
2026-10-03 16:14:59,195 level=WARNING module=sunflow.opt msg=no admissible pattern for ['Jawali']: infeasible by construction ({'Kharosa': {'candidates': 1407, 'thermal_dropped': 1240, 'kept': 167, 'longest_single_spell_blocks': 0}, 'Jawali': {'candidates': 1407, 'thermal_dropped': 1407, 'kept': 0, 'longest_single_spell_blocks': 0}, 'Lamjana II': {'candidates': 1407, 'thermal_dropped': 1240, 'kept': 167, 'longest_single_spell_blocks': 0}, 'Chalburga': {'candidates': 1407, 'thermal_dropped': 1240, 'kept': 167, 'longest_single_spell_blocks': 0}})
2026-10-03 16:15:23,818 level=INFO module=sunflow.opt msg=solve status=feasible obj=238561.3 gap=None t=24.03s binaries=5545 constraints=357
2026-10-03 16:15:23,820 level=WARNING module=sunflow.certify msg=No plan satisfies every hard rule under the declared assumptions; published timetable issued with alert.
2026-10-03 16:15:26,845 level=INFO module=sunflow.opt msg=solve status=optimal obj=57694.7 gap=0.0014 t=1.41s binaries=336 constraints=328
2026-10-03 16:15:26,871 level=INFO module=sunflow.certify msg=certified status=CERTIFIED rung=nominal tightening=0
2026-10-03 16:15:27,315 level=WARNING module=sunflow.opt msg=no admissible pattern for ['Kharosa', 'Jawali', 'Lamjana II', 'Chalburga']: infeasible by construction ({'Kharosa': {'candidates': 84, 'thermal_dropped': 84, 'kept': 0, 'longest_single_spell_blocks': 0}, 'Jawali': {'candidates': 84, 'thermal_dropped': 84, 'kept': 0, 'longest_single_spell_blocks': 0}, 'Lamjana II': {'candidates': 84, 'thermal_dropped': 84, 'kept': 0, 'longest_single_spell_blocks': 0}, 'Chalburga': {'candidates': 84, 'thermal_dropped': 84, 'kept': 0, 'longest_single_spell_blocks': 0}})
2026-10-03 16:15:27,785 level=WARNING module=sunflow.opt msg=no admissible pattern for ['Kharosa', 'Jawali', 'Lamjana II', 'Chalburga']: infeasible by construction ({'Kharosa': {'candidates': 591, 'thermal_dropped': 591, 'kept': 0, 'longest_single_spell_blocks': 0}, 'Jawali': {'candidates': 591, 'thermal_dropped': 591, 'kept': 0, 'longest_single_spell_blocks': 0}, 'Lamjana II': {'candidates': 591, 'thermal_dropped': 591, 'kept': 0, 'longest_single_spell_blocks': 0}, 'Chalburga': {'candidates': 591, 'thermal_dropped': 591, 'kept': 0, 'longest_single_spell_blocks': 0}})
2026-10-03 16:15:28,825 level=WARNING module=sunflow.opt msg=no admissible pattern for ['Kharosa', 'Jawali', 'Lamjana II', 'Chalburga']: infeasible by construction ({'Kharosa': {'candidates': 1407, 'thermal_dropped': 1407, 'kept': 0, 'longest_single_spell_blocks': 0}, 'Jawali': {'candidates': 1407, 'thermal_dropped': 1407, 'kept': 0, 'longest_single_spell_blocks': 0}, 'Lamjana II': {'candidates': 1407, 'thermal_dropped': 1407, 'kept': 0, 'longest_single_spell_blocks': 0}, 'Chalburga': {'candidates': 1407, 'thermal_dropped': 1407, 'kept': 0, 'longest_single_spell_blocks': 0}})
2026-10-03 16:15:53,680 level=INFO module=sunflow.opt msg=solve status=feasible obj=215356.1 gap=None t=23.96s binaries=5628 constraints=351
2026-10-03 16:15:54,527 level=WARNING module=sunflow.opt msg=no admissible pattern for ['Kharosa', 'Jawali', 'Lamjana II', 'Chalburga']: infeasible by construction ({'Kharosa': {'candidates': 1407, 'thermal_dropped': 1407, 'kept': 0, 'longest_single_spell_blocks': 0}, 'Jawali': {'candidates': 1407, 'thermal_dropped': 1407, 'kept': 0, 'longest_single_spell_blocks': 0}, 'Lamjana II': {'candidates': 1407, 'thermal_dropped': 1407, 'kept': 0, 'longest_single_spell_blocks': 0}, 'Chalburga': {'candidates': 1407, 'thermal_dropped': 1407, 'kept': 0, 'longest_single_spell_blocks': 0}})
2026-10-03 16:15:56,571 level=WARNING module=sunflow.opt msg=no admissible pattern for ['Kharosa', 'Jawali', 'Lamjana II', 'Chalburga']: infeasible by construction ({'Kharosa': {'candidates': 1407, 'thermal_dropped': 1407, 'kept': 0, 'longest_single_spell_blocks': 0}, 'Jawali': {'candidates': 1407, 'thermal_dropped': 1407, 'kept': 0, 'longest_single_spell_blocks': 0}, 'Lamjana II': {'candidates': 1407, 'thermal_dropped': 1407, 'kept': 0, 'longest_single_spell_blocks': 0}, 'Chalburga': {'candidates': 1407, 'thermal_dropped': 1407, 'kept': 0, 'longest_single_spell_blocks': 0}})
2026-10-03 16:15:57,534 level=WARNING module=sunflow.opt msg=no admissible pattern for ['Kharosa', 'Jawali', 'Lamjana II', 'Chalburga']: infeasible by construction ({'Kharosa': {'candidates': 1407, 'thermal_dropped': 1407, 'kept': 0, 'longest_single_spell_blocks': 0}, 'Jawali': {'candidates': 1407, 'thermal_dropped': 1407, 'kept': 0, 'longest_single_spell_blocks': 0}, 'Lamjana II': {'candidates': 1407, 'thermal_dropped': 1407, 'kept': 0, 'longest_single_spell_blocks': 0}, 'Chalburga': {'candidates': 1407, 'thermal_dropped': 1407, 'kept': 0, 'longest_single_spell_blocks': 0}})
2026-10-03 16:16:09,981 level=INFO module=sunflow.opt msg=solve status=optimal obj=264293.6 gap=0.008 t=12.32s binaries=2044 constraints=357
2026-10-03 16:16:09,981 level=WARNING module=sunflow.certify msg=No plan satisfies every hard rule under the declared assumptions; published timetable issued with alert.
2026-10-03 16:16:10,044 level=WARNING module=sunflow.opt msg=no admissible pattern for ['Kharosa', 'Jawali', 'Lamjana II', 'Chalburga']: infeasible by construction ({'Kharosa': {'candidates': 84, 'thermal_dropped': 84, 'kept': 0, 'longest_single_spell_blocks': 0}, 'Jawali': {'candidates': 9, 'thermal_dropped': 9, 'kept': 0, 'longest_single_spell_blocks': 0}, 'Lamjana II': {'candidates': 84, 'thermal_dropped': 84, 'kept': 0, 'longest_single_spell_blocks': 0}, 'Chalburga': {'candidates': 84, 'thermal_dropped': 84, 'kept': 0, 'longest_single_spell_blocks': 0}})
2026-10-03 16:16:10,523 level=WARNING module=sunflow.opt msg=no admissible pattern for ['Kharosa', 'Jawali', 'Lamjana II', 'Chalburga']: infeasible by construction ({'Kharosa': {'candidates': 591, 'thermal_dropped': 591, 'kept': 0, 'longest_single_spell_blocks': 0}, 'Jawali': {'candidates': 264, 'thermal_dropped': 264, 'kept': 0, 'longest_single_spell_blocks': 0}, 'Lamjana II': {'candidates': 591, 'thermal_dropped': 591, 'kept': 0, 'longest_single_spell_blocks': 0}, 'Chalburga': {'candidates': 591, 'thermal_dropped': 591, 'kept': 0, 'longest_single_spell_blocks': 0}})
2026-10-03 16:16:11,615 level=WARNING module=sunflow.opt msg=no admissible pattern for ['Kharosa', 'Jawali', 'Lamjana II', 'Chalburga']: infeasible by construction ({'Kharosa': {'candidates': 1407, 'thermal_dropped': 1407, 'kept': 0, 'longest_single_spell_blocks': 0}, 'Jawali': {'candidates': 1407, 'thermal_dropped': 1407, 'kept': 0, 'longest_single_spell_blocks': 0}, 'Lamjana II': {'candidates': 1407, 'thermal_dropped': 1407, 'kept': 0, 'longest_single_spell_blocks': 0}, 'Chalburga': {'candidates': 1407, 'thermal_dropped': 1407, 'kept': 0, 'longest_single_spell_blocks': 0}})
2026-10-03 16:16:37,656 level=INFO module=sunflow.opt msg=solve status=feasible obj=158247.0 gap=None t=25.08s binaries=5628 constraints=351
2026-10-03 16:16:38,968 level=WARNING module=sunflow.opt msg=no admissible pattern for ['Kharosa', 'Jawali', 'Lamjana II', 'Chalburga']: infeasible by construction ({'Kharosa': {'candidates': 1407, 'thermal_dropped': 1407, 'kept': 0, 'longest_single_spell_blocks': 0}, 'Jawali': {'candidates': 1407, 'thermal_dropped': 1407, 'kept': 0, 'longest_single_spell_blocks': 0}, 'Lamjana II': {'candidates': 1407, 'thermal_dropped': 1407, 'kept': 0, 'longest_single_spell_blocks': 0}, 'Chalburga': {'candidates': 1407, 'thermal_dropped': 1407, 'kept': 0, 'longest_single_spell_blocks': 0}})
2026-10-03 16:16:39,996 level=WARNING module=sunflow.opt msg=no admissible pattern for ['Kharosa', 'Jawali', 'Lamjana II', 'Chalburga']: infeasible by construction ({'Kharosa': {'candidates': 1407, 'thermal_dropped': 1407, 'kept': 0, 'longest_single_spell_blocks': 0}, 'Jawali': {'candidates': 1407, 'thermal_dropped': 1407, 'kept': 0, 'longest_single_spell_blocks': 0}, 'Lamjana II': {'candidates': 1407, 'thermal_dropped': 1407, 'kept': 0, 'longest_single_spell_blocks': 0}, 'Chalburga': {'candidates': 1407, 'thermal_dropped': 1407, 'kept': 0, 'longest_single_spell_blocks': 0}})
2026-10-03 16:16:41,059 level=WARNING module=sunflow.opt msg=no admissible pattern for ['Kharosa', 'Jawali', 'Lamjana II', 'Chalburga']: infeasible by construction ({'Kharosa': {'candidates': 1407, 'thermal_dropped': 1407, 'kept': 0, 'longest_single_spell_blocks': 0}, 'Jawali': {'candidates': 1407, 'thermal_dropped': 1407, 'kept': 0, 'longest_single_spell_blocks': 0}, 'Lamjana II': {'candidates': 1407, 'thermal_dropped': 1407, 'kept': 0, 'longest_single_spell_blocks': 0}, 'Chalburga': {'candidates': 1407, 'thermal_dropped': 1407, 'kept': 0, 'longest_single_spell_blocks': 0}})
2026-10-03 16:16:48,912 level=INFO module=sunflow.opt msg=solve status=optimal obj=306798.7 gap=0.0036 t=7.70s binaries=1159 constraints=357
2026-10-03 16:16:48,913 level=WARNING module=sunflow.certify msg=No plan satisfies every hard rule under the declared assumptions; published timetable issued with alert.
2026-10-03 16:16:52,568 level=WARNING module=sunflow.opt msg=no admissible pattern for ['Kharosa', 'Jawali', 'Lamjana II', 'Chalburga']: infeasible by construction ({'Kharosa': {'candidates': 84, 'thermal_dropped': 84, 'kept': 0, 'longest_single_spell_blocks': 0}, 'Jawali': {'candidates': 9, 'thermal_dropped': 9, 'kept': 0, 'longest_single_spell_blocks': 0}, 'Lamjana II': {'candidates': 84, 'thermal_dropped': 84, 'kept': 0, 'longest_single_spell_blocks': 0}, 'Chalburga': {'candidates': 84, 'thermal_dropped': 84, 'kept': 0, 'longest_single_spell_blocks': 0}})
2026-10-03 16:16:54,517 level=WARNING module=sunflow.opt msg=no admissible pattern for ['Jawali']: infeasible by construction ({'Kharosa': {'candidates': 591, 'thermal_dropped': 585, 'kept': 6, 'longest_single_spell_blocks': 0}, 'Jawali': {'candidates': 264, 'thermal_dropped': 264, 'kept': 0, 'longest_single_spell_blocks': 0}, 'Lamjana II': {'candidates': 591, 'thermal_dropped': 585, 'kept': 6, 'longest_single_spell_blocks': 0}, 'Chalburga': {'candidates': 591, 'thermal_dropped': 585, 'kept': 6, 'longest_single_spell_blocks': 0}})
2026-10-03 16:16:57,275 level=WARNING module=sunflow.opt msg=solve status=infeasible tc=infeasible t=2.75s
2026-10-03 16:17:44,415 level=INFO module=sunflow.opt msg=solve status=feasible obj=182538.3 gap=None t=46.04s binaries=5628 constraints=351
2026-10-03 16:17:48,450 level=WARNING module=sunflow.opt msg=solve status=infeasible tc=infeasible t=4.03s
2026-10-03 16:17:52,723 level=WARNING module=sunflow.opt msg=solve status=infeasible tc=infeasible t=4.24s
2026-10-03 16:17:55,578 level=WARNING module=sunflow.opt msg=solve status=infeasible tc=infeasible t=2.80s
2026-10-03 16:18:24,169 level=INFO module=sunflow.opt msg=solve status=feasible obj=228226.1 gap=None t=28.05s binaries=4092 constraints=357
2026-10-03 16:18:24,169 level=WARNING module=sunflow.certify msg=No plan satisfies every hard rule under the declared assumptions; published timetable issued with alert.
2026-10-03 16:18:34,772 level=INFO module=sunflow.opt msg=solve status=optimal obj=65866.4 gap=0.0 t=5.34s binaries=336 constraints=328
2026-10-03 16:18:34,946 level=INFO module=sunflow.certify msg=certified status=CERTIFIED rung=nominal tightening=0
2026-10-03 16:18:43,943 level=INFO module=sunflow.opt msg=solve status=optimal obj=71392.7 gap=0.0 t=3.18s binaries=336 constraints=328
2026-10-03 16:18:43,987 level=INFO module=sunflow.certify msg=certified status=CERTIFIED rung=nominal tightening=0
2026-10-03 16:18:44,115 level=INFO module=sunflow.certify msg=baseline guard: published timetable (Rs 23,227) not worse than plan (Rs 23,542); issuing timetable
2026-10-03 16:18:46,874 level=INFO module=sunflow.opt msg=solve status=optimal obj=52466.0 gap=0.0 t=2.51s binaries=336 constraints=328
2026-10-03 16:18:46,958 level=INFO module=sunflow.certify msg=certified status=CERTIFIED rung=nominal tightening=0
2026-10-03 16:18:47,117 level=INFO module=sunflow.certify msg=baseline guard: published timetable (Rs 19,573) not worse than plan (Rs 19,815); issuing timetable
2026-10-03 16:18:54,303 level=INFO module=sunflow.opt msg=solve status=optimal obj=53550.4 gap=0.0 t=3.35s binaries=336 constraints=328
2026-10-03 16:18:54,377 level=INFO module=sunflow.certify msg=certified status=CERTIFIED rung=nominal tightening=0
2026-10-03 16:18:54,504 level=INFO module=sunflow.certify msg=baseline guard: published timetable (Rs 20,934) not worse than plan (Rs 21,067); issuing timetable
2026-10-03 16:18:57,907 level=INFO module=sunflow.opt msg=solve status=optimal obj=98939.4 gap=0.0 t=3.27s binaries=261 constraints=328
2026-10-03 16:18:58,290 level=INFO module=sunflow.certify msg=certified status=CERTIFIED rung=nominal tightening=0
2026-10-03 16:19:03,581 level=INFO module=sunflow.opt msg=solve status=optimal obj=48232.1 gap=0.0005 t=1.79s binaries=336 constraints=328
2026-10-03 16:19:03,623 level=INFO module=sunflow.certify msg=certified status=CERTIFIED rung=nominal tightening=0
2026-10-03 16:19:05,616 level=WARNING module=sunflow.opt msg=no admissible pattern for ['Kharosa', 'Jawali', 'Lamjana II', 'Chalburga']: infeasible by construction ({'Kharosa': {'candidates': 9, 'thermal_dropped': 9, 'kept': 0, 'longest_single_spell_blocks': 0}, 'Jawali': {'candidates': 84, 'thermal_dropped': 84, 'kept': 0, 'longest_single_spell_blocks': 0}, 'Lamjana II': {'candidates': 84, 'thermal_dropped': 84, 'kept': 0, 'longest_single_spell_blocks': 0}, 'Chalburga': {'candidates': 84, 'thermal_dropped': 84, 'kept': 0, 'longest_single_spell_blocks': 0}})
2026-10-03 16:19:05,991 level=WARNING module=sunflow.opt msg=no admissible pattern for ['Kharosa', 'Jawali', 'Lamjana II', 'Chalburga']: infeasible by construction ({'Kharosa': {'candidates': 264, 'thermal_dropped': 264, 'kept': 0, 'longest_single_spell_blocks': 0}, 'Jawali': {'candidates': 591, 'thermal_dropped': 591, 'kept': 0, 'longest_single_spell_blocks': 0}, 'Lamjana II': {'candidates': 591, 'thermal_dropped': 591, 'kept': 0, 'longest_single_spell_blocks': 0}, 'Chalburga': {'candidates': 591, 'thermal_dropped': 591, 'kept': 0, 'longest_single_spell_blocks': 0}})
2026-10-03 16:19:06,866 level=WARNING module=sunflow.opt msg=no admissible pattern for ['Kharosa', 'Jawali', 'Lamjana II', 'Chalburga']: infeasible by construction ({'Kharosa': {'candidates': 1407, 'thermal_dropped': 1407, 'kept': 0, 'longest_single_spell_blocks': 0}, 'Jawali': {'candidates': 1407, 'thermal_dropped': 1407, 'kept': 0, 'longest_single_spell_blocks': 0}, 'Lamjana II': {'candidates': 1407, 'thermal_dropped': 1407, 'kept': 0, 'longest_single_spell_blocks': 0}, 'Chalburga': {'candidates': 1407, 'thermal_dropped': 1407, 'kept': 0, 'longest_single_spell_blocks': 0}})
2026-10-03 16:19:52,217 level=INFO module=sunflow.opt msg=solve status=feasible obj=222397.9 gap=None t=44.00s binaries=5628 constraints=351
2026-10-03 16:19:54,323 level=WARNING module=sunflow.opt msg=no admissible pattern for ['Kharosa', 'Jawali', 'Lamjana II', 'Chalburga']: infeasible by construction ({'Kharosa': {'candidates': 1407, 'thermal_dropped': 1407, 'kept': 0, 'longest_single_spell_blocks': 0}, 'Jawali': {'candidates': 1407, 'thermal_dropped': 1407, 'kept': 0, 'longest_single_spell_blocks': 0}, 'Lamjana II': {'candidates': 1407, 'thermal_dropped': 1407, 'kept': 0, 'longest_single_spell_blocks': 0}, 'Chalburga': {'candidates': 1407, 'thermal_dropped': 1407, 'kept': 0, 'longest_single_spell_blocks': 0}})
2026-10-03 16:19:55,646 level=WARNING module=sunflow.opt msg=no admissible pattern for ['Kharosa', 'Jawali', 'Lamjana II', 'Chalburga']: infeasible by construction ({'Kharosa': {'candidates': 1407, 'thermal_dropped': 1407, 'kept': 0, 'longest_single_spell_blocks': 0}, 'Jawali': {'candidates': 1407, 'thermal_dropped': 1407, 'kept': 0, 'longest_single_spell_blocks': 0}, 'Lamjana II': {'candidates': 1407, 'thermal_dropped': 1407, 'kept': 0, 'longest_single_spell_blocks': 0}, 'Chalburga': {'candidates': 1407, 'thermal_dropped': 1407, 'kept': 0, 'longest_single_spell_blocks': 0}})
2026-10-03 16:19:56,556 level=WARNING module=sunflow.opt msg=no admissible pattern for ['Kharosa', 'Jawali', 'Lamjana II', 'Chalburga']: infeasible by construction ({'Kharosa': {'candidates': 1407, 'thermal_dropped': 1407, 'kept': 0, 'longest_single_spell_blocks': 0}, 'Jawali': {'candidates': 1407, 'thermal_dropped': 1407, 'kept': 0, 'longest_single_spell_blocks': 0}, 'Lamjana II': {'candidates': 1407, 'thermal_dropped': 1407, 'kept': 0, 'longest_single_spell_blocks': 0}, 'Chalburga': {'candidates': 1407, 'thermal_dropped': 1407, 'kept': 0, 'longest_single_spell_blocks': 0}})
2026-10-03 16:20:17,024 level=INFO module=sunflow.opt msg=solve status=feasible obj=287939.6 gap=None t=19.77s binaries=2137 constraints=357
2026-10-03 16:20:17,025 level=WARNING module=sunflow.certify msg=No plan satisfies every hard rule under the declared assumptions; published timetable issued with alert.
2026-10-03 16:20:27,984 level=INFO module=sunflow.opt msg=solve status=optimal obj=49807.6 gap=0.0 t=3.31s binaries=261 constraints=328
2026-10-03 16:20:28,129 level=INFO module=sunflow.certify msg=certified status=CERTIFIED rung=nominal tightening=0
2026-10-03 16:20:28,664 level=INFO module=sunflow.certify msg=baseline guard: published timetable (Rs 16,262) not worse than plan (Rs 16,414); issuing timetable
2026-10-03 16:20:29,161 level=WARNING module=sunflow.opt msg=no admissible pattern for ['Kharosa']: infeasible by construction ({'Kharosa': {'candidates': 84, 'thermal_dropped': 84, 'kept': 0, 'longest_single_spell_blocks': 0}, 'Jawali': {'candidates': 84, 'thermal_dropped': 0, 'kept': 84, 'longest_single_spell_blocks': 32}, 'Lamjana II': {'candidates': 84, 'thermal_dropped': 0, 'kept': 84, 'longest_single_spell_blocks': 32}, 'Chalburga': {'candidates': 84, 'thermal_dropped': 0, 'kept': 84, 'longest_single_spell_blocks': 32}})
2026-10-03 16:20:31,053 level=WARNING module=sunflow.opt msg=no admissible pattern for ['Kharosa']: infeasible by construction ({'Kharosa': {'candidates': 591, 'thermal_dropped': 591, 'kept': 0, 'longest_single_spell_blocks': 0}, 'Jawali': {'candidates': 591, 'thermal_dropped': 0, 'kept': 591, 'longest_single_spell_blocks': 32}, 'Lamjana II': {'candidates': 591, 'thermal_dropped': 0, 'kept': 591, 'longest_single_spell_blocks': 32}, 'Chalburga': {'candidates': 591, 'thermal_dropped': 0, 'kept': 591, 'longest_single_spell_blocks': 32}})
2026-10-03 16:20:34,473 level=WARNING module=sunflow.opt msg=no admissible pattern for ['Kharosa']: infeasible by construction ({'Kharosa': {'candidates': 1407, 'thermal_dropped': 1407, 'kept': 0, 'longest_single_spell_blocks': 0}, 'Jawali': {'candidates': 1407, 'thermal_dropped': 0, 'kept': 1407, 'longest_single_spell_blocks': 32}, 'Lamjana II': {'candidates': 1407, 'thermal_dropped': 0, 'kept': 1407, 'longest_single_spell_blocks': 32}, 'Chalburga': {'candidates': 1407, 'thermal_dropped': 0, 'kept': 1407, 'longest_single_spell_blocks': 32}})
2026-10-03 16:21:28,557 level=INFO module=sunflow.opt msg=solve status=feasible obj=88974.6 gap=None t=52.36s binaries=5628 constraints=351
2026-10-03 16:21:30,515 level=WARNING module=sunflow.opt msg=no admissible pattern for ['Kharosa']: infeasible by construction ({'Kharosa': {'candidates': 1407, 'thermal_dropped': 1407, 'kept': 0, 'longest_single_spell_blocks': 0}, 'Jawali': {'candidates': 1407, 'thermal_dropped': 0, 'kept': 1407, 'longest_single_spell_blocks': 32}, 'Lamjana II': {'candidates': 1407, 'thermal_dropped': 0, 'kept': 1407, 'longest_single_spell_blocks': 32}, 'Chalburga': {'candidates': 1407, 'thermal_dropped': 0, 'kept': 1407, 'longest_single_spell_blocks': 32}})
2026-10-03 16:21:32,714 level=WARNING module=sunflow.opt msg=no admissible pattern for ['Kharosa']: infeasible by construction ({'Kharosa': {'candidates': 1407, 'thermal_dropped': 1407, 'kept': 0, 'longest_single_spell_blocks': 0}, 'Jawali': {'candidates': 1407, 'thermal_dropped': 0, 'kept': 1407, 'longest_single_spell_blocks': 32}, 'Lamjana II': {'candidates': 1407, 'thermal_dropped': 0, 'kept': 1407, 'longest_single_spell_blocks': 32}, 'Chalburga': {'candidates': 1407, 'thermal_dropped': 0, 'kept': 1407, 'longest_single_spell_blocks': 32}})
2026-10-03 16:21:34,734 level=WARNING module=sunflow.opt msg=no admissible pattern for ['Kharosa']: infeasible by construction ({'Kharosa': {'candidates': 1407, 'thermal_dropped': 1407, 'kept': 0, 'longest_single_spell_blocks': 0}, 'Jawali': {'candidates': 1407, 'thermal_dropped': 0, 'kept': 1407, 'longest_single_spell_blocks': 32}, 'Lamjana II': {'candidates': 1407, 'thermal_dropped': 0, 'kept': 1407, 'longest_single_spell_blocks': 32}, 'Chalburga': {'candidates': 1407, 'thermal_dropped': 0, 'kept': 1407, 'longest_single_spell_blocks': 32}})
2026-10-03 16:22:47,615 level=INFO module=sunflow.opt msg=solve status=feasible obj=117268.8 gap=None t=69.25s binaries=10881 constraints=357
2026-10-03 16:22:47,616 level=WARNING module=sunflow.certify msg=No plan satisfies every hard rule under the declared assumptions; published timetable issued with alert.
2026-10-03 16:23:00,041 level=INFO module=sunflow.opt msg=solve status=optimal obj=109075.1 gap=0.0003 t=6.64s binaries=261 constraints=328
2026-10-03 16:23:00,133 level=INFO module=sunflow.certify msg=certified status=CERTIFIED rung=nominal tightening=0
2026-10-03 16:23:04,756 level=WARNING module=sunflow.opt msg=no admissible pattern for ['Kharosa', 'Jawali', 'Lamjana II', 'Chalburga']: infeasible by construction ({'Kharosa': {'candidates': 9, 'thermal_dropped': 9, 'kept': 0, 'longest_single_spell_blocks': 0}, 'Jawali': {'candidates': 9, 'thermal_dropped': 9, 'kept': 0, 'longest_single_spell_blocks': 0}, 'Lamjana II': {'candidates': 84, 'thermal_dropped': 84, 'kept': 0, 'longest_single_spell_blocks': 0}, 'Chalburga': {'candidates': 84, 'thermal_dropped': 84, 'kept': 0, 'longest_single_spell_blocks': 0}})
2026-10-03 16:23:06,782 level=WARNING module=sunflow.opt msg=no admissible pattern for ['Kharosa', 'Jawali', 'Lamjana II', 'Chalburga']: infeasible by construction ({'Kharosa': {'candidates': 264, 'thermal_dropped': 264, 'kept': 0, 'longest_single_spell_blocks': 0}, 'Jawali': {'candidates': 264, 'thermal_dropped': 264, 'kept': 0, 'longest_single_spell_blocks': 0}, 'Lamjana II': {'candidates': 591, 'thermal_dropped': 591, 'kept': 0, 'longest_single_spell_blocks': 0}, 'Chalburga': {'candidates': 591, 'thermal_dropped': 591, 'kept': 0, 'longest_single_spell_blocks': 0}})
2026-10-03 16:23:08,213 level=WARNING module=sunflow.opt msg=no admissible pattern for ['Kharosa', 'Jawali', 'Lamjana II', 'Chalburga']: infeasible by construction ({'Kharosa': {'candidates': 1407, 'thermal_dropped': 1407, 'kept': 0, 'longest_single_spell_blocks': 0}, 'Jawali': {'candidates': 1407, 'thermal_dropped': 1407, 'kept': 0, 'longest_single_spell_blocks': 0}, 'Lamjana II': {'candidates': 1407, 'thermal_dropped': 1407, 'kept': 0, 'longest_single_spell_blocks': 0}, 'Chalburga': {'candidates': 1407, 'thermal_dropped': 1407, 'kept': 0, 'longest_single_spell_blocks': 0}})
2026-10-03 16:23:51,744 level=INFO module=sunflow.opt msg=solve status=feasible obj=224784.4 gap=None t=42.46s binaries=5628 constraints=351
2026-10-03 16:23:53,015 level=WARNING module=sunflow.opt msg=no admissible pattern for ['Kharosa', 'Jawali', 'Lamjana II', 'Chalburga']: infeasible by construction ({'Kharosa': {'candidates': 1407, 'thermal_dropped': 1407, 'kept': 0, 'longest_single_spell_blocks': 0}, 'Jawali': {'candidates': 1407, 'thermal_dropped': 1407, 'kept': 0, 'longest_single_spell_blocks': 0}, 'Lamjana II': {'candidates': 1407, 'thermal_dropped': 1407, 'kept': 0, 'longest_single_spell_blocks': 0}, 'Chalburga': {'candidates': 1407, 'thermal_dropped': 1407, 'kept': 0, 'longest_single_spell_blocks': 0}})
2026-10-03 16:23:54,487 level=WARNING module=sunflow.opt msg=no admissible pattern for ['Kharosa', 'Jawali', 'Lamjana II', 'Chalburga']: infeasible by construction ({'Kharosa': {'candidates': 1407, 'thermal_dropped': 1407, 'kept': 0, 'longest_single_spell_blocks': 0}, 'Jawali': {'candidates': 1407, 'thermal_dropped': 1407, 'kept': 0, 'longest_single_spell_blocks': 0}, 'Lamjana II': {'candidates': 1407, 'thermal_dropped': 1407, 'kept': 0, 'longest_single_spell_blocks': 0}, 'Chalburga': {'candidates': 1407, 'thermal_dropped': 1407, 'kept': 0, 'longest_single_spell_blocks': 0}})
2026-10-03 16:23:55,584 level=WARNING module=sunflow.opt msg=no admissible pattern for ['Kharosa', 'Jawali', 'Lamjana II', 'Chalburga']: infeasible by construction ({'Kharosa': {'candidates': 1407, 'thermal_dropped': 1407, 'kept': 0, 'longest_single_spell_blocks': 0}, 'Jawali': {'candidates': 1407, 'thermal_dropped': 1407, 'kept': 0, 'longest_single_spell_blocks': 0}, 'Lamjana II': {'candidates': 1407, 'thermal_dropped': 1407, 'kept': 0, 'longest_single_spell_blocks': 0}, 'Chalburga': {'candidates': 1407, 'thermal_dropped': 1407, 'kept': 0, 'longest_single_spell_blocks': 0}})
2026-10-03 16:24:12,838 level=INFO module=sunflow.opt msg=solve status=feasible obj=262603.0 gap=None t=17.05s binaries=1876 constraints=357
2026-10-03 16:24:12,838 level=WARNING module=sunflow.certify msg=No plan satisfies every hard rule under the declared assumptions; published timetable issued with alert.
2026-10-03 16:24:17,348 level=WARNING module=sunflow.opt msg=no admissible pattern for ['Lamjana II']: infeasible by construction ({'Kharosa': {'candidates': 84, 'thermal_dropped': 0, 'kept': 84, 'longest_single_spell_blocks': 32}, 'Jawali': {'candidates': 84, 'thermal_dropped': 0, 'kept': 84, 'longest_single_spell_blocks': 32}, 'Lamjana II': {'candidates': 0, 'thermal_dropped': 0, 'kept': 0, 'longest_single_spell_blocks': 0}, 'Chalburga': {'candidates': 84, 'thermal_dropped': 0, 'kept': 84, 'longest_single_spell_blocks': 32}})
2026-10-03 16:24:17,818 level=WARNING module=sunflow.opt msg=no admissible pattern for ['Lamjana II']: infeasible by construction ({'Kharosa': {'candidates': 591, 'thermal_dropped': 0, 'kept': 591, 'longest_single_spell_blocks': 32}, 'Jawali': {'candidates': 591, 'thermal_dropped': 0, 'kept': 591, 'longest_single_spell_blocks': 32}, 'Lamjana II': {'candidates': 0, 'thermal_dropped': 0, 'kept': 0, 'longest_single_spell_blocks': 0}, 'Chalburga': {'candidates': 591, 'thermal_dropped': 0, 'kept': 591, 'longest_single_spell_blocks': 32}})
2026-10-03 16:24:50,796 level=WARNING module=sunflow.opt msg=solve status=timeout tc=maxtimelimit t=32.97s
2026-10-03 16:24:51,007 level=WARNING module=sunflow.certify msg=Solver could not find a plan or prove infeasibility within the time limit; published timetable issued with alert.
2026-10-03 16:24:52,337 level=WARNING module=sunflow.opt msg=no admissible pattern for ['Jawali']: infeasible by construction ({'Kharosa': {'candidates': 6, 'thermal_dropped': 0, 'kept': 6, 'longest_single_spell_blocks': 26}, 'Jawali': {'candidates': 9, 'thermal_dropped': 9, 'kept': 0, 'longest_single_spell_blocks': 0}, 'Lamjana II': {'candidates': 84, 'thermal_dropped': 0, 'kept': 84, 'longest_single_spell_blocks': 32}, 'Chalburga': {'candidates': 9, 'thermal_dropped': 0, 'kept': 9, 'longest_single_spell_blocks': 32}})
2026-10-03 16:25:07,197 level=INFO module=sunflow.opt msg=solve status=optimal obj=124115.4 gap=0.0108 t=14.67s binaries=1051 constraints=349
2026-10-03 16:25:07,240 level=INFO module=sunflow.certify msg=certified status=CERTIFIED_WITH_RELAXATION rung=split_spells tightening=0
2026-10-03 16:25:10,036 level=WARNING module=sunflow.opt msg=no admissible pattern for ['Kharosa', 'Jawali', 'Lamjana II', 'Chalburga']: infeasible by construction ({'Kharosa': {'candidates': 84, 'thermal_dropped': 84, 'kept': 0, 'longest_single_spell_blocks': 0}, 'Jawali': {'candidates': 9, 'thermal_dropped': 9, 'kept': 0, 'longest_single_spell_blocks': 0}, 'Lamjana II': {'candidates': 84, 'thermal_dropped': 84, 'kept': 0, 'longest_single_spell_blocks': 0}, 'Chalburga': {'candidates': 84, 'thermal_dropped': 84, 'kept': 0, 'longest_single_spell_blocks': 0}})
2026-10-03 16:25:10,400 level=WARNING module=sunflow.opt msg=no admissible pattern for ['Kharosa', 'Jawali', 'Lamjana II', 'Chalburga']: infeasible by construction ({'Kharosa': {'candidates': 591, 'thermal_dropped': 591, 'kept': 0, 'longest_single_spell_blocks': 0}, 'Jawali': {'candidates': 264, 'thermal_dropped': 264, 'kept': 0, 'longest_single_spell_blocks': 0}, 'Lamjana II': {'candidates': 591, 'thermal_dropped': 591, 'kept': 0, 'longest_single_spell_blocks': 0}, 'Chalburga': {'candidates': 591, 'thermal_dropped': 591, 'kept': 0, 'longest_single_spell_blocks': 0}})
2026-10-03 16:25:11,255 level=WARNING module=sunflow.opt msg=no admissible pattern for ['Kharosa', 'Jawali', 'Lamjana II', 'Chalburga']: infeasible by construction ({'Kharosa': {'candidates': 1407, 'thermal_dropped': 1407, 'kept': 0, 'longest_single_spell_blocks': 0}, 'Jawali': {'candidates': 1407, 'thermal_dropped': 1407, 'kept': 0, 'longest_single_spell_blocks': 0}, 'Lamjana II': {'candidates': 1407, 'thermal_dropped': 1407, 'kept': 0, 'longest_single_spell_blocks': 0}, 'Chalburga': {'candidates': 1407, 'thermal_dropped': 1407, 'kept': 0, 'longest_single_spell_blocks': 0}})
2026-10-03 16:25:43,300 level=INFO module=sunflow.opt msg=solve status=feasible obj=255125.9 gap=None t=30.96s binaries=5628 constraints=391
2026-10-03 16:25:44,675 level=WARNING module=sunflow.opt msg=no admissible pattern for ['Kharosa', 'Jawali', 'Lamjana II', 'Chalburga']: infeasible by construction ({'Kharosa': {'candidates': 1407, 'thermal_dropped': 1407, 'kept': 0, 'longest_single_spell_blocks': 0}, 'Jawali': {'candidates': 1407, 'thermal_dropped': 1407, 'kept': 0, 'longest_single_spell_blocks': 0}, 'Lamjana II': {'candidates': 1407, 'thermal_dropped': 1407, 'kept': 0, 'longest_single_spell_blocks': 0}, 'Chalburga': {'candidates': 1407, 'thermal_dropped': 1407, 'kept': 0, 'longest_single_spell_blocks': 0}})
2026-10-03 16:25:45,653 level=WARNING module=sunflow.opt msg=no admissible pattern for ['Kharosa', 'Jawali', 'Lamjana II', 'Chalburga']: infeasible by construction ({'Kharosa': {'candidates': 1407, 'thermal_dropped': 1407, 'kept': 0, 'longest_single_spell_blocks': 0}, 'Jawali': {'candidates': 1407, 'thermal_dropped': 1407, 'kept': 0, 'longest_single_spell_blocks': 0}, 'Lamjana II': {'candidates': 1407, 'thermal_dropped': 1407, 'kept': 0, 'longest_single_spell_blocks': 0}, 'Chalburga': {'candidates': 1407, 'thermal_dropped': 1407, 'kept': 0, 'longest_single_spell_blocks': 0}})
2026-10-03 16:25:46,479 level=WARNING module=sunflow.opt msg=no admissible pattern for ['Kharosa', 'Jawali', 'Lamjana II', 'Chalburga']: infeasible by construction ({'Kharosa': {'candidates': 1407, 'thermal_dropped': 1407, 'kept': 0, 'longest_single_spell_blocks': 0}, 'Jawali': {'candidates': 1407, 'thermal_dropped': 1407, 'kept': 0, 'longest_single_spell_blocks': 0}, 'Lamjana II': {'candidates': 1407, 'thermal_dropped': 1407, 'kept': 0, 'longest_single_spell_blocks': 0}, 'Chalburga': {'candidates': 1407, 'thermal_dropped': 1407, 'kept': 0, 'longest_single_spell_blocks': 0}})
2026-10-03 16:25:49,782 level=INFO module=sunflow.opt msg=solve status=optimal obj=399635.8 gap=0.002 t=3.25s binaries=766 constraints=397
2026-10-03 16:25:49,783 level=WARNING module=sunflow.certify msg=No plan satisfies every hard rule under the declared assumptions; published timetable issued with alert.
2026-10-03 16:25:52,518 level=INFO module=sunflow.opt msg=solve status=optimal obj=102262.0 gap=0.0001 t=0.80s binaries=36 constraints=304
2026-10-03 16:25:52,583 level=INFO module=sunflow.certify msg=certified status=CERTIFIED rung=nominal tightening=0
2026-10-03 16:25:54,816 level=INFO module=sunflow.opt msg=solve status=optimal obj=47948.1 gap=0.0034 t=1.99s binaries=186 constraints=328
2026-10-03 16:25:54,888 level=INFO module=sunflow.certify msg=certified status=CERTIFIED rung=nominal tightening=0
2026-10-03 16:25:57,094 level=WARNING module=sunflow.opt msg=no admissible pattern for ['Kharosa']: infeasible by construction ({'Kharosa': {'candidates': 84, 'thermal_dropped': 84, 'kept': 0, 'longest_single_spell_blocks': 0}, 'Jawali': {'candidates': 84, 'thermal_dropped': 54, 'kept': 30, 'longest_single_spell_blocks': 28}, 'Lamjana II': {'candidates': 84, 'thermal_dropped': 54, 'kept': 30, 'longest_single_spell_blocks': 28}, 'Chalburga': {'candidates': 84, 'thermal_dropped': 54, 'kept': 30, 'longest_single_spell_blocks': 28}})
2026-10-03 16:25:57,650 level=WARNING module=sunflow.opt msg=no admissible pattern for ['Kharosa']: infeasible by construction ({'Kharosa': {'candidates': 591, 'thermal_dropped': 591, 'kept': 0, 'longest_single_spell_blocks': 0}, 'Jawali': {'candidates': 591, 'thermal_dropped': 98, 'kept': 493, 'longest_single_spell_blocks': 28}, 'Lamjana II': {'candidates': 591, 'thermal_dropped': 98, 'kept': 493, 'longest_single_spell_blocks': 28}, 'Chalburga': {'candidates': 591, 'thermal_dropped': 98, 'kept': 493, 'longest_single_spell_blocks': 28}})
2026-10-03 16:25:58,967 level=WARNING module=sunflow.opt msg=no admissible pattern for ['Kharosa']: infeasible by construction ({'Kharosa': {'candidates': 1407, 'thermal_dropped': 1407, 'kept': 0, 'longest_single_spell_blocks': 0}, 'Jawali': {'candidates': 1407, 'thermal_dropped': 104, 'kept': 1303, 'longest_single_spell_blocks': 28}, 'Lamjana II': {'candidates': 1407, 'thermal_dropped': 104, 'kept': 1303, 'longest_single_spell_blocks': 28}, 'Chalburga': {'candidates': 1407, 'thermal_dropped': 104, 'kept': 1303, 'longest_single_spell_blocks': 28}})
2026-10-03 16:26:27,882 level=INFO module=sunflow.opt msg=solve status=feasible obj=107359.0 gap=None t=27.87s binaries=5628 constraints=351
2026-10-03 16:26:29,311 level=WARNING module=sunflow.opt msg=no admissible pattern for ['Kharosa']: infeasible by construction ({'Kharosa': {'candidates': 1407, 'thermal_dropped': 1407, 'kept': 0, 'longest_single_spell_blocks': 0}, 'Jawali': {'candidates': 1407, 'thermal_dropped': 104, 'kept': 1303, 'longest_single_spell_blocks': 28}, 'Lamjana II': {'candidates': 1407, 'thermal_dropped': 104, 'kept': 1303, 'longest_single_spell_blocks': 28}, 'Chalburga': {'candidates': 1407, 'thermal_dropped': 104, 'kept': 1303, 'longest_single_spell_blocks': 28}})
2026-10-03 16:26:30,234 level=WARNING module=sunflow.opt msg=no admissible pattern for ['Kharosa']: infeasible by construction ({'Kharosa': {'candidates': 1407, 'thermal_dropped': 1407, 'kept': 0, 'longest_single_spell_blocks': 0}, 'Jawali': {'candidates': 1407, 'thermal_dropped': 104, 'kept': 1303, 'longest_single_spell_blocks': 28}, 'Lamjana II': {'candidates': 1407, 'thermal_dropped': 104, 'kept': 1303, 'longest_single_spell_blocks': 28}, 'Chalburga': {'candidates': 1407, 'thermal_dropped': 104, 'kept': 1303, 'longest_single_spell_blocks': 28}})
2026-10-03 16:26:31,416 level=WARNING module=sunflow.opt msg=no admissible pattern for ['Kharosa']: infeasible by construction ({'Kharosa': {'candidates': 1407, 'thermal_dropped': 1407, 'kept': 0, 'longest_single_spell_blocks': 0}, 'Jawali': {'candidates': 1407, 'thermal_dropped': 104, 'kept': 1303, 'longest_single_spell_blocks': 28}, 'Lamjana II': {'candidates': 1407, 'thermal_dropped': 104, 'kept': 1303, 'longest_single_spell_blocks': 28}, 'Chalburga': {'candidates': 1407, 'thermal_dropped': 104, 'kept': 1303, 'longest_single_spell_blocks': 28}})
2026-10-03 16:27:11,344 level=INFO module=sunflow.opt msg=solve status=feasible obj=154776.6 gap=None t=38.88s binaries=10444 constraints=357
2026-10-03 16:27:11,344 level=WARNING module=sunflow.certify msg=No plan satisfies every hard rule under the declared assumptions; published timetable issued with alert.
2026-10-03 16:27:14,145 level=INFO module=sunflow.opt msg=solve status=optimal obj=115338.5 gap=0.0 t=1.16s binaries=261 constraints=328
2026-10-03 16:27:14,189 level=INFO module=sunflow.certify msg=certified status=CERTIFIED rung=nominal tightening=0
shard 4/8: 125 done, 2879s, statuses {'CERTIFIED_WITH_RELAXATION': 23, 'INFEASIBLE': 31, 'CERTIFIED': 70, 'FALLBACK_BASELINE': 1}, violations on certified plans: 0
{
  "n": 125,
  "n_total": 1000,
  "seed": 7,
  "shard": 4,
  "shards": 8,
  "status_counts": {
    "CERTIFIED_WITH_RELAXATION": 23,
    "INFEASIBLE": 31,
    "CERTIFIED": 70,
    "FALLBACK_BASELINE": 1
  },
  "certified_plans_with_violations": 0,
  "elapsed_s": 2879.0973925590515
}
