2026-10-03 15:39:23,408 level=INFO module=sunflow.opt msg=solve status=optimal obj=53819.2 gap=0.0016 t=0.90s binaries=186 constraints=328
2026-10-03 15:39:23,469 level=INFO module=sunflow.certify msg=certified status=CERTIFIED rung=nominal tightening=0
2026-10-03 15:39:26,430 level=INFO module=sunflow.opt msg=solve status=optimal obj=58382.3 gap=0.0014 t=1.26s binaries=186 constraints=328
2026-10-03 15:39:26,540 level=INFO module=sunflow.certify msg=certified status=CERTIFIED rung=nominal tightening=0
2026-10-03 15:39:28,433 level=WARNING module=sunflow.opt msg=no admissible pattern for ['Kharosa', 'Jawali', 'Lamjana II', 'Chalburga']: infeasible by construction ({'Kharosa': {'candidates': 84, 'thermal_dropped': 84, 'kept': 0, 'longest_single_spell_blocks': 0}, 'Jawali': {'candidates': 84, 'thermal_dropped': 84, 'kept': 0, 'longest_single_spell_blocks': 0}, 'Lamjana II': {'candidates': 84, 'thermal_dropped': 84, 'kept': 0, 'longest_single_spell_blocks': 0}, 'Chalburga': {'candidates': 20, 'thermal_dropped': 20, 'kept': 0, 'longest_single_spell_blocks': 0}})
2026-10-03 15:39:28,863 level=WARNING module=sunflow.opt msg=no admissible pattern for ['Kharosa', 'Chalburga']: infeasible by construction ({'Kharosa': {'candidates': 591, 'thermal_dropped': 591, 'kept': 0, 'longest_single_spell_blocks': 0}, 'Jawali': {'candidates': 591, 'thermal_dropped': 580, 'kept': 11, 'longest_single_spell_blocks': 0}, 'Lamjana II': {'candidates': 591, 'thermal_dropped': 580, 'kept': 11, 'longest_single_spell_blocks': 0}, 'Chalburga': {'candidates': 29, 'thermal_dropped': 29, 'kept': 0, 'longest_single_spell_blocks': 0}})
2026-10-03 15:39:30,083 level=WARNING module=sunflow.opt msg=no admissible pattern for ['Kharosa', 'Chalburga']: infeasible by construction ({'Kharosa': {'candidates': 1407, 'thermal_dropped': 1407, 'kept': 0, 'longest_single_spell_blocks': 0}, 'Jawali': {'candidates': 1407, 'thermal_dropped': 1393, 'kept': 14, 'longest_single_spell_blocks': 0}, 'Lamjana II': {'candidates': 1407, 'thermal_dropped': 1393, 'kept': 14, 'longest_single_spell_blocks': 0}, 'Chalburga': {'candidates': 39, 'thermal_dropped': 39, 'kept': 0, 'longest_single_spell_blocks': 0}})
2026-10-03 15:39:52,186 level=INFO module=sunflow.opt msg=solve status=feasible obj=147506.3 gap=None t=21.52s binaries=4260 constraints=351
2026-10-03 15:39:52,870 level=WARNING module=sunflow.opt msg=no admissible pattern for ['Kharosa', 'Chalburga']: infeasible by construction ({'Kharosa': {'candidates': 1407, 'thermal_dropped': 1407, 'kept': 0, 'longest_single_spell_blocks': 0}, 'Jawali': {'candidates': 1407, 'thermal_dropped': 1393, 'kept': 14, 'longest_single_spell_blocks': 0}, 'Lamjana II': {'candidates': 1407, 'thermal_dropped': 1393, 'kept': 14, 'longest_single_spell_blocks': 0}, 'Chalburga': {'candidates': 39, 'thermal_dropped': 39, 'kept': 0, 'longest_single_spell_blocks': 0}})
2026-10-03 15:39:53,521 level=WARNING module=sunflow.opt msg=no admissible pattern for ['Kharosa', 'Chalburga']: infeasible by construction ({'Kharosa': {'candidates': 1407, 'thermal_dropped': 1407, 'kept': 0, 'longest_single_spell_blocks': 0}, 'Jawali': {'candidates': 1407, 'thermal_dropped': 1393, 'kept': 14, 'longest_single_spell_blocks': 0}, 'Lamjana II': {'candidates': 1407, 'thermal_dropped': 1393, 'kept': 14, 'longest_single_spell_blocks': 0}, 'Chalburga': {'candidates': 39, 'thermal_dropped': 39, 'kept': 0, 'longest_single_spell_blocks': 0}})
2026-10-03 15:39:54,271 level=WARNING module=sunflow.opt msg=no admissible pattern for ['Kharosa', 'Chalburga']: infeasible by construction ({'Kharosa': {'candidates': 1407, 'thermal_dropped': 1407, 'kept': 0, 'longest_single_spell_blocks': 0}, 'Jawali': {'candidates': 1407, 'thermal_dropped': 1393, 'kept': 14, 'longest_single_spell_blocks': 0}, 'Lamjana II': {'candidates': 1407, 'thermal_dropped': 1393, 'kept': 14, 'longest_single_spell_blocks': 0}, 'Chalburga': {'candidates': 39, 'thermal_dropped': 39, 'kept': 0, 'longest_single_spell_blocks': 0}})
2026-10-03 15:40:08,397 level=INFO module=sunflow.opt msg=solve status=feasible obj=241054.5 gap=None t=13.89s binaries=2482 constraints=357
2026-10-03 15:40:08,398 level=WARNING module=sunflow.certify msg=No plan satisfies every hard rule under the declared assumptions; published timetable issued with alert.
2026-10-03 15:40:11,395 level=INFO module=sunflow.opt msg=solve status=optimal obj=122380.0 gap=0.0 t=1.56s binaries=336 constraints=328
2026-10-03 15:40:11,448 level=INFO module=sunflow.certify msg=certified status=CERTIFIED rung=nominal tightening=0
2026-10-03 15:40:14,060 level=INFO module=sunflow.opt msg=solve status=optimal obj=148262.7 gap=0.0 t=0.96s binaries=186 constraints=328
2026-10-03 15:40:14,110 level=INFO module=sunflow.certify msg=certified status=CERTIFIED rung=nominal tightening=0
2026-10-03 15:40:14,296 level=INFO module=sunflow.certify msg=baseline guard: published timetable (Rs 69,412) not worse than plan (Rs 69,437); issuing timetable
2026-10-03 15:40:17,103 level=INFO module=sunflow.opt msg=solve status=optimal obj=162528.2 gap=0.0 t=1.01s binaries=186 constraints=328
2026-10-03 15:40:17,147 level=INFO module=sunflow.certify msg=certified status=CERTIFIED rung=nominal tightening=0
2026-10-03 15:40:20,652 level=INFO module=sunflow.opt msg=solve status=optimal obj=112715.5 gap=0.0007 t=1.63s binaries=336 constraints=328
2026-10-03 15:40:20,741 level=INFO module=sunflow.certify msg=certified status=CERTIFIED rung=nominal tightening=0
2026-10-03 15:40:24,540 level=INFO module=sunflow.opt msg=solve status=optimal obj=137964.6 gap=0.0 t=2.09s binaries=336 constraints=328
2026-10-03 15:40:24,612 level=INFO module=sunflow.certify msg=certified status=CERTIFIED rung=nominal tightening=0
2026-10-03 15:40:27,275 level=INFO module=sunflow.opt msg=solve status=optimal obj=112176.0 gap=0.0 t=0.74s binaries=186 constraints=328
2026-10-03 15:40:27,332 level=INFO module=sunflow.certify msg=certified status=CERTIFIED rung=nominal tightening=0
2026-10-03 15:40:29,845 level=INFO module=sunflow.opt msg=solve status=optimal obj=99914.5 gap=0.0 t=1.01s binaries=186 constraints=328
2026-10-03 15:40:29,878 level=INFO module=sunflow.certify msg=certified status=CERTIFIED rung=nominal tightening=0
2026-10-03 15:40:31,362 level=WARNING module=sunflow.opt msg=no admissible pattern for ['Chalburga']: infeasible by construction ({'Kharosa': {'candidates': 84, 'thermal_dropped': 0, 'kept': 84, 'longest_single_spell_blocks': 32}, 'Jawali': {'candidates': 84, 'thermal_dropped': 0, 'kept': 84, 'longest_single_spell_blocks': 32}, 'Lamjana II': {'candidates': 9, 'thermal_dropped': 0, 'kept': 9, 'longest_single_spell_blocks': 32}, 'Chalburga': {'candidates': 0, 'thermal_dropped': 0, 'kept': 0, 'longest_single_spell_blocks': 0}})
2026-10-03 15:40:50,193 level=INFO module=sunflow.opt msg=solve status=optimal obj=121460.6 gap=0.0 t=18.43s binaries=1653 constraints=351
2026-10-03 15:40:50,264 level=INFO module=sunflow.certify msg=certified status=CERTIFIED_WITH_RELAXATION rung=split_spells tightening=0
2026-10-03 15:40:52,121 level=WARNING module=sunflow.opt msg=no admissible pattern for ['Kharosa', 'Jawali', 'Lamjana II', 'Chalburga']: infeasible by construction ({'Kharosa': {'candidates': 84, 'thermal_dropped': 84, 'kept': 0, 'longest_single_spell_blocks': 0}, 'Jawali': {'candidates': 84, 'thermal_dropped': 84, 'kept': 0, 'longest_single_spell_blocks': 0}, 'Lamjana II': {'candidates': 84, 'thermal_dropped': 84, 'kept': 0, 'longest_single_spell_blocks': 0}, 'Chalburga': {'candidates': 0, 'thermal_dropped': 0, 'kept': 0, 'longest_single_spell_blocks': 0}})
2026-10-03 15:40:52,398 level=WARNING module=sunflow.opt msg=no admissible pattern for ['Kharosa', 'Jawali', 'Lamjana II', 'Chalburga']: infeasible by construction ({'Kharosa': {'candidates': 591, 'thermal_dropped': 591, 'kept': 0, 'longest_single_spell_blocks': 0}, 'Jawali': {'candidates': 591, 'thermal_dropped': 591, 'kept': 0, 'longest_single_spell_blocks': 0}, 'Lamjana II': {'candidates': 591, 'thermal_dropped': 591, 'kept': 0, 'longest_single_spell_blocks': 0}, 'Chalburga': {'candidates': 51, 'thermal_dropped': 51, 'kept': 0, 'longest_single_spell_blocks': 0}})
2026-10-03 15:40:53,053 level=WARNING module=sunflow.opt msg=no admissible pattern for ['Kharosa', 'Jawali', 'Lamjana II', 'Chalburga']: infeasible by construction ({'Kharosa': {'candidates': 1407, 'thermal_dropped': 1407, 'kept': 0, 'longest_single_spell_blocks': 0}, 'Jawali': {'candidates': 1407, 'thermal_dropped': 1407, 'kept': 0, 'longest_single_spell_blocks': 0}, 'Lamjana II': {'candidates': 1407, 'thermal_dropped': 1407, 'kept': 0, 'longest_single_spell_blocks': 0}, 'Chalburga': {'candidates': 161, 'thermal_dropped': 161, 'kept': 0, 'longest_single_spell_blocks': 0}})
2026-10-03 15:41:14,506 level=INFO module=sunflow.opt msg=solve status=feasible obj=241306.3 gap=None t=20.80s binaries=4382 constraints=391
2026-10-03 15:41:15,272 level=WARNING module=sunflow.opt msg=no admissible pattern for ['Kharosa', 'Jawali', 'Lamjana II', 'Chalburga']: infeasible by construction ({'Kharosa': {'candidates': 1407, 'thermal_dropped': 1407, 'kept': 0, 'longest_single_spell_blocks': 0}, 'Jawali': {'candidates': 1407, 'thermal_dropped': 1407, 'kept': 0, 'longest_single_spell_blocks': 0}, 'Lamjana II': {'candidates': 1407, 'thermal_dropped': 1407, 'kept': 0, 'longest_single_spell_blocks': 0}, 'Chalburga': {'candidates': 161, 'thermal_dropped': 161, 'kept': 0, 'longest_single_spell_blocks': 0}})
2026-10-03 15:41:16,206 level=WARNING module=sunflow.opt msg=no admissible pattern for ['Kharosa', 'Jawali', 'Lamjana II', 'Chalburga']: infeasible by construction ({'Kharosa': {'candidates': 1407, 'thermal_dropped': 1407, 'kept': 0, 'longest_single_spell_blocks': 0}, 'Jawali': {'candidates': 1407, 'thermal_dropped': 1407, 'kept': 0, 'longest_single_spell_blocks': 0}, 'Lamjana II': {'candidates': 1407, 'thermal_dropped': 1407, 'kept': 0, 'longest_single_spell_blocks': 0}, 'Chalburga': {'candidates': 161, 'thermal_dropped': 161, 'kept': 0, 'longest_single_spell_blocks': 0}})
2026-10-03 15:41:16,949 level=WARNING module=sunflow.opt msg=no admissible pattern for ['Kharosa', 'Jawali', 'Lamjana II', 'Chalburga']: infeasible by construction ({'Kharosa': {'candidates': 1407, 'thermal_dropped': 1407, 'kept': 0, 'longest_single_spell_blocks': 0}, 'Jawali': {'candidates': 1407, 'thermal_dropped': 1407, 'kept': 0, 'longest_single_spell_blocks': 0}, 'Lamjana II': {'candidates': 1407, 'thermal_dropped': 1407, 'kept': 0, 'longest_single_spell_blocks': 0}, 'Chalburga': {'candidates': 161, 'thermal_dropped': 161, 'kept': 0, 'longest_single_spell_blocks': 0}})
2026-10-03 15:41:19,521 level=INFO module=sunflow.opt msg=solve status=optimal obj=417852.5 gap=0.0014 t=2.53s binaries=681 constraints=397
2026-10-03 15:41:19,521 level=WARNING module=sunflow.certify msg=No plan satisfies every hard rule under the declared assumptions; published timetable issued with alert.
2026-10-03 15:41:21,262 level=WARNING module=sunflow.opt msg=no admissible pattern for ['Lamjana II']: infeasible by construction ({'Kharosa': {'candidates': 84, 'thermal_dropped': 74, 'kept': 10, 'longest_single_spell_blocks': 27}, 'Jawali': {'candidates': 84, 'thermal_dropped': 74, 'kept': 10, 'longest_single_spell_blocks': 27}, 'Lamjana II': {'candidates': 9, 'thermal_dropped': 9, 'kept': 0, 'longest_single_spell_blocks': 0}, 'Chalburga': {'candidates': 84, 'thermal_dropped': 74, 'kept': 10, 'longest_single_spell_blocks': 27}})
2026-10-03 15:41:35,192 level=WARNING module=sunflow.opt msg=solve status=infeasible tc=infeasible t=13.93s
2026-10-03 15:42:03,023 level=INFO module=sunflow.opt msg=solve status=feasible obj=208430.4 gap=None t=27.25s binaries=3472 constraints=293
2026-10-03 15:42:03,073 level=INFO module=sunflow.certify msg=certified status=CERTIFIED_WITH_RELAXATION rung=feasibility_focus tightening=0
2026-10-03 15:42:06,880 level=INFO module=sunflow.opt msg=solve status=optimal obj=104154.9 gap=0.0002 t=1.62s binaries=261 constraints=328
2026-10-03 15:42:06,937 level=INFO module=sunflow.certify msg=certified status=CERTIFIED rung=nominal tightening=0
2026-10-03 15:42:11,773 level=INFO module=sunflow.opt msg=solve status=optimal obj=53381.5 gap=0.0 t=2.19s binaries=186 constraints=328
2026-10-03 15:42:12,119 level=INFO module=sunflow.certify msg=certified status=CERTIFIED rung=nominal tightening=0
2026-10-03 15:42:12,512 level=INFO module=sunflow.certify msg=baseline guard: published timetable (Rs 21,245) not worse than plan (Rs 21,246); issuing timetable
2026-10-03 15:42:16,659 level=WARNING module=sunflow.opt msg=solve status=infeasible tc=infeasible t=2.43s
2026-10-03 15:42:41,482 level=WARNING module=sunflow.opt msg=solve status=timeout tc=maxtimelimit t=24.82s
2026-10-03 15:43:28,975 level=INFO module=sunflow.opt msg=solve status=feasible obj=186453.1 gap=None t=46.20s binaries=5628 constraints=295
2026-10-03 15:43:29,013 level=INFO module=sunflow.certify msg=certified status=CERTIFIED_WITH_RELAXATION rung=feasibility_focus tightening=0
2026-10-03 15:43:31,091 level=WARNING module=sunflow.opt msg=no admissible pattern for ['Kharosa', 'Jawali', 'Lamjana II', 'Chalburga']: infeasible by construction ({'Kharosa': {'candidates': 0, 'thermal_dropped': 0, 'kept': 0, 'longest_single_spell_blocks': 0}, 'Jawali': {'candidates': 84, 'thermal_dropped': 84, 'kept': 0, 'longest_single_spell_blocks': 0}, 'Lamjana II': {'candidates': 9, 'thermal_dropped': 9, 'kept': 0, 'longest_single_spell_blocks': 0}, 'Chalburga': {'candidates': 84, 'thermal_dropped': 84, 'kept': 0, 'longest_single_spell_blocks': 0}})
2026-10-03 15:43:31,510 level=WARNING module=sunflow.opt msg=no admissible pattern for ['Lamjana II', 'Chalburga']: infeasible by construction ({'Kharosa': {'candidates': 173, 'thermal_dropped': 161, 'kept': 12, 'longest_single_spell_blocks': 0}, 'Jawali': {'candidates': 591, 'thermal_dropped': 579, 'kept': 12, 'longest_single_spell_blocks': 0}, 'Lamjana II': {'candidates': 264, 'thermal_dropped': 264, 'kept': 0, 'longest_single_spell_blocks': 0}, 'Chalburga': {'candidates': 591, 'thermal_dropped': 591, 'kept': 0, 'longest_single_spell_blocks': 0}})
2026-10-03 15:43:32,544 level=WARNING module=sunflow.opt msg=no admissible pattern for ['Chalburga']: infeasible by construction ({'Kharosa': {'candidates': 513, 'thermal_dropped': 498, 'kept': 15, 'longest_single_spell_blocks': 0}, 'Jawali': {'candidates': 1407, 'thermal_dropped': 1392, 'kept': 15, 'longest_single_spell_blocks': 0}, 'Lamjana II': {'candidates': 1407, 'thermal_dropped': 1392, 'kept': 15, 'longest_single_spell_blocks': 0}, 'Chalburga': {'candidates': 1407, 'thermal_dropped': 1407, 'kept': 0, 'longest_single_spell_blocks': 0}})
2026-10-03 15:44:08,741 level=INFO module=sunflow.opt msg=solve status=feasible obj=201280.7 gap=None t=35.16s binaries=4734 constraints=348
2026-10-03 15:44:10,664 level=WARNING module=sunflow.opt msg=no admissible pattern for ['Chalburga']: infeasible by construction ({'Kharosa': {'candidates': 513, 'thermal_dropped': 498, 'kept': 15, 'longest_single_spell_blocks': 0}, 'Jawali': {'candidates': 1407, 'thermal_dropped': 1392, 'kept': 15, 'longest_single_spell_blocks': 0}, 'Lamjana II': {'candidates': 1407, 'thermal_dropped': 1392, 'kept': 15, 'longest_single_spell_blocks': 0}, 'Chalburga': {'candidates': 1407, 'thermal_dropped': 1407, 'kept': 0, 'longest_single_spell_blocks': 0}})
2026-10-03 15:44:13,234 level=WARNING module=sunflow.opt msg=no admissible pattern for ['Chalburga']: infeasible by construction ({'Kharosa': {'candidates': 513, 'thermal_dropped': 498, 'kept': 15, 'longest_single_spell_blocks': 0}, 'Jawali': {'candidates': 1407, 'thermal_dropped': 1392, 'kept': 15, 'longest_single_spell_blocks': 0}, 'Lamjana II': {'candidates': 1407, 'thermal_dropped': 1392, 'kept': 15, 'longest_single_spell_blocks': 0}, 'Chalburga': {'candidates': 1407, 'thermal_dropped': 1407, 'kept': 0, 'longest_single_spell_blocks': 0}})
2026-10-03 15:44:14,377 level=WARNING module=sunflow.opt msg=no admissible pattern for ['Chalburga']: infeasible by construction ({'Kharosa': {'candidates': 513, 'thermal_dropped': 498, 'kept': 15, 'longest_single_spell_blocks': 0}, 'Jawali': {'candidates': 1407, 'thermal_dropped': 1392, 'kept': 15, 'longest_single_spell_blocks': 0}, 'Lamjana II': {'candidates': 1407, 'thermal_dropped': 1392, 'kept': 15, 'longest_single_spell_blocks': 0}, 'Chalburga': {'candidates': 1407, 'thermal_dropped': 1407, 'kept': 0, 'longest_single_spell_blocks': 0}})
2026-10-03 15:44:37,465 level=INFO module=sunflow.opt msg=solve status=feasible obj=259312.8 gap=None t=22.81s binaries=3155 constraints=355
2026-10-03 15:44:37,465 level=WARNING module=sunflow.certify msg=No plan satisfies every hard rule under the declared assumptions; published timetable issued with alert.
2026-10-03 15:44:40,786 level=INFO module=sunflow.opt msg=solve status=optimal obj=137727.5 gap=0.0 t=1.45s binaries=236 constraints=328
2026-10-03 15:45:02,549 level=INFO module=sunflow.opt msg=solve status=feasible obj=129512.4 gap=None t=21.25s binaries=2009 constraints=351
2026-10-03 15:45:02,586 level=INFO module=sunflow.certify msg=certified without night compensation using split spells
2026-10-03 15:45:02,703 level=INFO module=sunflow.certify msg=baseline guard: published timetable (Rs 61,898) not worse than plan (Rs 65,317); issuing timetable
2026-10-03 15:45:08,861 level=WARNING module=sunflow.opt msg=solve status=infeasible tc=infeasible t=3.40s
2026-10-03 15:45:30,686 level=INFO module=sunflow.opt msg=solve status=feasible obj=129360.0 gap=None t=21.44s binaries=1830 constraints=382
2026-10-03 15:45:30,758 level=INFO module=sunflow.certify msg=certified status=CERTIFIED_WITH_RELAXATION rung=split_spells tightening=0
2026-10-03 15:45:36,835 level=INFO module=sunflow.opt msg=solve status=optimal obj=125020.8 gap=0.0 t=1.98s binaries=261 constraints=328
2026-10-03 15:45:36,894 level=INFO module=sunflow.certify msg=certified status=CERTIFIED rung=nominal tightening=0
2026-10-03 15:45:37,072 level=INFO module=sunflow.certify msg=baseline guard: published timetable (Rs 36,774) not worse than plan (Rs 37,073); issuing timetable
2026-10-03 15:45:41,517 level=INFO module=sunflow.opt msg=solve status=optimal obj=140303.5 gap=0.0 t=1.59s binaries=186 constraints=328
2026-10-03 15:45:41,597 level=INFO module=sunflow.certify msg=certified status=CERTIFIED rung=nominal tightening=0
2026-10-03 15:45:41,759 level=INFO module=sunflow.certify msg=baseline guard: published timetable (Rs 47,583) not worse than plan (Rs 47,834); issuing timetable
2026-10-03 15:45:47,329 level=INFO module=sunflow.opt msg=solve status=optimal obj=123504.0 gap=0.0 t=5.32s binaries=336 constraints=328
2026-10-03 15:45:47,596 level=INFO module=sunflow.certify msg=certified status=CERTIFIED rung=nominal tightening=0
2026-10-03 15:45:47,797 level=INFO module=sunflow.certify msg=baseline guard: published timetable (Rs 47,751) not worse than plan (Rs 47,935); issuing timetable
2026-10-03 15:45:52,641 level=INFO module=sunflow.opt msg=solve status=optimal obj=109954.1 gap=0.0002 t=2.37s binaries=186 constraints=328
2026-10-03 15:45:52,724 level=INFO module=sunflow.certify msg=certified status=CERTIFIED rung=nominal tightening=0
2026-10-03 15:45:52,914 level=INFO module=sunflow.certify msg=baseline guard: published timetable (Rs 20,410) not worse than plan (Rs 21,010); issuing timetable
2026-10-03 15:45:53,067 level=WARNING module=sunflow.opt msg=no admissible pattern for ['Kharosa', 'Jawali', 'Lamjana II', 'Chalburga']: infeasible by construction ({'Kharosa': {'candidates': 84, 'thermal_dropped': 84, 'kept': 0, 'longest_single_spell_blocks': 0}, 'Jawali': {'candidates': 84, 'thermal_dropped': 84, 'kept': 0, 'longest_single_spell_blocks': 0}, 'Lamjana II': {'candidates': 9, 'thermal_dropped': 9, 'kept': 0, 'longest_single_spell_blocks': 0}, 'Chalburga': {'candidates': 84, 'thermal_dropped': 84, 'kept': 0, 'longest_single_spell_blocks': 0}})
2026-10-03 15:45:53,683 level=WARNING module=sunflow.opt msg=no admissible pattern for ['Lamjana II']: infeasible by construction ({'Kharosa': {'candidates': 591, 'thermal_dropped': 467, 'kept': 124, 'longest_single_spell_blocks': 0}, 'Jawali': {'candidates': 591, 'thermal_dropped': 467, 'kept': 124, 'longest_single_spell_blocks': 0}, 'Lamjana II': {'candidates': 264, 'thermal_dropped': 264, 'kept': 0, 'longest_single_spell_blocks': 0}, 'Chalburga': {'candidates': 591, 'thermal_dropped': 467, 'kept': 124, 'longest_single_spell_blocks': 0}})
2026-10-03 15:46:13,811 level=WARNING module=sunflow.opt msg=solve status=timeout tc=maxtimelimit t=20.12s
2026-10-03 15:46:14,020 level=WARNING module=sunflow.certify msg=Solver could not find a plan or prove infeasibility within the time limit; published timetable issued with alert.
2026-10-03 15:46:18,942 level=WARNING module=sunflow.opt msg=solve status=infeasible tc=infeasible t=2.81s
2026-10-03 15:46:45,754 level=INFO module=sunflow.opt msg=solve status=feasible obj=161168.2 gap=None t=26.39s binaries=1783 constraints=384
2026-10-03 15:46:45,794 level=INFO module=sunflow.certify msg=certified status=CERTIFIED_WITH_RELAXATION rung=split_spells tightening=0
shard 5/8: 25 done, 449s, statuses {'CERTIFIED': 16, 'INFEASIBLE': 3, 'CERTIFIED_WITH_RELAXATION': 5, 'FALLBACK_BASELINE': 1}, violations on certified plans: 0
2026-10-03 15:46:48,868 level=WARNING module=sunflow.opt msg=no admissible pattern for ['Kharosa', 'Jawali', 'Lamjana II', 'Chalburga']: infeasible by construction ({'Kharosa': {'candidates': 9, 'thermal_dropped': 9, 'kept': 0, 'longest_single_spell_blocks': 0}, 'Jawali': {'candidates': 84, 'thermal_dropped': 84, 'kept': 0, 'longest_single_spell_blocks': 0}, 'Lamjana II': {'candidates': 84, 'thermal_dropped': 84, 'kept': 0, 'longest_single_spell_blocks': 0}, 'Chalburga': {'candidates': 84, 'thermal_dropped': 84, 'kept': 0, 'longest_single_spell_blocks': 0}})
2026-10-03 15:46:49,789 level=WARNING module=sunflow.opt msg=no admissible pattern for ['Kharosa', 'Jawali', 'Lamjana II', 'Chalburga']: infeasible by construction ({'Kharosa': {'candidates': 264, 'thermal_dropped': 264, 'kept': 0, 'longest_single_spell_blocks': 0}, 'Jawali': {'candidates': 591, 'thermal_dropped': 591, 'kept': 0, 'longest_single_spell_blocks': 0}, 'Lamjana II': {'candidates': 591, 'thermal_dropped': 591, 'kept': 0, 'longest_single_spell_blocks': 0}, 'Chalburga': {'candidates': 591, 'thermal_dropped': 591, 'kept': 0, 'longest_single_spell_blocks': 0}})
2026-10-03 15:46:51,426 level=WARNING module=sunflow.opt msg=no admissible pattern for ['Kharosa', 'Jawali', 'Lamjana II', 'Chalburga']: infeasible by construction ({'Kharosa': {'candidates': 1407, 'thermal_dropped': 1407, 'kept': 0, 'longest_single_spell_blocks': 0}, 'Jawali': {'candidates': 1407, 'thermal_dropped': 1407, 'kept': 0, 'longest_single_spell_blocks': 0}, 'Lamjana II': {'candidates': 1407, 'thermal_dropped': 1407, 'kept': 0, 'longest_single_spell_blocks': 0}, 'Chalburga': {'candidates': 1407, 'thermal_dropped': 1407, 'kept': 0, 'longest_single_spell_blocks': 0}})
2026-10-03 15:47:38,476 level=WARNING module=sunflow.opt msg=solve status=timeout tc=maxtimelimit t=47.01s
2026-10-03 15:47:39,832 level=WARNING module=sunflow.opt msg=no admissible pattern for ['Kharosa', 'Jawali', 'Lamjana II', 'Chalburga']: infeasible by construction ({'Kharosa': {'candidates': 1407, 'thermal_dropped': 1407, 'kept': 0, 'longest_single_spell_blocks': 0}, 'Jawali': {'candidates': 1407, 'thermal_dropped': 1407, 'kept': 0, 'longest_single_spell_blocks': 0}, 'Lamjana II': {'candidates': 1407, 'thermal_dropped': 1407, 'kept': 0, 'longest_single_spell_blocks': 0}, 'Chalburga': {'candidates': 1407, 'thermal_dropped': 1407, 'kept': 0, 'longest_single_spell_blocks': 0}})
2026-10-03 15:47:41,144 level=WARNING module=sunflow.opt msg=no admissible pattern for ['Kharosa', 'Jawali', 'Lamjana II', 'Chalburga']: infeasible by construction ({'Kharosa': {'candidates': 1407, 'thermal_dropped': 1407, 'kept': 0, 'longest_single_spell_blocks': 0}, 'Jawali': {'candidates': 1407, 'thermal_dropped': 1407, 'kept': 0, 'longest_single_spell_blocks': 0}, 'Lamjana II': {'candidates': 1407, 'thermal_dropped': 1407, 'kept': 0, 'longest_single_spell_blocks': 0}, 'Chalburga': {'candidates': 1407, 'thermal_dropped': 1407, 'kept': 0, 'longest_single_spell_blocks': 0}})
2026-10-03 15:47:42,029 level=WARNING module=sunflow.opt msg=no admissible pattern for ['Kharosa', 'Jawali', 'Lamjana II', 'Chalburga']: infeasible by construction ({'Kharosa': {'candidates': 1407, 'thermal_dropped': 1407, 'kept': 0, 'longest_single_spell_blocks': 0}, 'Jawali': {'candidates': 1407, 'thermal_dropped': 1407, 'kept': 0, 'longest_single_spell_blocks': 0}, 'Lamjana II': {'candidates': 1407, 'thermal_dropped': 1407, 'kept': 0, 'longest_single_spell_blocks': 0}, 'Chalburga': {'candidates': 1407, 'thermal_dropped': 1407, 'kept': 0, 'longest_single_spell_blocks': 0}})
2026-10-03 15:47:47,615 level=INFO module=sunflow.opt msg=solve status=optimal obj=321770.4 gap=0.0125 t=5.43s binaries=1216 constraints=357
2026-10-03 15:47:47,616 level=WARNING module=sunflow.certify msg=No plan satisfies every hard rule under the declared assumptions; published timetable issued with alert.
2026-10-03 15:47:53,978 level=INFO module=sunflow.opt msg=solve status=optimal obj=115873.6 gap=0.0001 t=2.94s binaries=261 constraints=328
2026-10-03 15:47:54,071 level=INFO module=sunflow.certify msg=certified status=CERTIFIED rung=nominal tightening=0
2026-10-03 15:47:57,022 level=WARNING module=sunflow.opt msg=no admissible pattern for ['Kharosa', 'Jawali', 'Lamjana II', 'Chalburga']: infeasible by construction ({'Kharosa': {'candidates': 9, 'thermal_dropped': 9, 'kept': 0, 'longest_single_spell_blocks': 0}, 'Jawali': {'candidates': 84, 'thermal_dropped': 84, 'kept': 0, 'longest_single_spell_blocks': 0}, 'Lamjana II': {'candidates': 84, 'thermal_dropped': 84, 'kept': 0, 'longest_single_spell_blocks': 0}, 'Chalburga': {'candidates': 84, 'thermal_dropped': 84, 'kept': 0, 'longest_single_spell_blocks': 0}})
2026-10-03 15:47:57,738 level=WARNING module=sunflow.opt msg=no admissible pattern for ['Kharosa', 'Jawali', 'Lamjana II', 'Chalburga']: infeasible by construction ({'Kharosa': {'candidates': 264, 'thermal_dropped': 264, 'kept': 0, 'longest_single_spell_blocks': 0}, 'Jawali': {'candidates': 591, 'thermal_dropped': 591, 'kept': 0, 'longest_single_spell_blocks': 0}, 'Lamjana II': {'candidates': 591, 'thermal_dropped': 591, 'kept': 0, 'longest_single_spell_blocks': 0}, 'Chalburga': {'candidates': 591, 'thermal_dropped': 591, 'kept': 0, 'longest_single_spell_blocks': 0}})
2026-10-03 15:47:59,017 level=WARNING module=sunflow.opt msg=no admissible pattern for ['Kharosa', 'Jawali', 'Lamjana II', 'Chalburga']: infeasible by construction ({'Kharosa': {'candidates': 1407, 'thermal_dropped': 1407, 'kept': 0, 'longest_single_spell_blocks': 0}, 'Jawali': {'candidates': 1407, 'thermal_dropped': 1407, 'kept': 0, 'longest_single_spell_blocks': 0}, 'Lamjana II': {'candidates': 1407, 'thermal_dropped': 1407, 'kept': 0, 'longest_single_spell_blocks': 0}, 'Chalburga': {'candidates': 1407, 'thermal_dropped': 1407, 'kept': 0, 'longest_single_spell_blocks': 0}})
2026-10-03 15:48:35,315 level=INFO module=sunflow.opt msg=solve status=feasible obj=190504.5 gap=None t=35.34s binaries=5628 constraints=351
2026-10-03 15:48:36,230 level=WARNING module=sunflow.opt msg=no admissible pattern for ['Kharosa', 'Jawali', 'Lamjana II', 'Chalburga']: infeasible by construction ({'Kharosa': {'candidates': 1407, 'thermal_dropped': 1407, 'kept': 0, 'longest_single_spell_blocks': 0}, 'Jawali': {'candidates': 1407, 'thermal_dropped': 1407, 'kept': 0, 'longest_single_spell_blocks': 0}, 'Lamjana II': {'candidates': 1407, 'thermal_dropped': 1407, 'kept': 0, 'longest_single_spell_blocks': 0}, 'Chalburga': {'candidates': 1407, 'thermal_dropped': 1407, 'kept': 0, 'longest_single_spell_blocks': 0}})
2026-10-03 15:48:37,136 level=WARNING module=sunflow.opt msg=no admissible pattern for ['Kharosa', 'Jawali', 'Lamjana II', 'Chalburga']: infeasible by construction ({'Kharosa': {'candidates': 1407, 'thermal_dropped': 1407, 'kept': 0, 'longest_single_spell_blocks': 0}, 'Jawali': {'candidates': 1407, 'thermal_dropped': 1407, 'kept': 0, 'longest_single_spell_blocks': 0}, 'Lamjana II': {'candidates': 1407, 'thermal_dropped': 1407, 'kept': 0, 'longest_single_spell_blocks': 0}, 'Chalburga': {'candidates': 1407, 'thermal_dropped': 1407, 'kept': 0, 'longest_single_spell_blocks': 0}})
2026-10-03 15:48:37,921 level=WARNING module=sunflow.opt msg=no admissible pattern for ['Kharosa', 'Jawali', 'Lamjana II', 'Chalburga']: infeasible by construction ({'Kharosa': {'candidates': 1407, 'thermal_dropped': 1407, 'kept': 0, 'longest_single_spell_blocks': 0}, 'Jawali': {'candidates': 1407, 'thermal_dropped': 1407, 'kept': 0, 'longest_single_spell_blocks': 0}, 'Lamjana II': {'candidates': 1407, 'thermal_dropped': 1407, 'kept': 0, 'longest_single_spell_blocks': 0}, 'Chalburga': {'candidates': 1407, 'thermal_dropped': 1407, 'kept': 0, 'longest_single_spell_blocks': 0}})
2026-10-03 15:48:47,762 level=INFO module=sunflow.opt msg=solve status=optimal obj=263286.0 gap=0.0149 t=9.66s binaries=1844 constraints=357
2026-10-03 15:48:47,763 level=WARNING module=sunflow.certify msg=No plan satisfies every hard rule under the declared assumptions; published timetable issued with alert.
2026-10-03 15:48:48,562 level=INFO module=sunflow.opt msg=solve status=optimal obj=83557.9 gap=0.0 t=0.76s binaries=108 constraints=328
2026-10-03 15:49:07,767 level=INFO module=sunflow.opt msg=solve status=feasible obj=71180.1 gap=0.0392 t=18.90s binaries=1199 constraints=351
2026-10-03 15:49:07,820 level=INFO module=sunflow.certify msg=certified without night compensation using split spells
2026-10-03 15:49:09,795 level=WARNING module=sunflow.opt msg=no admissible pattern for ['Kharosa', 'Jawali', 'Lamjana II', 'Chalburga']: infeasible by construction ({'Kharosa': {'candidates': 84, 'thermal_dropped': 84, 'kept': 0, 'longest_single_spell_blocks': 0}, 'Jawali': {'candidates': 84, 'thermal_dropped': 84, 'kept': 0, 'longest_single_spell_blocks': 0}, 'Lamjana II': {'candidates': 9, 'thermal_dropped': 9, 'kept': 0, 'longest_single_spell_blocks': 0}, 'Chalburga': {'candidates': 84, 'thermal_dropped': 84, 'kept': 0, 'longest_single_spell_blocks': 0}})
2026-10-03 15:49:10,108 level=WARNING module=sunflow.opt msg=no admissible pattern for ['Kharosa', 'Jawali', 'Lamjana II', 'Chalburga']: infeasible by construction ({'Kharosa': {'candidates': 591, 'thermal_dropped': 591, 'kept': 0, 'longest_single_spell_blocks': 0}, 'Jawali': {'candidates': 591, 'thermal_dropped': 591, 'kept': 0, 'longest_single_spell_blocks': 0}, 'Lamjana II': {'candidates': 264, 'thermal_dropped': 264, 'kept': 0, 'longest_single_spell_blocks': 0}, 'Chalburga': {'candidates': 591, 'thermal_dropped': 591, 'kept': 0, 'longest_single_spell_blocks': 0}})
2026-10-03 15:49:11,189 level=WARNING module=sunflow.opt msg=no admissible pattern for ['Kharosa', 'Jawali', 'Lamjana II', 'Chalburga']: infeasible by construction ({'Kharosa': {'candidates': 1407, 'thermal_dropped': 1407, 'kept': 0, 'longest_single_spell_blocks': 0}, 'Jawali': {'candidates': 1407, 'thermal_dropped': 1407, 'kept': 0, 'longest_single_spell_blocks': 0}, 'Lamjana II': {'candidates': 1407, 'thermal_dropped': 1407, 'kept': 0, 'longest_single_spell_blocks': 0}, 'Chalburga': {'candidates': 1407, 'thermal_dropped': 1407, 'kept': 0, 'longest_single_spell_blocks': 0}})
2026-10-03 15:49:48,753 level=INFO module=sunflow.opt msg=solve status=feasible obj=202544.5 gap=None t=36.44s binaries=5628 constraints=351
2026-10-03 15:49:49,733 level=WARNING module=sunflow.opt msg=no admissible pattern for ['Kharosa', 'Jawali', 'Lamjana II', 'Chalburga']: infeasible by construction ({'Kharosa': {'candidates': 1407, 'thermal_dropped': 1407, 'kept': 0, 'longest_single_spell_blocks': 0}, 'Jawali': {'candidates': 1407, 'thermal_dropped': 1407, 'kept': 0, 'longest_single_spell_blocks': 0}, 'Lamjana II': {'candidates': 1407, 'thermal_dropped': 1407, 'kept': 0, 'longest_single_spell_blocks': 0}, 'Chalburga': {'candidates': 1407, 'thermal_dropped': 1407, 'kept': 0, 'longest_single_spell_blocks': 0}})
2026-10-03 15:49:50,685 level=WARNING module=sunflow.opt msg=no admissible pattern for ['Kharosa', 'Jawali', 'Lamjana II', 'Chalburga']: infeasible by construction ({'Kharosa': {'candidates': 1407, 'thermal_dropped': 1407, 'kept': 0, 'longest_single_spell_blocks': 0}, 'Jawali': {'candidates': 1407, 'thermal_dropped': 1407, 'kept': 0, 'longest_single_spell_blocks': 0}, 'Lamjana II': {'candidates': 1407, 'thermal_dropped': 1407, 'kept': 0, 'longest_single_spell_blocks': 0}, 'Chalburga': {'candidates': 1407, 'thermal_dropped': 1407, 'kept': 0, 'longest_single_spell_blocks': 0}})
2026-10-03 15:49:51,801 level=WARNING module=sunflow.opt msg=no admissible pattern for ['Kharosa', 'Jawali', 'Lamjana II', 'Chalburga']: infeasible by construction ({'Kharosa': {'candidates': 1407, 'thermal_dropped': 1407, 'kept': 0, 'longest_single_spell_blocks': 0}, 'Jawali': {'candidates': 1407, 'thermal_dropped': 1407, 'kept': 0, 'longest_single_spell_blocks': 0}, 'Lamjana II': {'candidates': 1407, 'thermal_dropped': 1407, 'kept': 0, 'longest_single_spell_blocks': 0}, 'Chalburga': {'candidates': 1407, 'thermal_dropped': 1407, 'kept': 0, 'longest_single_spell_blocks': 0}})
2026-10-03 15:49:57,981 level=INFO module=sunflow.opt msg=solve status=optimal obj=291227.3 gap=0.0092 t=6.07s binaries=1392 constraints=357
2026-10-03 15:49:57,981 level=WARNING module=sunflow.certify msg=No plan satisfies every hard rule under the declared assumptions; published timetable issued with alert.
2026-10-03 15:49:59,603 level=WARNING module=sunflow.opt msg=no admissible pattern for ['Kharosa', 'Jawali', 'Lamjana II', 'Chalburga']: infeasible by construction ({'Kharosa': {'candidates': 9, 'thermal_dropped': 9, 'kept': 0, 'longest_single_spell_blocks': 0}, 'Jawali': {'candidates': 0, 'thermal_dropped': 0, 'kept': 0, 'longest_single_spell_blocks': 0}, 'Lamjana II': {'candidates': 84, 'thermal_dropped': 84, 'kept': 0, 'longest_single_spell_blocks': 0}, 'Chalburga': {'candidates': 84, 'thermal_dropped': 84, 'kept': 0, 'longest_single_spell_blocks': 0}})
2026-10-03 15:49:59,825 level=WARNING module=sunflow.opt msg=no admissible pattern for ['Kharosa', 'Jawali', 'Lamjana II', 'Chalburga']: infeasible by construction ({'Kharosa': {'candidates': 264, 'thermal_dropped': 264, 'kept': 0, 'longest_single_spell_blocks': 0}, 'Jawali': {'candidates': 10, 'thermal_dropped': 10, 'kept': 0, 'longest_single_spell_blocks': 0}, 'Lamjana II': {'candidates': 591, 'thermal_dropped': 591, 'kept': 0, 'longest_single_spell_blocks': 0}, 'Chalburga': {'candidates': 591, 'thermal_dropped': 591, 'kept': 0, 'longest_single_spell_blocks': 0}})
2026-10-03 15:50:00,697 level=WARNING module=sunflow.opt msg=no admissible pattern for ['Kharosa', 'Jawali', 'Lamjana II', 'Chalburga']: infeasible by construction ({'Kharosa': {'candidates': 1407, 'thermal_dropped': 1407, 'kept': 0, 'longest_single_spell_blocks': 0}, 'Jawali': {'candidates': 34, 'thermal_dropped': 34, 'kept': 0, 'longest_single_spell_blocks': 0}, 'Lamjana II': {'candidates': 1407, 'thermal_dropped': 1407, 'kept': 0, 'longest_single_spell_blocks': 0}, 'Chalburga': {'candidates': 1407, 'thermal_dropped': 1407, 'kept': 0, 'longest_single_spell_blocks': 0}})
2026-10-03 15:50:30,536 level=INFO module=sunflow.opt msg=solve status=feasible obj=213518.4 gap=None t=29.09s binaries=4255 constraints=351
2026-10-03 15:50:31,343 level=WARNING module=sunflow.opt msg=no admissible pattern for ['Kharosa', 'Jawali', 'Lamjana II', 'Chalburga']: infeasible by construction ({'Kharosa': {'candidates': 1407, 'thermal_dropped': 1407, 'kept': 0, 'longest_single_spell_blocks': 0}, 'Jawali': {'candidates': 34, 'thermal_dropped': 34, 'kept': 0, 'longest_single_spell_blocks': 0}, 'Lamjana II': {'candidates': 1407, 'thermal_dropped': 1407, 'kept': 0, 'longest_single_spell_blocks': 0}, 'Chalburga': {'candidates': 1407, 'thermal_dropped': 1407, 'kept': 0, 'longest_single_spell_blocks': 0}})
2026-10-03 15:50:32,092 level=WARNING module=sunflow.opt msg=no admissible pattern for ['Kharosa', 'Jawali', 'Lamjana II', 'Chalburga']: infeasible by construction ({'Kharosa': {'candidates': 1407, 'thermal_dropped': 1407, 'kept': 0, 'longest_single_spell_blocks': 0}, 'Jawali': {'candidates': 34, 'thermal_dropped': 34, 'kept': 0, 'longest_single_spell_blocks': 0}, 'Lamjana II': {'candidates': 1407, 'thermal_dropped': 1407, 'kept': 0, 'longest_single_spell_blocks': 0}, 'Chalburga': {'candidates': 1407, 'thermal_dropped': 1407, 'kept': 0, 'longest_single_spell_blocks': 0}})
2026-10-03 15:50:33,367 level=WARNING module=sunflow.opt msg=no admissible pattern for ['Kharosa', 'Jawali', 'Lamjana II', 'Chalburga']: infeasible by construction ({'Kharosa': {'candidates': 1407, 'thermal_dropped': 1407, 'kept': 0, 'longest_single_spell_blocks': 0}, 'Jawali': {'candidates': 34, 'thermal_dropped': 34, 'kept': 0, 'longest_single_spell_blocks': 0}, 'Lamjana II': {'candidates': 1407, 'thermal_dropped': 1407, 'kept': 0, 'longest_single_spell_blocks': 0}, 'Chalburga': {'candidates': 1407, 'thermal_dropped': 1407, 'kept': 0, 'longest_single_spell_blocks': 0}})
2026-10-03 15:50:39,240 level=INFO module=sunflow.opt msg=solve status=optimal obj=381853.1 gap=0.0053 t=5.79s binaries=891 constraints=357
2026-10-03 15:50:39,240 level=WARNING module=sunflow.certify msg=No plan satisfies every hard rule under the declared assumptions; published timetable issued with alert.
2026-10-03 15:50:43,073 level=INFO module=sunflow.opt msg=solve status=optimal obj=78751.9 gap=0.0004 t=1.96s binaries=261 constraints=328
2026-10-03 15:50:43,205 level=INFO module=sunflow.certify msg=certified status=CERTIFIED rung=nominal tightening=0
2026-10-03 15:50:47,546 level=INFO module=sunflow.opt msg=solve status=optimal obj=60823.8 gap=0.0 t=2.08s binaries=197 constraints=328
2026-10-03 15:51:09,921 level=INFO module=sunflow.opt msg=solve status=feasible obj=53724.2 gap=None t=22.04s binaries=1487 constraints=351
2026-10-03 15:51:09,971 level=INFO module=sunflow.certify msg=certified without night compensation using split spells
2026-10-03 15:51:14,197 level=INFO module=sunflow.opt msg=solve status=optimal obj=73410.2 gap=0.0011 t=1.60s binaries=186 constraints=328
2026-10-03 15:51:14,261 level=INFO module=sunflow.certify msg=certified status=CERTIFIED rung=nominal tightening=0
2026-10-03 15:51:20,146 level=WARNING module=sunflow.opt msg=solve status=infeasible tc=infeasible t=3.99s
2026-10-03 15:51:46,648 level=WARNING module=sunflow.opt msg=solve status=timeout tc=maxtimelimit t=26.50s
2026-10-03 15:52:22,040 level=INFO module=sunflow.opt msg=solve status=feasible obj=204637.8 gap=None t=33.96s binaries=5628 constraints=295
2026-10-03 15:52:22,099 level=INFO module=sunflow.certify msg=certified status=CERTIFIED_WITH_RELAXATION rung=feasibility_focus tightening=0
2026-10-03 15:52:24,879 level=WARNING module=sunflow.opt msg=no admissible pattern for ['Jawali']: infeasible by construction ({'Kharosa': {'candidates': 84, 'thermal_dropped': 63, 'kept': 21, 'longest_single_spell_blocks': 28}, 'Jawali': {'candidates': 9, 'thermal_dropped': 9, 'kept': 0, 'longest_single_spell_blocks': 0}, 'Lamjana II': {'candidates': 84, 'thermal_dropped': 63, 'kept': 21, 'longest_single_spell_blocks': 28}, 'Chalburga': {'candidates': 84, 'thermal_dropped': 63, 'kept': 21, 'longest_single_spell_blocks': 28}})
2026-10-03 15:52:45,718 level=INFO module=sunflow.opt msg=solve status=feasible obj=160738.1 gap=None t=20.36s binaries=1727 constraints=347
2026-10-03 15:52:45,779 level=INFO module=sunflow.certify msg=certified status=CERTIFIED_WITH_RELAXATION rung=split_spells tightening=0
2026-10-03 15:52:45,903 level=INFO module=sunflow.certify msg=baseline guard: published timetable (Rs 28,572) not worse than plan (Rs 56,034); issuing timetable
2026-10-03 15:52:50,474 level=INFO module=sunflow.opt msg=solve status=optimal obj=54068.7 gap=0.0 t=2.52s binaries=336 constraints=328
2026-10-03 15:52:50,573 level=INFO module=sunflow.certify msg=certified status=CERTIFIED rung=nominal tightening=0
2026-10-03 15:52:50,766 level=INFO module=sunflow.certify msg=baseline guard: published timetable (Rs 20,272) not worse than plan (Rs 20,389); issuing timetable
2026-10-03 15:52:52,864 level=WARNING module=sunflow.opt msg=no admissible pattern for ['Kharosa', 'Jawali', 'Lamjana II', 'Chalburga']: infeasible by construction ({'Kharosa': {'candidates': 84, 'thermal_dropped': 84, 'kept': 0, 'longest_single_spell_blocks': 0}, 'Jawali': {'candidates': 84, 'thermal_dropped': 84, 'kept': 0, 'longest_single_spell_blocks': 0}, 'Lamjana II': {'candidates': 9, 'thermal_dropped': 9, 'kept': 0, 'longest_single_spell_blocks': 0}, 'Chalburga': {'candidates': 84, 'thermal_dropped': 84, 'kept': 0, 'longest_single_spell_blocks': 0}})
2026-10-03 15:52:53,281 level=WARNING module=sunflow.opt msg=no admissible pattern for ['Kharosa', 'Jawali', 'Lamjana II', 'Chalburga']: infeasible by construction ({'Kharosa': {'candidates': 591, 'thermal_dropped': 591, 'kept': 0, 'longest_single_spell_blocks': 0}, 'Jawali': {'candidates': 591, 'thermal_dropped': 591, 'kept': 0, 'longest_single_spell_blocks': 0}, 'Lamjana II': {'candidates': 264, 'thermal_dropped': 264, 'kept': 0, 'longest_single_spell_blocks': 0}, 'Chalburga': {'candidates': 591, 'thermal_dropped': 591, 'kept': 0, 'longest_single_spell_blocks': 0}})
2026-10-03 15:52:54,484 level=WARNING module=sunflow.opt msg=no admissible pattern for ['Kharosa', 'Jawali', 'Lamjana II', 'Chalburga']: infeasible by construction ({'Kharosa': {'candidates': 1407, 'thermal_dropped': 1407, 'kept': 0, 'longest_single_spell_blocks': 0}, 'Jawali': {'candidates': 1407, 'thermal_dropped': 1407, 'kept': 0, 'longest_single_spell_blocks': 0}, 'Lamjana II': {'candidates': 1407, 'thermal_dropped': 1407, 'kept': 0, 'longest_single_spell_blocks': 0}, 'Chalburga': {'candidates': 1407, 'thermal_dropped': 1407, 'kept': 0, 'longest_single_spell_blocks': 0}})
2026-10-03 15:53:23,459 level=INFO module=sunflow.opt msg=solve status=feasible obj=180498.0 gap=None t=27.93s binaries=5628 constraints=351
2026-10-03 15:53:24,421 level=WARNING module=sunflow.opt msg=no admissible pattern for ['Kharosa', 'Jawali', 'Lamjana II', 'Chalburga']: infeasible by construction ({'Kharosa': {'candidates': 1407, 'thermal_dropped': 1407, 'kept': 0, 'longest_single_spell_blocks': 0}, 'Jawali': {'candidates': 1407, 'thermal_dropped': 1407, 'kept': 0, 'longest_single_spell_blocks': 0}, 'Lamjana II': {'candidates': 1407, 'thermal_dropped': 1407, 'kept': 0, 'longest_single_spell_blocks': 0}, 'Chalburga': {'candidates': 1407, 'thermal_dropped': 1407, 'kept': 0, 'longest_single_spell_blocks': 0}})
2026-10-03 15:53:25,420 level=WARNING module=sunflow.opt msg=no admissible pattern for ['Kharosa', 'Jawali', 'Lamjana II', 'Chalburga']: infeasible by construction ({'Kharosa': {'candidates': 1407, 'thermal_dropped': 1407, 'kept': 0, 'longest_single_spell_blocks': 0}, 'Jawali': {'candidates': 1407, 'thermal_dropped': 1407, 'kept': 0, 'longest_single_spell_blocks': 0}, 'Lamjana II': {'candidates': 1407, 'thermal_dropped': 1407, 'kept': 0, 'longest_single_spell_blocks': 0}, 'Chalburga': {'candidates': 1407, 'thermal_dropped': 1407, 'kept': 0, 'longest_single_spell_blocks': 0}})
2026-10-03 15:53:26,543 level=WARNING module=sunflow.opt msg=no admissible pattern for ['Kharosa', 'Jawali', 'Lamjana II', 'Chalburga']: infeasible by construction ({'Kharosa': {'candidates': 1407, 'thermal_dropped': 1407, 'kept': 0, 'longest_single_spell_blocks': 0}, 'Jawali': {'candidates': 1407, 'thermal_dropped': 1407, 'kept': 0, 'longest_single_spell_blocks': 0}, 'Lamjana II': {'candidates': 1407, 'thermal_dropped': 1407, 'kept': 0, 'longest_single_spell_blocks': 0}, 'Chalburga': {'candidates': 1407, 'thermal_dropped': 1407, 'kept': 0, 'longest_single_spell_blocks': 0}})
2026-10-03 15:53:32,645 level=INFO module=sunflow.opt msg=solve status=optimal obj=303889.1 gap=0.0043 t=5.96s binaries=1232 constraints=357
2026-10-03 15:53:32,646 level=WARNING module=sunflow.certify msg=No plan satisfies every hard rule under the declared assumptions; published timetable issued with alert.
2026-10-03 15:53:40,124 level=INFO module=sunflow.opt msg=solve status=optimal obj=159280.0 gap=0.0 t=3.35s binaries=261 constraints=328
2026-10-03 15:53:40,160 level=INFO module=sunflow.certify msg=certified status=CERTIFIED rung=nominal tightening=0
2026-10-03 15:53:40,307 level=INFO module=sunflow.certify msg=baseline guard: published timetable (Rs 122,472) not worse than plan (Rs 122,472); issuing timetable
2026-10-03 15:53:43,438 level=WARNING module=sunflow.opt msg=no admissible pattern for ['Kharosa', 'Jawali', 'Lamjana II', 'Chalburga']: infeasible by construction ({'Kharosa': {'candidates': 84, 'thermal_dropped': 84, 'kept': 0, 'longest_single_spell_blocks': 0}, 'Jawali': {'candidates': 84, 'thermal_dropped': 84, 'kept': 0, 'longest_single_spell_blocks': 0}, 'Lamjana II': {'candidates': 9, 'thermal_dropped': 9, 'kept': 0, 'longest_single_spell_blocks': 0}, 'Chalburga': {'candidates': 84, 'thermal_dropped': 84, 'kept': 0, 'longest_single_spell_blocks': 0}})
2026-10-03 15:53:43,915 level=WARNING module=sunflow.opt msg=no admissible pattern for ['Lamjana II']: infeasible by construction ({'Kharosa': {'candidates': 591, 'thermal_dropped': 589, 'kept': 2, 'longest_single_spell_blocks': 0}, 'Jawali': {'candidates': 591, 'thermal_dropped': 589, 'kept': 2, 'longest_single_spell_blocks': 0}, 'Lamjana II': {'candidates': 264, 'thermal_dropped': 264, 'kept': 0, 'longest_single_spell_blocks': 0}, 'Chalburga': {'candidates': 591, 'thermal_dropped': 589, 'kept': 2, 'longest_single_spell_blocks': 0}})
2026-10-03 15:53:45,907 level=WARNING module=sunflow.opt msg=solve status=infeasible tc=infeasible t=1.99s
2026-10-03 15:54:21,615 level=INFO module=sunflow.opt msg=solve status=feasible obj=207927.4 gap=None t=34.26s binaries=5628 constraints=391
2026-10-03 15:54:24,498 level=WARNING module=sunflow.opt msg=solve status=infeasible tc=infeasible t=2.88s
2026-10-03 15:54:26,531 level=WARNING module=sunflow.opt msg=solve status=infeasible tc=infeasible t=2.03s
2026-10-03 15:54:28,879 level=WARNING module=sunflow.opt msg=solve status=infeasible tc=infeasible t=2.35s
2026-10-03 15:54:47,207 level=INFO module=sunflow.opt msg=solve status=feasible obj=224524.7 gap=None t=17.95s binaries=3348 constraints=397
2026-10-03 15:54:47,210 level=WARNING module=sunflow.certify msg=No plan satisfies every hard rule under the declared assumptions; published timetable issued with alert.
2026-10-03 15:54:51,007 level=INFO module=sunflow.opt msg=solve status=optimal obj=96751.0 gap=0.0 t=1.91s binaries=336 constraints=328
2026-10-03 15:54:51,052 level=INFO module=sunflow.certify msg=certified status=CERTIFIED rung=nominal tightening=0
2026-10-03 15:54:53,417 level=WARNING module=sunflow.opt msg=no admissible pattern for ['Kharosa', 'Lamjana II', 'Chalburga']: infeasible by construction ({'Kharosa': {'candidates': 9, 'thermal_dropped': 9, 'kept': 0, 'longest_single_spell_blocks': 0}, 'Jawali': {'candidates': 84, 'thermal_dropped': 54, 'kept': 30, 'longest_single_spell_blocks': 28}, 'Lamjana II': {'candidates': 9, 'thermal_dropped': 9, 'kept': 0, 'longest_single_spell_blocks': 0}, 'Chalburga': {'candidates': 9, 'thermal_dropped': 9, 'kept': 0, 'longest_single_spell_blocks': 0}})
2026-10-03 15:55:11,956 level=INFO module=sunflow.opt msg=solve status=optimal obj=176397.8 gap=0.006 t=18.17s binaries=1218 constraints=349
2026-10-03 15:55:12,054 level=INFO module=sunflow.certify msg=certified status=CERTIFIED_WITH_RELAXATION rung=split_spells tightening=0
2026-10-03 15:55:12,304 level=INFO module=sunflow.certify msg=baseline guard: published timetable (Rs 28,738) not worse than plan (Rs 48,609); issuing timetable
2026-10-03 15:55:12,513 level=WARNING module=sunflow.opt msg=no admissible pattern for ['Kharosa', 'Jawali', 'Lamjana II', 'Chalburga']: infeasible by construction ({'Kharosa': {'candidates': 0, 'thermal_dropped': 0, 'kept': 0, 'longest_single_spell_blocks': 0}, 'Jawali': {'candidates': 9, 'thermal_dropped': 9, 'kept': 0, 'longest_single_spell_blocks': 0}, 'Lamjana II': {'candidates': 84, 'thermal_dropped': 84, 'kept': 0, 'longest_single_spell_blocks': 0}, 'Chalburga': {'candidates': 84, 'thermal_dropped': 84, 'kept': 0, 'longest_single_spell_blocks': 0}})
2026-10-03 15:55:12,856 level=WARNING module=sunflow.opt msg=no admissible pattern for ['Kharosa', 'Jawali']: infeasible by construction ({'Kharosa': {'candidates': 0, 'thermal_dropped': 0, 'kept': 0, 'longest_single_spell_blocks': 0}, 'Jawali': {'candidates': 264, 'thermal_dropped': 264, 'kept': 0, 'longest_single_spell_blocks': 0}, 'Lamjana II': {'candidates': 591, 'thermal_dropped': 469, 'kept': 122, 'longest_single_spell_blocks': 0}, 'Chalburga': {'candidates': 591, 'thermal_dropped': 469, 'kept': 122, 'longest_single_spell_blocks': 0}})
2026-10-03 15:55:20,911 level=INFO module=sunflow.opt msg=solve status=optimal obj=243321.5 gap=0.0077 t=7.92s binaries=816 constraints=232
2026-10-03 15:55:21,034 level=INFO module=sunflow.certify msg=certified status=CERTIFIED_WITH_RELAXATION rung=feasibility_focus tightening=0
2026-10-03 15:55:23,937 level=WARNING module=sunflow.opt msg=no admissible pattern for ['Jawali']: infeasible by construction ({'Kharosa': {'candidates': 84, 'thermal_dropped': 0, 'kept': 84, 'longest_single_spell_blocks': 32}, 'Jawali': {'candidates': 84, 'thermal_dropped': 84, 'kept': 0, 'longest_single_spell_blocks': 0}, 'Lamjana II': {'candidates': 84, 'thermal_dropped': 0, 'kept': 84, 'longest_single_spell_blocks': 32}, 'Chalburga': {'candidates': 84, 'thermal_dropped': 0, 'kept': 84, 'longest_single_spell_blocks': 32}})
2026-10-03 15:55:50,640 level=INFO module=sunflow.opt msg=solve status=feasible obj=68357.7 gap=None t=26.36s binaries=1986 constraints=351
2026-10-03 15:55:50,678 level=INFO module=sunflow.certify msg=certified status=CERTIFIED_WITH_RELAXATION rung=split_spells tightening=0
2026-10-03 15:55:55,213 level=INFO module=sunflow.opt msg=solve status=optimal obj=105707.4 gap=0.0 t=2.91s binaries=261 constraints=328
2026-10-03 15:55:55,323 level=INFO module=sunflow.certify msg=certified status=CERTIFIED rung=nominal tightening=0
2026-10-03 15:56:02,530 level=INFO module=sunflow.opt msg=solve status=optimal obj=60991.0 gap=0.0016 t=3.40s binaries=261 constraints=328
2026-10-03 15:56:02,585 level=INFO module=sunflow.certify msg=certified status=CERTIFIED rung=nominal tightening=0
2026-10-03 15:56:05,805 level=INFO module=sunflow.opt msg=solve status=optimal obj=88507.9 gap=0.0 t=2.66s binaries=336 constraints=328
2026-10-03 15:56:05,859 level=INFO module=sunflow.certify msg=certified status=CERTIFIED rung=nominal tightening=0
2026-10-03 15:56:08,907 level=WARNING module=sunflow.opt msg=no admissible pattern for ['Kharosa', 'Jawali', 'Lamjana II', 'Chalburga']: infeasible by construction ({'Kharosa': {'candidates': 84, 'thermal_dropped': 84, 'kept': 0, 'longest_single_spell_blocks': 0}, 'Jawali': {'candidates': 84, 'thermal_dropped': 84, 'kept': 0, 'longest_single_spell_blocks': 0}, 'Lamjana II': {'candidates': 84, 'thermal_dropped': 84, 'kept': 0, 'longest_single_spell_blocks': 0}, 'Chalburga': {'candidates': 9, 'thermal_dropped': 9, 'kept': 0, 'longest_single_spell_blocks': 0}})
2026-10-03 15:56:10,443 level=WARNING module=sunflow.opt msg=no admissible pattern for ['Jawali']: infeasible by construction ({'Kharosa': {'candidates': 591, 'thermal_dropped': 360, 'kept': 231, 'longest_single_spell_blocks': 0}, 'Jawali': {'candidates': 591, 'thermal_dropped': 591, 'kept': 0, 'longest_single_spell_blocks': 0}, 'Lamjana II': {'candidates': 591, 'thermal_dropped': 360, 'kept': 231, 'longest_single_spell_blocks': 0}, 'Chalburga': {'candidates': 264, 'thermal_dropped': 236, 'kept': 28, 'longest_single_spell_blocks': 0}})
2026-10-03 15:56:11,979 level=WARNING module=sunflow.opt msg=no admissible pattern for ['Jawali']: infeasible by construction ({'Kharosa': {'candidates': 1407, 'thermal_dropped': 702, 'kept': 705, 'longest_single_spell_blocks': 0}, 'Jawali': {'candidates': 1407, 'thermal_dropped': 1407, 'kept': 0, 'longest_single_spell_blocks': 0}, 'Lamjana II': {'candidates': 1407, 'thermal_dropped': 702, 'kept': 705, 'longest_single_spell_blocks': 0}, 'Chalburga': {'candidates': 1407, 'thermal_dropped': 702, 'kept': 705, 'longest_single_spell_blocks': 0}})
2026-10-03 15:56:42,388 level=INFO module=sunflow.opt msg=solve status=feasible obj=118145.6 gap=None t=29.46s binaries=5628 constraints=351
2026-10-03 15:56:43,231 level=WARNING module=sunflow.opt msg=no admissible pattern for ['Jawali']: infeasible by construction ({'Kharosa': {'candidates': 1407, 'thermal_dropped': 702, 'kept': 705, 'longest_single_spell_blocks': 0}, 'Jawali': {'candidates': 1407, 'thermal_dropped': 1407, 'kept': 0, 'longest_single_spell_blocks': 0}, 'Lamjana II': {'candidates': 1407, 'thermal_dropped': 702, 'kept': 705, 'longest_single_spell_blocks': 0}, 'Chalburga': {'candidates': 1407, 'thermal_dropped': 702, 'kept': 705, 'longest_single_spell_blocks': 0}})
2026-10-03 15:56:44,209 level=WARNING module=sunflow.opt msg=no admissible pattern for ['Jawali']: infeasible by construction ({'Kharosa': {'candidates': 1407, 'thermal_dropped': 702, 'kept': 705, 'longest_single_spell_blocks': 0}, 'Jawali': {'candidates': 1407, 'thermal_dropped': 1407, 'kept': 0, 'longest_single_spell_blocks': 0}, 'Lamjana II': {'candidates': 1407, 'thermal_dropped': 702, 'kept': 705, 'longest_single_spell_blocks': 0}, 'Chalburga': {'candidates': 1407, 'thermal_dropped': 702, 'kept': 705, 'longest_single_spell_blocks': 0}})
2026-10-03 15:56:45,203 level=WARNING module=sunflow.opt msg=no admissible pattern for ['Jawali']: infeasible by construction ({'Kharosa': {'candidates': 1407, 'thermal_dropped': 702, 'kept': 705, 'longest_single_spell_blocks': 0}, 'Jawali': {'candidates': 1407, 'thermal_dropped': 1407, 'kept': 0, 'longest_single_spell_blocks': 0}, 'Lamjana II': {'candidates': 1407, 'thermal_dropped': 702, 'kept': 705, 'longest_single_spell_blocks': 0}, 'Chalburga': {'candidates': 1407, 'thermal_dropped': 702, 'kept': 705, 'longest_single_spell_blocks': 0}})
2026-10-03 15:57:38,592 level=INFO module=sunflow.opt msg=solve status=feasible obj=178126.1 gap=None t=51.51s binaries=8084 constraints=357
2026-10-03 15:57:38,592 level=WARNING module=sunflow.certify msg=No plan satisfies every hard rule under the declared assumptions; published timetable issued with alert.
2026-10-03 15:57:44,533 level=INFO module=sunflow.opt msg=solve status=optimal obj=70167.0 gap=0.0004 t=2.90s binaries=187 constraints=315
2026-10-03 15:58:09,604 level=INFO module=sunflow.opt msg=solve status=feasible obj=60684.0 gap=None t=24.45s binaries=1482 constraints=347
2026-10-03 15:58:09,642 level=INFO module=sunflow.certify msg=certified without night compensation using split spells
2026-10-03 15:58:11,813 level=WARNING module=sunflow.opt msg=no admissible pattern for ['Kharosa', 'Chalburga']: infeasible by construction ({'Kharosa': {'candidates': 9, 'thermal_dropped': 9, 'kept': 0, 'longest_single_spell_blocks': 0}, 'Jawali': {'candidates': 84, 'thermal_dropped': 64, 'kept': 20, 'longest_single_spell_blocks': 28}, 'Lamjana II': {'candidates': 84, 'thermal_dropped': 64, 'kept': 20, 'longest_single_spell_blocks': 28}, 'Chalburga': {'candidates': 9, 'thermal_dropped': 9, 'kept': 0, 'longest_single_spell_blocks': 0}})
2026-10-03 15:58:34,879 level=WARNING module=sunflow.opt msg=solve status=infeasible tc=infeasible t=23.06s
2026-10-03 15:59:04,483 level=INFO module=sunflow.opt msg=solve status=feasible obj=201140.9 gap=None t=28.93s binaries=5084 constraints=293
2026-10-03 15:59:04,511 level=INFO module=sunflow.certify msg=certified status=CERTIFIED_WITH_RELAXATION rung=feasibility_focus tightening=0
shard 5/8: 50 done, 1187s, statuses {'CERTIFIED': 27, 'INFEASIBLE': 10, 'CERTIFIED_WITH_RELAXATION': 12, 'FALLBACK_BASELINE': 1}, violations on certified plans: 0
2026-10-03 15:59:05,982 level=WARNING module=sunflow.opt msg=no admissible pattern for ['Lamjana II']: infeasible by construction ({'Kharosa': {'candidates': 84, 'thermal_dropped': 0, 'kept': 84, 'longest_single_spell_blocks': 32}, 'Jawali': {'candidates': 9, 'thermal_dropped': 0, 'kept': 9, 'longest_single_spell_blocks': 32}, 'Lamjana II': {'candidates': 84, 'thermal_dropped': 84, 'kept': 0, 'longest_single_spell_blocks': 0}, 'Chalburga': {'candidates': 84, 'thermal_dropped': 0, 'kept': 84, 'longest_single_spell_blocks': 32}})
2026-10-03 15:59:06,246 level=WARNING module=sunflow.opt msg=no admissible pattern for ['Lamjana II']: infeasible by construction ({'Kharosa': {'candidates': 591, 'thermal_dropped': 0, 'kept': 591, 'longest_single_spell_blocks': 32}, 'Jawali': {'candidates': 264, 'thermal_dropped': 0, 'kept': 264, 'longest_single_spell_blocks': 32}, 'Lamjana II': {'candidates': 591, 'thermal_dropped': 591, 'kept': 0, 'longest_single_spell_blocks': 0}, 'Chalburga': {'candidates': 591, 'thermal_dropped': 0, 'kept': 591, 'longest_single_spell_blocks': 32}})
2026-10-03 15:59:07,035 level=WARNING module=sunflow.opt msg=no admissible pattern for ['Lamjana II']: infeasible by construction ({'Kharosa': {'candidates': 1407, 'thermal_dropped': 0, 'kept': 1407, 'longest_single_spell_blocks': 32}, 'Jawali': {'candidates': 1407, 'thermal_dropped': 0, 'kept': 1407, 'longest_single_spell_blocks': 32}, 'Lamjana II': {'candidates': 1407, 'thermal_dropped': 1407, 'kept': 0, 'longest_single_spell_blocks': 0}, 'Chalburga': {'candidates': 1407, 'thermal_dropped': 0, 'kept': 1407, 'longest_single_spell_blocks': 32}})
2026-10-03 15:59:32,392 level=INFO module=sunflow.opt msg=solve status=feasible obj=138387.6 gap=None t=24.47s binaries=5628 constraints=351
2026-10-03 15:59:33,166 level=WARNING module=sunflow.opt msg=no admissible pattern for ['Lamjana II']: infeasible by construction ({'Kharosa': {'candidates': 1407, 'thermal_dropped': 0, 'kept': 1407, 'longest_single_spell_blocks': 32}, 'Jawali': {'candidates': 1407, 'thermal_dropped': 0, 'kept': 1407, 'longest_single_spell_blocks': 32}, 'Lamjana II': {'candidates': 1407, 'thermal_dropped': 1407, 'kept': 0, 'longest_single_spell_blocks': 0}, 'Chalburga': {'candidates': 1407, 'thermal_dropped': 0, 'kept': 1407, 'longest_single_spell_blocks': 32}})
2026-10-03 15:59:34,036 level=WARNING module=sunflow.opt msg=no admissible pattern for ['Lamjana II']: infeasible by construction ({'Kharosa': {'candidates': 1407, 'thermal_dropped': 0, 'kept': 1407, 'longest_single_spell_blocks': 32}, 'Jawali': {'candidates': 1407, 'thermal_dropped': 0, 'kept': 1407, 'longest_single_spell_blocks': 32}, 'Lamjana II': {'candidates': 1407, 'thermal_dropped': 1407, 'kept': 0, 'longest_single_spell_blocks': 0}, 'Chalburga': {'candidates': 1407, 'thermal_dropped': 0, 'kept': 1407, 'longest_single_spell_blocks': 32}})
2026-10-03 15:59:35,134 level=WARNING module=sunflow.opt msg=no admissible pattern for ['Lamjana II']: infeasible by construction ({'Kharosa': {'candidates': 1407, 'thermal_dropped': 0, 'kept': 1407, 'longest_single_spell_blocks': 32}, 'Jawali': {'candidates': 1407, 'thermal_dropped': 0, 'kept': 1407, 'longest_single_spell_blocks': 32}, 'Lamjana II': {'candidates': 1407, 'thermal_dropped': 1407, 'kept': 0, 'longest_single_spell_blocks': 0}, 'Chalburga': {'candidates': 1407, 'thermal_dropped': 0, 'kept': 1407, 'longest_single_spell_blocks': 32}})
2026-10-03 16:00:15,542 level=INFO module=sunflow.opt msg=solve status=feasible obj=150877.9 gap=None t=38.90s binaries=11458 constraints=357
2026-10-03 16:00:15,543 level=WARNING module=sunflow.certify msg=No plan satisfies every hard rule under the declared assumptions; published timetable issued with alert.
2026-10-03 16:00:18,683 level=INFO module=sunflow.opt msg=solve status=optimal obj=90926.9 gap=0.0002 t=0.96s binaries=180 constraints=328
2026-10-03 16:00:37,697 level=INFO module=sunflow.opt msg=solve status=optimal obj=77891.7 gap=0.0008 t=18.65s binaries=1467 constraints=351
2026-10-03 16:00:37,746 level=INFO module=sunflow.certify msg=certified without night compensation using split spells
2026-10-03 16:00:41,190 level=INFO module=sunflow.opt msg=solve status=optimal obj=51266.1 gap=0.0002 t=1.27s binaries=336 constraints=328
2026-10-03 16:00:41,273 level=INFO module=sunflow.certify msg=certified status=CERTIFIED rung=nominal tightening=0
2026-10-03 16:00:43,062 level=WARNING module=sunflow.opt msg=no admissible pattern for ['Kharosa', 'Jawali', 'Lamjana II', 'Chalburga']: infeasible by construction ({'Kharosa': {'candidates': 84, 'thermal_dropped': 84, 'kept': 0, 'longest_single_spell_blocks': 0}, 'Jawali': {'candidates': 84, 'thermal_dropped': 84, 'kept': 0, 'longest_single_spell_blocks': 0}, 'Lamjana II': {'candidates': 84, 'thermal_dropped': 84, 'kept': 0, 'longest_single_spell_blocks': 0}, 'Chalburga': {'candidates': 84, 'thermal_dropped': 84, 'kept': 0, 'longest_single_spell_blocks': 0}})
2026-10-03 16:00:43,400 level=WARNING module=sunflow.opt msg=no admissible pattern for ['Kharosa', 'Jawali', 'Lamjana II', 'Chalburga']: infeasible by construction ({'Kharosa': {'candidates': 591, 'thermal_dropped': 591, 'kept': 0, 'longest_single_spell_blocks': 0}, 'Jawali': {'candidates': 591, 'thermal_dropped': 591, 'kept': 0, 'longest_single_spell_blocks': 0}, 'Lamjana II': {'candidates': 591, 'thermal_dropped': 591, 'kept': 0, 'longest_single_spell_blocks': 0}, 'Chalburga': {'candidates': 591, 'thermal_dropped': 591, 'kept': 0, 'longest_single_spell_blocks': 0}})
2026-10-03 16:00:44,225 level=WARNING module=sunflow.opt msg=no admissible pattern for ['Kharosa', 'Jawali', 'Lamjana II', 'Chalburga']: infeasible by construction ({'Kharosa': {'candidates': 1407, 'thermal_dropped': 1407, 'kept': 0, 'longest_single_spell_blocks': 0}, 'Jawali': {'candidates': 1407, 'thermal_dropped': 1407, 'kept': 0, 'longest_single_spell_blocks': 0}, 'Lamjana II': {'candidates': 1407, 'thermal_dropped': 1407, 'kept': 0, 'longest_single_spell_blocks': 0}, 'Chalburga': {'candidates': 1407, 'thermal_dropped': 1407, 'kept': 0, 'longest_single_spell_blocks': 0}})
2026-10-03 16:01:10,936 level=INFO module=sunflow.opt msg=solve status=feasible obj=185038.2 gap=None t=25.81s binaries=5628 constraints=351
2026-10-03 16:01:11,969 level=WARNING module=sunflow.opt msg=no admissible pattern for ['Kharosa', 'Jawali', 'Lamjana II', 'Chalburga']: infeasible by construction ({'Kharosa': {'candidates': 1407, 'thermal_dropped': 1407, 'kept': 0, 'longest_single_spell_blocks': 0}, 'Jawali': {'candidates': 1407, 'thermal_dropped': 1407, 'kept': 0, 'longest_single_spell_blocks': 0}, 'Lamjana II': {'candidates': 1407, 'thermal_dropped': 1407, 'kept': 0, 'longest_single_spell_blocks': 0}, 'Chalburga': {'candidates': 1407, 'thermal_dropped': 1407, 'kept': 0, 'longest_single_spell_blocks': 0}})
2026-10-03 16:01:13,089 level=WARNING module=sunflow.opt msg=no admissible pattern for ['Kharosa', 'Jawali', 'Lamjana II', 'Chalburga']: infeasible by construction ({'Kharosa': {'candidates': 1407, 'thermal_dropped': 1407, 'kept': 0, 'longest_single_spell_blocks': 0}, 'Jawali': {'candidates': 1407, 'thermal_dropped': 1407, 'kept': 0, 'longest_single_spell_blocks': 0}, 'Lamjana II': {'candidates': 1407, 'thermal_dropped': 1407, 'kept': 0, 'longest_single_spell_blocks': 0}, 'Chalburga': {'candidates': 1407, 'thermal_dropped': 1407, 'kept': 0, 'longest_single_spell_blocks': 0}})
2026-10-03 16:01:13,941 level=WARNING module=sunflow.opt msg=no admissible pattern for ['Kharosa', 'Jawali', 'Lamjana II', 'Chalburga']: infeasible by construction ({'Kharosa': {'candidates': 1407, 'thermal_dropped': 1407, 'kept': 0, 'longest_single_spell_blocks': 0}, 'Jawali': {'candidates': 1407, 'thermal_dropped': 1407, 'kept': 0, 'longest_single_spell_blocks': 0}, 'Lamjana II': {'candidates': 1407, 'thermal_dropped': 1407, 'kept': 0, 'longest_single_spell_blocks': 0}, 'Chalburga': {'candidates': 1407, 'thermal_dropped': 1407, 'kept': 0, 'longest_single_spell_blocks': 0}})
2026-10-03 16:01:17,797 level=INFO module=sunflow.opt msg=solve status=optimal obj=308475.0 gap=0.0094 t=3.78s binaries=1288 constraints=357
2026-10-03 16:01:17,797 level=WARNING module=sunflow.certify msg=No plan satisfies every hard rule under the declared assumptions; published timetable issued with alert.
2026-10-03 16:01:19,410 level=WARNING module=sunflow.opt msg=no admissible pattern for ['Kharosa', 'Jawali', 'Lamjana II', 'Chalburga']: infeasible by construction ({'Kharosa': {'candidates': 84, 'thermal_dropped': 84, 'kept': 0, 'longest_single_spell_blocks': 0}, 'Jawali': {'candidates': 9, 'thermal_dropped': 9, 'kept': 0, 'longest_single_spell_blocks': 0}, 'Lamjana II': {'candidates': 9, 'thermal_dropped': 9, 'kept': 0, 'longest_single_spell_blocks': 0}, 'Chalburga': {'candidates': 84, 'thermal_dropped': 84, 'kept': 0, 'longest_single_spell_blocks': 0}})
2026-10-03 16:01:19,733 level=WARNING module=sunflow.opt msg=no admissible pattern for ['Jawali', 'Lamjana II']: infeasible by construction ({'Kharosa': {'candidates': 591, 'thermal_dropped': 540, 'kept': 51, 'longest_single_spell_blocks': 0}, 'Jawali': {'candidates': 264, 'thermal_dropped': 264, 'kept': 0, 'longest_single_spell_blocks': 0}, 'Lamjana II': {'candidates': 264, 'thermal_dropped': 264, 'kept': 0, 'longest_single_spell_blocks': 0}, 'Chalburga': {'candidates': 591, 'thermal_dropped': 540, 'kept': 51, 'longest_single_spell_blocks': 0}})
2026-10-03 16:01:23,345 level=INFO module=sunflow.opt msg=solve status=optimal obj=234322.2 gap=0.0188 t=3.53s binaries=348 constraints=236
2026-10-03 16:01:23,379 level=INFO module=sunflow.certify msg=certified status=CERTIFIED_WITH_RELAXATION rung=feasibility_focus tightening=0
2026-10-03 16:01:25,888 level=WARNING module=sunflow.opt msg=no admissible pattern for ['Kharosa', 'Jawali', 'Lamjana II', 'Chalburga']: infeasible by construction ({'Kharosa': {'candidates': 9, 'thermal_dropped': 9, 'kept': 0, 'longest_single_spell_blocks': 0}, 'Jawali': {'candidates': 84, 'thermal_dropped': 84, 'kept': 0, 'longest_single_spell_blocks': 0}, 'Lamjana II': {'candidates': 84, 'thermal_dropped': 84, 'kept': 0, 'longest_single_spell_blocks': 0}, 'Chalburga': {'candidates': 84, 'thermal_dropped': 84, 'kept': 0, 'longest_single_spell_blocks': 0}})
2026-10-03 16:01:28,819 level=INFO module=sunflow.opt msg=solve status=optimal obj=224333.4 gap=0.0036 t=2.78s binaries=650 constraints=335
2026-10-03 16:01:28,895 level=INFO module=sunflow.certify msg=certified status=CERTIFIED_WITH_RELAXATION rung=split_spells tightening=0
2026-10-03 16:01:29,088 level=INFO module=sunflow.certify msg=baseline guard: published timetable (Rs 70,831) not worse than plan (Rs 130,366); issuing timetable
2026-10-03 16:01:33,197 level=INFO module=sunflow.opt msg=solve status=optimal obj=121386.8 gap=0.0 t=1.58s binaries=186 constraints=328
2026-10-03 16:01:33,275 level=INFO module=sunflow.certify msg=certified status=CERTIFIED rung=nominal tightening=0
2026-10-03 16:01:35,409 level=WARNING module=sunflow.opt msg=no admissible pattern for ['Kharosa', 'Jawali', 'Lamjana II', 'Chalburga']: infeasible by construction ({'Kharosa': {'candidates': 84, 'thermal_dropped': 84, 'kept': 0, 'longest_single_spell_blocks': 0}, 'Jawali': {'candidates': 9, 'thermal_dropped': 9, 'kept': 0, 'longest_single_spell_blocks': 0}, 'Lamjana II': {'candidates': 84, 'thermal_dropped': 84, 'kept': 0, 'longest_single_spell_blocks': 0}, 'Chalburga': {'candidates': 84, 'thermal_dropped': 84, 'kept': 0, 'longest_single_spell_blocks': 0}})
2026-10-03 16:01:35,699 level=WARNING module=sunflow.opt msg=no admissible pattern for ['Jawali', 'Lamjana II']: infeasible by construction ({'Kharosa': {'candidates': 591, 'thermal_dropped': 590, 'kept': 1, 'longest_single_spell_blocks': 0}, 'Jawali': {'candidates': 264, 'thermal_dropped': 264, 'kept': 0, 'longest_single_spell_blocks': 0}, 'Lamjana II': {'candidates': 591, 'thermal_dropped': 591, 'kept': 0, 'longest_single_spell_blocks': 0}, 'Chalburga': {'candidates': 591, 'thermal_dropped': 590, 'kept': 1, 'longest_single_spell_blocks': 0}})
2026-10-03 16:01:36,621 level=WARNING module=sunflow.opt msg=no admissible pattern for ['Lamjana II']: infeasible by construction ({'Kharosa': {'candidates': 1407, 'thermal_dropped': 1406, 'kept': 1, 'longest_single_spell_blocks': 0}, 'Jawali': {'candidates': 1407, 'thermal_dropped': 1406, 'kept': 1, 'longest_single_spell_blocks': 0}, 'Lamjana II': {'candidates': 1407, 'thermal_dropped': 1407, 'kept': 0, 'longest_single_spell_blocks': 0}, 'Chalburga': {'candidates': 1407, 'thermal_dropped': 1406, 'kept': 1, 'longest_single_spell_blocks': 0}})
2026-10-03 16:01:59,019 level=INFO module=sunflow.opt msg=solve status=feasible obj=152743.7 gap=None t=21.66s binaries=5628 constraints=351
2026-10-03 16:01:59,860 level=WARNING module=sunflow.opt msg=no admissible pattern for ['Lamjana II']: infeasible by construction ({'Kharosa': {'candidates': 1407, 'thermal_dropped': 1406, 'kept': 1, 'longest_single_spell_blocks': 0}, 'Jawali': {'candidates': 1407, 'thermal_dropped': 1406, 'kept': 1, 'longest_single_spell_blocks': 0}, 'Lamjana II': {'candidates': 1407, 'thermal_dropped': 1407, 'kept': 0, 'longest_single_spell_blocks': 0}, 'Chalburga': {'candidates': 1407, 'thermal_dropped': 1406, 'kept': 1, 'longest_single_spell_blocks': 0}})
2026-10-03 16:02:00,649 level=WARNING module=sunflow.opt msg=no admissible pattern for ['Lamjana II']: infeasible by construction ({'Kharosa': {'candidates': 1407, 'thermal_dropped': 1406, 'kept': 1, 'longest_single_spell_blocks': 0}, 'Jawali': {'candidates': 1407, 'thermal_dropped': 1406, 'kept': 1, 'longest_single_spell_blocks': 0}, 'Lamjana II': {'candidates': 1407, 'thermal_dropped': 1407, 'kept': 0, 'longest_single_spell_blocks': 0}, 'Chalburga': {'candidates': 1407, 'thermal_dropped': 1406, 'kept': 1, 'longest_single_spell_blocks': 0}})
2026-10-03 16:02:02,340 level=WARNING module=sunflow.opt msg=no admissible pattern for ['Lamjana II']: infeasible by construction ({'Kharosa': {'candidates': 1407, 'thermal_dropped': 1406, 'kept': 1, 'longest_single_spell_blocks': 0}, 'Jawali': {'candidates': 1407, 'thermal_dropped': 1406, 'kept': 1, 'longest_single_spell_blocks': 0}, 'Lamjana II': {'candidates': 1407, 'thermal_dropped': 1407, 'kept': 0, 'longest_single_spell_blocks': 0}, 'Chalburga': {'candidates': 1407, 'thermal_dropped': 1406, 'kept': 1, 'longest_single_spell_blocks': 0}})
2026-10-03 16:02:17,213 level=INFO module=sunflow.opt msg=solve status=feasible obj=254105.1 gap=None t=14.59s binaries=2683 constraints=357
2026-10-03 16:02:17,213 level=WARNING module=sunflow.certify msg=No plan satisfies every hard rule under the declared assumptions; published timetable issued with alert.
2026-10-03 16:02:18,551 level=WARNING module=sunflow.opt msg=no admissible pattern for ['Jawali', 'Chalburga']: infeasible by construction ({'Kharosa': {'candidates': 84, 'thermal_dropped': 81, 'kept': 3, 'longest_single_spell_blocks': 25}, 'Jawali': {'candidates': 84, 'thermal_dropped': 84, 'kept': 0, 'longest_single_spell_blocks': 0}, 'Lamjana II': {'candidates': 84, 'thermal_dropped': 81, 'kept': 3, 'longest_single_spell_blocks': 25}, 'Chalburga': {'candidates': 9, 'thermal_dropped': 9, 'kept': 0, 'longest_single_spell_blocks': 0}})
2026-10-03 16:02:19,282 level=WARNING module=sunflow.opt msg=no admissible pattern for ['Jawali']: infeasible by construction ({'Kharosa': {'candidates': 591, 'thermal_dropped': 201, 'kept': 390, 'longest_single_spell_blocks': 25}, 'Jawali': {'candidates': 591, 'thermal_dropped': 591, 'kept': 0, 'longest_single_spell_blocks': 0}, 'Lamjana II': {'candidates': 591, 'thermal_dropped': 201, 'kept': 390, 'longest_single_spell_blocks': 25}, 'Chalburga': {'candidates': 264, 'thermal_dropped': 129, 'kept': 135, 'longest_single_spell_blocks': 0}})
2026-10-03 16:02:20,422 level=WARNING module=sunflow.opt msg=no admissible pattern for ['Jawali']: infeasible by construction ({'Kharosa': {'candidates': 1407, 'thermal_dropped': 247, 'kept': 1160, 'longest_single_spell_blocks': 25}, 'Jawali': {'candidates': 1407, 'thermal_dropped': 1407, 'kept': 0, 'longest_single_spell_blocks': 0}, 'Lamjana II': {'candidates': 1407, 'thermal_dropped': 247, 'kept': 1160, 'longest_single_spell_blocks': 25}, 'Chalburga': {'candidates': 1407, 'thermal_dropped': 247, 'kept': 1160, 'longest_single_spell_blocks': 25}})
2026-10-03 16:02:49,006 level=WARNING module=sunflow.opt msg=solve status=timeout tc=maxtimelimit t=28.54s
2026-10-03 16:02:50,372 level=WARNING module=sunflow.opt msg=no admissible pattern for ['Jawali']: infeasible by construction ({'Kharosa': {'candidates': 1407, 'thermal_dropped': 247, 'kept': 1160, 'longest_single_spell_blocks': 25}, 'Jawali': {'candidates': 1407, 'thermal_dropped': 1407, 'kept': 0, 'longest_single_spell_blocks': 0}, 'Lamjana II': {'candidates': 1407, 'thermal_dropped': 247, 'kept': 1160, 'longest_single_spell_blocks': 25}, 'Chalburga': {'candidates': 1407, 'thermal_dropped': 247, 'kept': 1160, 'longest_single_spell_blocks': 25}})
2026-10-03 16:02:51,292 level=WARNING module=sunflow.opt msg=no admissible pattern for ['Jawali']: infeasible by construction ({'Kharosa': {'candidates': 1407, 'thermal_dropped': 247, 'kept': 1160, 'longest_single_spell_blocks': 25}, 'Jawali': {'candidates': 1407, 'thermal_dropped': 1407, 'kept': 0, 'longest_single_spell_blocks': 0}, 'Lamjana II': {'candidates': 1407, 'thermal_dropped': 247, 'kept': 1160, 'longest_single_spell_blocks': 25}, 'Chalburga': {'candidates': 1407, 'thermal_dropped': 247, 'kept': 1160, 'longest_single_spell_blocks': 25}})
2026-10-03 16:02:52,288 level=WARNING module=sunflow.opt msg=no admissible pattern for ['Jawali']: infeasible by construction ({'Kharosa': {'candidates': 1407, 'thermal_dropped': 247, 'kept': 1160, 'longest_single_spell_blocks': 25}, 'Jawali': {'candidates': 1407, 'thermal_dropped': 1407, 'kept': 0, 'longest_single_spell_blocks': 0}, 'Lamjana II': {'candidates': 1407, 'thermal_dropped': 247, 'kept': 1160, 'longest_single_spell_blocks': 25}, 'Chalburga': {'candidates': 1407, 'thermal_dropped': 247, 'kept': 1160, 'longest_single_spell_blocks': 25}})
2026-10-03 16:03:32,320 level=INFO module=sunflow.opt msg=solve status=feasible obj=159146.3 gap=None t=38.93s binaries=10023 constraints=357
2026-10-03 16:03:32,323 level=WARNING module=sunflow.certify msg=No plan satisfies every hard rule under the declared assumptions; published timetable issued with alert.
2026-10-03 16:03:36,816 level=INFO module=sunflow.opt msg=solve status=optimal obj=162544.2 gap=0.0 t=2.59s binaries=336 constraints=328
2026-10-03 16:03:36,894 level=INFO module=sunflow.certify msg=certified status=CERTIFIED rung=nominal tightening=0
2026-10-03 16:03:37,006 level=INFO module=sunflow.certify msg=baseline guard: published timetable (Rs 145,396) not worse than plan (Rs 145,396); issuing timetable
2026-10-03 16:03:40,631 level=INFO module=sunflow.opt msg=solve status=optimal obj=123198.1 gap=0.0 t=0.97s binaries=186 constraints=328
2026-10-03 16:03:40,675 level=INFO module=sunflow.certify msg=certified status=CERTIFIED rung=nominal tightening=0
2026-10-03 16:03:42,826 level=INFO module=sunflow.opt msg=solve status=optimal obj=59329.5 gap=0.0049 t=1.86s binaries=282 constraints=328
2026-10-03 16:04:06,848 level=INFO module=sunflow.opt msg=solve status=feasible obj=58405.9 gap=0.9952 t=23.72s binaries=1830 constraints=351
2026-10-03 16:04:06,848 level=INFO module=sunflow.certify msg=certified status=CERTIFIED rung=nominal tightening=0
2026-10-03 16:04:08,681 level=WARNING module=sunflow.opt msg=no admissible pattern for ['Kharosa', 'Jawali', 'Lamjana II', 'Chalburga']: infeasible by construction ({'Kharosa': {'candidates': 84, 'thermal_dropped': 84, 'kept': 0, 'longest_single_spell_blocks': 0}, 'Jawali': {'candidates': 9, 'thermal_dropped': 9, 'kept': 0, 'longest_single_spell_blocks': 0}, 'Lamjana II': {'candidates': 84, 'thermal_dropped': 84, 'kept': 0, 'longest_single_spell_blocks': 0}, 'Chalburga': {'candidates': 84, 'thermal_dropped': 84, 'kept': 0, 'longest_single_spell_blocks': 0}})
2026-10-03 16:04:09,069 level=WARNING module=sunflow.opt msg=no admissible pattern for ['Kharosa', 'Jawali', 'Lamjana II', 'Chalburga']: infeasible by construction ({'Kharosa': {'candidates': 591, 'thermal_dropped': 591, 'kept': 0, 'longest_single_spell_blocks': 0}, 'Jawali': {'candidates': 264, 'thermal_dropped': 264, 'kept': 0, 'longest_single_spell_blocks': 0}, 'Lamjana II': {'candidates': 591, 'thermal_dropped': 591, 'kept': 0, 'longest_single_spell_blocks': 0}, 'Chalburga': {'candidates': 591, 'thermal_dropped': 591, 'kept': 0, 'longest_single_spell_blocks': 0}})
2026-10-03 16:04:09,915 level=WARNING module=sunflow.opt msg=no admissible pattern for ['Kharosa', 'Jawali', 'Lamjana II', 'Chalburga']: infeasible by construction ({'Kharosa': {'candidates': 1407, 'thermal_dropped': 1407, 'kept': 0, 'longest_single_spell_blocks': 0}, 'Jawali': {'candidates': 1407, 'thermal_dropped': 1407, 'kept': 0, 'longest_single_spell_blocks': 0}, 'Lamjana II': {'candidates': 1407, 'thermal_dropped': 1407, 'kept': 0, 'longest_single_spell_blocks': 0}, 'Chalburga': {'candidates': 1407, 'thermal_dropped': 1407, 'kept': 0, 'longest_single_spell_blocks': 0}})
2026-10-03 16:04:34,507 level=INFO module=sunflow.opt msg=solve status=feasible obj=201346.5 gap=None t=23.77s binaries=5628 constraints=351
2026-10-03 16:04:36,292 level=WARNING module=sunflow.opt msg=no admissible pattern for ['Kharosa', 'Jawali', 'Lamjana II', 'Chalburga']: infeasible by construction ({'Kharosa': {'candidates': 1407, 'thermal_dropped': 1407, 'kept': 0, 'longest_single_spell_blocks': 0}, 'Jawali': {'candidates': 1407, 'thermal_dropped': 1407, 'kept': 0, 'longest_single_spell_blocks': 0}, 'Lamjana II': {'candidates': 1407, 'thermal_dropped': 1407, 'kept': 0, 'longest_single_spell_blocks': 0}, 'Chalburga': {'candidates': 1407, 'thermal_dropped': 1407, 'kept': 0, 'longest_single_spell_blocks': 0}})
2026-10-03 16:04:37,186 level=WARNING module=sunflow.opt msg=no admissible pattern for ['Kharosa', 'Jawali', 'Lamjana II', 'Chalburga']: infeasible by construction ({'Kharosa': {'candidates': 1407, 'thermal_dropped': 1407, 'kept': 0, 'longest_single_spell_blocks': 0}, 'Jawali': {'candidates': 1407, 'thermal_dropped': 1407, 'kept': 0, 'longest_single_spell_blocks': 0}, 'Lamjana II': {'candidates': 1407, 'thermal_dropped': 1407, 'kept': 0, 'longest_single_spell_blocks': 0}, 'Chalburga': {'candidates': 1407, 'thermal_dropped': 1407, 'kept': 0, 'longest_single_spell_blocks': 0}})
2026-10-03 16:04:38,109 level=WARNING module=sunflow.opt msg=no admissible pattern for ['Kharosa', 'Jawali', 'Lamjana II', 'Chalburga']: infeasible by construction ({'Kharosa': {'candidates': 1407, 'thermal_dropped': 1407, 'kept': 0, 'longest_single_spell_blocks': 0}, 'Jawali': {'candidates': 1407, 'thermal_dropped': 1407, 'kept': 0, 'longest_single_spell_blocks': 0}, 'Lamjana II': {'candidates': 1407, 'thermal_dropped': 1407, 'kept': 0, 'longest_single_spell_blocks': 0}, 'Chalburga': {'candidates': 1407, 'thermal_dropped': 1407, 'kept': 0, 'longest_single_spell_blocks': 0}})
2026-10-03 16:04:52,594 level=INFO module=sunflow.opt msg=solve status=feasible obj=256832.9 gap=None t=14.29s binaries=2632 constraints=357
2026-10-03 16:04:52,594 level=WARNING module=sunflow.certify msg=No plan satisfies every hard rule under the declared assumptions; published timetable issued with alert.
2026-10-03 16:04:56,763 level=INFO module=sunflow.opt msg=solve status=optimal obj=56090.2 gap=0.0014 t=2.29s binaries=336 constraints=328
2026-10-03 16:04:56,822 level=INFO module=sunflow.certify msg=certified status=CERTIFIED rung=nominal tightening=0
2026-10-03 16:05:01,889 level=INFO module=sunflow.opt msg=solve status=optimal obj=109987.0 gap=0.0001 t=2.03s binaries=186 constraints=328
2026-10-03 16:05:02,299 level=INFO module=sunflow.certify msg=certified status=CERTIFIED rung=nominal tightening=0
2026-10-03 16:05:02,484 level=INFO module=sunflow.certify msg=baseline guard: published timetable (Rs 75,934) not worse than plan (Rs 75,934); issuing timetable
2026-10-03 16:05:05,218 level=INFO module=sunflow.opt msg=solve status=optimal obj=47646.6 gap=0.0001 t=2.64s binaries=186 constraints=328
2026-10-03 16:05:05,339 level=INFO module=sunflow.certify msg=certified status=CERTIFIED rung=nominal tightening=0
2026-10-03 16:05:12,944 level=INFO module=sunflow.opt msg=solve status=optimal obj=60549.5 gap=0.0 t=3.37s binaries=336 constraints=328
2026-10-03 16:05:13,062 level=INFO module=sunflow.certify msg=certified status=CERTIFIED rung=nominal tightening=0
2026-10-03 16:05:32,024 level=WARNING module=sunflow.opt msg=solve status=timeout tc=maxtimelimit t=16.45s
2026-10-03 16:05:54,940 level=INFO module=sunflow.opt msg=solve status=feasible obj=211739.6 gap=0.9974 t=22.63s binaries=2037 constraints=351
2026-10-03 16:05:54,977 level=INFO module=sunflow.certify msg=certified status=CERTIFIED_WITH_RELAXATION rung=split_spells tightening=0
2026-10-03 16:05:57,106 level=INFO module=sunflow.opt msg=solve status=optimal obj=113385.3 gap=0.001 t=0.70s binaries=111 constraints=328
2026-10-03 16:05:57,157 level=INFO module=sunflow.certify msg=certified status=CERTIFIED rung=nominal tightening=0
2026-10-03 16:05:57,486 level=WARNING module=sunflow.opt msg=no admissible pattern for ['Kharosa', 'Jawali', 'Lamjana II', 'Chalburga']: infeasible by construction ({'Kharosa': {'candidates': 84, 'thermal_dropped': 84, 'kept': 0, 'longest_single_spell_blocks': 0}, 'Jawali': {'candidates': 9, 'thermal_dropped': 9, 'kept': 0, 'longest_single_spell_blocks': 0}, 'Lamjana II': {'candidates': 84, 'thermal_dropped': 84, 'kept': 0, 'longest_single_spell_blocks': 0}, 'Chalburga': {'candidates': 84, 'thermal_dropped': 84, 'kept': 0, 'longest_single_spell_blocks': 0}})
2026-10-03 16:05:57,888 level=WARNING module=sunflow.opt msg=no admissible pattern for ['Kharosa', 'Jawali']: infeasible by construction ({'Kharosa': {'candidates': 591, 'thermal_dropped': 591, 'kept': 0, 'longest_single_spell_blocks': 0}, 'Jawali': {'candidates': 264, 'thermal_dropped': 264, 'kept': 0, 'longest_single_spell_blocks': 0}, 'Lamjana II': {'candidates': 591, 'thermal_dropped': 586, 'kept': 5, 'longest_single_spell_blocks': 0}, 'Chalburga': {'candidates': 591, 'thermal_dropped': 586, 'kept': 5, 'longest_single_spell_blocks': 0}})
2026-10-03 16:05:58,792 level=WARNING module=sunflow.opt msg=no admissible pattern for ['Kharosa']: infeasible by construction ({'Kharosa': {'candidates': 1407, 'thermal_dropped': 1407, 'kept': 0, 'longest_single_spell_blocks': 0}, 'Jawali': {'candidates': 1407, 'thermal_dropped': 1402, 'kept': 5, 'longest_single_spell_blocks': 0}, 'Lamjana II': {'candidates': 1407, 'thermal_dropped': 1402, 'kept': 5, 'longest_single_spell_blocks': 0}, 'Chalburga': {'candidates': 1407, 'thermal_dropped': 1402, 'kept': 5, 'longest_single_spell_blocks': 0}})
2026-10-03 16:06:21,739 level=INFO module=sunflow.opt msg=solve status=feasible obj=140999.8 gap=None t=22.15s binaries=5628 constraints=351
2026-10-03 16:06:22,568 level=WARNING module=sunflow.opt msg=no admissible pattern for ['Kharosa']: infeasible by construction ({'Kharosa': {'candidates': 1407, 'thermal_dropped': 1407, 'kept': 0, 'longest_single_spell_blocks': 0}, 'Jawali': {'candidates': 1407, 'thermal_dropped': 1402, 'kept': 5, 'longest_single_spell_blocks': 0}, 'Lamjana II': {'candidates': 1407, 'thermal_dropped': 1402, 'kept': 5, 'longest_single_spell_blocks': 0}, 'Chalburga': {'candidates': 1407, 'thermal_dropped': 1402, 'kept': 5, 'longest_single_spell_blocks': 0}})
2026-10-03 16:06:23,509 level=WARNING module=sunflow.opt msg=no admissible pattern for ['Kharosa']: infeasible by construction ({'Kharosa': {'candidates': 1407, 'thermal_dropped': 1407, 'kept': 0, 'longest_single_spell_blocks': 0}, 'Jawali': {'candidates': 1407, 'thermal_dropped': 1402, 'kept': 5, 'longest_single_spell_blocks': 0}, 'Lamjana II': {'candidates': 1407, 'thermal_dropped': 1402, 'kept': 5, 'longest_single_spell_blocks': 0}, 'Chalburga': {'candidates': 1407, 'thermal_dropped': 1402, 'kept': 5, 'longest_single_spell_blocks': 0}})
2026-10-03 16:06:25,195 level=WARNING module=sunflow.opt msg=no admissible pattern for ['Kharosa']: infeasible by construction ({'Kharosa': {'candidates': 1407, 'thermal_dropped': 1407, 'kept': 0, 'longest_single_spell_blocks': 0}, 'Jawali': {'candidates': 1407, 'thermal_dropped': 1402, 'kept': 5, 'longest_single_spell_blocks': 0}, 'Lamjana II': {'candidates': 1407, 'thermal_dropped': 1402, 'kept': 5, 'longest_single_spell_blocks': 0}, 'Chalburga': {'candidates': 1407, 'thermal_dropped': 1402, 'kept': 5, 'longest_single_spell_blocks': 0}})
2026-10-03 16:06:39,344 level=INFO module=sunflow.opt msg=solve status=feasible obj=249086.3 gap=None t=13.92s binaries=3069 constraints=357
2026-10-03 16:06:39,344 level=WARNING module=sunflow.certify msg=No plan satisfies every hard rule under the declared assumptions; published timetable issued with alert.
2026-10-03 16:06:42,212 level=INFO module=sunflow.opt msg=solve status=optimal obj=84561.7 gap=0.0008 t=0.94s binaries=261 constraints=328
2026-10-03 16:06:42,248 level=INFO module=sunflow.certify msg=certified status=CERTIFIED rung=nominal tightening=0
2026-10-03 16:06:44,988 level=INFO module=sunflow.opt msg=solve status=optimal obj=70428.7 gap=0.0 t=1.33s binaries=186 constraints=328
2026-10-03 16:06:45,031 level=INFO module=sunflow.certify msg=certified status=CERTIFIED rung=nominal tightening=0
2026-10-03 16:06:46,826 level=WARNING module=sunflow.opt msg=no admissible pattern for ['Kharosa']: infeasible by construction ({'Kharosa': {'candidates': 84, 'thermal_dropped': 84, 'kept': 0, 'longest_single_spell_blocks': 0}, 'Jawali': {'candidates': 84, 'thermal_dropped': 0, 'kept': 84, 'longest_single_spell_blocks': 32}, 'Lamjana II': {'candidates': 84, 'thermal_dropped': 0, 'kept': 84, 'longest_single_spell_blocks': 32}, 'Chalburga': {'candidates': 84, 'thermal_dropped': 0, 'kept': 84, 'longest_single_spell_blocks': 32}})
2026-10-03 16:07:08,174 level=INFO module=sunflow.opt msg=solve status=feasible obj=83142.5 gap=0.9969 t=21.02s binaries=1910 constraints=351
2026-10-03 16:07:08,214 level=INFO module=sunflow.certify msg=certified status=CERTIFIED_WITH_RELAXATION rung=split_spells tightening=0
2026-10-03 16:07:11,622 level=INFO module=sunflow.opt msg=solve status=optimal obj=113977.3 gap=0.0 t=2.05s binaries=336 constraints=328
2026-10-03 16:07:11,685 level=INFO module=sunflow.certify msg=certified status=CERTIFIED rung=nominal tightening=0
2026-10-03 16:07:13,232 level=INFO module=sunflow.opt msg=solve status=optimal obj=54032.1 gap=0.0007 t=1.23s binaries=336 constraints=328
2026-10-03 16:07:13,273 level=INFO module=sunflow.certify msg=certified status=CERTIFIED rung=nominal tightening=0
shard 5/8: 75 done, 1676s, statuses {'CERTIFIED': 42, 'INFEASIBLE': 16, 'CERTIFIED_WITH_RELAXATION': 16, 'FALLBACK_BASELINE': 1}, violations on certified plans: 0
2026-10-03 16:07:16,414 level=INFO module=sunflow.opt msg=solve status=optimal obj=103865.6 gap=0.0 t=1.42s binaries=336 constraints=328
2026-10-03 16:07:16,513 level=INFO module=sunflow.certify msg=certified status=CERTIFIED rung=nominal tightening=0
2026-10-03 16:07:18,385 level=WARNING module=sunflow.opt msg=no admissible pattern for ['Kharosa', 'Jawali', 'Lamjana II', 'Chalburga']: infeasible by construction ({'Kharosa': {'candidates': 84, 'thermal_dropped': 84, 'kept': 0, 'longest_single_spell_blocks': 0}, 'Jawali': {'candidates': 84, 'thermal_dropped': 84, 'kept': 0, 'longest_single_spell_blocks': 0}, 'Lamjana II': {'candidates': 84, 'thermal_dropped': 84, 'kept': 0, 'longest_single_spell_blocks': 0}, 'Chalburga': {'candidates': 84, 'thermal_dropped': 84, 'kept': 0, 'longest_single_spell_blocks': 0}})
2026-10-03 16:07:19,874 level=WARNING module=sunflow.opt msg=solve status=infeasible tc=infeasible t=1.48s
2026-10-03 16:07:21,203 level=WARNING module=sunflow.opt msg=solve status=infeasible tc=infeasible t=1.33s
2026-10-03 16:07:50,050 level=WARNING module=sunflow.opt msg=solve status=timeout tc=maxtimelimit t=28.80s
2026-10-03 16:07:51,631 level=WARNING module=sunflow.opt msg=solve status=infeasible tc=infeasible t=1.58s
2026-10-03 16:07:53,446 level=WARNING module=sunflow.opt msg=solve status=infeasible tc=infeasible t=1.81s
2026-10-03 16:07:55,334 level=WARNING module=sunflow.opt msg=solve status=infeasible tc=infeasible t=1.88s
2026-10-03 16:08:13,983 level=INFO module=sunflow.opt msg=solve status=feasible obj=243712.2 gap=None t=18.14s binaries=3620 constraints=357
2026-10-03 16:08:13,984 level=WARNING module=sunflow.certify msg=No plan satisfies every hard rule under the declared assumptions; published timetable issued with alert.
2026-10-03 16:08:17,917 level=INFO module=sunflow.opt msg=solve status=optimal obj=114785.3 gap=0.0 t=1.27s binaries=336 constraints=328
2026-10-03 16:08:17,973 level=INFO module=sunflow.certify msg=certified status=CERTIFIED rung=nominal tightening=0
2026-10-03 16:08:19,598 level=WARNING module=sunflow.opt msg=no admissible pattern for ['Kharosa', 'Jawali', 'Lamjana II', 'Chalburga']: infeasible by construction ({'Kharosa': {'candidates': 84, 'thermal_dropped': 84, 'kept': 0, 'longest_single_spell_blocks': 0}, 'Jawali': {'candidates': 84, 'thermal_dropped': 84, 'kept': 0, 'longest_single_spell_blocks': 0}, 'Lamjana II': {'candidates': 84, 'thermal_dropped': 84, 'kept': 0, 'longest_single_spell_blocks': 0}, 'Chalburga': {'candidates': 9, 'thermal_dropped': 9, 'kept': 0, 'longest_single_spell_blocks': 0}})
2026-10-03 16:08:19,927 level=WARNING module=sunflow.opt msg=no admissible pattern for ['Chalburga']: infeasible by construction ({'Kharosa': {'candidates': 591, 'thermal_dropped': 412, 'kept': 179, 'longest_single_spell_blocks': 0}, 'Jawali': {'candidates': 591, 'thermal_dropped': 412, 'kept': 179, 'longest_single_spell_blocks': 0}, 'Lamjana II': {'candidates': 591, 'thermal_dropped': 412, 'kept': 179, 'longest_single_spell_blocks': 0}, 'Chalburga': {'candidates': 264, 'thermal_dropped': 264, 'kept': 0, 'longest_single_spell_blocks': 0}})
2026-10-03 16:08:33,698 level=INFO module=sunflow.opt msg=solve status=optimal obj=202717.3 gap=0.0129 t=13.52s binaries=1724 constraints=251
2026-10-03 16:08:33,736 level=INFO module=sunflow.certify msg=certified status=CERTIFIED_WITH_RELAXATION rung=feasibility_focus tightening=0
2026-10-03 16:08:35,395 level=WARNING module=sunflow.opt msg=no admissible pattern for ['Kharosa', 'Jawali', 'Lamjana II', 'Chalburga']: infeasible by construction ({'Kharosa': {'candidates': 84, 'thermal_dropped': 84, 'kept': 0, 'longest_single_spell_blocks': 0}, 'Jawali': {'candidates': 84, 'thermal_dropped': 84, 'kept': 0, 'longest_single_spell_blocks': 0}, 'Lamjana II': {'candidates': 84, 'thermal_dropped': 84, 'kept': 0, 'longest_single_spell_blocks': 0}, 'Chalburga': {'candidates': 84, 'thermal_dropped': 84, 'kept': 0, 'longest_single_spell_blocks': 0}})
2026-10-03 16:08:35,904 level=WARNING module=sunflow.opt msg=no admissible pattern for ['Kharosa', 'Jawali', 'Lamjana II', 'Chalburga']: infeasible by construction ({'Kharosa': {'candidates': 591, 'thermal_dropped': 591, 'kept': 0, 'longest_single_spell_blocks': 0}, 'Jawali': {'candidates': 591, 'thermal_dropped': 591, 'kept': 0, 'longest_single_spell_blocks': 0}, 'Lamjana II': {'candidates': 591, 'thermal_dropped': 591, 'kept': 0, 'longest_single_spell_blocks': 0}, 'Chalburga': {'candidates': 591, 'thermal_dropped': 591, 'kept': 0, 'longest_single_spell_blocks': 0}})
2026-10-03 16:08:37,062 level=WARNING module=sunflow.opt msg=no admissible pattern for ['Kharosa', 'Jawali', 'Lamjana II', 'Chalburga']: infeasible by construction ({'Kharosa': {'candidates': 1407, 'thermal_dropped': 1407, 'kept': 0, 'longest_single_spell_blocks': 0}, 'Jawali': {'candidates': 1407, 'thermal_dropped': 1407, 'kept': 0, 'longest_single_spell_blocks': 0}, 'Lamjana II': {'candidates': 1407, 'thermal_dropped': 1407, 'kept': 0, 'longest_single_spell_blocks': 0}, 'Chalburga': {'candidates': 1407, 'thermal_dropped': 1407, 'kept': 0, 'longest_single_spell_blocks': 0}})
2026-10-03 16:09:04,603 level=INFO module=sunflow.opt msg=solve status=feasible obj=197289.1 gap=None t=26.52s binaries=5628 constraints=391
2026-10-03 16:09:05,465 level=WARNING module=sunflow.opt msg=no admissible pattern for ['Kharosa', 'Jawali', 'Lamjana II', 'Chalburga']: infeasible by construction ({'Kharosa': {'candidates': 1407, 'thermal_dropped': 1407, 'kept': 0, 'longest_single_spell_blocks': 0}, 'Jawali': {'candidates': 1407, 'thermal_dropped': 1407, 'kept': 0, 'longest_single_spell_blocks': 0}, 'Lamjana II': {'candidates': 1407, 'thermal_dropped': 1407, 'kept': 0, 'longest_single_spell_blocks': 0}, 'Chalburga': {'candidates': 1407, 'thermal_dropped': 1407, 'kept': 0, 'longest_single_spell_blocks': 0}})
2026-10-03 16:09:06,245 level=WARNING module=sunflow.opt msg=no admissible pattern for ['Kharosa', 'Jawali', 'Lamjana II', 'Chalburga']: infeasible by construction ({'Kharosa': {'candidates': 1407, 'thermal_dropped': 1407, 'kept': 0, 'longest_single_spell_blocks': 0}, 'Jawali': {'candidates': 1407, 'thermal_dropped': 1407, 'kept': 0, 'longest_single_spell_blocks': 0}, 'Lamjana II': {'candidates': 1407, 'thermal_dropped': 1407, 'kept': 0, 'longest_single_spell_blocks': 0}, 'Chalburga': {'candidates': 1407, 'thermal_dropped': 1407, 'kept': 0, 'longest_single_spell_blocks': 0}})
2026-10-03 16:09:07,224 level=WARNING module=sunflow.opt msg=no admissible pattern for ['Kharosa', 'Jawali', 'Lamjana II', 'Chalburga']: infeasible by construction ({'Kharosa': {'candidates': 1407, 'thermal_dropped': 1407, 'kept': 0, 'longest_single_spell_blocks': 0}, 'Jawali': {'candidates': 1407, 'thermal_dropped': 1407, 'kept': 0, 'longest_single_spell_blocks': 0}, 'Lamjana II': {'candidates': 1407, 'thermal_dropped': 1407, 'kept': 0, 'longest_single_spell_blocks': 0}, 'Chalburga': {'candidates': 1407, 'thermal_dropped': 1407, 'kept': 0, 'longest_single_spell_blocks': 0}})
2026-10-03 16:09:11,363 level=INFO module=sunflow.opt msg=solve status=optimal obj=355666.3 gap=0.0023 t=4.09s binaries=1017 constraints=397
2026-10-03 16:09:11,364 level=WARNING module=sunflow.certify msg=No plan satisfies every hard rule under the declared assumptions; published timetable issued with alert.
2026-10-03 16:09:13,150 level=WARNING module=sunflow.opt msg=no admissible pattern for ['Lamjana II']: infeasible by construction ({'Kharosa': {'candidates': 84, 'thermal_dropped': 0, 'kept': 84, 'longest_single_spell_blocks': 32}, 'Jawali': {'candidates': 84, 'thermal_dropped': 0, 'kept': 84, 'longest_single_spell_blocks': 32}, 'Lamjana II': {'candidates': 0, 'thermal_dropped': 0, 'kept': 0, 'longest_single_spell_blocks': 0}, 'Chalburga': {'candidates': 84, 'thermal_dropped': 0, 'kept': 84, 'longest_single_spell_blocks': 32}})
2026-10-03 16:09:36,234 level=INFO module=sunflow.opt msg=solve status=feasible obj=120723.8 gap=None t=22.70s binaries=1776 constraints=351
2026-10-03 16:09:36,372 level=INFO module=sunflow.certify msg=certified status=CERTIFIED_WITH_RELAXATION rung=split_spells tightening=0
2026-10-03 16:09:39,341 level=WARNING module=sunflow.opt msg=solve status=infeasible tc=infeasible t=2.83s
2026-10-03 16:10:03,346 level=WARNING module=sunflow.opt msg=solve status=timeout tc=maxtimelimit t=24.00s
2026-10-03 16:10:33,882 level=INFO module=sunflow.opt msg=solve status=feasible obj=145009.8 gap=None t=29.61s binaries=5628 constraints=295
2026-10-03 16:10:33,916 level=INFO module=sunflow.certify msg=certified status=CERTIFIED_WITH_RELAXATION rung=feasibility_focus tightening=0
2026-10-03 16:10:34,041 level=WARNING module=sunflow.opt msg=no admissible pattern for ['Kharosa', 'Jawali', 'Lamjana II', 'Chalburga']: infeasible by construction ({'Kharosa': {'candidates': 84, 'thermal_dropped': 84, 'kept': 0, 'longest_single_spell_blocks': 0}, 'Jawali': {'candidates': 84, 'thermal_dropped': 84, 'kept': 0, 'longest_single_spell_blocks': 0}, 'Lamjana II': {'candidates': 84, 'thermal_dropped': 84, 'kept': 0, 'longest_single_spell_blocks': 0}, 'Chalburga': {'candidates': 36, 'thermal_dropped': 36, 'kept': 0, 'longest_single_spell_blocks': 0}})
2026-10-03 16:10:45,791 level=INFO module=sunflow.opt msg=solve status=optimal obj=210401.3 gap=0.03 t=11.57s binaries=990 constraints=347
2026-10-03 16:10:45,836 level=INFO module=sunflow.certify msg=certified status=CERTIFIED_WITH_RELAXATION rung=split_spells tightening=0
2026-10-03 16:10:48,623 level=INFO module=sunflow.opt msg=solve status=optimal obj=57120.3 gap=0.0006 t=1.25s binaries=186 constraints=328
2026-10-03 16:10:48,710 level=INFO module=sunflow.certify msg=certified status=CERTIFIED rung=nominal tightening=0
2026-10-03 16:10:50,299 level=WARNING module=sunflow.opt msg=no admissible pattern for ['Kharosa', 'Jawali', 'Lamjana II', 'Chalburga']: infeasible by construction ({'Kharosa': {'candidates': 84, 'thermal_dropped': 84, 'kept': 0, 'longest_single_spell_blocks': 0}, 'Jawali': {'candidates': 9, 'thermal_dropped': 9, 'kept': 0, 'longest_single_spell_blocks': 0}, 'Lamjana II': {'candidates': 9, 'thermal_dropped': 9, 'kept': 0, 'longest_single_spell_blocks': 0}, 'Chalburga': {'candidates': 9, 'thermal_dropped': 9, 'kept': 0, 'longest_single_spell_blocks': 0}})
2026-10-03 16:10:50,597 level=WARNING module=sunflow.opt msg=no admissible pattern for ['Kharosa', 'Jawali', 'Lamjana II', 'Chalburga']: infeasible by construction ({'Kharosa': {'candidates': 591, 'thermal_dropped': 591, 'kept': 0, 'longest_single_spell_blocks': 0}, 'Jawali': {'candidates': 264, 'thermal_dropped': 264, 'kept': 0, 'longest_single_spell_blocks': 0}, 'Lamjana II': {'candidates': 264, 'thermal_dropped': 264, 'kept': 0, 'longest_single_spell_blocks': 0}, 'Chalburga': {'candidates': 264, 'thermal_dropped': 264, 'kept': 0, 'longest_single_spell_blocks': 0}})
2026-10-03 16:10:51,517 level=WARNING module=sunflow.opt msg=no admissible pattern for ['Kharosa', 'Jawali', 'Lamjana II', 'Chalburga']: infeasible by construction ({'Kharosa': {'candidates': 1407, 'thermal_dropped': 1407, 'kept': 0, 'longest_single_spell_blocks': 0}, 'Jawali': {'candidates': 1407, 'thermal_dropped': 1407, 'kept': 0, 'longest_single_spell_blocks': 0}, 'Lamjana II': {'candidates': 1407, 'thermal_dropped': 1407, 'kept': 0, 'longest_single_spell_blocks': 0}, 'Chalburga': {'candidates': 1407, 'thermal_dropped': 1407, 'kept': 0, 'longest_single_spell_blocks': 0}})
2026-10-03 16:11:24,758 level=INFO module=sunflow.opt msg=solve status=feasible obj=363265.6 gap=None t=32.45s binaries=5628 constraints=391
2026-10-03 16:11:26,332 level=WARNING module=sunflow.opt msg=no admissible pattern for ['Kharosa', 'Jawali', 'Lamjana II', 'Chalburga']: infeasible by construction ({'Kharosa': {'candidates': 1407, 'thermal_dropped': 1407, 'kept': 0, 'longest_single_spell_blocks': 0}, 'Jawali': {'candidates': 1407, 'thermal_dropped': 1407, 'kept': 0, 'longest_single_spell_blocks': 0}, 'Lamjana II': {'candidates': 1407, 'thermal_dropped': 1407, 'kept': 0, 'longest_single_spell_blocks': 0}, 'Chalburga': {'candidates': 1407, 'thermal_dropped': 1407, 'kept': 0, 'longest_single_spell_blocks': 0}})
2026-10-03 16:11:27,125 level=WARNING module=sunflow.opt msg=no admissible pattern for ['Kharosa', 'Jawali', 'Lamjana II', 'Chalburga']: infeasible by construction ({'Kharosa': {'candidates': 1407, 'thermal_dropped': 1407, 'kept': 0, 'longest_single_spell_blocks': 0}, 'Jawali': {'candidates': 1407, 'thermal_dropped': 1407, 'kept': 0, 'longest_single_spell_blocks': 0}, 'Lamjana II': {'candidates': 1407, 'thermal_dropped': 1407, 'kept': 0, 'longest_single_spell_blocks': 0}, 'Chalburga': {'candidates': 1407, 'thermal_dropped': 1407, 'kept': 0, 'longest_single_spell_blocks': 0}})
2026-10-03 16:11:27,971 level=WARNING module=sunflow.opt msg=no admissible pattern for ['Kharosa', 'Jawali', 'Lamjana II', 'Chalburga']: infeasible by construction ({'Kharosa': {'candidates': 1407, 'thermal_dropped': 1407, 'kept': 0, 'longest_single_spell_blocks': 0}, 'Jawali': {'candidates': 1407, 'thermal_dropped': 1407, 'kept': 0, 'longest_single_spell_blocks': 0}, 'Lamjana II': {'candidates': 1407, 'thermal_dropped': 1407, 'kept': 0, 'longest_single_spell_blocks': 0}, 'Chalburga': {'candidates': 1407, 'thermal_dropped': 1407, 'kept': 0, 'longest_single_spell_blocks': 0}})
2026-10-03 16:11:31,095 level=INFO module=sunflow.opt msg=solve status=optimal obj=418112.4 gap=0.0034 t=3.11s binaries=673 constraints=397
2026-10-03 16:11:31,095 level=WARNING module=sunflow.certify msg=No plan satisfies every hard rule under the declared assumptions; published timetable issued with alert.
2026-10-03 16:11:32,568 level=WARNING module=sunflow.opt msg=no admissible pattern for ['Kharosa', 'Jawali', 'Lamjana II', 'Chalburga']: infeasible by construction ({'Kharosa': {'candidates': 84, 'thermal_dropped': 84, 'kept': 0, 'longest_single_spell_blocks': 0}, 'Jawali': {'candidates': 84, 'thermal_dropped': 84, 'kept': 0, 'longest_single_spell_blocks': 0}, 'Lamjana II': {'candidates': 84, 'thermal_dropped': 84, 'kept': 0, 'longest_single_spell_blocks': 0}, 'Chalburga': {'candidates': 84, 'thermal_dropped': 84, 'kept': 0, 'longest_single_spell_blocks': 0}})
2026-10-03 16:11:32,914 level=WARNING module=sunflow.opt msg=no admissible pattern for ['Kharosa', 'Jawali', 'Lamjana II', 'Chalburga']: infeasible by construction ({'Kharosa': {'candidates': 591, 'thermal_dropped': 591, 'kept': 0, 'longest_single_spell_blocks': 0}, 'Jawali': {'candidates': 591, 'thermal_dropped': 591, 'kept': 0, 'longest_single_spell_blocks': 0}, 'Lamjana II': {'candidates': 591, 'thermal_dropped': 591, 'kept': 0, 'longest_single_spell_blocks': 0}, 'Chalburga': {'candidates': 591, 'thermal_dropped': 591, 'kept': 0, 'longest_single_spell_blocks': 0}})
2026-10-03 16:11:33,831 level=WARNING module=sunflow.opt msg=no admissible pattern for ['Kharosa', 'Jawali', 'Lamjana II', 'Chalburga']: infeasible by construction ({'Kharosa': {'candidates': 1407, 'thermal_dropped': 1407, 'kept': 0, 'longest_single_spell_blocks': 0}, 'Jawali': {'candidates': 1407, 'thermal_dropped': 1407, 'kept': 0, 'longest_single_spell_blocks': 0}, 'Lamjana II': {'candidates': 1407, 'thermal_dropped': 1407, 'kept': 0, 'longest_single_spell_blocks': 0}, 'Chalburga': {'candidates': 1407, 'thermal_dropped': 1407, 'kept': 0, 'longest_single_spell_blocks': 0}})
2026-10-03 16:12:01,091 level=INFO module=sunflow.opt msg=solve status=feasible obj=202710.4 gap=None t=26.47s binaries=5628 constraints=351
2026-10-03 16:12:01,929 level=WARNING module=sunflow.opt msg=no admissible pattern for ['Kharosa', 'Jawali', 'Lamjana II', 'Chalburga']: infeasible by construction ({'Kharosa': {'candidates': 1407, 'thermal_dropped': 1407, 'kept': 0, 'longest_single_spell_blocks': 0}, 'Jawali': {'candidates': 1407, 'thermal_dropped': 1407, 'kept': 0, 'longest_single_spell_blocks': 0}, 'Lamjana II': {'candidates': 1407, 'thermal_dropped': 1407, 'kept': 0, 'longest_single_spell_blocks': 0}, 'Chalburga': {'candidates': 1407, 'thermal_dropped': 1407, 'kept': 0, 'longest_single_spell_blocks': 0}})
2026-10-03 16:12:02,731 level=WARNING module=sunflow.opt msg=no admissible pattern for ['Kharosa', 'Jawali', 'Lamjana II', 'Chalburga']: infeasible by construction ({'Kharosa': {'candidates': 1407, 'thermal_dropped': 1407, 'kept': 0, 'longest_single_spell_blocks': 0}, 'Jawali': {'candidates': 1407, 'thermal_dropped': 1407, 'kept': 0, 'longest_single_spell_blocks': 0}, 'Lamjana II': {'candidates': 1407, 'thermal_dropped': 1407, 'kept': 0, 'longest_single_spell_blocks': 0}, 'Chalburga': {'candidates': 1407, 'thermal_dropped': 1407, 'kept': 0, 'longest_single_spell_blocks': 0}})
2026-10-03 16:12:03,609 level=WARNING module=sunflow.opt msg=no admissible pattern for ['Kharosa', 'Jawali', 'Lamjana II', 'Chalburga']: infeasible by construction ({'Kharosa': {'candidates': 1407, 'thermal_dropped': 1407, 'kept': 0, 'longest_single_spell_blocks': 0}, 'Jawali': {'candidates': 1407, 'thermal_dropped': 1407, 'kept': 0, 'longest_single_spell_blocks': 0}, 'Lamjana II': {'candidates': 1407, 'thermal_dropped': 1407, 'kept': 0, 'longest_single_spell_blocks': 0}, 'Chalburga': {'candidates': 1407, 'thermal_dropped': 1407, 'kept': 0, 'longest_single_spell_blocks': 0}})
2026-10-03 16:12:23,727 level=INFO module=sunflow.opt msg=solve status=feasible obj=243948.3 gap=None t=18.67s binaries=3088 constraints=357
2026-10-03 16:12:23,739 level=WARNING module=sunflow.certify msg=No plan satisfies every hard rule under the declared assumptions; published timetable issued with alert.
2026-10-03 16:12:26,953 level=INFO module=sunflow.opt msg=solve status=optimal obj=52093.8 gap=0.0009 t=1.47s binaries=186 constraints=328
2026-10-03 16:12:27,040 level=INFO module=sunflow.certify msg=certified status=CERTIFIED rung=nominal tightening=0
2026-10-03 16:12:30,886 level=INFO module=sunflow.opt msg=solve status=optimal obj=56661.7 gap=0.0009 t=2.19s binaries=336 constraints=328
2026-10-03 16:12:30,937 level=INFO module=sunflow.certify msg=certified status=CERTIFIED rung=nominal tightening=0
2026-10-03 16:12:34,094 level=INFO module=sunflow.opt msg=solve status=optimal obj=43952.9 gap=0.0006 t=1.14s binaries=336 constraints=328
2026-10-03 16:12:34,177 level=INFO module=sunflow.certify msg=certified status=CERTIFIED rung=nominal tightening=0
2026-10-03 16:12:34,328 level=INFO module=sunflow.certify msg=baseline guard: published timetable (Rs 17,851) not worse than plan (Rs 18,050); issuing timetable
2026-10-03 16:12:35,751 level=WARNING module=sunflow.opt msg=no admissible pattern for ['Kharosa', 'Jawali', 'Lamjana II', 'Chalburga']: infeasible by construction ({'Kharosa': {'candidates': 9, 'thermal_dropped': 9, 'kept': 0, 'longest_single_spell_blocks': 0}, 'Jawali': {'candidates': 9, 'thermal_dropped': 9, 'kept': 0, 'longest_single_spell_blocks': 0}, 'Lamjana II': {'candidates': 84, 'thermal_dropped': 84, 'kept': 0, 'longest_single_spell_blocks': 0}, 'Chalburga': {'candidates': 9, 'thermal_dropped': 9, 'kept': 0, 'longest_single_spell_blocks': 0}})
2026-10-03 16:12:36,028 level=WARNING module=sunflow.opt msg=no admissible pattern for ['Kharosa', 'Jawali', 'Lamjana II', 'Chalburga']: infeasible by construction ({'Kharosa': {'candidates': 264, 'thermal_dropped': 264, 'kept': 0, 'longest_single_spell_blocks': 0}, 'Jawali': {'candidates': 264, 'thermal_dropped': 264, 'kept': 0, 'longest_single_spell_blocks': 0}, 'Lamjana II': {'candidates': 591, 'thermal_dropped': 591, 'kept': 0, 'longest_single_spell_blocks': 0}, 'Chalburga': {'candidates': 264, 'thermal_dropped': 264, 'kept': 0, 'longest_single_spell_blocks': 0}})
2026-10-03 16:12:37,276 level=WARNING module=sunflow.opt msg=no admissible pattern for ['Kharosa', 'Jawali', 'Lamjana II', 'Chalburga']: infeasible by construction ({'Kharosa': {'candidates': 1407, 'thermal_dropped': 1407, 'kept': 0, 'longest_single_spell_blocks': 0}, 'Jawali': {'candidates': 1407, 'thermal_dropped': 1407, 'kept': 0, 'longest_single_spell_blocks': 0}, 'Lamjana II': {'candidates': 1407, 'thermal_dropped': 1407, 'kept': 0, 'longest_single_spell_blocks': 0}, 'Chalburga': {'candidates': 1407, 'thermal_dropped': 1407, 'kept': 0, 'longest_single_spell_blocks': 0}})
2026-10-03 16:13:02,232 level=INFO module=sunflow.opt msg=solve status=feasible obj=184331.0 gap=None t=24.04s binaries=5628 constraints=351
2026-10-03 16:13:02,917 level=WARNING module=sunflow.opt msg=no admissible pattern for ['Kharosa', 'Jawali', 'Lamjana II', 'Chalburga']: infeasible by construction ({'Kharosa': {'candidates': 1407, 'thermal_dropped': 1407, 'kept': 0, 'longest_single_spell_blocks': 0}, 'Jawali': {'candidates': 1407, 'thermal_dropped': 1407, 'kept': 0, 'longest_single_spell_blocks': 0}, 'Lamjana II': {'candidates': 1407, 'thermal_dropped': 1407, 'kept': 0, 'longest_single_spell_blocks': 0}, 'Chalburga': {'candidates': 1407, 'thermal_dropped': 1407, 'kept': 0, 'longest_single_spell_blocks': 0}})
2026-10-03 16:13:04,060 level=WARNING module=sunflow.opt msg=no admissible pattern for ['Kharosa', 'Jawali', 'Lamjana II', 'Chalburga']: infeasible by construction ({'Kharosa': {'candidates': 1407, 'thermal_dropped': 1407, 'kept': 0, 'longest_single_spell_blocks': 0}, 'Jawali': {'candidates': 1407, 'thermal_dropped': 1407, 'kept': 0, 'longest_single_spell_blocks': 0}, 'Lamjana II': {'candidates': 1407, 'thermal_dropped': 1407, 'kept': 0, 'longest_single_spell_blocks': 0}, 'Chalburga': {'candidates': 1407, 'thermal_dropped': 1407, 'kept': 0, 'longest_single_spell_blocks': 0}})
2026-10-03 16:13:04,988 level=WARNING module=sunflow.opt msg=no admissible pattern for ['Kharosa', 'Jawali', 'Lamjana II', 'Chalburga']: infeasible by construction ({'Kharosa': {'candidates': 1407, 'thermal_dropped': 1407, 'kept': 0, 'longest_single_spell_blocks': 0}, 'Jawali': {'candidates': 1407, 'thermal_dropped': 1407, 'kept': 0, 'longest_single_spell_blocks': 0}, 'Lamjana II': {'candidates': 1407, 'thermal_dropped': 1407, 'kept': 0, 'longest_single_spell_blocks': 0}, 'Chalburga': {'candidates': 1407, 'thermal_dropped': 1407, 'kept': 0, 'longest_single_spell_blocks': 0}})
2026-10-03 16:13:07,642 level=INFO module=sunflow.opt msg=solve status=optimal obj=389318.2 gap=0.0025 t=2.62s binaries=920 constraints=357
2026-10-03 16:13:07,642 level=WARNING module=sunflow.certify msg=No plan satisfies every hard rule under the declared assumptions; published timetable issued with alert.
2026-10-03 16:13:09,745 level=INFO module=sunflow.opt msg=solve status=optimal obj=61704.0 gap=0.0008 t=0.73s binaries=261 constraints=328
2026-10-03 16:13:09,782 level=INFO module=sunflow.certify msg=certified status=CERTIFIED rung=nominal tightening=0
2026-10-03 16:13:12,484 level=INFO module=sunflow.opt msg=solve status=optimal obj=131569.2 gap=0.0 t=1.00s binaries=261 constraints=328
2026-10-03 16:13:12,520 level=INFO module=sunflow.certify msg=certified status=CERTIFIED rung=nominal tightening=0
2026-10-03 16:13:12,627 level=INFO module=sunflow.certify msg=baseline guard: published timetable (Rs 93,285) not worse than plan (Rs 93,285); issuing timetable
2026-10-03 16:13:16,601 level=INFO module=sunflow.opt msg=solve status=optimal obj=53656.8 gap=0.0004 t=2.21s binaries=111 constraints=328
2026-10-03 16:13:16,638 level=INFO module=sunflow.certify msg=certified status=CERTIFIED rung=nominal tightening=0
2026-10-03 16:13:18,227 level=WARNING module=sunflow.opt msg=no admissible pattern for ['Kharosa', 'Jawali', 'Lamjana II', 'Chalburga']: infeasible by construction ({'Kharosa': {'candidates': 84, 'thermal_dropped': 84, 'kept': 0, 'longest_single_spell_blocks': 0}, 'Jawali': {'candidates': 84, 'thermal_dropped': 84, 'kept': 0, 'longest_single_spell_blocks': 0}, 'Lamjana II': {'candidates': 84, 'thermal_dropped': 84, 'kept': 0, 'longest_single_spell_blocks': 0}, 'Chalburga': {'candidates': 84, 'thermal_dropped': 84, 'kept': 0, 'longest_single_spell_blocks': 0}})
2026-10-03 16:13:18,602 level=WARNING module=sunflow.opt msg=no admissible pattern for ['Kharosa', 'Jawali', 'Lamjana II', 'Chalburga']: infeasible by construction ({'Kharosa': {'candidates': 591, 'thermal_dropped': 591, 'kept': 0, 'longest_single_spell_blocks': 0}, 'Jawali': {'candidates': 591, 'thermal_dropped': 591, 'kept': 0, 'longest_single_spell_blocks': 0}, 'Lamjana II': {'candidates': 591, 'thermal_dropped': 591, 'kept': 0, 'longest_single_spell_blocks': 0}, 'Chalburga': {'candidates': 591, 'thermal_dropped': 591, 'kept': 0, 'longest_single_spell_blocks': 0}})
2026-10-03 16:13:19,403 level=WARNING module=sunflow.opt msg=no admissible pattern for ['Kharosa', 'Jawali', 'Lamjana II', 'Chalburga']: infeasible by construction ({'Kharosa': {'candidates': 1407, 'thermal_dropped': 1407, 'kept': 0, 'longest_single_spell_blocks': 0}, 'Jawali': {'candidates': 1407, 'thermal_dropped': 1407, 'kept': 0, 'longest_single_spell_blocks': 0}, 'Lamjana II': {'candidates': 1407, 'thermal_dropped': 1407, 'kept': 0, 'longest_single_spell_blocks': 0}, 'Chalburga': {'candidates': 1407, 'thermal_dropped': 1407, 'kept': 0, 'longest_single_spell_blocks': 0}})
2026-10-03 16:13:49,036 level=INFO module=sunflow.opt msg=solve status=feasible obj=148354.4 gap=None t=28.91s binaries=5628 constraints=351
2026-10-03 16:13:49,801 level=WARNING module=sunflow.opt msg=no admissible pattern for ['Kharosa', 'Jawali', 'Lamjana II', 'Chalburga']: infeasible by construction ({'Kharosa': {'candidates': 1407, 'thermal_dropped': 1407, 'kept': 0, 'longest_single_spell_blocks': 0}, 'Jawali': {'candidates': 1407, 'thermal_dropped': 1407, 'kept': 0, 'longest_single_spell_blocks': 0}, 'Lamjana II': {'candidates': 1407, 'thermal_dropped': 1407, 'kept': 0, 'longest_single_spell_blocks': 0}, 'Chalburga': {'candidates': 1407, 'thermal_dropped': 1407, 'kept': 0, 'longest_single_spell_blocks': 0}})
2026-10-03 16:13:50,708 level=WARNING module=sunflow.opt msg=no admissible pattern for ['Kharosa', 'Jawali', 'Lamjana II', 'Chalburga']: infeasible by construction ({'Kharosa': {'candidates': 1407, 'thermal_dropped': 1407, 'kept': 0, 'longest_single_spell_blocks': 0}, 'Jawali': {'candidates': 1407, 'thermal_dropped': 1407, 'kept': 0, 'longest_single_spell_blocks': 0}, 'Lamjana II': {'candidates': 1407, 'thermal_dropped': 1407, 'kept': 0, 'longest_single_spell_blocks': 0}, 'Chalburga': {'candidates': 1407, 'thermal_dropped': 1407, 'kept': 0, 'longest_single_spell_blocks': 0}})
2026-10-03 16:13:51,554 level=WARNING module=sunflow.opt msg=no admissible pattern for ['Kharosa', 'Jawali', 'Lamjana II', 'Chalburga']: infeasible by construction ({'Kharosa': {'candidates': 1407, 'thermal_dropped': 1407, 'kept': 0, 'longest_single_spell_blocks': 0}, 'Jawali': {'candidates': 1407, 'thermal_dropped': 1407, 'kept': 0, 'longest_single_spell_blocks': 0}, 'Lamjana II': {'candidates': 1407, 'thermal_dropped': 1407, 'kept': 0, 'longest_single_spell_blocks': 0}, 'Chalburga': {'candidates': 1407, 'thermal_dropped': 1407, 'kept': 0, 'longest_single_spell_blocks': 0}})
2026-10-03 16:14:05,949 level=INFO module=sunflow.opt msg=solve status=feasible obj=230615.5 gap=None t=14.24s binaries=2552 constraints=357
2026-10-03 16:14:05,949 level=WARNING module=sunflow.certify msg=No plan satisfies every hard rule under the declared assumptions; published timetable issued with alert.
2026-10-03 16:14:07,926 level=INFO module=sunflow.opt msg=solve status=optimal obj=150980.7 gap=0.0 t=1.91s binaries=255 constraints=313
2026-10-03 16:14:29,239 level=INFO module=sunflow.opt msg=solve status=feasible obj=150980.7 gap=None t=20.90s binaries=1776 constraints=336
2026-10-03 16:14:29,240 level=INFO module=sunflow.certify msg=certified status=CERTIFIED rung=nominal tightening=0
2026-10-03 16:14:32,113 level=INFO module=sunflow.opt msg=solve status=optimal obj=131231.1 gap=0.0006 t=0.85s binaries=186 constraints=328
2026-10-03 16:14:32,155 level=INFO module=sunflow.certify msg=certified status=CERTIFIED rung=nominal tightening=0
2026-10-03 16:14:32,364 level=INFO module=sunflow.certify msg=baseline guard: published timetable (Rs 85,084) not worse than plan (Rs 85,084); issuing timetable
2026-10-03 16:14:35,133 level=INFO module=sunflow.opt msg=solve status=optimal obj=46658.2 gap=0.0009 t=0.85s binaries=186 constraints=328
2026-10-03 16:14:35,201 level=INFO module=sunflow.certify msg=certified status=CERTIFIED rung=nominal tightening=0
2026-10-03 16:14:37,666 level=WARNING module=sunflow.opt msg=no admissible pattern for ['Jawali', 'Chalburga']: infeasible by construction ({'Kharosa': {'candidates': 84, 'thermal_dropped': 69, 'kept': 15, 'longest_single_spell_blocks': 28}, 'Jawali': {'candidates': 84, 'thermal_dropped': 84, 'kept': 0, 'longest_single_spell_blocks': 0}, 'Lamjana II': {'candidates': 84, 'thermal_dropped': 69, 'kept': 15, 'longest_single_spell_blocks': 28}, 'Chalburga': {'candidates': 9, 'thermal_dropped': 9, 'kept': 0, 'longest_single_spell_blocks': 0}})
2026-10-03 16:14:38,280 level=WARNING module=sunflow.opt msg=no admissible pattern for ['Jawali']: infeasible by construction ({'Kharosa': {'candidates': 591, 'thermal_dropped': 161, 'kept': 430, 'longest_single_spell_blocks': 28}, 'Jawali': {'candidates': 591, 'thermal_dropped': 591, 'kept': 0, 'longest_single_spell_blocks': 0}, 'Lamjana II': {'candidates': 591, 'thermal_dropped': 161, 'kept': 430, 'longest_single_spell_blocks': 28}, 'Chalburga': {'candidates': 264, 'thermal_dropped': 98, 'kept': 166, 'longest_single_spell_blocks': 0}})
2026-10-03 16:14:40,158 level=WARNING module=sunflow.opt msg=no admissible pattern for ['Jawali']: infeasible by construction ({'Kharosa': {'candidates': 1407, 'thermal_dropped': 204, 'kept': 1203, 'longest_single_spell_blocks': 28}, 'Jawali': {'candidates': 1407, 'thermal_dropped': 1407, 'kept': 0, 'longest_single_spell_blocks': 0}, 'Lamjana II': {'candidates': 1407, 'thermal_dropped': 204, 'kept': 1203, 'longest_single_spell_blocks': 28}, 'Chalburga': {'candidates': 1407, 'thermal_dropped': 204, 'kept': 1203, 'longest_single_spell_blocks': 28}})
2026-10-03 16:15:08,793 level=INFO module=sunflow.opt msg=solve status=feasible obj=202702.9 gap=None t=27.43s binaries=5628 constraints=351
2026-10-03 16:15:09,733 level=WARNING module=sunflow.opt msg=no admissible pattern for ['Jawali']: infeasible by construction ({'Kharosa': {'candidates': 1407, 'thermal_dropped': 204, 'kept': 1203, 'longest_single_spell_blocks': 28}, 'Jawali': {'candidates': 1407, 'thermal_dropped': 1407, 'kept': 0, 'longest_single_spell_blocks': 0}, 'Lamjana II': {'candidates': 1407, 'thermal_dropped': 204, 'kept': 1203, 'longest_single_spell_blocks': 28}, 'Chalburga': {'candidates': 1407, 'thermal_dropped': 204, 'kept': 1203, 'longest_single_spell_blocks': 28}})
2026-10-03 16:15:10,892 level=WARNING module=sunflow.opt msg=no admissible pattern for ['Jawali']: infeasible by construction ({'Kharosa': {'candidates': 1407, 'thermal_dropped': 204, 'kept': 1203, 'longest_single_spell_blocks': 28}, 'Jawali': {'candidates': 1407, 'thermal_dropped': 1407, 'kept': 0, 'longest_single_spell_blocks': 0}, 'Lamjana II': {'candidates': 1407, 'thermal_dropped': 204, 'kept': 1203, 'longest_single_spell_blocks': 28}, 'Chalburga': {'candidates': 1407, 'thermal_dropped': 204, 'kept': 1203, 'longest_single_spell_blocks': 28}})
2026-10-03 16:15:11,795 level=WARNING module=sunflow.opt msg=no admissible pattern for ['Jawali']: infeasible by construction ({'Kharosa': {'candidates': 1407, 'thermal_dropped': 204, 'kept': 1203, 'longest_single_spell_blocks': 28}, 'Jawali': {'candidates': 1407, 'thermal_dropped': 1407, 'kept': 0, 'longest_single_spell_blocks': 0}, 'Lamjana II': {'candidates': 1407, 'thermal_dropped': 204, 'kept': 1203, 'longest_single_spell_blocks': 28}, 'Chalburga': {'candidates': 1407, 'thermal_dropped': 204, 'kept': 1203, 'longest_single_spell_blocks': 28}})
2026-10-03 16:15:51,013 level=INFO module=sunflow.opt msg=solve status=feasible obj=231779.6 gap=None t=37.91s binaries=10033 constraints=357
2026-10-03 16:15:51,013 level=WARNING module=sunflow.certify msg=No plan satisfies every hard rule under the declared assumptions; published timetable issued with alert.
2026-10-03 16:15:51,076 level=WARNING module=sunflow.opt msg=no admissible pattern for ['Kharosa', 'Jawali', 'Lamjana II', 'Chalburga']: infeasible by construction ({'Kharosa': {'candidates': 84, 'thermal_dropped': 84, 'kept': 0, 'longest_single_spell_blocks': 0}, 'Jawali': {'candidates': 84, 'thermal_dropped': 84, 'kept': 0, 'longest_single_spell_blocks': 0}, 'Lamjana II': {'candidates': 84, 'thermal_dropped': 84, 'kept': 0, 'longest_single_spell_blocks': 0}, 'Chalburga': {'candidates': 9, 'thermal_dropped': 9, 'kept': 0, 'longest_single_spell_blocks': 0}})
2026-10-03 16:15:51,444 level=WARNING module=sunflow.opt msg=no admissible pattern for ['Kharosa', 'Jawali', 'Lamjana II', 'Chalburga']: infeasible by construction ({'Kharosa': {'candidates': 591, 'thermal_dropped': 591, 'kept': 0, 'longest_single_spell_blocks': 0}, 'Jawali': {'candidates': 591, 'thermal_dropped': 591, 'kept': 0, 'longest_single_spell_blocks': 0}, 'Lamjana II': {'candidates': 591, 'thermal_dropped': 591, 'kept': 0, 'longest_single_spell_blocks': 0}, 'Chalburga': {'candidates': 264, 'thermal_dropped': 264, 'kept': 0, 'longest_single_spell_blocks': 0}})
2026-10-03 16:15:52,589 level=WARNING module=sunflow.opt msg=no admissible pattern for ['Kharosa', 'Jawali', 'Lamjana II', 'Chalburga']: infeasible by construction ({'Kharosa': {'candidates': 1407, 'thermal_dropped': 1407, 'kept': 0, 'longest_single_spell_blocks': 0}, 'Jawali': {'candidates': 1407, 'thermal_dropped': 1407, 'kept': 0, 'longest_single_spell_blocks': 0}, 'Lamjana II': {'candidates': 1407, 'thermal_dropped': 1407, 'kept': 0, 'longest_single_spell_blocks': 0}, 'Chalburga': {'candidates': 1407, 'thermal_dropped': 1407, 'kept': 0, 'longest_single_spell_blocks': 0}})
2026-10-03 16:16:18,048 level=INFO module=sunflow.opt msg=solve status=feasible obj=162007.3 gap=None t=24.57s binaries=5628 constraints=351
2026-10-03 16:16:18,971 level=WARNING module=sunflow.opt msg=no admissible pattern for ['Kharosa', 'Jawali', 'Lamjana II', 'Chalburga']: infeasible by construction ({'Kharosa': {'candidates': 1407, 'thermal_dropped': 1407, 'kept': 0, 'longest_single_spell_blocks': 0}, 'Jawali': {'candidates': 1407, 'thermal_dropped': 1407, 'kept': 0, 'longest_single_spell_blocks': 0}, 'Lamjana II': {'candidates': 1407, 'thermal_dropped': 1407, 'kept': 0, 'longest_single_spell_blocks': 0}, 'Chalburga': {'candidates': 1407, 'thermal_dropped': 1407, 'kept': 0, 'longest_single_spell_blocks': 0}})
2026-10-03 16:16:20,031 level=WARNING module=sunflow.opt msg=no admissible pattern for ['Kharosa', 'Jawali', 'Lamjana II', 'Chalburga']: infeasible by construction ({'Kharosa': {'candidates': 1407, 'thermal_dropped': 1407, 'kept': 0, 'longest_single_spell_blocks': 0}, 'Jawali': {'candidates': 1407, 'thermal_dropped': 1407, 'kept': 0, 'longest_single_spell_blocks': 0}, 'Lamjana II': {'candidates': 1407, 'thermal_dropped': 1407, 'kept': 0, 'longest_single_spell_blocks': 0}, 'Chalburga': {'candidates': 1407, 'thermal_dropped': 1407, 'kept': 0, 'longest_single_spell_blocks': 0}})
2026-10-03 16:16:20,873 level=WARNING module=sunflow.opt msg=no admissible pattern for ['Kharosa', 'Jawali', 'Lamjana II', 'Chalburga']: infeasible by construction ({'Kharosa': {'candidates': 1407, 'thermal_dropped': 1407, 'kept': 0, 'longest_single_spell_blocks': 0}, 'Jawali': {'candidates': 1407, 'thermal_dropped': 1407, 'kept': 0, 'longest_single_spell_blocks': 0}, 'Lamjana II': {'candidates': 1407, 'thermal_dropped': 1407, 'kept': 0, 'longest_single_spell_blocks': 0}, 'Chalburga': {'candidates': 1407, 'thermal_dropped': 1407, 'kept': 0, 'longest_single_spell_blocks': 0}})
2026-10-03 16:16:30,171 level=INFO module=sunflow.opt msg=solve status=optimal obj=293694.4 gap=0.0073 t=9.24s binaries=1317 constraints=357
2026-10-03 16:16:30,172 level=WARNING module=sunflow.certify msg=No plan satisfies every hard rule under the declared assumptions; published timetable issued with alert.
2026-10-03 16:16:36,455 level=WARNING module=sunflow.opt msg=no admissible pattern for ['Chalburga']: infeasible by construction ({'Kharosa': {'candidates': 84, 'thermal_dropped': 41, 'kept': 43, 'longest_single_spell_blocks': 32}, 'Jawali': {'candidates': 9, 'thermal_dropped': 7, 'kept': 2, 'longest_single_spell_blocks': 32}, 'Lamjana II': {'candidates': 84, 'thermal_dropped': 41, 'kept': 43, 'longest_single_spell_blocks': 32}, 'Chalburga': {'candidates': 84, 'thermal_dropped': 84, 'kept': 0, 'longest_single_spell_blocks': 0}})
2026-10-03 16:16:37,175 level=WARNING module=sunflow.opt msg=no admissible pattern for ['Chalburga']: infeasible by construction ({'Kharosa': {'candidates': 591, 'thermal_dropped': 80, 'kept': 511, 'longest_single_spell_blocks': 32}, 'Jawali': {'candidates': 264, 'thermal_dropped': 46, 'kept': 218, 'longest_single_spell_blocks': 32}, 'Lamjana II': {'candidates': 591, 'thermal_dropped': 80, 'kept': 511, 'longest_single_spell_blocks': 32}, 'Chalburga': {'candidates': 591, 'thermal_dropped': 591, 'kept': 0, 'longest_single_spell_blocks': 0}})
2026-10-03 16:16:39,035 level=WARNING module=sunflow.opt msg=no admissible pattern for ['Chalburga']: infeasible by construction ({'Kharosa': {'candidates': 1407, 'thermal_dropped': 80, 'kept': 1327, 'longest_single_spell_blocks': 32}, 'Jawali': {'candidates': 1407, 'thermal_dropped': 80, 'kept': 1327, 'longest_single_spell_blocks': 32}, 'Lamjana II': {'candidates': 1407, 'thermal_dropped': 80, 'kept': 1327, 'longest_single_spell_blocks': 32}, 'Chalburga': {'candidates': 1407, 'thermal_dropped': 1407, 'kept': 0, 'longest_single_spell_blocks': 0}})
2026-10-03 16:17:26,074 level=INFO module=sunflow.opt msg=solve status=feasible obj=128836.8 gap=None t=44.80s binaries=5628 constraints=351
2026-10-03 16:17:28,424 level=WARNING module=sunflow.opt msg=no admissible pattern for ['Chalburga']: infeasible by construction ({'Kharosa': {'candidates': 1407, 'thermal_dropped': 80, 'kept': 1327, 'longest_single_spell_blocks': 32}, 'Jawali': {'candidates': 1407, 'thermal_dropped': 80, 'kept': 1327, 'longest_single_spell_blocks': 32}, 'Lamjana II': {'candidates': 1407, 'thermal_dropped': 80, 'kept': 1327, 'longest_single_spell_blocks': 32}, 'Chalburga': {'candidates': 1407, 'thermal_dropped': 1407, 'kept': 0, 'longest_single_spell_blocks': 0}})
2026-10-03 16:17:30,419 level=WARNING module=sunflow.opt msg=no admissible pattern for ['Chalburga']: infeasible by construction ({'Kharosa': {'candidates': 1407, 'thermal_dropped': 80, 'kept': 1327, 'longest_single_spell_blocks': 32}, 'Jawali': {'candidates': 1407, 'thermal_dropped': 80, 'kept': 1327, 'longest_single_spell_blocks': 32}, 'Lamjana II': {'candidates': 1407, 'thermal_dropped': 80, 'kept': 1327, 'longest_single_spell_blocks': 32}, 'Chalburga': {'candidates': 1407, 'thermal_dropped': 1407, 'kept': 0, 'longest_single_spell_blocks': 0}})
2026-10-03 16:17:31,675 level=WARNING module=sunflow.opt msg=no admissible pattern for ['Chalburga']: infeasible by construction ({'Kharosa': {'candidates': 1407, 'thermal_dropped': 80, 'kept': 1327, 'longest_single_spell_blocks': 32}, 'Jawali': {'candidates': 1407, 'thermal_dropped': 80, 'kept': 1327, 'longest_single_spell_blocks': 32}, 'Lamjana II': {'candidates': 1407, 'thermal_dropped': 80, 'kept': 1327, 'longest_single_spell_blocks': 32}, 'Chalburga': {'candidates': 1407, 'thermal_dropped': 1407, 'kept': 0, 'longest_single_spell_blocks': 0}})
2026-10-03 16:18:39,589 level=INFO module=sunflow.opt msg=solve status=feasible obj=160125.2 gap=None t=66.01s binaries=10544 constraints=357
2026-10-03 16:18:39,590 level=WARNING module=sunflow.certify msg=No plan satisfies every hard rule under the declared assumptions; published timetable issued with alert.
shard 5/8: 100 done, 2362s, statuses {'CERTIFIED': 54, 'INFEASIBLE': 25, 'CERTIFIED_WITH_RELAXATION': 20, 'FALLBACK_BASELINE': 1}, violations on certified plans: 0
2026-10-03 16:18:44,321 level=INFO module=sunflow.opt msg=solve status=optimal obj=57524.3 gap=0.0049 t=1.35s binaries=127 constraints=328
2026-10-03 16:19:09,203 level=INFO module=sunflow.opt msg=solve status=feasible obj=57524.3 gap=0.9937 t=24.48s binaries=1171 constraints=351
2026-10-03 16:19:09,203 level=INFO module=sunflow.certify msg=certified status=CERTIFIED rung=nominal tightening=0
2026-10-03 16:19:13,222 level=WARNING module=sunflow.opt msg=solve status=infeasible tc=infeasible t=1.56s
2026-10-03 16:19:48,085 level=WARNING module=sunflow.opt msg=solve status=timeout tc=maxtimelimit t=34.86s
2026-10-03 16:20:38,271 level=INFO module=sunflow.opt msg=solve status=feasible obj=263591.4 gap=None t=47.04s binaries=5564 constraints=295
2026-10-03 16:20:38,406 level=INFO module=sunflow.certify msg=certified status=CERTIFIED_WITH_RELAXATION rung=feasibility_focus tightening=0
2026-10-03 16:20:53,940 level=WARNING module=sunflow.opt msg=solve status=infeasible tc=infeasible t=9.93s
2026-10-03 16:21:23,843 level=INFO module=sunflow.opt msg=solve status=feasible obj=185215.5 gap=None t=28.89s binaries=1825 constraints=391
2026-10-03 16:21:23,911 level=INFO module=sunflow.certify msg=certified status=CERTIFIED_WITH_RELAXATION rung=split_spells tightening=0
2026-10-03 16:21:27,338 level=WARNING module=sunflow.opt msg=no admissible pattern for ['Kharosa', 'Jawali', 'Lamjana II', 'Chalburga']: infeasible by construction ({'Kharosa': {'candidates': 84, 'thermal_dropped': 84, 'kept': 0, 'longest_single_spell_blocks': 0}, 'Jawali': {'candidates': 84, 'thermal_dropped': 84, 'kept': 0, 'longest_single_spell_blocks': 0}, 'Lamjana II': {'candidates': 84, 'thermal_dropped': 84, 'kept': 0, 'longest_single_spell_blocks': 0}, 'Chalburga': {'candidates': 84, 'thermal_dropped': 84, 'kept': 0, 'longest_single_spell_blocks': 0}})
2026-10-03 16:21:41,001 level=INFO module=sunflow.opt msg=solve status=optimal obj=183378.0 gap=0.0259 t=13.49s binaries=776 constraints=340
2026-10-03 16:21:41,167 level=INFO module=sunflow.certify msg=certified status=CERTIFIED_WITH_RELAXATION rung=split_spells tightening=0
2026-10-03 16:21:48,626 level=INFO module=sunflow.opt msg=solve status=optimal obj=135418.1 gap=0.0001 t=3.64s binaries=336 constraints=328
2026-10-03 16:21:48,742 level=INFO module=sunflow.certify msg=certified status=CERTIFIED rung=nominal tightening=0
2026-10-03 16:21:48,911 level=INFO module=sunflow.certify msg=baseline guard: published timetable (Rs 97,267) not worse than plan (Rs 97,267); issuing timetable
2026-10-03 16:21:49,133 level=WARNING module=sunflow.opt msg=no admissible pattern for ['Chalburga']: infeasible by construction ({'Kharosa': {'candidates': 84, 'thermal_dropped': 78, 'kept': 6, 'longest_single_spell_blocks': 26}, 'Jawali': {'candidates': 84, 'thermal_dropped': 78, 'kept': 6, 'longest_single_spell_blocks': 26}, 'Lamjana II': {'candidates': 84, 'thermal_dropped': 78, 'kept': 6, 'longest_single_spell_blocks': 26}, 'Chalburga': {'candidates': 0, 'thermal_dropped': 0, 'kept': 0, 'longest_single_spell_blocks': 0}})
2026-10-03 16:22:08,180 level=INFO module=sunflow.opt msg=solve status=optimal obj=127356.8 gap=0.0294 t=18.46s binaries=1273 constraints=347
2026-10-03 16:22:08,222 level=INFO module=sunflow.certify msg=certified status=CERTIFIED_WITH_RELAXATION rung=split_spells tightening=0
2026-10-03 16:22:13,832 level=WARNING module=sunflow.opt msg=no admissible pattern for ['Kharosa', 'Jawali', 'Lamjana II', 'Chalburga']: infeasible by construction ({'Kharosa': {'candidates': 84, 'thermal_dropped': 84, 'kept': 0, 'longest_single_spell_blocks': 0}, 'Jawali': {'candidates': 84, 'thermal_dropped': 84, 'kept': 0, 'longest_single_spell_blocks': 0}, 'Lamjana II': {'candidates': 84, 'thermal_dropped': 84, 'kept': 0, 'longest_single_spell_blocks': 0}, 'Chalburga': {'candidates': 84, 'thermal_dropped': 84, 'kept': 0, 'longest_single_spell_blocks': 0}})
2026-10-03 16:22:14,636 level=WARNING module=sunflow.opt msg=no admissible pattern for ['Jawali']: infeasible by construction ({'Kharosa': {'candidates': 591, 'thermal_dropped': 298, 'kept': 293, 'longest_single_spell_blocks': 0}, 'Jawali': {'candidates': 591, 'thermal_dropped': 591, 'kept': 0, 'longest_single_spell_blocks': 0}, 'Lamjana II': {'candidates': 591, 'thermal_dropped': 298, 'kept': 293, 'longest_single_spell_blocks': 0}, 'Chalburga': {'candidates': 591, 'thermal_dropped': 298, 'kept': 293, 'longest_single_spell_blocks': 0}})
2026-10-03 16:22:16,448 level=WARNING module=sunflow.opt msg=no admissible pattern for ['Jawali']: infeasible by construction ({'Kharosa': {'candidates': 1407, 'thermal_dropped': 443, 'kept': 964, 'longest_single_spell_blocks': 0}, 'Jawali': {'candidates': 1407, 'thermal_dropped': 1407, 'kept': 0, 'longest_single_spell_blocks': 0}, 'Lamjana II': {'candidates': 1407, 'thermal_dropped': 443, 'kept': 964, 'longest_single_spell_blocks': 0}, 'Chalburga': {'candidates': 1407, 'thermal_dropped': 443, 'kept': 964, 'longest_single_spell_blocks': 0}})
2026-10-03 16:23:12,027 level=INFO module=sunflow.opt msg=solve status=feasible obj=198965.5 gap=None t=54.65s binaries=5628 constraints=391
2026-10-03 16:23:13,161 level=WARNING module=sunflow.opt msg=no admissible pattern for ['Jawali']: infeasible by construction ({'Kharosa': {'candidates': 1407, 'thermal_dropped': 443, 'kept': 964, 'longest_single_spell_blocks': 0}, 'Jawali': {'candidates': 1407, 'thermal_dropped': 1407, 'kept': 0, 'longest_single_spell_blocks': 0}, 'Lamjana II': {'candidates': 1407, 'thermal_dropped': 443, 'kept': 964, 'longest_single_spell_blocks': 0}, 'Chalburga': {'candidates': 1407, 'thermal_dropped': 443, 'kept': 964, 'longest_single_spell_blocks': 0}})
2026-10-03 16:23:14,785 level=WARNING module=sunflow.opt msg=no admissible pattern for ['Jawali']: infeasible by construction ({'Kharosa': {'candidates': 1407, 'thermal_dropped': 443, 'kept': 964, 'longest_single_spell_blocks': 0}, 'Jawali': {'candidates': 1407, 'thermal_dropped': 1407, 'kept': 0, 'longest_single_spell_blocks': 0}, 'Lamjana II': {'candidates': 1407, 'thermal_dropped': 443, 'kept': 964, 'longest_single_spell_blocks': 0}, 'Chalburga': {'candidates': 1407, 'thermal_dropped': 443, 'kept': 964, 'longest_single_spell_blocks': 0}})
2026-10-03 16:23:16,780 level=WARNING module=sunflow.opt msg=no admissible pattern for ['Jawali']: infeasible by construction ({'Kharosa': {'candidates': 1407, 'thermal_dropped': 443, 'kept': 964, 'longest_single_spell_blocks': 0}, 'Jawali': {'candidates': 1407, 'thermal_dropped': 1407, 'kept': 0, 'longest_single_spell_blocks': 0}, 'Lamjana II': {'candidates': 1407, 'thermal_dropped': 443, 'kept': 964, 'longest_single_spell_blocks': 0}, 'Chalburga': {'candidates': 1407, 'thermal_dropped': 443, 'kept': 964, 'longest_single_spell_blocks': 0}})
2026-10-03 16:24:17,122 level=INFO module=sunflow.opt msg=solve status=feasible obj=208999.1 gap=None t=59.06s binaries=9208 constraints=397
2026-10-03 16:24:17,122 level=WARNING module=sunflow.certify msg=No plan satisfies every hard rule under the declared assumptions; published timetable issued with alert.
2026-10-03 16:24:20,621 level=INFO module=sunflow.opt msg=solve status=optimal obj=106855.2 gap=0.0001 t=3.32s binaries=336 constraints=328
2026-10-03 16:24:20,760 level=INFO module=sunflow.certify msg=certified status=CERTIFIED rung=nominal tightening=0
2026-10-03 16:24:28,855 level=INFO module=sunflow.opt msg=solve status=optimal obj=66858.0 gap=0.0 t=2.28s binaries=261 constraints=328
2026-10-03 16:24:28,902 level=INFO module=sunflow.certify msg=certified status=CERTIFIED rung=nominal tightening=0
2026-10-03 16:24:29,399 level=WARNING module=sunflow.opt msg=no admissible pattern for ['Chalburga']: infeasible by construction ({'Kharosa': {'candidates': 84, 'thermal_dropped': 0, 'kept': 84, 'longest_single_spell_blocks': 32}, 'Jawali': {'candidates': 84, 'thermal_dropped': 0, 'kept': 84, 'longest_single_spell_blocks': 32}, 'Lamjana II': {'candidates': 84, 'thermal_dropped': 0, 'kept': 84, 'longest_single_spell_blocks': 32}, 'Chalburga': {'candidates': 84, 'thermal_dropped': 84, 'kept': 0, 'longest_single_spell_blocks': 0}})
2026-10-03 16:24:52,489 level=INFO module=sunflow.opt msg=solve status=feasible obj=169842.0 gap=None t=22.76s binaries=1782 constraints=351
2026-10-03 16:24:52,546 level=INFO module=sunflow.certify msg=certified status=CERTIFIED_WITH_RELAXATION rung=split_spells tightening=0
2026-10-03 16:24:56,487 level=INFO module=sunflow.opt msg=solve status=optimal obj=60956.8 gap=0.0005 t=1.73s binaries=336 constraints=328
2026-10-03 16:24:56,529 level=INFO module=sunflow.certify msg=certified status=CERTIFIED rung=nominal tightening=0
2026-10-03 16:25:00,961 level=INFO module=sunflow.opt msg=solve status=optimal obj=89424.6 gap=0.0 t=2.09s binaries=186 constraints=328
2026-10-03 16:25:01,065 level=INFO module=sunflow.certify msg=certified status=CERTIFIED rung=nominal tightening=0
2026-10-03 16:25:01,296 level=WARNING module=sunflow.opt msg=no admissible pattern for ['Chalburga']: infeasible by construction ({'Kharosa': {'candidates': 84, 'thermal_dropped': 0, 'kept': 84, 'longest_single_spell_blocks': 32}, 'Jawali': {'candidates': 84, 'thermal_dropped': 0, 'kept': 84, 'longest_single_spell_blocks': 32}, 'Lamjana II': {'candidates': 84, 'thermal_dropped': 0, 'kept': 84, 'longest_single_spell_blocks': 32}, 'Chalburga': {'candidates': 84, 'thermal_dropped': 84, 'kept': 0, 'longest_single_spell_blocks': 0}})
2026-10-03 16:25:23,438 level=INFO module=sunflow.opt msg=solve status=feasible obj=136948.4 gap=None t=21.48s binaries=1836 constraints=351
2026-10-03 16:25:23,477 level=INFO module=sunflow.certify msg=certified status=CERTIFIED_WITH_RELAXATION rung=split_spells tightening=0
2026-10-03 16:25:26,218 level=INFO module=sunflow.opt msg=solve status=optimal obj=143108.3 gap=0.0004 t=1.08s binaries=186 constraints=328
2026-10-03 16:25:26,292 level=INFO module=sunflow.certify msg=certified status=CERTIFIED rung=nominal tightening=0
2026-10-03 16:25:28,443 level=WARNING module=sunflow.opt msg=no admissible pattern for ['Jawali']: infeasible by construction ({'Kharosa': {'candidates': 9, 'thermal_dropped': 0, 'kept': 9, 'longest_single_spell_blocks': 32}, 'Jawali': {'candidates': 84, 'thermal_dropped': 84, 'kept': 0, 'longest_single_spell_blocks': 0}, 'Lamjana II': {'candidates': 84, 'thermal_dropped': 0, 'kept': 84, 'longest_single_spell_blocks': 32}, 'Chalburga': {'candidates': 84, 'thermal_dropped': 0, 'kept': 84, 'longest_single_spell_blocks': 32}})
2026-10-03 16:25:47,239 level=INFO module=sunflow.opt msg=solve status=optimal obj=138815.4 gap=0.0125 t=18.43s binaries=1503 constraints=351
2026-10-03 16:25:47,317 level=INFO module=sunflow.certify msg=certified status=CERTIFIED_WITH_RELAXATION rung=split_spells tightening=0
2026-10-03 16:25:51,602 level=INFO module=sunflow.opt msg=solve status=optimal obj=140104.4 gap=0.0002 t=2.35s binaries=336 constraints=328
2026-10-03 16:25:51,696 level=INFO module=sunflow.certify msg=certified status=CERTIFIED rung=nominal tightening=0
2026-10-03 16:25:53,720 level=WARNING module=sunflow.opt msg=no admissible pattern for ['Kharosa', 'Jawali', 'Lamjana II', 'Chalburga']: infeasible by construction ({'Kharosa': {'candidates': 9, 'thermal_dropped': 9, 'kept': 0, 'longest_single_spell_blocks': 0}, 'Jawali': {'candidates': 84, 'thermal_dropped': 84, 'kept': 0, 'longest_single_spell_blocks': 0}, 'Lamjana II': {'candidates': 84, 'thermal_dropped': 84, 'kept': 0, 'longest_single_spell_blocks': 0}, 'Chalburga': {'candidates': 84, 'thermal_dropped': 84, 'kept': 0, 'longest_single_spell_blocks': 0}})
2026-10-03 16:25:54,084 level=WARNING module=sunflow.opt msg=no admissible pattern for ['Kharosa', 'Jawali', 'Lamjana II', 'Chalburga']: infeasible by construction ({'Kharosa': {'candidates': 264, 'thermal_dropped': 264, 'kept': 0, 'longest_single_spell_blocks': 0}, 'Jawali': {'candidates': 591, 'thermal_dropped': 591, 'kept': 0, 'longest_single_spell_blocks': 0}, 'Lamjana II': {'candidates': 591, 'thermal_dropped': 591, 'kept': 0, 'longest_single_spell_blocks': 0}, 'Chalburga': {'candidates': 591, 'thermal_dropped': 591, 'kept': 0, 'longest_single_spell_blocks': 0}})
2026-10-03 16:25:54,998 level=WARNING module=sunflow.opt msg=no admissible pattern for ['Kharosa', 'Jawali', 'Lamjana II', 'Chalburga']: infeasible by construction ({'Kharosa': {'candidates': 1407, 'thermal_dropped': 1407, 'kept': 0, 'longest_single_spell_blocks': 0}, 'Jawali': {'candidates': 1407, 'thermal_dropped': 1407, 'kept': 0, 'longest_single_spell_blocks': 0}, 'Lamjana II': {'candidates': 1407, 'thermal_dropped': 1407, 'kept': 0, 'longest_single_spell_blocks': 0}, 'Chalburga': {'candidates': 1407, 'thermal_dropped': 1407, 'kept': 0, 'longest_single_spell_blocks': 0}})
2026-10-03 16:26:23,041 level=INFO module=sunflow.opt msg=solve status=feasible obj=198931.5 gap=None t=27.14s binaries=5628 constraints=351
2026-10-03 16:26:24,004 level=WARNING module=sunflow.opt msg=no admissible pattern for ['Kharosa', 'Jawali', 'Lamjana II', 'Chalburga']: infeasible by construction ({'Kharosa': {'candidates': 1407, 'thermal_dropped': 1407, 'kept': 0, 'longest_single_spell_blocks': 0}, 'Jawali': {'candidates': 1407, 'thermal_dropped': 1407, 'kept': 0, 'longest_single_spell_blocks': 0}, 'Lamjana II': {'candidates': 1407, 'thermal_dropped': 1407, 'kept': 0, 'longest_single_spell_blocks': 0}, 'Chalburga': {'candidates': 1407, 'thermal_dropped': 1407, 'kept': 0, 'longest_single_spell_blocks': 0}})
2026-10-03 16:26:24,834 level=WARNING module=sunflow.opt msg=no admissible pattern for ['Kharosa', 'Jawali', 'Lamjana II', 'Chalburga']: infeasible by construction ({'Kharosa': {'candidates': 1407, 'thermal_dropped': 1407, 'kept': 0, 'longest_single_spell_blocks': 0}, 'Jawali': {'candidates': 1407, 'thermal_dropped': 1407, 'kept': 0, 'longest_single_spell_blocks': 0}, 'Lamjana II': {'candidates': 1407, 'thermal_dropped': 1407, 'kept': 0, 'longest_single_spell_blocks': 0}, 'Chalburga': {'candidates': 1407, 'thermal_dropped': 1407, 'kept': 0, 'longest_single_spell_blocks': 0}})
2026-10-03 16:26:25,722 level=WARNING module=sunflow.opt msg=no admissible pattern for ['Kharosa', 'Jawali', 'Lamjana II', 'Chalburga']: infeasible by construction ({'Kharosa': {'candidates': 1407, 'thermal_dropped': 1407, 'kept': 0, 'longest_single_spell_blocks': 0}, 'Jawali': {'candidates': 1407, 'thermal_dropped': 1407, 'kept': 0, 'longest_single_spell_blocks': 0}, 'Lamjana II': {'candidates': 1407, 'thermal_dropped': 1407, 'kept': 0, 'longest_single_spell_blocks': 0}, 'Chalburga': {'candidates': 1407, 'thermal_dropped': 1407, 'kept': 0, 'longest_single_spell_blocks': 0}})
2026-10-03 16:26:32,973 level=INFO module=sunflow.opt msg=solve status=optimal obj=296297.2 gap=0.0029 t=7.15s binaries=1232 constraints=357
2026-10-03 16:26:32,973 level=WARNING module=sunflow.certify msg=No plan satisfies every hard rule under the declared assumptions; published timetable issued with alert.
2026-10-03 16:26:37,172 level=INFO module=sunflow.opt msg=solve status=optimal obj=65903.3 gap=0.0001 t=2.00s binaries=261 constraints=328
2026-10-03 16:26:37,214 level=INFO module=sunflow.certify msg=certified status=CERTIFIED rung=nominal tightening=0
2026-10-03 16:26:42,365 level=INFO module=sunflow.opt msg=solve status=optimal obj=145235.7 gap=0.0 t=1.77s binaries=261 constraints=328
2026-10-03 16:26:42,417 level=INFO module=sunflow.certify msg=certified status=CERTIFIED rung=nominal tightening=0
2026-10-03 16:26:42,525 level=INFO module=sunflow.certify msg=baseline guard: published timetable (Rs 82,281) not worse than plan (Rs 82,281); issuing timetable
2026-10-03 16:26:44,116 level=WARNING module=sunflow.opt msg=no admissible pattern for ['Kharosa', 'Jawali', 'Lamjana II', 'Chalburga']: infeasible by construction ({'Kharosa': {'candidates': 84, 'thermal_dropped': 84, 'kept': 0, 'longest_single_spell_blocks': 0}, 'Jawali': {'candidates': 84, 'thermal_dropped': 84, 'kept': 0, 'longest_single_spell_blocks': 0}, 'Lamjana II': {'candidates': 0, 'thermal_dropped': 0, 'kept': 0, 'longest_single_spell_blocks': 0}, 'Chalburga': {'candidates': 84, 'thermal_dropped': 84, 'kept': 0, 'longest_single_spell_blocks': 0}})
2026-10-03 16:26:44,501 level=WARNING module=sunflow.opt msg=no admissible pattern for ['Kharosa', 'Jawali', 'Lamjana II', 'Chalburga']: infeasible by construction ({'Kharosa': {'candidates': 591, 'thermal_dropped': 591, 'kept': 0, 'longest_single_spell_blocks': 0}, 'Jawali': {'candidates': 591, 'thermal_dropped': 591, 'kept': 0, 'longest_single_spell_blocks': 0}, 'Lamjana II': {'candidates': 7, 'thermal_dropped': 7, 'kept': 0, 'longest_single_spell_blocks': 0}, 'Chalburga': {'candidates': 591, 'thermal_dropped': 591, 'kept': 0, 'longest_single_spell_blocks': 0}})
2026-10-03 16:26:45,730 level=WARNING module=sunflow.opt msg=no admissible pattern for ['Kharosa', 'Jawali', 'Lamjana II', 'Chalburga']: infeasible by construction ({'Kharosa': {'candidates': 1407, 'thermal_dropped': 1407, 'kept': 0, 'longest_single_spell_blocks': 0}, 'Jawali': {'candidates': 1407, 'thermal_dropped': 1407, 'kept': 0, 'longest_single_spell_blocks': 0}, 'Lamjana II': {'candidates': 46, 'thermal_dropped': 46, 'kept': 0, 'longest_single_spell_blocks': 0}, 'Chalburga': {'candidates': 1407, 'thermal_dropped': 1407, 'kept': 0, 'longest_single_spell_blocks': 0}})
2026-10-03 16:27:09,077 level=INFO module=sunflow.opt msg=solve status=feasible obj=205700.6 gap=None t=22.64s binaries=4267 constraints=351
2026-10-03 16:27:09,694 level=WARNING module=sunflow.opt msg=no admissible pattern for ['Kharosa', 'Jawali', 'Lamjana II', 'Chalburga']: infeasible by construction ({'Kharosa': {'candidates': 1407, 'thermal_dropped': 1407, 'kept': 0, 'longest_single_spell_blocks': 0}, 'Jawali': {'candidates': 1407, 'thermal_dropped': 1407, 'kept': 0, 'longest_single_spell_blocks': 0}, 'Lamjana II': {'candidates': 46, 'thermal_dropped': 46, 'kept': 0, 'longest_single_spell_blocks': 0}, 'Chalburga': {'candidates': 1407, 'thermal_dropped': 1407, 'kept': 0, 'longest_single_spell_blocks': 0}})
2026-10-03 16:27:10,384 level=WARNING module=sunflow.opt msg=no admissible pattern for ['Kharosa', 'Jawali', 'Lamjana II', 'Chalburga']: infeasible by construction ({'Kharosa': {'candidates': 1407, 'thermal_dropped': 1407, 'kept': 0, 'longest_single_spell_blocks': 0}, 'Jawali': {'candidates': 1407, 'thermal_dropped': 1407, 'kept': 0, 'longest_single_spell_blocks': 0}, 'Lamjana II': {'candidates': 46, 'thermal_dropped': 46, 'kept': 0, 'longest_single_spell_blocks': 0}, 'Chalburga': {'candidates': 1407, 'thermal_dropped': 1407, 'kept': 0, 'longest_single_spell_blocks': 0}})
2026-10-03 16:27:11,010 level=WARNING module=sunflow.opt msg=no admissible pattern for ['Kharosa', 'Jawali', 'Lamjana II', 'Chalburga']: infeasible by construction ({'Kharosa': {'candidates': 1407, 'thermal_dropped': 1407, 'kept': 0, 'longest_single_spell_blocks': 0}, 'Jawali': {'candidates': 1407, 'thermal_dropped': 1407, 'kept': 0, 'longest_single_spell_blocks': 0}, 'Lamjana II': {'candidates': 46, 'thermal_dropped': 46, 'kept': 0, 'longest_single_spell_blocks': 0}, 'Chalburga': {'candidates': 1407, 'thermal_dropped': 1407, 'kept': 0, 'longest_single_spell_blocks': 0}})
2026-10-03 16:27:19,174 level=INFO module=sunflow.opt msg=solve status=optimal obj=265985.6 gap=0.0174 t=8.09s binaries=1716 constraints=357
2026-10-03 16:27:19,175 level=WARNING module=sunflow.certify msg=No plan satisfies every hard rule under the declared assumptions; published timetable issued with alert.
2026-10-03 16:27:22,227 level=INFO module=sunflow.opt msg=solve status=optimal obj=128694.3 gap=0.0014 t=1.83s binaries=336 constraints=328
2026-10-03 16:27:22,264 level=INFO module=sunflow.certify msg=certified status=CERTIFIED rung=nominal tightening=0
2026-10-03 16:27:24,585 level=INFO module=sunflow.opt msg=solve status=optimal obj=133536.6 gap=0.0019 t=2.04s binaries=336 constraints=328
2026-10-03 16:27:24,628 level=INFO module=sunflow.certify msg=certified status=CERTIFIED rung=nominal tightening=0
2026-10-03 16:27:26,611 level=INFO module=sunflow.opt msg=solve status=optimal obj=120491.5 gap=0.0 t=1.73s binaries=261 constraints=328
2026-10-03 16:27:26,771 level=INFO module=sunflow.certify msg=certified status=CERTIFIED rung=nominal tightening=0
2026-10-03 16:27:31,869 level=WARNING module=sunflow.opt msg=solve status=infeasible tc=infeasible t=3.05s
2026-10-03 16:27:54,587 level=WARNING module=sunflow.opt msg=solve status=timeout tc=maxtimelimit t=22.72s
2026-10-03 16:28:24,601 level=INFO module=sunflow.opt msg=solve status=feasible obj=199404.2 gap=None t=29.42s binaries=4284 constraints=292
2026-10-03 16:28:24,638 level=INFO module=sunflow.certify msg=certified status=CERTIFIED_WITH_RELAXATION rung=feasibility_focus tightening=0
2026-10-03 16:28:27,476 level=INFO module=sunflow.opt msg=solve status=optimal obj=115398.5 gap=0.0001 t=0.99s binaries=336 constraints=328
2026-10-03 16:28:27,535 level=INFO module=sunflow.certify msg=certified status=CERTIFIED rung=nominal tightening=0
2026-10-03 16:28:27,635 level=INFO module=sunflow.certify msg=baseline guard: published timetable (Rs 73,065) not worse than plan (Rs 73,067); issuing timetable
shard 5/8: 125 done, 2951s, statuses {'CERTIFIED': 68, 'INFEASIBLE': 28, 'CERTIFIED_WITH_RELAXATION': 28, 'FALLBACK_BASELINE': 1}, violations on certified plans: 0
{
  "n": 125,
  "n_total": 1000,
  "seed": 7,
  "shard": 5,
  "shards": 8,
  "status_counts": {
    "CERTIFIED": 68,
    "INFEASIBLE": 28,
    "CERTIFIED_WITH_RELAXATION": 28,
    "FALLBACK_BASELINE": 1
  },
  "certified_plans_with_violations": 0,
  "elapsed_s": 2950.5083000659943
}
