2026-10-03 15:39:21,394 level=WARNING module=sunflow.opt msg=no admissible pattern for ['Kharosa', 'Jawali', 'Lamjana II', 'Chalburga']: infeasible by construction ({'Kharosa': {'candidates': 84, 'thermal_dropped': 84, 'kept': 0, 'longest_single_spell_blocks': 0}, 'Jawali': {'candidates': 9, 'thermal_dropped': 9, 'kept': 0, 'longest_single_spell_blocks': 0}, 'Lamjana II': {'candidates': 9, 'thermal_dropped': 9, 'kept': 0, 'longest_single_spell_blocks': 0}, 'Chalburga': {'candidates': 84, 'thermal_dropped': 84, 'kept': 0, 'longest_single_spell_blocks': 0}})
2026-10-03 15:39:21,690 level=WARNING module=sunflow.opt msg=no admissible pattern for ['Jawali', 'Lamjana II']: infeasible by construction ({'Kharosa': {'candidates': 591, 'thermal_dropped': 574, 'kept': 17, 'longest_single_spell_blocks': 0}, 'Jawali': {'candidates': 264, 'thermal_dropped': 264, 'kept': 0, 'longest_single_spell_blocks': 0}, 'Lamjana II': {'candidates': 264, 'thermal_dropped': 264, 'kept': 0, 'longest_single_spell_blocks': 0}, 'Chalburga': {'candidates': 591, 'thermal_dropped': 574, 'kept': 17, 'longest_single_spell_blocks': 0}})
2026-10-03 15:39:23,602 level=WARNING module=sunflow.opt msg=solve status=infeasible tc=infeasible t=1.90s
2026-10-03 15:39:50,524 level=INFO module=sunflow.opt msg=solve status=feasible obj=207903.2 gap=None t=26.03s binaries=5628 constraints=351
2026-10-03 15:39:52,281 level=WARNING module=sunflow.opt msg=solve status=infeasible tc=infeasible t=1.76s
2026-10-03 15:39:53,899 level=WARNING module=sunflow.opt msg=solve status=infeasible tc=infeasible t=1.62s
2026-10-03 15:39:55,684 level=WARNING module=sunflow.opt msg=solve status=infeasible tc=infeasible t=1.78s
2026-10-03 15:40:11,762 level=INFO module=sunflow.opt msg=solve status=feasible obj=243587.9 gap=None t=15.62s binaries=4396 constraints=357
2026-10-03 15:40:11,763 level=WARNING module=sunflow.certify msg=No plan satisfies every hard rule under the declared assumptions; published timetable issued with alert.
2026-10-03 15:40:14,272 level=INFO module=sunflow.opt msg=solve status=optimal obj=58574.7 gap=0.0 t=1.13s binaries=336 constraints=328
2026-10-03 15:40:14,309 level=INFO module=sunflow.certify msg=certified status=CERTIFIED rung=nominal tightening=0
2026-10-03 15:40:16,139 level=WARNING module=sunflow.opt msg=no admissible pattern for ['Kharosa', 'Jawali', 'Lamjana II', 'Chalburga']: infeasible by construction ({'Kharosa': {'candidates': 84, 'thermal_dropped': 84, 'kept': 0, 'longest_single_spell_blocks': 0}, 'Jawali': {'candidates': 84, 'thermal_dropped': 84, 'kept': 0, 'longest_single_spell_blocks': 0}, 'Lamjana II': {'candidates': 0, 'thermal_dropped': 0, 'kept': 0, 'longest_single_spell_blocks': 0}, 'Chalburga': {'candidates': 84, 'thermal_dropped': 84, 'kept': 0, 'longest_single_spell_blocks': 0}})
2026-10-03 15:40:17,252 level=WARNING module=sunflow.opt msg=solve status=infeasible tc=infeasible t=1.11s
2026-10-03 15:40:18,491 level=WARNING module=sunflow.opt msg=solve status=infeasible tc=infeasible t=1.24s
2026-10-03 15:40:39,207 level=INFO module=sunflow.opt msg=solve status=feasible obj=163504.6 gap=None t=19.99s binaries=4595 constraints=351
2026-10-03 15:40:40,428 level=WARNING module=sunflow.opt msg=solve status=infeasible tc=infeasible t=1.22s
2026-10-03 15:40:41,753 level=WARNING module=sunflow.opt msg=solve status=infeasible tc=infeasible t=1.32s
2026-10-03 15:40:43,478 level=WARNING module=sunflow.opt msg=solve status=infeasible tc=infeasible t=1.72s
2026-10-03 15:41:00,812 level=INFO module=sunflow.opt msg=solve status=feasible obj=213824.0 gap=None t=16.89s binaries=3681 constraints=357
2026-10-03 15:41:00,812 level=WARNING module=sunflow.certify msg=No plan satisfies every hard rule under the declared assumptions; published timetable issued with alert.
2026-10-03 15:41:03,521 level=INFO module=sunflow.opt msg=solve status=optimal obj=85723.0 gap=0.0001 t=1.05s binaries=261 constraints=328
2026-10-03 15:41:03,621 level=INFO module=sunflow.certify msg=certified status=CERTIFIED rung=nominal tightening=0
2026-10-03 15:41:10,898 level=WARNING module=sunflow.opt msg=solve status=infeasible tc=infeasible t=5.89s
2026-10-03 15:41:32,743 level=WARNING module=sunflow.opt msg=solve status=timeout tc=maxtimelimit t=21.84s
2026-10-03 15:42:05,179 level=INFO module=sunflow.opt msg=solve status=feasible obj=166790.8 gap=None t=31.42s binaries=4294 constraints=245
2026-10-03 15:42:05,233 level=INFO module=sunflow.certify msg=certified status=CERTIFIED_WITH_RELAXATION rung=feasibility_focus tightening=0
2026-10-03 15:42:10,422 level=INFO module=sunflow.opt msg=solve status=optimal obj=80765.4 gap=0.0009 t=2.36s binaries=336 constraints=328
2026-10-03 15:42:10,476 level=INFO module=sunflow.certify msg=certified status=CERTIFIED rung=nominal tightening=0
2026-10-03 15:42:15,098 level=INFO module=sunflow.opt msg=solve status=optimal obj=73085.4 gap=0.0 t=1.10s binaries=186 constraints=328
2026-10-03 15:42:15,171 level=INFO module=sunflow.certify msg=certified status=CERTIFIED rung=nominal tightening=0
2026-10-03 15:42:15,358 level=INFO module=sunflow.certify msg=baseline guard: published timetable (Rs 25,674) not worse than plan (Rs 25,708); issuing timetable
2026-10-03 15:42:17,252 level=WARNING module=sunflow.opt msg=no admissible pattern for ['Chalburga']: infeasible by construction ({'Kharosa': {'candidates': 84, 'thermal_dropped': 0, 'kept': 84, 'longest_single_spell_blocks': 32}, 'Jawali': {'candidates': 84, 'thermal_dropped': 0, 'kept': 84, 'longest_single_spell_blocks': 32}, 'Lamjana II': {'candidates': 9, 'thermal_dropped': 0, 'kept': 9, 'longest_single_spell_blocks': 32}, 'Chalburga': {'candidates': 84, 'thermal_dropped': 84, 'kept': 0, 'longest_single_spell_blocks': 0}})
2026-10-03 15:42:39,015 level=INFO module=sunflow.opt msg=solve status=feasible obj=187417.0 gap=None t=21.48s binaries=1484 constraints=351
2026-10-03 15:42:39,055 level=INFO module=sunflow.certify msg=certified status=CERTIFIED_WITH_RELAXATION rung=split_spells tightening=0
2026-10-03 15:42:40,482 level=WARNING module=sunflow.opt msg=no admissible pattern for ['Kharosa']: infeasible by construction ({'Kharosa': {'candidates': 84, 'thermal_dropped': 84, 'kept': 0, 'longest_single_spell_blocks': 0}, 'Jawali': {'candidates': 84, 'thermal_dropped': 0, 'kept': 84, 'longest_single_spell_blocks': 32}, 'Lamjana II': {'candidates': 84, 'thermal_dropped': 0, 'kept': 84, 'longest_single_spell_blocks': 32}, 'Chalburga': {'candidates': 84, 'thermal_dropped': 0, 'kept': 84, 'longest_single_spell_blocks': 32}})
2026-10-03 15:42:58,898 level=INFO module=sunflow.opt msg=solve status=optimal obj=102574.8 gap=0.0112 t=18.03s binaries=1774 constraints=335
2026-10-03 15:42:58,942 level=INFO module=sunflow.certify msg=certified status=CERTIFIED_WITH_RELAXATION rung=split_spells tightening=0
2026-10-03 15:43:02,176 level=WARNING module=sunflow.opt msg=no admissible pattern for ['Jawali']: infeasible by construction ({'Kharosa': {'candidates': 84, 'thermal_dropped': 0, 'kept': 84, 'longest_single_spell_blocks': 32}, 'Jawali': {'candidates': 9, 'thermal_dropped': 9, 'kept': 0, 'longest_single_spell_blocks': 0}, 'Lamjana II': {'candidates': 84, 'thermal_dropped': 0, 'kept': 84, 'longest_single_spell_blocks': 32}, 'Chalburga': {'candidates': 84, 'thermal_dropped': 0, 'kept': 84, 'longest_single_spell_blocks': 32}})
2026-10-03 15:43:02,578 level=WARNING module=sunflow.opt msg=no admissible pattern for ['Jawali']: infeasible by construction ({'Kharosa': {'candidates': 591, 'thermal_dropped': 0, 'kept': 591, 'longest_single_spell_blocks': 32}, 'Jawali': {'candidates': 264, 'thermal_dropped': 264, 'kept': 0, 'longest_single_spell_blocks': 0}, 'Lamjana II': {'candidates': 591, 'thermal_dropped': 0, 'kept': 591, 'longest_single_spell_blocks': 32}, 'Chalburga': {'candidates': 591, 'thermal_dropped': 0, 'kept': 591, 'longest_single_spell_blocks': 32}})
2026-10-03 15:43:40,150 level=INFO module=sunflow.opt msg=solve status=feasible obj=197185.7 gap=None t=35.68s binaries=4395 constraints=295
2026-10-03 15:43:40,201 level=INFO module=sunflow.certify msg=certified status=CERTIFIED_WITH_RELAXATION rung=feasibility_focus tightening=0
2026-10-03 15:43:43,144 level=WARNING module=sunflow.opt msg=no admissible pattern for ['Kharosa', 'Jawali', 'Lamjana II', 'Chalburga']: infeasible by construction ({'Kharosa': {'candidates': 84, 'thermal_dropped': 84, 'kept': 0, 'longest_single_spell_blocks': 0}, 'Jawali': {'candidates': 84, 'thermal_dropped': 84, 'kept': 0, 'longest_single_spell_blocks': 0}, 'Lamjana II': {'candidates': 84, 'thermal_dropped': 84, 'kept': 0, 'longest_single_spell_blocks': 0}, 'Chalburga': {'candidates': 9, 'thermal_dropped': 9, 'kept': 0, 'longest_single_spell_blocks': 0}})
2026-10-03 15:43:43,559 level=WARNING module=sunflow.opt msg=no admissible pattern for ['Kharosa', 'Jawali', 'Lamjana II', 'Chalburga']: infeasible by construction ({'Kharosa': {'candidates': 591, 'thermal_dropped': 591, 'kept': 0, 'longest_single_spell_blocks': 0}, 'Jawali': {'candidates': 591, 'thermal_dropped': 591, 'kept': 0, 'longest_single_spell_blocks': 0}, 'Lamjana II': {'candidates': 591, 'thermal_dropped': 591, 'kept': 0, 'longest_single_spell_blocks': 0}, 'Chalburga': {'candidates': 264, 'thermal_dropped': 264, 'kept': 0, 'longest_single_spell_blocks': 0}})
2026-10-03 15:43:44,520 level=WARNING module=sunflow.opt msg=no admissible pattern for ['Kharosa', 'Jawali', 'Lamjana II', 'Chalburga']: infeasible by construction ({'Kharosa': {'candidates': 1407, 'thermal_dropped': 1407, 'kept': 0, 'longest_single_spell_blocks': 0}, 'Jawali': {'candidates': 1407, 'thermal_dropped': 1407, 'kept': 0, 'longest_single_spell_blocks': 0}, 'Lamjana II': {'candidates': 1407, 'thermal_dropped': 1407, 'kept': 0, 'longest_single_spell_blocks': 0}, 'Chalburga': {'candidates': 1407, 'thermal_dropped': 1407, 'kept': 0, 'longest_single_spell_blocks': 0}})
2026-10-03 15:44:19,756 level=INFO module=sunflow.opt msg=solve status=feasible obj=201637.2 gap=None t=33.98s binaries=5628 constraints=351
2026-10-03 15:44:20,729 level=WARNING module=sunflow.opt msg=no admissible pattern for ['Kharosa', 'Jawali', 'Lamjana II', 'Chalburga']: infeasible by construction ({'Kharosa': {'candidates': 1407, 'thermal_dropped': 1407, 'kept': 0, 'longest_single_spell_blocks': 0}, 'Jawali': {'candidates': 1407, 'thermal_dropped': 1407, 'kept': 0, 'longest_single_spell_blocks': 0}, 'Lamjana II': {'candidates': 1407, 'thermal_dropped': 1407, 'kept': 0, 'longest_single_spell_blocks': 0}, 'Chalburga': {'candidates': 1407, 'thermal_dropped': 1407, 'kept': 0, 'longest_single_spell_blocks': 0}})
2026-10-03 15:44:21,754 level=WARNING module=sunflow.opt msg=no admissible pattern for ['Kharosa', 'Jawali', 'Lamjana II', 'Chalburga']: infeasible by construction ({'Kharosa': {'candidates': 1407, 'thermal_dropped': 1407, 'kept': 0, 'longest_single_spell_blocks': 0}, 'Jawali': {'candidates': 1407, 'thermal_dropped': 1407, 'kept': 0, 'longest_single_spell_blocks': 0}, 'Lamjana II': {'candidates': 1407, 'thermal_dropped': 1407, 'kept': 0, 'longest_single_spell_blocks': 0}, 'Chalburga': {'candidates': 1407, 'thermal_dropped': 1407, 'kept': 0, 'longest_single_spell_blocks': 0}})
2026-10-03 15:44:22,848 level=WARNING module=sunflow.opt msg=no admissible pattern for ['Kharosa', 'Jawali', 'Lamjana II', 'Chalburga']: infeasible by construction ({'Kharosa': {'candidates': 1407, 'thermal_dropped': 1407, 'kept': 0, 'longest_single_spell_blocks': 0}, 'Jawali': {'candidates': 1407, 'thermal_dropped': 1407, 'kept': 0, 'longest_single_spell_blocks': 0}, 'Lamjana II': {'candidates': 1407, 'thermal_dropped': 1407, 'kept': 0, 'longest_single_spell_blocks': 0}, 'Chalburga': {'candidates': 1407, 'thermal_dropped': 1407, 'kept': 0, 'longest_single_spell_blocks': 0}})
2026-10-03 15:44:29,482 level=INFO module=sunflow.opt msg=solve status=optimal obj=385588.4 gap=0.0026 t=6.52s binaries=940 constraints=357
2026-10-03 15:44:29,486 level=WARNING module=sunflow.certify msg=No plan satisfies every hard rule under the declared assumptions; published timetable issued with alert.
2026-10-03 15:44:34,290 level=INFO module=sunflow.opt msg=solve status=optimal obj=114138.2 gap=0.0003 t=1.83s binaries=261 constraints=328
2026-10-03 15:44:34,404 level=INFO module=sunflow.certify msg=certified status=CERTIFIED rung=nominal tightening=0
2026-10-03 15:44:41,799 level=WARNING module=sunflow.opt msg=solve status=infeasible tc=infeasible t=3.73s
2026-10-03 15:45:05,745 level=INFO module=sunflow.opt msg=solve status=feasible obj=175720.5 gap=None t=23.41s binaries=2364 constraints=391
2026-10-03 15:45:05,786 level=INFO module=sunflow.certify msg=certified status=CERTIFIED_WITH_RELAXATION rung=split_spells tightening=0
2026-10-03 15:45:07,721 level=WARNING module=sunflow.opt msg=no admissible pattern for ['Kharosa', 'Jawali', 'Lamjana II', 'Chalburga']: infeasible by construction ({'Kharosa': {'candidates': 84, 'thermal_dropped': 84, 'kept': 0, 'longest_single_spell_blocks': 0}, 'Jawali': {'candidates': 84, 'thermal_dropped': 84, 'kept': 0, 'longest_single_spell_blocks': 0}, 'Lamjana II': {'candidates': 84, 'thermal_dropped': 84, 'kept': 0, 'longest_single_spell_blocks': 0}, 'Chalburga': {'candidates': 84, 'thermal_dropped': 84, 'kept': 0, 'longest_single_spell_blocks': 0}})
2026-10-03 15:45:16,308 level=INFO module=sunflow.opt msg=solve status=optimal obj=171520.8 gap=0.0272 t=8.52s binaries=520 constraints=337
2026-10-03 15:45:16,355 level=INFO module=sunflow.certify msg=certified status=CERTIFIED_WITH_RELAXATION rung=split_spells tightening=0
2026-10-03 15:45:20,414 level=INFO module=sunflow.opt msg=solve status=optimal obj=128019.2 gap=0.0 t=2.00s binaries=261 constraints=328
2026-10-03 15:45:20,489 level=INFO module=sunflow.certify msg=certified status=CERTIFIED rung=nominal tightening=0
2026-10-03 15:45:22,346 level=WARNING module=sunflow.opt msg=no admissible pattern for ['Chalburga']: infeasible by construction ({'Kharosa': {'candidates': 9, 'thermal_dropped': 0, 'kept': 9, 'longest_single_spell_blocks': 32}, 'Jawali': {'candidates': 84, 'thermal_dropped': 0, 'kept': 84, 'longest_single_spell_blocks': 32}, 'Lamjana II': {'candidates': 84, 'thermal_dropped': 0, 'kept': 84, 'longest_single_spell_blocks': 32}, 'Chalburga': {'candidates': 0, 'thermal_dropped': 0, 'kept': 0, 'longest_single_spell_blocks': 0}})
2026-10-03 15:45:46,700 level=INFO module=sunflow.opt msg=solve status=feasible obj=145265.6 gap=None t=23.79s binaries=1653 constraints=351
2026-10-03 15:45:46,762 level=INFO module=sunflow.certify msg=certified status=CERTIFIED_WITH_RELAXATION rung=split_spells tightening=0
2026-10-03 15:45:50,636 level=WARNING module=sunflow.opt msg=no admissible pattern for ['Kharosa', 'Jawali', 'Lamjana II', 'Chalburga']: infeasible by construction ({'Kharosa': {'candidates': 84, 'thermal_dropped': 84, 'kept': 0, 'longest_single_spell_blocks': 0}, 'Jawali': {'candidates': 9, 'thermal_dropped': 9, 'kept': 0, 'longest_single_spell_blocks': 0}, 'Lamjana II': {'candidates': 9, 'thermal_dropped': 9, 'kept': 0, 'longest_single_spell_blocks': 0}, 'Chalburga': {'candidates': 84, 'thermal_dropped': 84, 'kept': 0, 'longest_single_spell_blocks': 0}})
2026-10-03 15:45:51,409 level=WARNING module=sunflow.opt msg=no admissible pattern for ['Kharosa', 'Jawali', 'Lamjana II', 'Chalburga']: infeasible by construction ({'Kharosa': {'candidates': 591, 'thermal_dropped': 591, 'kept': 0, 'longest_single_spell_blocks': 0}, 'Jawali': {'candidates': 264, 'thermal_dropped': 264, 'kept': 0, 'longest_single_spell_blocks': 0}, 'Lamjana II': {'candidates': 264, 'thermal_dropped': 264, 'kept': 0, 'longest_single_spell_blocks': 0}, 'Chalburga': {'candidates': 591, 'thermal_dropped': 591, 'kept': 0, 'longest_single_spell_blocks': 0}})
2026-10-03 15:45:53,393 level=WARNING module=sunflow.opt msg=no admissible pattern for ['Kharosa', 'Jawali', 'Lamjana II', 'Chalburga']: infeasible by construction ({'Kharosa': {'candidates': 1407, 'thermal_dropped': 1407, 'kept': 0, 'longest_single_spell_blocks': 0}, 'Jawali': {'candidates': 1407, 'thermal_dropped': 1407, 'kept': 0, 'longest_single_spell_blocks': 0}, 'Lamjana II': {'candidates': 1407, 'thermal_dropped': 1407, 'kept': 0, 'longest_single_spell_blocks': 0}, 'Chalburga': {'candidates': 1407, 'thermal_dropped': 1407, 'kept': 0, 'longest_single_spell_blocks': 0}})
2026-10-03 15:46:24,853 level=INFO module=sunflow.opt msg=solve status=feasible obj=199887.0 gap=None t=30.47s binaries=5628 constraints=351
2026-10-03 15:46:26,183 level=WARNING module=sunflow.opt msg=no admissible pattern for ['Kharosa', 'Jawali', 'Lamjana II', 'Chalburga']: infeasible by construction ({'Kharosa': {'candidates': 1407, 'thermal_dropped': 1407, 'kept': 0, 'longest_single_spell_blocks': 0}, 'Jawali': {'candidates': 1407, 'thermal_dropped': 1407, 'kept': 0, 'longest_single_spell_blocks': 0}, 'Lamjana II': {'candidates': 1407, 'thermal_dropped': 1407, 'kept': 0, 'longest_single_spell_blocks': 0}, 'Chalburga': {'candidates': 1407, 'thermal_dropped': 1407, 'kept': 0, 'longest_single_spell_blocks': 0}})
2026-10-03 15:46:27,546 level=WARNING module=sunflow.opt msg=no admissible pattern for ['Kharosa', 'Jawali', 'Lamjana II', 'Chalburga']: infeasible by construction ({'Kharosa': {'candidates': 1407, 'thermal_dropped': 1407, 'kept': 0, 'longest_single_spell_blocks': 0}, 'Jawali': {'candidates': 1407, 'thermal_dropped': 1407, 'kept': 0, 'longest_single_spell_blocks': 0}, 'Lamjana II': {'candidates': 1407, 'thermal_dropped': 1407, 'kept': 0, 'longest_single_spell_blocks': 0}, 'Chalburga': {'candidates': 1407, 'thermal_dropped': 1407, 'kept': 0, 'longest_single_spell_blocks': 0}})
2026-10-03 15:46:28,472 level=WARNING module=sunflow.opt msg=no admissible pattern for ['Kharosa', 'Jawali', 'Lamjana II', 'Chalburga']: infeasible by construction ({'Kharosa': {'candidates': 1407, 'thermal_dropped': 1407, 'kept': 0, 'longest_single_spell_blocks': 0}, 'Jawali': {'candidates': 1407, 'thermal_dropped': 1407, 'kept': 0, 'longest_single_spell_blocks': 0}, 'Lamjana II': {'candidates': 1407, 'thermal_dropped': 1407, 'kept': 0, 'longest_single_spell_blocks': 0}, 'Chalburga': {'candidates': 1407, 'thermal_dropped': 1407, 'kept': 0, 'longest_single_spell_blocks': 0}})
2026-10-03 15:46:44,383 level=INFO module=sunflow.opt msg=solve status=feasible obj=276007.4 gap=None t=15.69s binaries=2122 constraints=357
2026-10-03 15:46:44,383 level=WARNING module=sunflow.certify msg=No plan satisfies every hard rule under the declared assumptions; published timetable issued with alert.
2026-10-03 15:46:49,093 level=WARNING module=sunflow.opt msg=no admissible pattern for ['Chalburga']: infeasible by construction ({'Kharosa': {'candidates': 84, 'thermal_dropped': 0, 'kept': 84, 'longest_single_spell_blocks': 32}, 'Jawali': {'candidates': 84, 'thermal_dropped': 0, 'kept': 84, 'longest_single_spell_blocks': 32}, 'Lamjana II': {'candidates': 84, 'thermal_dropped': 0, 'kept': 84, 'longest_single_spell_blocks': 32}, 'Chalburga': {'candidates': 0, 'thermal_dropped': 0, 'kept': 0, 'longest_single_spell_blocks': 0}})
2026-10-03 15:47:09,750 level=INFO module=sunflow.opt msg=solve status=feasible obj=54778.4 gap=None t=20.39s binaries=1798 constraints=351
2026-10-03 15:47:09,785 level=INFO module=sunflow.certify msg=certified status=CERTIFIED_WITH_RELAXATION rung=split_spells tightening=0
2026-10-03 15:47:13,957 level=WARNING module=sunflow.opt msg=no admissible pattern for ['Lamjana II']: infeasible by construction ({'Kharosa': {'candidates': 84, 'thermal_dropped': 83, 'kept': 1, 'longest_single_spell_blocks': 24}, 'Jawali': {'candidates': 84, 'thermal_dropped': 83, 'kept': 1, 'longest_single_spell_blocks': 24}, 'Lamjana II': {'candidates': 84, 'thermal_dropped': 84, 'kept': 0, 'longest_single_spell_blocks': 0}, 'Chalburga': {'candidates': 84, 'thermal_dropped': 83, 'kept': 1, 'longest_single_spell_blocks': 24}})
2026-10-03 15:47:14,354 level=WARNING module=sunflow.opt msg=no admissible pattern for ['Lamjana II']: infeasible by construction ({'Kharosa': {'candidates': 591, 'thermal_dropped': 308, 'kept': 283, 'longest_single_spell_blocks': 24}, 'Jawali': {'candidates': 591, 'thermal_dropped': 308, 'kept': 283, 'longest_single_spell_blocks': 24}, 'Lamjana II': {'candidates': 591, 'thermal_dropped': 591, 'kept': 0, 'longest_single_spell_blocks': 0}, 'Chalburga': {'candidates': 591, 'thermal_dropped': 308, 'kept': 283, 'longest_single_spell_blocks': 24}})
2026-10-03 15:47:15,614 level=WARNING module=sunflow.opt msg=no admissible pattern for ['Lamjana II']: infeasible by construction ({'Kharosa': {'candidates': 1407, 'thermal_dropped': 579, 'kept': 828, 'longest_single_spell_blocks': 24}, 'Jawali': {'candidates': 1407, 'thermal_dropped': 579, 'kept': 828, 'longest_single_spell_blocks': 24}, 'Lamjana II': {'candidates': 1407, 'thermal_dropped': 1407, 'kept': 0, 'longest_single_spell_blocks': 0}, 'Chalburga': {'candidates': 1407, 'thermal_dropped': 579, 'kept': 828, 'longest_single_spell_blocks': 24}})
2026-10-03 15:47:55,444 level=INFO module=sunflow.opt msg=solve status=feasible obj=113516.9 gap=None t=38.63s binaries=5628 constraints=351
2026-10-03 15:47:56,455 level=WARNING module=sunflow.opt msg=no admissible pattern for ['Lamjana II']: infeasible by construction ({'Kharosa': {'candidates': 1407, 'thermal_dropped': 579, 'kept': 828, 'longest_single_spell_blocks': 24}, 'Jawali': {'candidates': 1407, 'thermal_dropped': 579, 'kept': 828, 'longest_single_spell_blocks': 24}, 'Lamjana II': {'candidates': 1407, 'thermal_dropped': 1407, 'kept': 0, 'longest_single_spell_blocks': 0}, 'Chalburga': {'candidates': 1407, 'thermal_dropped': 579, 'kept': 828, 'longest_single_spell_blocks': 24}})
2026-10-03 15:47:57,717 level=WARNING module=sunflow.opt msg=no admissible pattern for ['Lamjana II']: infeasible by construction ({'Kharosa': {'candidates': 1407, 'thermal_dropped': 579, 'kept': 828, 'longest_single_spell_blocks': 24}, 'Jawali': {'candidates': 1407, 'thermal_dropped': 579, 'kept': 828, 'longest_single_spell_blocks': 24}, 'Lamjana II': {'candidates': 1407, 'thermal_dropped': 1407, 'kept': 0, 'longest_single_spell_blocks': 0}, 'Chalburga': {'candidates': 1407, 'thermal_dropped': 579, 'kept': 828, 'longest_single_spell_blocks': 24}})
2026-10-03 15:47:59,067 level=WARNING module=sunflow.opt msg=no admissible pattern for ['Lamjana II']: infeasible by construction ({'Kharosa': {'candidates': 1407, 'thermal_dropped': 579, 'kept': 828, 'longest_single_spell_blocks': 24}, 'Jawali': {'candidates': 1407, 'thermal_dropped': 579, 'kept': 828, 'longest_single_spell_blocks': 24}, 'Lamjana II': {'candidates': 1407, 'thermal_dropped': 1407, 'kept': 0, 'longest_single_spell_blocks': 0}, 'Chalburga': {'candidates': 1407, 'thermal_dropped': 579, 'kept': 828, 'longest_single_spell_blocks': 24}})
2026-10-03 15:48:41,972 level=INFO module=sunflow.opt msg=solve status=feasible obj=171308.2 gap=None t=41.84s binaries=8622 constraints=357
2026-10-03 15:48:41,972 level=WARNING module=sunflow.certify msg=No plan satisfies every hard rule under the declared assumptions; published timetable issued with alert.
2026-10-03 15:48:44,046 level=WARNING module=sunflow.opt msg=no admissible pattern for ['Lamjana II']: infeasible by construction ({'Kharosa': {'candidates': 84, 'thermal_dropped': 0, 'kept': 84, 'longest_single_spell_blocks': 32}, 'Jawali': {'candidates': 84, 'thermal_dropped': 0, 'kept': 84, 'longest_single_spell_blocks': 32}, 'Lamjana II': {'candidates': 84, 'thermal_dropped': 84, 'kept': 0, 'longest_single_spell_blocks': 0}, 'Chalburga': {'candidates': 84, 'thermal_dropped': 0, 'kept': 84, 'longest_single_spell_blocks': 32}})
2026-10-03 15:49:05,181 level=INFO module=sunflow.opt msg=solve status=feasible obj=92971.9 gap=None t=20.85s binaries=1791 constraints=351
2026-10-03 15:49:05,243 level=INFO module=sunflow.certify msg=certified status=CERTIFIED_WITH_RELAXATION rung=split_spells tightening=0
2026-10-03 15:49:08,424 level=INFO module=sunflow.opt msg=solve status=optimal obj=63921.1 gap=0.0015 t=1.12s binaries=187 constraints=328
2026-10-03 15:49:27,554 level=INFO module=sunflow.opt msg=solve status=feasible obj=63921.1 gap=None t=18.59s binaries=1456 constraints=351
2026-10-03 15:49:27,555 level=INFO module=sunflow.certify msg=certified status=CERTIFIED rung=nominal tightening=0
2026-10-03 15:49:31,400 level=WARNING module=sunflow.opt msg=no admissible pattern for ['Kharosa', 'Jawali', 'Lamjana II', 'Chalburga']: infeasible by construction ({'Kharosa': {'candidates': 84, 'thermal_dropped': 84, 'kept': 0, 'longest_single_spell_blocks': 0}, 'Jawali': {'candidates': 42, 'thermal_dropped': 42, 'kept': 0, 'longest_single_spell_blocks': 0}, 'Lamjana II': {'candidates': 9, 'thermal_dropped': 9, 'kept': 0, 'longest_single_spell_blocks': 0}, 'Chalburga': {'candidates': 84, 'thermal_dropped': 84, 'kept': 0, 'longest_single_spell_blocks': 0}})
2026-10-03 15:49:32,047 level=WARNING module=sunflow.opt msg=no admissible pattern for ['Lamjana II']: infeasible by construction ({'Kharosa': {'candidates': 591, 'thermal_dropped': 556, 'kept': 35, 'longest_single_spell_blocks': 0}, 'Jawali': {'candidates': 96, 'thermal_dropped': 93, 'kept': 3, 'longest_single_spell_blocks': 0}, 'Lamjana II': {'candidates': 264, 'thermal_dropped': 264, 'kept': 0, 'longest_single_spell_blocks': 0}, 'Chalburga': {'candidates': 591, 'thermal_dropped': 556, 'kept': 35, 'longest_single_spell_blocks': 0}})
2026-10-03 15:49:35,828 level=WARNING module=sunflow.opt msg=solve status=infeasible tc=infeasible t=3.78s
2026-10-03 15:50:03,736 level=INFO module=sunflow.opt msg=solve status=feasible obj=201118.1 gap=None t=26.97s binaries=4405 constraints=391
2026-10-03 15:50:07,450 level=WARNING module=sunflow.opt msg=solve status=infeasible tc=infeasible t=3.71s
2026-10-03 15:50:11,985 level=WARNING module=sunflow.opt msg=solve status=infeasible tc=infeasible t=4.53s
2026-10-03 15:50:16,364 level=WARNING module=sunflow.opt msg=solve status=infeasible tc=infeasible t=4.38s
2026-10-03 15:50:40,126 level=INFO module=sunflow.opt msg=solve status=feasible obj=197497.5 gap=None t=23.37s binaries=4480 constraints=397
2026-10-03 15:50:40,127 level=WARNING module=sunflow.certify msg=No plan satisfies every hard rule under the declared assumptions; published timetable issued with alert.
2026-10-03 15:50:46,039 level=INFO module=sunflow.opt msg=solve status=optimal obj=165903.7 gap=0.0005 t=3.90s binaries=332 constraints=328
2026-10-03 15:50:46,180 level=INFO module=sunflow.certify msg=certified status=CERTIFIED rung=nominal tightening=0
2026-10-03 15:50:53,711 level=INFO module=sunflow.opt msg=solve status=optimal obj=109430.7 gap=0.0001 t=1.87s binaries=261 constraints=328
2026-10-03 15:50:53,790 level=INFO module=sunflow.certify msg=certified status=CERTIFIED rung=nominal tightening=0
2026-10-03 15:50:55,744 level=WARNING module=sunflow.opt msg=no admissible pattern for ['Kharosa', 'Jawali', 'Lamjana II', 'Chalburga']: infeasible by construction ({'Kharosa': {'candidates': 9, 'thermal_dropped': 9, 'kept': 0, 'longest_single_spell_blocks': 0}, 'Jawali': {'candidates': 9, 'thermal_dropped': 9, 'kept': 0, 'longest_single_spell_blocks': 0}, 'Lamjana II': {'candidates': 84, 'thermal_dropped': 84, 'kept': 0, 'longest_single_spell_blocks': 0}, 'Chalburga': {'candidates': 84, 'thermal_dropped': 84, 'kept': 0, 'longest_single_spell_blocks': 0}})
2026-10-03 15:50:56,186 level=WARNING module=sunflow.opt msg=no admissible pattern for ['Kharosa', 'Jawali', 'Lamjana II', 'Chalburga']: infeasible by construction ({'Kharosa': {'candidates': 264, 'thermal_dropped': 264, 'kept': 0, 'longest_single_spell_blocks': 0}, 'Jawali': {'candidates': 264, 'thermal_dropped': 264, 'kept': 0, 'longest_single_spell_blocks': 0}, 'Lamjana II': {'candidates': 591, 'thermal_dropped': 591, 'kept': 0, 'longest_single_spell_blocks': 0}, 'Chalburga': {'candidates': 591, 'thermal_dropped': 591, 'kept': 0, 'longest_single_spell_blocks': 0}})
2026-10-03 15:50:57,846 level=WARNING module=sunflow.opt msg=no admissible pattern for ['Kharosa', 'Jawali', 'Lamjana II', 'Chalburga']: infeasible by construction ({'Kharosa': {'candidates': 1407, 'thermal_dropped': 1407, 'kept': 0, 'longest_single_spell_blocks': 0}, 'Jawali': {'candidates': 1407, 'thermal_dropped': 1407, 'kept': 0, 'longest_single_spell_blocks': 0}, 'Lamjana II': {'candidates': 1407, 'thermal_dropped': 1407, 'kept': 0, 'longest_single_spell_blocks': 0}, 'Chalburga': {'candidates': 1407, 'thermal_dropped': 1407, 'kept': 0, 'longest_single_spell_blocks': 0}})
2026-10-03 15:51:32,601 level=INFO module=sunflow.opt msg=solve status=feasible obj=231140.2 gap=None t=33.45s binaries=5628 constraints=391
2026-10-03 15:51:33,410 level=WARNING module=sunflow.opt msg=no admissible pattern for ['Kharosa', 'Jawali', 'Lamjana II', 'Chalburga']: infeasible by construction ({'Kharosa': {'candidates': 1407, 'thermal_dropped': 1407, 'kept': 0, 'longest_single_spell_blocks': 0}, 'Jawali': {'candidates': 1407, 'thermal_dropped': 1407, 'kept': 0, 'longest_single_spell_blocks': 0}, 'Lamjana II': {'candidates': 1407, 'thermal_dropped': 1407, 'kept': 0, 'longest_single_spell_blocks': 0}, 'Chalburga': {'candidates': 1407, 'thermal_dropped': 1407, 'kept': 0, 'longest_single_spell_blocks': 0}})
2026-10-03 15:51:34,343 level=WARNING module=sunflow.opt msg=no admissible pattern for ['Kharosa', 'Jawali', 'Lamjana II', 'Chalburga']: infeasible by construction ({'Kharosa': {'candidates': 1407, 'thermal_dropped': 1407, 'kept': 0, 'longest_single_spell_blocks': 0}, 'Jawali': {'candidates': 1407, 'thermal_dropped': 1407, 'kept': 0, 'longest_single_spell_blocks': 0}, 'Lamjana II': {'candidates': 1407, 'thermal_dropped': 1407, 'kept': 0, 'longest_single_spell_blocks': 0}, 'Chalburga': {'candidates': 1407, 'thermal_dropped': 1407, 'kept': 0, 'longest_single_spell_blocks': 0}})
2026-10-03 15:51:35,275 level=WARNING module=sunflow.opt msg=no admissible pattern for ['Kharosa', 'Jawali', 'Lamjana II', 'Chalburga']: infeasible by construction ({'Kharosa': {'candidates': 1407, 'thermal_dropped': 1407, 'kept': 0, 'longest_single_spell_blocks': 0}, 'Jawali': {'candidates': 1407, 'thermal_dropped': 1407, 'kept': 0, 'longest_single_spell_blocks': 0}, 'Lamjana II': {'candidates': 1407, 'thermal_dropped': 1407, 'kept': 0, 'longest_single_spell_blocks': 0}, 'Chalburga': {'candidates': 1407, 'thermal_dropped': 1407, 'kept': 0, 'longest_single_spell_blocks': 0}})
2026-10-03 15:51:43,603 level=INFO module=sunflow.opt msg=solve status=optimal obj=283582.2 gap=0.0236 t=8.21s binaries=1528 constraints=397
2026-10-03 15:51:43,603 level=WARNING module=sunflow.certify msg=No plan satisfies every hard rule under the declared assumptions; published timetable issued with alert.
shard 1/8: 25 done, 747s, statuses {'INFEASIBLE': 7, 'CERTIFIED': 9, 'CERTIFIED_WITH_RELAXATION': 9}, violations on certified plans: 0
2026-10-03 15:51:46,666 level=INFO module=sunflow.opt msg=solve status=optimal obj=60288.0 gap=0.0014 t=3.01s binaries=336 constraints=328
2026-10-03 15:51:46,728 level=INFO module=sunflow.certify msg=certified status=CERTIFIED rung=nominal tightening=0
2026-10-03 15:51:49,861 level=WARNING module=sunflow.opt msg=no admissible pattern for ['Lamjana II']: infeasible by construction ({'Kharosa': {'candidates': 84, 'thermal_dropped': 54, 'kept': 30, 'longest_single_spell_blocks': 28}, 'Jawali': {'candidates': 84, 'thermal_dropped': 54, 'kept': 30, 'longest_single_spell_blocks': 28}, 'Lamjana II': {'candidates': 9, 'thermal_dropped': 9, 'kept': 0, 'longest_single_spell_blocks': 0}, 'Chalburga': {'candidates': 84, 'thermal_dropped': 54, 'kept': 30, 'longest_single_spell_blocks': 28}})
2026-10-03 15:52:11,609 level=INFO module=sunflow.opt msg=solve status=feasible obj=110849.0 gap=None t=21.42s binaries=1698 constraints=349
2026-10-03 15:52:11,651 level=INFO module=sunflow.certify msg=certified status=CERTIFIED_WITH_RELAXATION rung=split_spells tightening=0
2026-10-03 15:52:11,817 level=INFO module=sunflow.certify msg=baseline guard: published timetable (Rs 24,216) not worse than plan (Rs 48,342); issuing timetable
2026-10-03 15:52:13,910 level=WARNING module=sunflow.opt msg=no admissible pattern for ['Kharosa', 'Jawali', 'Lamjana II', 'Chalburga']: infeasible by construction ({'Kharosa': {'candidates': 84, 'thermal_dropped': 84, 'kept': 0, 'longest_single_spell_blocks': 0}, 'Jawali': {'candidates': 84, 'thermal_dropped': 84, 'kept': 0, 'longest_single_spell_blocks': 0}, 'Lamjana II': {'candidates': 9, 'thermal_dropped': 9, 'kept': 0, 'longest_single_spell_blocks': 0}, 'Chalburga': {'candidates': 84, 'thermal_dropped': 84, 'kept': 0, 'longest_single_spell_blocks': 0}})
2026-10-03 15:52:14,562 level=WARNING module=sunflow.opt msg=no admissible pattern for ['Lamjana II']: infeasible by construction ({'Kharosa': {'candidates': 591, 'thermal_dropped': 554, 'kept': 37, 'longest_single_spell_blocks': 0}, 'Jawali': {'candidates': 591, 'thermal_dropped': 554, 'kept': 37, 'longest_single_spell_blocks': 0}, 'Lamjana II': {'candidates': 264, 'thermal_dropped': 264, 'kept': 0, 'longest_single_spell_blocks': 0}, 'Chalburga': {'candidates': 591, 'thermal_dropped': 554, 'kept': 37, 'longest_single_spell_blocks': 0}})
2026-10-03 15:52:16,519 level=INFO module=sunflow.opt msg=solve status=optimal obj=218480.6 gap=0.0162 t=1.92s binaries=224 constraints=229
2026-10-03 15:52:16,568 level=INFO module=sunflow.certify msg=certified status=CERTIFIED_WITH_RELAXATION rung=feasibility_focus tightening=0
2026-10-03 15:52:21,693 level=INFO module=sunflow.opt msg=solve status=optimal obj=52067.3 gap=0.0002 t=2.87s binaries=336 constraints=328
2026-10-03 15:52:21,829 level=INFO module=sunflow.certify msg=certified status=CERTIFIED rung=nominal tightening=0
2026-10-03 15:52:25,985 level=INFO module=sunflow.opt msg=solve status=optimal obj=116392.6 gap=0.0 t=1.36s binaries=261 constraints=328
2026-10-03 15:52:26,037 level=INFO module=sunflow.certify msg=certified status=CERTIFIED rung=nominal tightening=0
2026-10-03 15:52:29,154 level=INFO module=sunflow.opt msg=solve status=optimal obj=56085.9 gap=0.0001 t=0.98s binaries=111 constraints=328
2026-10-03 15:52:29,251 level=INFO module=sunflow.certify msg=certified status=CERTIFIED rung=nominal tightening=0
2026-10-03 15:52:29,476 level=INFO module=sunflow.certify msg=baseline guard: published timetable (Rs 22,539) not worse than plan (Rs 22,975); issuing timetable
2026-10-03 15:52:31,509 level=WARNING module=sunflow.opt msg=no admissible pattern for ['Kharosa', 'Jawali', 'Lamjana II', 'Chalburga']: infeasible by construction ({'Kharosa': {'candidates': 84, 'thermal_dropped': 84, 'kept': 0, 'longest_single_spell_blocks': 0}, 'Jawali': {'candidates': 84, 'thermal_dropped': 84, 'kept': 0, 'longest_single_spell_blocks': 0}, 'Lamjana II': {'candidates': 84, 'thermal_dropped': 84, 'kept': 0, 'longest_single_spell_blocks': 0}, 'Chalburga': {'candidates': 84, 'thermal_dropped': 84, 'kept': 0, 'longest_single_spell_blocks': 0}})
2026-10-03 15:52:32,697 level=WARNING module=sunflow.opt msg=solve status=infeasible tc=infeasible t=1.18s
2026-10-03 15:52:35,201 level=WARNING module=sunflow.opt msg=solve status=infeasible tc=infeasible t=2.50s
2026-10-03 15:53:07,367 level=INFO module=sunflow.opt msg=solve status=feasible obj=212201.8 gap=None t=31.15s binaries=5628 constraints=351
2026-10-03 15:53:09,272 level=WARNING module=sunflow.opt msg=solve status=infeasible tc=infeasible t=1.90s
2026-10-03 15:53:10,932 level=WARNING module=sunflow.opt msg=solve status=infeasible tc=infeasible t=1.66s
2026-10-03 15:53:13,058 level=WARNING module=sunflow.opt msg=solve status=infeasible tc=infeasible t=2.11s
2026-10-03 15:53:32,261 level=INFO module=sunflow.opt msg=solve status=feasible obj=247380.4 gap=None t=18.86s binaries=3728 constraints=357
2026-10-03 15:53:32,261 level=WARNING module=sunflow.certify msg=No plan satisfies every hard rule under the declared assumptions; published timetable issued with alert.
2026-10-03 15:53:37,673 level=INFO module=sunflow.opt msg=solve status=optimal obj=85995.8 gap=0.0006 t=2.23s binaries=336 constraints=328
2026-10-03 15:53:37,764 level=INFO module=sunflow.certify msg=certified status=CERTIFIED rung=nominal tightening=0
2026-10-03 15:53:40,844 level=WARNING module=sunflow.opt msg=no admissible pattern for ['Jawali']: infeasible by construction ({'Kharosa': {'candidates': 84, 'thermal_dropped': 0, 'kept': 84, 'longest_single_spell_blocks': 32}, 'Jawali': {'candidates': 84, 'thermal_dropped': 84, 'kept': 0, 'longest_single_spell_blocks': 0}, 'Lamjana II': {'candidates': 84, 'thermal_dropped': 0, 'kept': 84, 'longest_single_spell_blocks': 32}, 'Chalburga': {'candidates': 84, 'thermal_dropped': 0, 'kept': 84, 'longest_single_spell_blocks': 32}})
2026-10-03 15:54:04,716 level=INFO module=sunflow.opt msg=solve status=feasible obj=91458.5 gap=None t=23.36s binaries=1862 constraints=351
2026-10-03 15:54:04,781 level=INFO module=sunflow.certify msg=certified status=CERTIFIED_WITH_RELAXATION rung=split_spells tightening=0
2026-10-03 15:54:07,262 level=WARNING module=sunflow.opt msg=no admissible pattern for ['Lamjana II']: infeasible by construction ({'Kharosa': {'candidates': 9, 'thermal_dropped': 8, 'kept': 1, 'longest_single_spell_blocks': 32}, 'Jawali': {'candidates': 84, 'thermal_dropped': 48, 'kept': 36, 'longest_single_spell_blocks': 32}, 'Lamjana II': {'candidates': 0, 'thermal_dropped': 0, 'kept': 0, 'longest_single_spell_blocks': 0}, 'Chalburga': {'candidates': 9, 'thermal_dropped': 8, 'kept': 1, 'longest_single_spell_blocks': 32}})
2026-10-03 15:54:29,885 level=INFO module=sunflow.opt msg=solve status=feasible obj=121150.6 gap=0.0351 t=21.61s binaries=1061 constraints=349
2026-10-03 15:54:30,035 level=INFO module=sunflow.certify msg=certified status=CERTIFIED_WITH_RELAXATION rung=split_spells tightening=0
2026-10-03 15:54:32,060 level=WARNING module=sunflow.opt msg=no admissible pattern for ['Kharosa', 'Jawali', 'Lamjana II', 'Chalburga']: infeasible by construction ({'Kharosa': {'candidates': 9, 'thermal_dropped': 9, 'kept': 0, 'longest_single_spell_blocks': 0}, 'Jawali': {'candidates': 84, 'thermal_dropped': 84, 'kept': 0, 'longest_single_spell_blocks': 0}, 'Lamjana II': {'candidates': 9, 'thermal_dropped': 9, 'kept': 0, 'longest_single_spell_blocks': 0}, 'Chalburga': {'candidates': 9, 'thermal_dropped': 9, 'kept': 0, 'longest_single_spell_blocks': 0}})
2026-10-03 15:54:32,393 level=WARNING module=sunflow.opt msg=no admissible pattern for ['Kharosa', 'Lamjana II', 'Chalburga']: infeasible by construction ({'Kharosa': {'candidates': 264, 'thermal_dropped': 264, 'kept': 0, 'longest_single_spell_blocks': 0}, 'Jawali': {'candidates': 591, 'thermal_dropped': 568, 'kept': 23, 'longest_single_spell_blocks': 0}, 'Lamjana II': {'candidates': 264, 'thermal_dropped': 264, 'kept': 0, 'longest_single_spell_blocks': 0}, 'Chalburga': {'candidates': 264, 'thermal_dropped': 264, 'kept': 0, 'longest_single_spell_blocks': 0}})
2026-10-03 15:54:35,342 level=WARNING module=sunflow.opt msg=solve status=infeasible tc=infeasible t=2.95s
2026-10-03 15:55:05,050 level=INFO module=sunflow.opt msg=solve status=feasible obj=187628.0 gap=None t=28.86s binaries=5628 constraints=351
2026-10-03 15:55:07,575 level=WARNING module=sunflow.opt msg=solve status=infeasible tc=infeasible t=2.52s
2026-10-03 15:55:11,392 level=WARNING module=sunflow.opt msg=solve status=infeasible tc=infeasible t=3.82s
2026-10-03 15:55:13,588 level=INFO module=sunflow.opt msg=solve status=optimal obj=312134.8 gap=0.0145 t=2.13s binaries=132 constraints=296
2026-10-03 15:55:40,368 level=INFO module=sunflow.opt msg=solve status=feasible obj=221871.5 gap=None t=26.06s binaries=5012 constraints=357
2026-10-03 15:55:40,368 level=WARNING module=sunflow.certify msg=No plan satisfies every hard rule under the declared assumptions; published timetable issued with alert.
2026-10-03 15:55:42,766 level=WARNING module=sunflow.opt msg=no admissible pattern for ['Kharosa', 'Jawali', 'Lamjana II', 'Chalburga']: infeasible by construction ({'Kharosa': {'candidates': 9, 'thermal_dropped': 9, 'kept': 0, 'longest_single_spell_blocks': 0}, 'Jawali': {'candidates': 84, 'thermal_dropped': 84, 'kept': 0, 'longest_single_spell_blocks': 0}, 'Lamjana II': {'candidates': 84, 'thermal_dropped': 84, 'kept': 0, 'longest_single_spell_blocks': 0}, 'Chalburga': {'candidates': 9, 'thermal_dropped': 9, 'kept': 0, 'longest_single_spell_blocks': 0}})
2026-10-03 15:55:43,207 level=WARNING module=sunflow.opt msg=no admissible pattern for ['Kharosa', 'Chalburga']: infeasible by construction ({'Kharosa': {'candidates': 264, 'thermal_dropped': 264, 'kept': 0, 'longest_single_spell_blocks': 0}, 'Jawali': {'candidates': 591, 'thermal_dropped': 509, 'kept': 82, 'longest_single_spell_blocks': 0}, 'Lamjana II': {'candidates': 591, 'thermal_dropped': 509, 'kept': 82, 'longest_single_spell_blocks': 0}, 'Chalburga': {'candidates': 264, 'thermal_dropped': 264, 'kept': 0, 'longest_single_spell_blocks': 0}})
2026-10-03 15:55:50,214 level=INFO module=sunflow.opt msg=solve status=optimal obj=229171.7 gap=0.0267 t=6.62s binaries=648 constraints=243
2026-10-03 15:55:50,258 level=INFO module=sunflow.certify msg=certified status=CERTIFIED_WITH_RELAXATION rung=feasibility_focus tightening=0
2026-10-03 15:55:55,659 level=INFO module=sunflow.opt msg=solve status=optimal obj=130548.6 gap=0.0001 t=3.21s binaries=186 constraints=328
2026-10-03 15:55:55,743 level=INFO module=sunflow.certify msg=certified status=CERTIFIED rung=nominal tightening=0
2026-10-03 15:56:05,195 level=WARNING module=sunflow.opt msg=solve status=infeasible tc=infeasible t=5.85s
2026-10-03 15:56:33,040 level=INFO module=sunflow.opt msg=solve status=feasible obj=172022.6 gap=None t=27.20s binaries=2364 constraints=391
2026-10-03 15:56:33,093 level=INFO module=sunflow.certify msg=certified status=CERTIFIED_WITH_RELAXATION rung=split_spells tightening=0
2026-10-03 15:56:36,864 level=INFO module=sunflow.opt msg=solve status=optimal obj=71272.9 gap=0.0003 t=1.93s binaries=261 constraints=328
2026-10-03 15:56:36,912 level=INFO module=sunflow.certify msg=certified status=CERTIFIED rung=nominal tightening=0
2026-10-03 15:56:39,501 level=WARNING module=sunflow.opt msg=no admissible pattern for ['Kharosa', 'Jawali', 'Lamjana II', 'Chalburga']: infeasible by construction ({'Kharosa': {'candidates': 84, 'thermal_dropped': 84, 'kept': 0, 'longest_single_spell_blocks': 0}, 'Jawali': {'candidates': 84, 'thermal_dropped': 84, 'kept': 0, 'longest_single_spell_blocks': 0}, 'Lamjana II': {'candidates': 84, 'thermal_dropped': 84, 'kept': 0, 'longest_single_spell_blocks': 0}, 'Chalburga': {'candidates': 84, 'thermal_dropped': 84, 'kept': 0, 'longest_single_spell_blocks': 0}})
2026-10-03 15:56:40,235 level=WARNING module=sunflow.opt msg=no admissible pattern for ['Kharosa', 'Jawali', 'Lamjana II', 'Chalburga']: infeasible by construction ({'Kharosa': {'candidates': 591, 'thermal_dropped': 591, 'kept': 0, 'longest_single_spell_blocks': 0}, 'Jawali': {'candidates': 591, 'thermal_dropped': 591, 'kept': 0, 'longest_single_spell_blocks': 0}, 'Lamjana II': {'candidates': 591, 'thermal_dropped': 591, 'kept': 0, 'longest_single_spell_blocks': 0}, 'Chalburga': {'candidates': 591, 'thermal_dropped': 591, 'kept': 0, 'longest_single_spell_blocks': 0}})
2026-10-03 15:56:41,419 level=WARNING module=sunflow.opt msg=no admissible pattern for ['Kharosa', 'Jawali', 'Lamjana II', 'Chalburga']: infeasible by construction ({'Kharosa': {'candidates': 1407, 'thermal_dropped': 1407, 'kept': 0, 'longest_single_spell_blocks': 0}, 'Jawali': {'candidates': 1407, 'thermal_dropped': 1407, 'kept': 0, 'longest_single_spell_blocks': 0}, 'Lamjana II': {'candidates': 1407, 'thermal_dropped': 1407, 'kept': 0, 'longest_single_spell_blocks': 0}, 'Chalburga': {'candidates': 1407, 'thermal_dropped': 1407, 'kept': 0, 'longest_single_spell_blocks': 0}})
2026-10-03 15:57:25,217 level=INFO module=sunflow.opt msg=solve status=feasible obj=189065.0 gap=None t=42.70s binaries=5628 constraints=351
2026-10-03 15:57:26,980 level=WARNING module=sunflow.opt msg=no admissible pattern for ['Kharosa', 'Jawali', 'Lamjana II', 'Chalburga']: infeasible by construction ({'Kharosa': {'candidates': 1407, 'thermal_dropped': 1407, 'kept': 0, 'longest_single_spell_blocks': 0}, 'Jawali': {'candidates': 1407, 'thermal_dropped': 1407, 'kept': 0, 'longest_single_spell_blocks': 0}, 'Lamjana II': {'candidates': 1407, 'thermal_dropped': 1407, 'kept': 0, 'longest_single_spell_blocks': 0}, 'Chalburga': {'candidates': 1407, 'thermal_dropped': 1407, 'kept': 0, 'longest_single_spell_blocks': 0}})
2026-10-03 15:57:28,953 level=WARNING module=sunflow.opt msg=no admissible pattern for ['Kharosa', 'Jawali', 'Lamjana II', 'Chalburga']: infeasible by construction ({'Kharosa': {'candidates': 1407, 'thermal_dropped': 1407, 'kept': 0, 'longest_single_spell_blocks': 0}, 'Jawali': {'candidates': 1407, 'thermal_dropped': 1407, 'kept': 0, 'longest_single_spell_blocks': 0}, 'Lamjana II': {'candidates': 1407, 'thermal_dropped': 1407, 'kept': 0, 'longest_single_spell_blocks': 0}, 'Chalburga': {'candidates': 1407, 'thermal_dropped': 1407, 'kept': 0, 'longest_single_spell_blocks': 0}})
2026-10-03 15:57:31,181 level=WARNING module=sunflow.opt msg=no admissible pattern for ['Kharosa', 'Jawali', 'Lamjana II', 'Chalburga']: infeasible by construction ({'Kharosa': {'candidates': 1407, 'thermal_dropped': 1407, 'kept': 0, 'longest_single_spell_blocks': 0}, 'Jawali': {'candidates': 1407, 'thermal_dropped': 1407, 'kept': 0, 'longest_single_spell_blocks': 0}, 'Lamjana II': {'candidates': 1407, 'thermal_dropped': 1407, 'kept': 0, 'longest_single_spell_blocks': 0}, 'Chalburga': {'candidates': 1407, 'thermal_dropped': 1407, 'kept': 0, 'longest_single_spell_blocks': 0}})
2026-10-03 15:57:37,125 level=INFO module=sunflow.opt msg=solve status=optimal obj=386438.6 gap=0.0022 t=5.87s binaries=920 constraints=357
2026-10-03 15:57:37,126 level=WARNING module=sunflow.certify msg=No plan satisfies every hard rule under the declared assumptions; published timetable issued with alert.
2026-10-03 15:57:37,513 level=WARNING module=sunflow.opt msg=no admissible pattern for ['Chalburga']: infeasible by construction ({'Kharosa': {'candidates': 84, 'thermal_dropped': 0, 'kept': 84, 'longest_single_spell_blocks': 32}, 'Jawali': {'candidates': 84, 'thermal_dropped': 0, 'kept': 84, 'longest_single_spell_blocks': 32}, 'Lamjana II': {'candidates': 84, 'thermal_dropped': 0, 'kept': 84, 'longest_single_spell_blocks': 32}, 'Chalburga': {'candidates': 84, 'thermal_dropped': 84, 'kept': 0, 'longest_single_spell_blocks': 0}})
2026-10-03 15:58:05,503 level=INFO module=sunflow.opt msg=solve status=feasible obj=167409.8 gap=None t=27.63s binaries=1834 constraints=351
2026-10-03 15:58:05,563 level=INFO module=sunflow.certify msg=certified status=CERTIFIED_WITH_RELAXATION rung=split_spells tightening=0
2026-10-03 15:58:07,801 level=WARNING module=sunflow.opt msg=no admissible pattern for ['Kharosa', 'Jawali', 'Lamjana II', 'Chalburga']: infeasible by construction ({'Kharosa': {'candidates': 84, 'thermal_dropped': 84, 'kept': 0, 'longest_single_spell_blocks': 0}, 'Jawali': {'candidates': 84, 'thermal_dropped': 84, 'kept': 0, 'longest_single_spell_blocks': 0}, 'Lamjana II': {'candidates': 9, 'thermal_dropped': 9, 'kept': 0, 'longest_single_spell_blocks': 0}, 'Chalburga': {'candidates': 84, 'thermal_dropped': 84, 'kept': 0, 'longest_single_spell_blocks': 0}})
2026-10-03 15:58:08,299 level=WARNING module=sunflow.opt msg=no admissible pattern for ['Lamjana II']: infeasible by construction ({'Kharosa': {'candidates': 591, 'thermal_dropped': 569, 'kept': 22, 'longest_single_spell_blocks': 0}, 'Jawali': {'candidates': 591, 'thermal_dropped': 569, 'kept': 22, 'longest_single_spell_blocks': 0}, 'Lamjana II': {'candidates': 264, 'thermal_dropped': 264, 'kept': 0, 'longest_single_spell_blocks': 0}, 'Chalburga': {'candidates': 591, 'thermal_dropped': 569, 'kept': 22, 'longest_single_spell_blocks': 0}})
2026-10-03 15:58:11,217 level=WARNING module=sunflow.opt msg=solve status=infeasible tc=infeasible t=2.92s
2026-10-03 15:58:46,679 level=INFO module=sunflow.opt msg=solve status=feasible obj=149640.7 gap=None t=34.22s binaries=5628 constraints=351
2026-10-03 15:58:48,848 level=WARNING module=sunflow.opt msg=solve status=infeasible tc=infeasible t=2.17s
2026-10-03 15:58:51,051 level=WARNING module=sunflow.opt msg=solve status=infeasible tc=infeasible t=2.20s
2026-10-03 15:58:53,218 level=INFO module=sunflow.opt msg=solve status=optimal obj=247094.5 gap=0.017 t=2.15s binaries=120 constraints=292
2026-10-03 15:59:13,248 level=INFO module=sunflow.opt msg=solve status=feasible obj=202727.7 gap=None t=19.11s binaries=4744 constraints=357
2026-10-03 15:59:13,248 level=WARNING module=sunflow.certify msg=No plan satisfies every hard rule under the declared assumptions; published timetable issued with alert.
2026-10-03 15:59:17,061 level=INFO module=sunflow.opt msg=solve status=optimal obj=132201.7 gap=0.0 t=2.09s binaries=186 constraints=328
2026-10-03 15:59:17,105 level=INFO module=sunflow.certify msg=certified status=CERTIFIED rung=nominal tightening=0
2026-10-03 15:59:17,240 level=INFO module=sunflow.certify msg=baseline guard: published timetable (Rs 61,072) not worse than plan (Rs 61,269); issuing timetable
2026-10-03 15:59:20,077 level=INFO module=sunflow.opt msg=solve status=optimal obj=125428.1 gap=0.0 t=0.96s binaries=183 constraints=314
2026-10-03 15:59:37,791 level=INFO module=sunflow.opt msg=solve status=optimal obj=110184.5 gap=0.0101 t=17.30s binaries=1559 constraints=349
2026-10-03 15:59:37,847 level=INFO module=sunflow.certify msg=certified without night compensation using split spells
2026-10-03 15:59:39,827 level=WARNING module=sunflow.opt msg=no admissible pattern for ['Kharosa']: infeasible by construction ({'Kharosa': {'candidates': 0, 'thermal_dropped': 0, 'kept': 0, 'longest_single_spell_blocks': 0}, 'Jawali': {'candidates': 84, 'thermal_dropped': 0, 'kept': 84, 'longest_single_spell_blocks': 32}, 'Lamjana II': {'candidates': 84, 'thermal_dropped': 0, 'kept': 84, 'longest_single_spell_blocks': 32}, 'Chalburga': {'candidates': 9, 'thermal_dropped': 0, 'kept': 9, 'longest_single_spell_blocks': 32}})
2026-10-03 16:00:01,195 level=INFO module=sunflow.opt msg=solve status=feasible obj=60609.1 gap=0.9968 t=21.12s binaries=1464 constraints=343
2026-10-03 16:00:01,296 level=INFO module=sunflow.certify msg=certified status=CERTIFIED_WITH_RELAXATION rung=split_spells tightening=0
2026-10-03 16:00:05,874 level=INFO module=sunflow.opt msg=solve status=optimal obj=76260.0 gap=0.0009 t=2.60s binaries=261 constraints=328
2026-10-03 16:00:05,953 level=INFO module=sunflow.certify msg=certified status=CERTIFIED rung=nominal tightening=0
2026-10-03 16:00:08,358 level=WARNING module=sunflow.opt msg=no admissible pattern for ['Chalburga']: infeasible by construction ({'Kharosa': {'candidates': 84, 'thermal_dropped': 6, 'kept': 78, 'longest_single_spell_blocks': 32}, 'Jawali': {'candidates': 84, 'thermal_dropped': 6, 'kept': 78, 'longest_single_spell_blocks': 32}, 'Lamjana II': {'candidates': 9, 'thermal_dropped': 1, 'kept': 8, 'longest_single_spell_blocks': 32}, 'Chalburga': {'candidates': 84, 'thermal_dropped': 84, 'kept': 0, 'longest_single_spell_blocks': 0}})
2026-10-03 16:00:08,760 level=WARNING module=sunflow.opt msg=no admissible pattern for ['Chalburga']: infeasible by construction ({'Kharosa': {'candidates': 591, 'thermal_dropped': 36, 'kept': 555, 'longest_single_spell_blocks': 32}, 'Jawali': {'candidates': 591, 'thermal_dropped': 36, 'kept': 555, 'longest_single_spell_blocks': 32}, 'Lamjana II': {'candidates': 264, 'thermal_dropped': 31, 'kept': 233, 'longest_single_spell_blocks': 32}, 'Chalburga': {'candidates': 591, 'thermal_dropped': 591, 'kept': 0, 'longest_single_spell_blocks': 0}})
2026-10-03 16:00:09,998 level=WARNING module=sunflow.opt msg=no admissible pattern for ['Chalburga']: infeasible by construction ({'Kharosa': {'candidates': 1407, 'thermal_dropped': 51, 'kept': 1356, 'longest_single_spell_blocks': 32}, 'Jawali': {'candidates': 1407, 'thermal_dropped': 51, 'kept': 1356, 'longest_single_spell_blocks': 32}, 'Lamjana II': {'candidates': 1407, 'thermal_dropped': 51, 'kept': 1356, 'longest_single_spell_blocks': 32}, 'Chalburga': {'candidates': 1407, 'thermal_dropped': 1407, 'kept': 0, 'longest_single_spell_blocks': 0}})
2026-10-03 16:00:34,359 level=INFO module=sunflow.opt msg=solve status=feasible obj=127980.6 gap=None t=23.53s binaries=5628 constraints=351
2026-10-03 16:00:35,225 level=WARNING module=sunflow.opt msg=no admissible pattern for ['Chalburga']: infeasible by construction ({'Kharosa': {'candidates': 1407, 'thermal_dropped': 51, 'kept': 1356, 'longest_single_spell_blocks': 32}, 'Jawali': {'candidates': 1407, 'thermal_dropped': 51, 'kept': 1356, 'longest_single_spell_blocks': 32}, 'Lamjana II': {'candidates': 1407, 'thermal_dropped': 51, 'kept': 1356, 'longest_single_spell_blocks': 32}, 'Chalburga': {'candidates': 1407, 'thermal_dropped': 1407, 'kept': 0, 'longest_single_spell_blocks': 0}})
2026-10-03 16:00:36,342 level=WARNING module=sunflow.opt msg=no admissible pattern for ['Chalburga']: infeasible by construction ({'Kharosa': {'candidates': 1407, 'thermal_dropped': 51, 'kept': 1356, 'longest_single_spell_blocks': 32}, 'Jawali': {'candidates': 1407, 'thermal_dropped': 51, 'kept': 1356, 'longest_single_spell_blocks': 32}, 'Lamjana II': {'candidates': 1407, 'thermal_dropped': 51, 'kept': 1356, 'longest_single_spell_blocks': 32}, 'Chalburga': {'candidates': 1407, 'thermal_dropped': 1407, 'kept': 0, 'longest_single_spell_blocks': 0}})
2026-10-03 16:00:37,216 level=WARNING module=sunflow.opt msg=no admissible pattern for ['Chalburga']: infeasible by construction ({'Kharosa': {'candidates': 1407, 'thermal_dropped': 51, 'kept': 1356, 'longest_single_spell_blocks': 32}, 'Jawali': {'candidates': 1407, 'thermal_dropped': 51, 'kept': 1356, 'longest_single_spell_blocks': 32}, 'Lamjana II': {'candidates': 1407, 'thermal_dropped': 51, 'kept': 1356, 'longest_single_spell_blocks': 32}, 'Chalburga': {'candidates': 1407, 'thermal_dropped': 1407, 'kept': 0, 'longest_single_spell_blocks': 0}})
2026-10-03 16:01:17,797 level=INFO module=sunflow.opt msg=solve status=feasible obj=150436.8 gap=None t=39.21s binaries=10676 constraints=357
2026-10-03 16:01:17,798 level=WARNING module=sunflow.certify msg=No plan satisfies every hard rule under the declared assumptions; published timetable issued with alert.
2026-10-03 16:01:21,589 level=WARNING module=sunflow.opt msg=solve status=infeasible tc=infeasible t=2.15s
2026-10-03 16:01:45,105 level=INFO module=sunflow.opt msg=solve status=feasible obj=158542.7 gap=None t=23.18s binaries=2364 constraints=391
2026-10-03 16:01:45,154 level=INFO module=sunflow.certify msg=certified status=CERTIFIED_WITH_RELAXATION rung=split_spells tightening=0
2026-10-03 16:01:46,947 level=WARNING module=sunflow.opt msg=no admissible pattern for ['Kharosa', 'Jawali', 'Lamjana II', 'Chalburga']: infeasible by construction ({'Kharosa': {'candidates': 9, 'thermal_dropped': 9, 'kept': 0, 'longest_single_spell_blocks': 0}, 'Jawali': {'candidates': 84, 'thermal_dropped': 84, 'kept': 0, 'longest_single_spell_blocks': 0}, 'Lamjana II': {'candidates': 84, 'thermal_dropped': 84, 'kept': 0, 'longest_single_spell_blocks': 0}, 'Chalburga': {'candidates': 84, 'thermal_dropped': 84, 'kept': 0, 'longest_single_spell_blocks': 0}})
2026-10-03 16:01:47,293 level=WARNING module=sunflow.opt msg=no admissible pattern for ['Kharosa', 'Jawali', 'Lamjana II', 'Chalburga']: infeasible by construction ({'Kharosa': {'candidates': 264, 'thermal_dropped': 264, 'kept': 0, 'longest_single_spell_blocks': 0}, 'Jawali': {'candidates': 591, 'thermal_dropped': 591, 'kept': 0, 'longest_single_spell_blocks': 0}, 'Lamjana II': {'candidates': 591, 'thermal_dropped': 591, 'kept': 0, 'longest_single_spell_blocks': 0}, 'Chalburga': {'candidates': 591, 'thermal_dropped': 591, 'kept': 0, 'longest_single_spell_blocks': 0}})
2026-10-03 16:01:48,269 level=WARNING module=sunflow.opt msg=no admissible pattern for ['Kharosa', 'Jawali', 'Lamjana II', 'Chalburga']: infeasible by construction ({'Kharosa': {'candidates': 1407, 'thermal_dropped': 1407, 'kept': 0, 'longest_single_spell_blocks': 0}, 'Jawali': {'candidates': 1407, 'thermal_dropped': 1407, 'kept': 0, 'longest_single_spell_blocks': 0}, 'Lamjana II': {'candidates': 1407, 'thermal_dropped': 1407, 'kept': 0, 'longest_single_spell_blocks': 0}, 'Chalburga': {'candidates': 1407, 'thermal_dropped': 1407, 'kept': 0, 'longest_single_spell_blocks': 0}})
2026-10-03 16:02:10,912 level=INFO module=sunflow.opt msg=solve status=feasible obj=156834.3 gap=None t=21.74s binaries=5628 constraints=351
2026-10-03 16:02:12,018 level=WARNING module=sunflow.opt msg=no admissible pattern for ['Kharosa', 'Jawali', 'Lamjana II', 'Chalburga']: infeasible by construction ({'Kharosa': {'candidates': 1407, 'thermal_dropped': 1407, 'kept': 0, 'longest_single_spell_blocks': 0}, 'Jawali': {'candidates': 1407, 'thermal_dropped': 1407, 'kept': 0, 'longest_single_spell_blocks': 0}, 'Lamjana II': {'candidates': 1407, 'thermal_dropped': 1407, 'kept': 0, 'longest_single_spell_blocks': 0}, 'Chalburga': {'candidates': 1407, 'thermal_dropped': 1407, 'kept': 0, 'longest_single_spell_blocks': 0}})
2026-10-03 16:02:12,987 level=WARNING module=sunflow.opt msg=no admissible pattern for ['Kharosa', 'Jawali', 'Lamjana II', 'Chalburga']: infeasible by construction ({'Kharosa': {'candidates': 1407, 'thermal_dropped': 1407, 'kept': 0, 'longest_single_spell_blocks': 0}, 'Jawali': {'candidates': 1407, 'thermal_dropped': 1407, 'kept': 0, 'longest_single_spell_blocks': 0}, 'Lamjana II': {'candidates': 1407, 'thermal_dropped': 1407, 'kept': 0, 'longest_single_spell_blocks': 0}, 'Chalburga': {'candidates': 1407, 'thermal_dropped': 1407, 'kept': 0, 'longest_single_spell_blocks': 0}})
2026-10-03 16:02:13,872 level=WARNING module=sunflow.opt msg=no admissible pattern for ['Kharosa', 'Jawali', 'Lamjana II', 'Chalburga']: infeasible by construction ({'Kharosa': {'candidates': 1407, 'thermal_dropped': 1407, 'kept': 0, 'longest_single_spell_blocks': 0}, 'Jawali': {'candidates': 1407, 'thermal_dropped': 1407, 'kept': 0, 'longest_single_spell_blocks': 0}, 'Lamjana II': {'candidates': 1407, 'thermal_dropped': 1407, 'kept': 0, 'longest_single_spell_blocks': 0}, 'Chalburga': {'candidates': 1407, 'thermal_dropped': 1407, 'kept': 0, 'longest_single_spell_blocks': 0}})
2026-10-03 16:02:26,318 level=INFO module=sunflow.opt msg=solve status=optimal obj=246760.1 gap=0.0128 t=12.29s binaries=2112 constraints=357
2026-10-03 16:02:26,319 level=WARNING module=sunflow.certify msg=No plan satisfies every hard rule under the declared assumptions; published timetable issued with alert.
shard 1/8: 50 done, 1390s, statuses {'INFEASIBLE': 13, 'CERTIFIED': 19, 'CERTIFIED_WITH_RELAXATION': 18}, violations on certified plans: 0
2026-10-03 16:02:31,678 level=INFO module=sunflow.opt msg=solve status=optimal obj=118283.7 gap=0.0 t=2.71s binaries=186 constraints=328
2026-10-03 16:02:31,804 level=INFO module=sunflow.certify msg=certified status=CERTIFIED rung=nominal tightening=0
2026-10-03 16:02:37,335 level=WARNING module=sunflow.opt msg=solve status=infeasible tc=infeasible t=2.77s
2026-10-03 16:02:58,526 level=INFO module=sunflow.opt msg=solve status=feasible obj=194157.2 gap=None t=20.97s binaries=1853 constraints=391
2026-10-03 16:02:58,562 level=INFO module=sunflow.certify msg=certified status=CERTIFIED_WITH_RELAXATION rung=split_spells tightening=0
2026-10-03 16:03:02,715 level=INFO module=sunflow.opt msg=solve status=optimal obj=67686.1 gap=0.0032 t=2.29s binaries=336 constraints=328
2026-10-03 16:03:02,790 level=INFO module=sunflow.certify msg=certified status=CERTIFIED rung=nominal tightening=0
2026-10-03 16:03:05,176 level=WARNING module=sunflow.opt msg=no admissible pattern for ['Kharosa', 'Jawali', 'Lamjana II', 'Chalburga']: infeasible by construction ({'Kharosa': {'candidates': 84, 'thermal_dropped': 84, 'kept': 0, 'longest_single_spell_blocks': 0}, 'Jawali': {'candidates': 84, 'thermal_dropped': 84, 'kept': 0, 'longest_single_spell_blocks': 0}, 'Lamjana II': {'candidates': 9, 'thermal_dropped': 9, 'kept': 0, 'longest_single_spell_blocks': 0}, 'Chalburga': {'candidates': 84, 'thermal_dropped': 84, 'kept': 0, 'longest_single_spell_blocks': 0}})
2026-10-03 16:03:05,544 level=WARNING module=sunflow.opt msg=no admissible pattern for ['Kharosa', 'Jawali', 'Lamjana II', 'Chalburga']: infeasible by construction ({'Kharosa': {'candidates': 591, 'thermal_dropped': 591, 'kept': 0, 'longest_single_spell_blocks': 0}, 'Jawali': {'candidates': 591, 'thermal_dropped': 591, 'kept': 0, 'longest_single_spell_blocks': 0}, 'Lamjana II': {'candidates': 264, 'thermal_dropped': 264, 'kept': 0, 'longest_single_spell_blocks': 0}, 'Chalburga': {'candidates': 591, 'thermal_dropped': 591, 'kept': 0, 'longest_single_spell_blocks': 0}})
2026-10-03 16:03:06,564 level=WARNING module=sunflow.opt msg=no admissible pattern for ['Kharosa', 'Jawali', 'Lamjana II', 'Chalburga']: infeasible by construction ({'Kharosa': {'candidates': 1407, 'thermal_dropped': 1407, 'kept': 0, 'longest_single_spell_blocks': 0}, 'Jawali': {'candidates': 1407, 'thermal_dropped': 1407, 'kept': 0, 'longest_single_spell_blocks': 0}, 'Lamjana II': {'candidates': 1407, 'thermal_dropped': 1407, 'kept': 0, 'longest_single_spell_blocks': 0}, 'Chalburga': {'candidates': 1407, 'thermal_dropped': 1407, 'kept': 0, 'longest_single_spell_blocks': 0}})
2026-10-03 16:03:37,319 level=INFO module=sunflow.opt msg=solve status=feasible obj=231878.7 gap=None t=30.04s binaries=5628 constraints=391
2026-10-03 16:03:38,284 level=WARNING module=sunflow.opt msg=no admissible pattern for ['Kharosa', 'Jawali', 'Lamjana II', 'Chalburga']: infeasible by construction ({'Kharosa': {'candidates': 1407, 'thermal_dropped': 1407, 'kept': 0, 'longest_single_spell_blocks': 0}, 'Jawali': {'candidates': 1407, 'thermal_dropped': 1407, 'kept': 0, 'longest_single_spell_blocks': 0}, 'Lamjana II': {'candidates': 1407, 'thermal_dropped': 1407, 'kept': 0, 'longest_single_spell_blocks': 0}, 'Chalburga': {'candidates': 1407, 'thermal_dropped': 1407, 'kept': 0, 'longest_single_spell_blocks': 0}})
2026-10-03 16:03:39,161 level=WARNING module=sunflow.opt msg=no admissible pattern for ['Kharosa', 'Jawali', 'Lamjana II', 'Chalburga']: infeasible by construction ({'Kharosa': {'candidates': 1407, 'thermal_dropped': 1407, 'kept': 0, 'longest_single_spell_blocks': 0}, 'Jawali': {'candidates': 1407, 'thermal_dropped': 1407, 'kept': 0, 'longest_single_spell_blocks': 0}, 'Lamjana II': {'candidates': 1407, 'thermal_dropped': 1407, 'kept': 0, 'longest_single_spell_blocks': 0}, 'Chalburga': {'candidates': 1407, 'thermal_dropped': 1407, 'kept': 0, 'longest_single_spell_blocks': 0}})
2026-10-03 16:03:39,924 level=WARNING module=sunflow.opt msg=no admissible pattern for ['Kharosa', 'Jawali', 'Lamjana II', 'Chalburga']: infeasible by construction ({'Kharosa': {'candidates': 1407, 'thermal_dropped': 1407, 'kept': 0, 'longest_single_spell_blocks': 0}, 'Jawali': {'candidates': 1407, 'thermal_dropped': 1407, 'kept': 0, 'longest_single_spell_blocks': 0}, 'Lamjana II': {'candidates': 1407, 'thermal_dropped': 1407, 'kept': 0, 'longest_single_spell_blocks': 0}, 'Chalburga': {'candidates': 1407, 'thermal_dropped': 1407, 'kept': 0, 'longest_single_spell_blocks': 0}})
2026-10-03 16:03:43,802 level=INFO module=sunflow.opt msg=solve status=optimal obj=344532.8 gap=0.0046 t=3.83s binaries=1140 constraints=397
2026-10-03 16:03:43,802 level=WARNING module=sunflow.certify msg=No plan satisfies every hard rule under the declared assumptions; published timetable issued with alert.
2026-10-03 16:03:47,958 level=INFO module=sunflow.opt msg=solve status=optimal obj=112434.0 gap=0.0007 t=1.59s binaries=234 constraints=328
2026-10-03 16:04:10,065 level=INFO module=sunflow.opt msg=solve status=feasible obj=99550.3 gap=None t=21.77s binaries=2010 constraints=351
2026-10-03 16:04:10,099 level=INFO module=sunflow.certify msg=certified without night compensation using split spells
2026-10-03 16:04:10,203 level=INFO module=sunflow.certify msg=baseline guard: published timetable (Rs 25,712) not worse than plan (Rs 34,568); issuing timetable
2026-10-03 16:04:26,919 level=WARNING module=sunflow.opt msg=solve status=timeout tc=maxtimelimit t=16.65s
2026-10-03 16:04:52,446 level=INFO module=sunflow.opt msg=solve status=feasible obj=124626.4 gap=None t=25.02s binaries=2364 constraints=351
2026-10-03 16:04:52,645 level=INFO module=sunflow.certify msg=certified status=CERTIFIED_WITH_RELAXATION rung=split_spells tightening=0
2026-10-03 16:04:56,026 level=INFO module=sunflow.opt msg=solve status=optimal obj=129823.7 gap=0.0012 t=1.10s binaries=192 constraints=316
2026-10-03 16:05:20,951 level=INFO module=sunflow.opt msg=solve status=feasible obj=120097.8 gap=None t=24.52s binaries=1498 constraints=348
2026-10-03 16:05:20,998 level=INFO module=sunflow.certify msg=certified without night compensation using split spells
2026-10-03 16:05:23,093 level=WARNING module=sunflow.opt msg=no admissible pattern for ['Kharosa', 'Jawali', 'Lamjana II', 'Chalburga']: infeasible by construction ({'Kharosa': {'candidates': 0, 'thermal_dropped': 0, 'kept': 0, 'longest_single_spell_blocks': 0}, 'Jawali': {'candidates': 84, 'thermal_dropped': 84, 'kept': 0, 'longest_single_spell_blocks': 0}, 'Lamjana II': {'candidates': 84, 'thermal_dropped': 84, 'kept': 0, 'longest_single_spell_blocks': 0}, 'Chalburga': {'candidates': 84, 'thermal_dropped': 84, 'kept': 0, 'longest_single_spell_blocks': 0}})
2026-10-03 16:05:25,643 level=WARNING module=sunflow.opt msg=solve status=infeasible tc=infeasible t=2.55s
2026-10-03 16:05:28,069 level=WARNING module=sunflow.opt msg=solve status=infeasible tc=infeasible t=2.43s
2026-10-03 16:05:47,585 level=INFO module=sunflow.opt msg=solve status=feasible obj=222921.6 gap=None t=18.73s binaries=4433 constraints=345
2026-10-03 16:05:51,073 level=WARNING module=sunflow.opt msg=solve status=infeasible tc=infeasible t=3.49s
2026-10-03 16:05:53,269 level=INFO module=sunflow.opt msg=solve status=optimal obj=247441.0 gap=0.003 t=2.16s binaries=218 constraints=291
2026-10-03 16:05:55,393 level=INFO module=sunflow.opt msg=solve status=optimal obj=248683.0 gap=0.0118 t=2.09s binaries=218 constraints=302
2026-10-03 16:06:13,573 level=INFO module=sunflow.opt msg=solve status=feasible obj=245575.7 gap=None t=17.76s binaries=4627 constraints=352
2026-10-03 16:06:13,574 level=WARNING module=sunflow.certify msg=No plan satisfies every hard rule under the declared assumptions; published timetable issued with alert.
2026-10-03 16:06:16,219 level=INFO module=sunflow.opt msg=solve status=optimal obj=47574.1 gap=0.0014 t=1.27s binaries=336 constraints=328
2026-10-03 16:06:16,271 level=INFO module=sunflow.certify msg=certified status=CERTIFIED rung=nominal tightening=0
2026-10-03 16:06:18,067 level=WARNING module=sunflow.opt msg=no admissible pattern for ['Kharosa', 'Jawali', 'Lamjana II', 'Chalburga']: infeasible by construction ({'Kharosa': {'candidates': 3, 'thermal_dropped': 3, 'kept': 0, 'longest_single_spell_blocks': 0}, 'Jawali': {'candidates': 84, 'thermal_dropped': 84, 'kept': 0, 'longest_single_spell_blocks': 0}, 'Lamjana II': {'candidates': 9, 'thermal_dropped': 9, 'kept': 0, 'longest_single_spell_blocks': 0}, 'Chalburga': {'candidates': 84, 'thermal_dropped': 84, 'kept': 0, 'longest_single_spell_blocks': 0}})
2026-10-03 16:06:36,086 level=WARNING module=sunflow.opt msg=solve status=timeout tc=maxtimelimit t=18.02s
2026-10-03 16:06:58,094 level=WARNING module=sunflow.opt msg=solve status=timeout tc=maxtimelimit t=22.00s
2026-10-03 16:06:58,133 level=WARNING module=sunflow.certify msg=Solver could not find a plan or prove infeasibility within the time limit; published timetable issued with alert.
2026-10-03 16:06:59,664 level=WARNING module=sunflow.opt msg=no admissible pattern for ['Lamjana II']: infeasible by construction ({'Kharosa': {'candidates': 9, 'thermal_dropped': 0, 'kept': 9, 'longest_single_spell_blocks': 32}, 'Jawali': {'candidates': 84, 'thermal_dropped': 0, 'kept': 84, 'longest_single_spell_blocks': 32}, 'Lamjana II': {'candidates': 0, 'thermal_dropped': 0, 'kept': 0, 'longest_single_spell_blocks': 0}, 'Chalburga': {'candidates': 9, 'thermal_dropped': 0, 'kept': 9, 'longest_single_spell_blocks': 32}})
2026-10-03 16:07:12,247 level=INFO module=sunflow.opt msg=solve status=optimal obj=139042.0 gap=0.0084 t=12.41s binaries=1129 constraints=351
2026-10-03 16:07:12,281 level=INFO module=sunflow.certify msg=certified status=CERTIFIED_WITH_RELAXATION rung=split_spells tightening=0
2026-10-03 16:07:15,496 level=INFO module=sunflow.opt msg=solve status=optimal obj=67073.5 gap=0.0 t=1.71s binaries=336 constraints=328
2026-10-03 16:07:15,544 level=INFO module=sunflow.certify msg=certified status=CERTIFIED rung=nominal tightening=0
2026-10-03 16:07:15,676 level=INFO module=sunflow.certify msg=baseline guard: published timetable (Rs 17,899) not worse than plan (Rs 18,426); issuing timetable
2026-10-03 16:07:19,389 level=WARNING module=sunflow.opt msg=solve status=infeasible tc=infeasible t=2.08s
2026-10-03 16:07:43,268 level=WARNING module=sunflow.opt msg=solve status=timeout tc=maxtimelimit t=23.87s
2026-10-03 16:08:14,824 level=INFO module=sunflow.opt msg=solve status=feasible obj=149042.5 gap=None t=30.81s binaries=5628 constraints=295
2026-10-03 16:08:14,858 level=INFO module=sunflow.certify msg=certified status=CERTIFIED_WITH_RELAXATION rung=feasibility_focus tightening=0
2026-10-03 16:08:17,197 level=WARNING module=sunflow.opt msg=solve status=infeasible tc=infeasible t=2.27s
2026-10-03 16:08:40,352 level=WARNING module=sunflow.opt msg=solve status=timeout tc=maxtimelimit t=23.15s
2026-10-03 16:09:10,834 level=INFO module=sunflow.opt msg=solve status=feasible obj=163792.2 gap=None t=29.61s binaries=5628 constraints=295
2026-10-03 16:09:10,887 level=INFO module=sunflow.certify msg=certified status=CERTIFIED_WITH_RELAXATION rung=feasibility_focus tightening=0
2026-10-03 16:09:12,880 level=WARNING module=sunflow.opt msg=no admissible pattern for ['Kharosa', 'Jawali', 'Lamjana II', 'Chalburga']: infeasible by construction ({'Kharosa': {'candidates': 9, 'thermal_dropped': 9, 'kept': 0, 'longest_single_spell_blocks': 0}, 'Jawali': {'candidates': 84, 'thermal_dropped': 84, 'kept': 0, 'longest_single_spell_blocks': 0}, 'Lamjana II': {'candidates': 84, 'thermal_dropped': 84, 'kept': 0, 'longest_single_spell_blocks': 0}, 'Chalburga': {'candidates': 84, 'thermal_dropped': 84, 'kept': 0, 'longest_single_spell_blocks': 0}})
2026-10-03 16:09:13,232 level=WARNING module=sunflow.opt msg=no admissible pattern for ['Kharosa', 'Jawali', 'Lamjana II', 'Chalburga']: infeasible by construction ({'Kharosa': {'candidates': 264, 'thermal_dropped': 264, 'kept': 0, 'longest_single_spell_blocks': 0}, 'Jawali': {'candidates': 591, 'thermal_dropped': 591, 'kept': 0, 'longest_single_spell_blocks': 0}, 'Lamjana II': {'candidates': 591, 'thermal_dropped': 591, 'kept': 0, 'longest_single_spell_blocks': 0}, 'Chalburga': {'candidates': 591, 'thermal_dropped': 591, 'kept': 0, 'longest_single_spell_blocks': 0}})
2026-10-03 16:09:14,221 level=WARNING module=sunflow.opt msg=no admissible pattern for ['Kharosa', 'Jawali', 'Lamjana II', 'Chalburga']: infeasible by construction ({'Kharosa': {'candidates': 1407, 'thermal_dropped': 1407, 'kept': 0, 'longest_single_spell_blocks': 0}, 'Jawali': {'candidates': 1407, 'thermal_dropped': 1407, 'kept': 0, 'longest_single_spell_blocks': 0}, 'Lamjana II': {'candidates': 1407, 'thermal_dropped': 1407, 'kept': 0, 'longest_single_spell_blocks': 0}, 'Chalburga': {'candidates': 1407, 'thermal_dropped': 1407, 'kept': 0, 'longest_single_spell_blocks': 0}})
2026-10-03 16:09:42,131 level=INFO module=sunflow.opt msg=solve status=feasible obj=147522.8 gap=None t=27.09s binaries=5628 constraints=351
2026-10-03 16:09:43,103 level=WARNING module=sunflow.opt msg=no admissible pattern for ['Kharosa', 'Jawali', 'Lamjana II', 'Chalburga']: infeasible by construction ({'Kharosa': {'candidates': 1407, 'thermal_dropped': 1407, 'kept': 0, 'longest_single_spell_blocks': 0}, 'Jawali': {'candidates': 1407, 'thermal_dropped': 1407, 'kept': 0, 'longest_single_spell_blocks': 0}, 'Lamjana II': {'candidates': 1407, 'thermal_dropped': 1407, 'kept': 0, 'longest_single_spell_blocks': 0}, 'Chalburga': {'candidates': 1407, 'thermal_dropped': 1407, 'kept': 0, 'longest_single_spell_blocks': 0}})
2026-10-03 16:09:44,191 level=WARNING module=sunflow.opt msg=no admissible pattern for ['Kharosa', 'Jawali', 'Lamjana II', 'Chalburga']: infeasible by construction ({'Kharosa': {'candidates': 1407, 'thermal_dropped': 1407, 'kept': 0, 'longest_single_spell_blocks': 0}, 'Jawali': {'candidates': 1407, 'thermal_dropped': 1407, 'kept': 0, 'longest_single_spell_blocks': 0}, 'Lamjana II': {'candidates': 1407, 'thermal_dropped': 1407, 'kept': 0, 'longest_single_spell_blocks': 0}, 'Chalburga': {'candidates': 1407, 'thermal_dropped': 1407, 'kept': 0, 'longest_single_spell_blocks': 0}})
2026-10-03 16:09:45,035 level=WARNING module=sunflow.opt msg=no admissible pattern for ['Kharosa', 'Jawali', 'Lamjana II', 'Chalburga']: infeasible by construction ({'Kharosa': {'candidates': 1407, 'thermal_dropped': 1407, 'kept': 0, 'longest_single_spell_blocks': 0}, 'Jawali': {'candidates': 1407, 'thermal_dropped': 1407, 'kept': 0, 'longest_single_spell_blocks': 0}, 'Lamjana II': {'candidates': 1407, 'thermal_dropped': 1407, 'kept': 0, 'longest_single_spell_blocks': 0}, 'Chalburga': {'candidates': 1407, 'thermal_dropped': 1407, 'kept': 0, 'longest_single_spell_blocks': 0}})
2026-10-03 16:09:57,965 level=INFO module=sunflow.opt msg=solve status=optimal obj=233391.0 gap=0.0072 t=12.81s binaries=2240 constraints=357
2026-10-03 16:09:57,972 level=WARNING module=sunflow.certify msg=No plan satisfies every hard rule under the declared assumptions; published timetable issued with alert.
2026-10-03 16:10:00,840 level=INFO module=sunflow.opt msg=solve status=optimal obj=56465.4 gap=0.0 t=1.23s binaries=261 constraints=328
2026-10-03 16:10:00,881 level=INFO module=sunflow.certify msg=certified status=CERTIFIED rung=nominal tightening=0
2026-10-03 16:10:01,003 level=INFO module=sunflow.certify msg=baseline guard: published timetable (Rs 20,230) not worse than plan (Rs 20,501); issuing timetable
2026-10-03 16:10:02,926 level=WARNING module=sunflow.opt msg=no admissible pattern for ['Kharosa', 'Jawali', 'Lamjana II', 'Chalburga']: infeasible by construction ({'Kharosa': {'candidates': 84, 'thermal_dropped': 84, 'kept': 0, 'longest_single_spell_blocks': 0}, 'Jawali': {'candidates': 9, 'thermal_dropped': 9, 'kept': 0, 'longest_single_spell_blocks': 0}, 'Lamjana II': {'candidates': 9, 'thermal_dropped': 9, 'kept': 0, 'longest_single_spell_blocks': 0}, 'Chalburga': {'candidates': 84, 'thermal_dropped': 84, 'kept': 0, 'longest_single_spell_blocks': 0}})
2026-10-03 16:10:03,427 level=WARNING module=sunflow.opt msg=no admissible pattern for ['Jawali', 'Lamjana II']: infeasible by construction ({'Kharosa': {'candidates': 591, 'thermal_dropped': 513, 'kept': 78, 'longest_single_spell_blocks': 0}, 'Jawali': {'candidates': 264, 'thermal_dropped': 264, 'kept': 0, 'longest_single_spell_blocks': 0}, 'Lamjana II': {'candidates': 264, 'thermal_dropped': 264, 'kept': 0, 'longest_single_spell_blocks': 0}, 'Chalburga': {'candidates': 591, 'thermal_dropped': 513, 'kept': 78, 'longest_single_spell_blocks': 0}})
2026-10-03 16:10:05,638 level=WARNING module=sunflow.opt msg=no admissible pattern for ['Jawali']: infeasible by construction ({'Kharosa': {'candidates': 1407, 'thermal_dropped': 1252, 'kept': 155, 'longest_single_spell_blocks': 0}, 'Jawali': {'candidates': 1407, 'thermal_dropped': 1407, 'kept': 0, 'longest_single_spell_blocks': 0}, 'Lamjana II': {'candidates': 1407, 'thermal_dropped': 1252, 'kept': 155, 'longest_single_spell_blocks': 0}, 'Chalburga': {'candidates': 1407, 'thermal_dropped': 1252, 'kept': 155, 'longest_single_spell_blocks': 0}})
2026-10-03 16:10:31,033 level=INFO module=sunflow.opt msg=solve status=feasible obj=124257.8 gap=None t=24.40s binaries=5628 constraints=351
2026-10-03 16:10:31,845 level=WARNING module=sunflow.opt msg=no admissible pattern for ['Jawali']: infeasible by construction ({'Kharosa': {'candidates': 1407, 'thermal_dropped': 1252, 'kept': 155, 'longest_single_spell_blocks': 0}, 'Jawali': {'candidates': 1407, 'thermal_dropped': 1407, 'kept': 0, 'longest_single_spell_blocks': 0}, 'Lamjana II': {'candidates': 1407, 'thermal_dropped': 1252, 'kept': 155, 'longest_single_spell_blocks': 0}, 'Chalburga': {'candidates': 1407, 'thermal_dropped': 1252, 'kept': 155, 'longest_single_spell_blocks': 0}})
2026-10-03 16:10:32,672 level=WARNING module=sunflow.opt msg=no admissible pattern for ['Jawali']: infeasible by construction ({'Kharosa': {'candidates': 1407, 'thermal_dropped': 1252, 'kept': 155, 'longest_single_spell_blocks': 0}, 'Jawali': {'candidates': 1407, 'thermal_dropped': 1407, 'kept': 0, 'longest_single_spell_blocks': 0}, 'Lamjana II': {'candidates': 1407, 'thermal_dropped': 1252, 'kept': 155, 'longest_single_spell_blocks': 0}, 'Chalburga': {'candidates': 1407, 'thermal_dropped': 1252, 'kept': 155, 'longest_single_spell_blocks': 0}})
2026-10-03 16:10:33,517 level=WARNING module=sunflow.opt msg=no admissible pattern for ['Jawali']: infeasible by construction ({'Kharosa': {'candidates': 1407, 'thermal_dropped': 1252, 'kept': 155, 'longest_single_spell_blocks': 0}, 'Jawali': {'candidates': 1407, 'thermal_dropped': 1407, 'kept': 0, 'longest_single_spell_blocks': 0}, 'Lamjana II': {'candidates': 1407, 'thermal_dropped': 1252, 'kept': 155, 'longest_single_spell_blocks': 0}, 'Chalburga': {'candidates': 1407, 'thermal_dropped': 1252, 'kept': 155, 'longest_single_spell_blocks': 0}})
2026-10-03 16:10:53,102 level=INFO module=sunflow.opt msg=solve status=feasible obj=209066.9 gap=None t=18.97s binaries=5155 constraints=357
2026-10-03 16:10:53,102 level=WARNING module=sunflow.certify msg=No plan satisfies every hard rule under the declared assumptions; published timetable issued with alert.
2026-10-03 16:10:53,173 level=WARNING module=sunflow.opt msg=no admissible pattern for ['Kharosa', 'Jawali', 'Lamjana II', 'Chalburga']: infeasible by construction ({'Kharosa': {'candidates': 84, 'thermal_dropped': 84, 'kept': 0, 'longest_single_spell_blocks': 0}, 'Jawali': {'candidates': 84, 'thermal_dropped': 84, 'kept': 0, 'longest_single_spell_blocks': 0}, 'Lamjana II': {'candidates': 84, 'thermal_dropped': 84, 'kept': 0, 'longest_single_spell_blocks': 0}, 'Chalburga': {'candidates': 84, 'thermal_dropped': 84, 'kept': 0, 'longest_single_spell_blocks': 0}})
2026-10-03 16:11:10,666 level=INFO module=sunflow.opt msg=solve status=optimal obj=152930.7 gap=0.0297 t=17.32s binaries=1036 constraints=345
2026-10-03 16:11:10,718 level=INFO module=sunflow.certify msg=certified status=CERTIFIED_WITH_RELAXATION rung=split_spells tightening=0
2026-10-03 16:11:10,847 level=INFO module=sunflow.certify msg=baseline guard: published timetable (Rs 21,670) not worse than plan (Rs 81,124); issuing timetable
2026-10-03 16:11:12,721 level=WARNING module=sunflow.opt msg=no admissible pattern for ['Kharosa', 'Jawali', 'Lamjana II', 'Chalburga']: infeasible by construction ({'Kharosa': {'candidates': 9, 'thermal_dropped': 9, 'kept': 0, 'longest_single_spell_blocks': 0}, 'Jawali': {'candidates': 84, 'thermal_dropped': 84, 'kept': 0, 'longest_single_spell_blocks': 0}, 'Lamjana II': {'candidates': 84, 'thermal_dropped': 84, 'kept': 0, 'longest_single_spell_blocks': 0}, 'Chalburga': {'candidates': 84, 'thermal_dropped': 84, 'kept': 0, 'longest_single_spell_blocks': 0}})
2026-10-03 16:11:13,102 level=WARNING module=sunflow.opt msg=no admissible pattern for ['Kharosa', 'Lamjana II']: infeasible by construction ({'Kharosa': {'candidates': 264, 'thermal_dropped': 264, 'kept': 0, 'longest_single_spell_blocks': 0}, 'Jawali': {'candidates': 591, 'thermal_dropped': 575, 'kept': 16, 'longest_single_spell_blocks': 0}, 'Lamjana II': {'candidates': 591, 'thermal_dropped': 591, 'kept': 0, 'longest_single_spell_blocks': 0}, 'Chalburga': {'candidates': 591, 'thermal_dropped': 575, 'kept': 16, 'longest_single_spell_blocks': 0}})
2026-10-03 16:11:14,148 level=WARNING module=sunflow.opt msg=no admissible pattern for ['Lamjana II']: infeasible by construction ({'Kharosa': {'candidates': 1407, 'thermal_dropped': 1388, 'kept': 19, 'longest_single_spell_blocks': 0}, 'Jawali': {'candidates': 1407, 'thermal_dropped': 1388, 'kept': 19, 'longest_single_spell_blocks': 0}, 'Lamjana II': {'candidates': 1407, 'thermal_dropped': 1407, 'kept': 0, 'longest_single_spell_blocks': 0}, 'Chalburga': {'candidates': 1407, 'thermal_dropped': 1388, 'kept': 19, 'longest_single_spell_blocks': 0}})
2026-10-03 16:11:37,546 level=INFO module=sunflow.opt msg=solve status=feasible obj=182297.3 gap=None t=22.60s binaries=5628 constraints=351
2026-10-03 16:11:38,585 level=WARNING module=sunflow.opt msg=no admissible pattern for ['Lamjana II']: infeasible by construction ({'Kharosa': {'candidates': 1407, 'thermal_dropped': 1388, 'kept': 19, 'longest_single_spell_blocks': 0}, 'Jawali': {'candidates': 1407, 'thermal_dropped': 1388, 'kept': 19, 'longest_single_spell_blocks': 0}, 'Lamjana II': {'candidates': 1407, 'thermal_dropped': 1407, 'kept': 0, 'longest_single_spell_blocks': 0}, 'Chalburga': {'candidates': 1407, 'thermal_dropped': 1388, 'kept': 19, 'longest_single_spell_blocks': 0}})
2026-10-03 16:11:41,112 level=WARNING module=sunflow.opt msg=no admissible pattern for ['Lamjana II']: infeasible by construction ({'Kharosa': {'candidates': 1407, 'thermal_dropped': 1388, 'kept': 19, 'longest_single_spell_blocks': 0}, 'Jawali': {'candidates': 1407, 'thermal_dropped': 1388, 'kept': 19, 'longest_single_spell_blocks': 0}, 'Lamjana II': {'candidates': 1407, 'thermal_dropped': 1407, 'kept': 0, 'longest_single_spell_blocks': 0}, 'Chalburga': {'candidates': 1407, 'thermal_dropped': 1388, 'kept': 19, 'longest_single_spell_blocks': 0}})
2026-10-03 16:11:42,149 level=WARNING module=sunflow.opt msg=no admissible pattern for ['Lamjana II']: infeasible by construction ({'Kharosa': {'candidates': 1407, 'thermal_dropped': 1388, 'kept': 19, 'longest_single_spell_blocks': 0}, 'Jawali': {'candidates': 1407, 'thermal_dropped': 1388, 'kept': 19, 'longest_single_spell_blocks': 0}, 'Lamjana II': {'candidates': 1407, 'thermal_dropped': 1407, 'kept': 0, 'longest_single_spell_blocks': 0}, 'Chalburga': {'candidates': 1407, 'thermal_dropped': 1388, 'kept': 19, 'longest_single_spell_blocks': 0}})
2026-10-03 16:11:59,509 level=INFO module=sunflow.opt msg=solve status=feasible obj=253796.1 gap=None t=17.11s binaries=3840 constraints=357
2026-10-03 16:11:59,509 level=WARNING module=sunflow.certify msg=No plan satisfies every hard rule under the declared assumptions; published timetable issued with alert.
2026-10-03 16:12:00,860 level=WARNING module=sunflow.opt msg=no admissible pattern for ['Kharosa']: infeasible by construction ({'Kharosa': {'candidates': 84, 'thermal_dropped': 84, 'kept': 0, 'longest_single_spell_blocks': 0}, 'Jawali': {'candidates': 84, 'thermal_dropped': 0, 'kept': 84, 'longest_single_spell_blocks': 32}, 'Lamjana II': {'candidates': 84, 'thermal_dropped': 0, 'kept': 84, 'longest_single_spell_blocks': 32}, 'Chalburga': {'candidates': 84, 'thermal_dropped': 0, 'kept': 84, 'longest_single_spell_blocks': 32}})
2026-10-03 16:12:01,140 level=WARNING module=sunflow.opt msg=no admissible pattern for ['Kharosa']: infeasible by construction ({'Kharosa': {'candidates': 591, 'thermal_dropped': 591, 'kept': 0, 'longest_single_spell_blocks': 0}, 'Jawali': {'candidates': 591, 'thermal_dropped': 0, 'kept': 591, 'longest_single_spell_blocks': 32}, 'Lamjana II': {'candidates': 591, 'thermal_dropped': 0, 'kept': 591, 'longest_single_spell_blocks': 32}, 'Chalburga': {'candidates': 591, 'thermal_dropped': 0, 'kept': 591, 'longest_single_spell_blocks': 32}})
2026-10-03 16:12:01,850 level=WARNING module=sunflow.opt msg=no admissible pattern for ['Kharosa']: infeasible by construction ({'Kharosa': {'candidates': 1407, 'thermal_dropped': 1407, 'kept': 0, 'longest_single_spell_blocks': 0}, 'Jawali': {'candidates': 1407, 'thermal_dropped': 0, 'kept': 1407, 'longest_single_spell_blocks': 32}, 'Lamjana II': {'candidates': 1407, 'thermal_dropped': 0, 'kept': 1407, 'longest_single_spell_blocks': 32}, 'Chalburga': {'candidates': 1407, 'thermal_dropped': 0, 'kept': 1407, 'longest_single_spell_blocks': 32}})
2026-10-03 16:12:39,140 level=INFO module=sunflow.opt msg=solve status=feasible obj=86147.8 gap=None t=36.52s binaries=5628 constraints=351
2026-10-03 16:12:40,751 level=WARNING module=sunflow.opt msg=no admissible pattern for ['Kharosa']: infeasible by construction ({'Kharosa': {'candidates': 1407, 'thermal_dropped': 1407, 'kept': 0, 'longest_single_spell_blocks': 0}, 'Jawali': {'candidates': 1407, 'thermal_dropped': 0, 'kept': 1407, 'longest_single_spell_blocks': 32}, 'Lamjana II': {'candidates': 1407, 'thermal_dropped': 0, 'kept': 1407, 'longest_single_spell_blocks': 32}, 'Chalburga': {'candidates': 1407, 'thermal_dropped': 0, 'kept': 1407, 'longest_single_spell_blocks': 32}})
2026-10-03 16:12:41,511 level=WARNING module=sunflow.opt msg=no admissible pattern for ['Kharosa']: infeasible by construction ({'Kharosa': {'candidates': 1407, 'thermal_dropped': 1407, 'kept': 0, 'longest_single_spell_blocks': 0}, 'Jawali': {'candidates': 1407, 'thermal_dropped': 0, 'kept': 1407, 'longest_single_spell_blocks': 32}, 'Lamjana II': {'candidates': 1407, 'thermal_dropped': 0, 'kept': 1407, 'longest_single_spell_blocks': 32}, 'Chalburga': {'candidates': 1407, 'thermal_dropped': 0, 'kept': 1407, 'longest_single_spell_blocks': 32}})
2026-10-03 16:12:42,281 level=WARNING module=sunflow.opt msg=no admissible pattern for ['Kharosa']: infeasible by construction ({'Kharosa': {'candidates': 1407, 'thermal_dropped': 1407, 'kept': 0, 'longest_single_spell_blocks': 0}, 'Jawali': {'candidates': 1407, 'thermal_dropped': 0, 'kept': 1407, 'longest_single_spell_blocks': 32}, 'Lamjana II': {'candidates': 1407, 'thermal_dropped': 0, 'kept': 1407, 'longest_single_spell_blocks': 32}, 'Chalburga': {'candidates': 1407, 'thermal_dropped': 0, 'kept': 1407, 'longest_single_spell_blocks': 32}})
2026-10-03 16:13:19,284 level=INFO module=sunflow.opt msg=solve status=feasible obj=104918.6 gap=None t=35.59s binaries=11088 constraints=357
2026-10-03 16:13:19,285 level=WARNING module=sunflow.certify msg=No plan satisfies every hard rule under the declared assumptions; published timetable issued with alert.
2026-10-03 16:13:19,995 level=INFO module=sunflow.opt msg=solve status=optimal obj=129879.1 gap=0.0 t=0.68s binaries=186 constraints=328
2026-10-03 16:13:20,031 level=INFO module=sunflow.certify msg=certified status=CERTIFIED rung=nominal tightening=0
2026-10-03 16:13:20,143 level=INFO module=sunflow.certify msg=baseline guard: published timetable (Rs 52,872) not worse than plan (Rs 52,872); issuing timetable
2026-10-03 16:13:21,976 level=WARNING module=sunflow.opt msg=no admissible pattern for ['Kharosa', 'Jawali', 'Lamjana II', 'Chalburga']: infeasible by construction ({'Kharosa': {'candidates': 9, 'thermal_dropped': 9, 'kept': 0, 'longest_single_spell_blocks': 0}, 'Jawali': {'candidates': 84, 'thermal_dropped': 84, 'kept': 0, 'longest_single_spell_blocks': 0}, 'Lamjana II': {'candidates': 84, 'thermal_dropped': 84, 'kept': 0, 'longest_single_spell_blocks': 0}, 'Chalburga': {'candidates': 84, 'thermal_dropped': 84, 'kept': 0, 'longest_single_spell_blocks': 0}})
2026-10-03 16:13:22,346 level=WARNING module=sunflow.opt msg=no admissible pattern for ['Kharosa', 'Lamjana II']: infeasible by construction ({'Kharosa': {'candidates': 264, 'thermal_dropped': 264, 'kept': 0, 'longest_single_spell_blocks': 0}, 'Jawali': {'candidates': 591, 'thermal_dropped': 570, 'kept': 21, 'longest_single_spell_blocks': 0}, 'Lamjana II': {'candidates': 591, 'thermal_dropped': 591, 'kept': 0, 'longest_single_spell_blocks': 0}, 'Chalburga': {'candidates': 591, 'thermal_dropped': 570, 'kept': 21, 'longest_single_spell_blocks': 0}})
2026-10-03 16:13:23,229 level=WARNING module=sunflow.opt msg=no admissible pattern for ['Lamjana II']: infeasible by construction ({'Kharosa': {'candidates': 1407, 'thermal_dropped': 1381, 'kept': 26, 'longest_single_spell_blocks': 0}, 'Jawali': {'candidates': 1407, 'thermal_dropped': 1381, 'kept': 26, 'longest_single_spell_blocks': 0}, 'Lamjana II': {'candidates': 1407, 'thermal_dropped': 1407, 'kept': 0, 'longest_single_spell_blocks': 0}, 'Chalburga': {'candidates': 1407, 'thermal_dropped': 1381, 'kept': 26, 'longest_single_spell_blocks': 0}})
2026-10-03 16:13:53,133 level=INFO module=sunflow.opt msg=solve status=feasible obj=180799.2 gap=None t=28.87s binaries=5628 constraints=351
2026-10-03 16:13:53,925 level=WARNING module=sunflow.opt msg=no admissible pattern for ['Lamjana II']: infeasible by construction ({'Kharosa': {'candidates': 1407, 'thermal_dropped': 1381, 'kept': 26, 'longest_single_spell_blocks': 0}, 'Jawali': {'candidates': 1407, 'thermal_dropped': 1381, 'kept': 26, 'longest_single_spell_blocks': 0}, 'Lamjana II': {'candidates': 1407, 'thermal_dropped': 1407, 'kept': 0, 'longest_single_spell_blocks': 0}, 'Chalburga': {'candidates': 1407, 'thermal_dropped': 1381, 'kept': 26, 'longest_single_spell_blocks': 0}})
2026-10-03 16:13:54,839 level=WARNING module=sunflow.opt msg=no admissible pattern for ['Lamjana II']: infeasible by construction ({'Kharosa': {'candidates': 1407, 'thermal_dropped': 1381, 'kept': 26, 'longest_single_spell_blocks': 0}, 'Jawali': {'candidates': 1407, 'thermal_dropped': 1381, 'kept': 26, 'longest_single_spell_blocks': 0}, 'Lamjana II': {'candidates': 1407, 'thermal_dropped': 1407, 'kept': 0, 'longest_single_spell_blocks': 0}, 'Chalburga': {'candidates': 1407, 'thermal_dropped': 1381, 'kept': 26, 'longest_single_spell_blocks': 0}})
2026-10-03 16:13:55,718 level=WARNING module=sunflow.opt msg=no admissible pattern for ['Lamjana II']: infeasible by construction ({'Kharosa': {'candidates': 1407, 'thermal_dropped': 1381, 'kept': 26, 'longest_single_spell_blocks': 0}, 'Jawali': {'candidates': 1407, 'thermal_dropped': 1381, 'kept': 26, 'longest_single_spell_blocks': 0}, 'Lamjana II': {'candidates': 1407, 'thermal_dropped': 1407, 'kept': 0, 'longest_single_spell_blocks': 0}, 'Chalburga': {'candidates': 1407, 'thermal_dropped': 1381, 'kept': 26, 'longest_single_spell_blocks': 0}})
2026-10-03 16:14:15,528 level=INFO module=sunflow.opt msg=solve status=feasible obj=249852.2 gap=None t=19.35s binaries=4092 constraints=357
2026-10-03 16:14:15,528 level=WARNING module=sunflow.certify msg=No plan satisfies every hard rule under the declared assumptions; published timetable issued with alert.
2026-10-03 16:14:20,026 level=INFO module=sunflow.opt msg=solve status=optimal obj=89261.4 gap=0.0 t=1.85s binaries=186 constraints=328
2026-10-03 16:14:20,142 level=INFO module=sunflow.certify msg=certified status=CERTIFIED rung=nominal tightening=0
2026-10-03 16:14:24,153 level=INFO module=sunflow.opt msg=solve status=optimal obj=133695.2 gap=0.0015 t=1.31s binaries=328 constraints=328
2026-10-03 16:14:45,881 level=INFO module=sunflow.opt msg=solve status=feasible obj=122600.5 gap=None t=20.98s binaries=2356 constraints=351
2026-10-03 16:14:45,953 level=INFO module=sunflow.certify msg=certified without night compensation using split spells
2026-10-03 16:14:46,219 level=INFO module=sunflow.certify msg=baseline guard: published timetable (Rs 20,345) not worse than plan (Rs 32,331); issuing timetable
2026-10-03 16:14:51,588 level=INFO module=sunflow.opt msg=solve status=optimal obj=62305.8 gap=0.0038 t=2.12s binaries=186 constraints=328
2026-10-03 16:14:51,680 level=INFO module=sunflow.certify msg=certified status=CERTIFIED rung=nominal tightening=0
shard 1/8: 75 done, 2135s, statuses {'INFEASIBLE': 20, 'CERTIFIED': 30, 'CERTIFIED_WITH_RELAXATION': 24, 'FALLBACK_BASELINE': 1}, violations on certified plans: 0
2026-10-03 16:14:54,519 level=WARNING module=sunflow.opt msg=no admissible pattern for ['Lamjana II']: infeasible by construction ({'Kharosa': {'candidates': 84, 'thermal_dropped': 0, 'kept': 84, 'longest_single_spell_blocks': 32}, 'Jawali': {'candidates': 9, 'thermal_dropped': 0, 'kept': 9, 'longest_single_spell_blocks': 32}, 'Lamjana II': {'candidates': 84, 'thermal_dropped': 84, 'kept': 0, 'longest_single_spell_blocks': 0}, 'Chalburga': {'candidates': 84, 'thermal_dropped': 0, 'kept': 84, 'longest_single_spell_blocks': 32}})
2026-10-03 16:15:15,337 level=INFO module=sunflow.opt msg=solve status=feasible obj=118972.6 gap=None t=20.54s binaries=1744 constraints=351
2026-10-03 16:15:15,388 level=INFO module=sunflow.certify msg=certified status=CERTIFIED_WITH_RELAXATION rung=split_spells tightening=0
2026-10-03 16:15:19,162 level=INFO module=sunflow.opt msg=solve status=optimal obj=116060.3 gap=0.0 t=1.52s binaries=336 constraints=328
2026-10-03 16:15:19,209 level=INFO module=sunflow.certify msg=certified status=CERTIFIED rung=nominal tightening=0
2026-10-03 16:15:24,254 level=WARNING module=sunflow.opt msg=solve status=infeasible tc=infeasible t=2.91s
2026-10-03 16:15:46,221 level=INFO module=sunflow.opt msg=solve status=feasible obj=129088.6 gap=None t=21.69s binaries=1783 constraints=391
2026-10-03 16:15:46,269 level=INFO module=sunflow.certify msg=certified status=CERTIFIED_WITH_RELAXATION rung=split_spells tightening=0
2026-10-03 16:15:49,062 level=INFO module=sunflow.opt msg=solve status=optimal obj=113117.2 gap=0.0 t=1.41s binaries=261 constraints=328
2026-10-03 16:15:49,107 level=INFO module=sunflow.certify msg=certified status=CERTIFIED rung=nominal tightening=0
2026-10-03 16:15:51,014 level=WARNING module=sunflow.opt msg=no admissible pattern for ['Kharosa', 'Jawali', 'Lamjana II', 'Chalburga']: infeasible by construction ({'Kharosa': {'candidates': 9, 'thermal_dropped': 9, 'kept': 0, 'longest_single_spell_blocks': 0}, 'Jawali': {'candidates': 9, 'thermal_dropped': 9, 'kept': 0, 'longest_single_spell_blocks': 0}, 'Lamjana II': {'candidates': 84, 'thermal_dropped': 84, 'kept': 0, 'longest_single_spell_blocks': 0}, 'Chalburga': {'candidates': 84, 'thermal_dropped': 84, 'kept': 0, 'longest_single_spell_blocks': 0}})
2026-10-03 16:15:51,350 level=WARNING module=sunflow.opt msg=no admissible pattern for ['Kharosa', 'Jawali', 'Chalburga']: infeasible by construction ({'Kharosa': {'candidates': 264, 'thermal_dropped': 264, 'kept': 0, 'longest_single_spell_blocks': 0}, 'Jawali': {'candidates': 264, 'thermal_dropped': 264, 'kept': 0, 'longest_single_spell_blocks': 0}, 'Lamjana II': {'candidates': 591, 'thermal_dropped': 523, 'kept': 68, 'longest_single_spell_blocks': 0}, 'Chalburga': {'candidates': 591, 'thermal_dropped': 591, 'kept': 0, 'longest_single_spell_blocks': 0}})
2026-10-03 16:15:52,319 level=WARNING module=sunflow.opt msg=no admissible pattern for ['Chalburga']: infeasible by construction ({'Kharosa': {'candidates': 1407, 'thermal_dropped': 1286, 'kept': 121, 'longest_single_spell_blocks': 0}, 'Jawali': {'candidates': 1407, 'thermal_dropped': 1286, 'kept': 121, 'longest_single_spell_blocks': 0}, 'Lamjana II': {'candidates': 1407, 'thermal_dropped': 1286, 'kept': 121, 'longest_single_spell_blocks': 0}, 'Chalburga': {'candidates': 1407, 'thermal_dropped': 1407, 'kept': 0, 'longest_single_spell_blocks': 0}})
2026-10-03 16:16:19,308 level=INFO module=sunflow.opt msg=solve status=feasible obj=208425.1 gap=None t=26.04s binaries=5628 constraints=391
2026-10-03 16:16:20,404 level=WARNING module=sunflow.opt msg=no admissible pattern for ['Chalburga']: infeasible by construction ({'Kharosa': {'candidates': 1407, 'thermal_dropped': 1286, 'kept': 121, 'longest_single_spell_blocks': 0}, 'Jawali': {'candidates': 1407, 'thermal_dropped': 1286, 'kept': 121, 'longest_single_spell_blocks': 0}, 'Lamjana II': {'candidates': 1407, 'thermal_dropped': 1286, 'kept': 121, 'longest_single_spell_blocks': 0}, 'Chalburga': {'candidates': 1407, 'thermal_dropped': 1407, 'kept': 0, 'longest_single_spell_blocks': 0}})
2026-10-03 16:16:21,342 level=WARNING module=sunflow.opt msg=no admissible pattern for ['Chalburga']: infeasible by construction ({'Kharosa': {'candidates': 1407, 'thermal_dropped': 1286, 'kept': 121, 'longest_single_spell_blocks': 0}, 'Jawali': {'candidates': 1407, 'thermal_dropped': 1286, 'kept': 121, 'longest_single_spell_blocks': 0}, 'Lamjana II': {'candidates': 1407, 'thermal_dropped': 1286, 'kept': 121, 'longest_single_spell_blocks': 0}, 'Chalburga': {'candidates': 1407, 'thermal_dropped': 1407, 'kept': 0, 'longest_single_spell_blocks': 0}})
2026-10-03 16:16:22,173 level=WARNING module=sunflow.opt msg=no admissible pattern for ['Chalburga']: infeasible by construction ({'Kharosa': {'candidates': 1407, 'thermal_dropped': 1286, 'kept': 121, 'longest_single_spell_blocks': 0}, 'Jawali': {'candidates': 1407, 'thermal_dropped': 1286, 'kept': 121, 'longest_single_spell_blocks': 0}, 'Lamjana II': {'candidates': 1407, 'thermal_dropped': 1286, 'kept': 121, 'longest_single_spell_blocks': 0}, 'Chalburga': {'candidates': 1407, 'thermal_dropped': 1407, 'kept': 0, 'longest_single_spell_blocks': 0}})
2026-10-03 16:16:58,816 level=INFO module=sunflow.opt msg=solve status=feasible obj=227598.0 gap=None t=35.51s binaries=5132 constraints=397
2026-10-03 16:16:58,816 level=WARNING module=sunflow.certify msg=No plan satisfies every hard rule under the declared assumptions; published timetable issued with alert.
2026-10-03 16:17:09,653 level=WARNING module=sunflow.opt msg=solve status=infeasible tc=infeasible t=7.70s
2026-10-03 16:17:42,974 level=WARNING module=sunflow.opt msg=solve status=timeout tc=maxtimelimit t=33.31s
2026-10-03 16:18:39,170 level=INFO module=sunflow.opt msg=solve status=feasible obj=137321.0 gap=None t=54.45s binaries=5628 constraints=295
2026-10-03 16:18:39,375 level=INFO module=sunflow.certify msg=certified status=CERTIFIED_WITH_RELAXATION rung=feasibility_focus tightening=0
2026-10-03 16:18:45,698 level=WARNING module=sunflow.opt msg=solve status=infeasible tc=infeasible t=2.90s
2026-10-03 16:19:15,079 level=INFO module=sunflow.opt msg=solve status=feasible obj=128930.6 gap=None t=28.75s binaries=1788 constraints=391
2026-10-03 16:19:15,136 level=INFO module=sunflow.certify msg=certified status=CERTIFIED_WITH_RELAXATION rung=split_spells tightening=0
2026-10-03 16:19:20,110 level=WARNING module=sunflow.opt msg=no admissible pattern for ['Kharosa', 'Jawali', 'Lamjana II', 'Chalburga']: infeasible by construction ({'Kharosa': {'candidates': 9, 'thermal_dropped': 9, 'kept': 0, 'longest_single_spell_blocks': 0}, 'Jawali': {'candidates': 84, 'thermal_dropped': 84, 'kept': 0, 'longest_single_spell_blocks': 0}, 'Lamjana II': {'candidates': 9, 'thermal_dropped': 9, 'kept': 0, 'longest_single_spell_blocks': 0}, 'Chalburga': {'candidates': 9, 'thermal_dropped': 9, 'kept': 0, 'longest_single_spell_blocks': 0}})
2026-10-03 16:19:31,521 level=WARNING module=sunflow.opt msg=solve status=infeasible tc=infeasible t=11.41s
2026-10-03 16:20:06,656 level=INFO module=sunflow.opt msg=solve status=feasible obj=168672.9 gap=None t=34.64s binaries=2720 constraints=249
2026-10-03 16:20:06,707 level=INFO module=sunflow.certify msg=certified status=CERTIFIED_WITH_RELAXATION rung=feasibility_focus tightening=0
2026-10-03 16:20:06,941 level=WARNING module=sunflow.opt msg=no admissible pattern for ['Kharosa', 'Jawali', 'Lamjana II', 'Chalburga']: infeasible by construction ({'Kharosa': {'candidates': 84, 'thermal_dropped': 84, 'kept': 0, 'longest_single_spell_blocks': 0}, 'Jawali': {'candidates': 84, 'thermal_dropped': 84, 'kept': 0, 'longest_single_spell_blocks': 0}, 'Lamjana II': {'candidates': 84, 'thermal_dropped': 84, 'kept': 0, 'longest_single_spell_blocks': 0}, 'Chalburga': {'candidates': 84, 'thermal_dropped': 84, 'kept': 0, 'longest_single_spell_blocks': 0}})
2026-10-03 16:20:10,206 level=WARNING module=sunflow.opt msg=solve status=infeasible tc=infeasible t=3.23s
2026-10-03 16:20:15,954 level=WARNING module=sunflow.opt msg=solve status=infeasible tc=infeasible t=5.75s
2026-10-03 16:21:18,525 level=INFO module=sunflow.opt msg=solve status=feasible obj=169373.3 gap=None t=60.72s binaries=5628 constraints=351
2026-10-03 16:21:22,699 level=WARNING module=sunflow.opt msg=solve status=infeasible tc=infeasible t=4.17s
2026-10-03 16:21:27,074 level=WARNING module=sunflow.opt msg=solve status=infeasible tc=infeasible t=4.37s
2026-10-03 16:21:32,653 level=WARNING module=sunflow.opt msg=solve status=infeasible tc=infeasible t=5.57s
2026-10-03 16:21:59,839 level=INFO module=sunflow.opt msg=solve status=feasible obj=212648.9 gap=None t=26.08s binaries=4772 constraints=357
2026-10-03 16:21:59,839 level=WARNING module=sunflow.certify msg=No plan satisfies every hard rule under the declared assumptions; published timetable issued with alert.
2026-10-03 16:22:08,534 level=INFO module=sunflow.opt msg=solve status=optimal obj=93173.3 gap=0.0015 t=5.65s binaries=336 constraints=328
2026-10-03 16:22:08,806 level=INFO module=sunflow.certify msg=certified status=CERTIFIED rung=nominal tightening=0
2026-10-03 16:22:14,825 level=WARNING module=sunflow.opt msg=no admissible pattern for ['Kharosa', 'Jawali', 'Lamjana II', 'Chalburga']: infeasible by construction ({'Kharosa': {'candidates': 84, 'thermal_dropped': 84, 'kept': 0, 'longest_single_spell_blocks': 0}, 'Jawali': {'candidates': 84, 'thermal_dropped': 84, 'kept': 0, 'longest_single_spell_blocks': 0}, 'Lamjana II': {'candidates': 84, 'thermal_dropped': 84, 'kept': 0, 'longest_single_spell_blocks': 0}, 'Chalburga': {'candidates': 84, 'thermal_dropped': 84, 'kept': 0, 'longest_single_spell_blocks': 0}})
2026-10-03 16:22:24,782 level=WARNING module=sunflow.opt msg=solve status=infeasible tc=infeasible t=9.95s
2026-10-03 16:22:38,670 level=WARNING module=sunflow.opt msg=solve status=infeasible tc=infeasible t=13.89s
2026-10-03 16:23:37,207 level=INFO module=sunflow.opt msg=solve status=feasible obj=171888.1 gap=None t=57.02s binaries=5628 constraints=391
2026-10-03 16:23:50,177 level=INFO module=sunflow.opt msg=solve status=feasible obj=183205.6 gap=0.9919 t=12.88s binaries=736 constraints=259
2026-10-03 16:23:58,318 level=INFO module=sunflow.opt msg=solve status=optimal obj=190720.2 gap=0.0005 t=7.67s binaries=736 constraints=342
2026-10-03 16:24:15,937 level=WARNING module=sunflow.opt msg=solve status=infeasible tc=infeasible t=17.61s
2026-10-03 16:24:51,606 level=INFO module=sunflow.opt msg=solve status=feasible obj=191926.1 gap=None t=34.94s binaries=7348 constraints=397
2026-10-03 16:24:51,606 level=WARNING module=sunflow.certify msg=No plan satisfies every hard rule under the declared assumptions; published timetable issued with alert.
2026-10-03 16:24:54,588 level=INFO module=sunflow.opt msg=solve status=optimal obj=56808.5 gap=0.0016 t=1.31s binaries=244 constraints=328
2026-10-03 16:24:54,669 level=INFO module=sunflow.certify msg=certified status=CERTIFIED rung=nominal tightening=0
2026-10-03 16:24:54,782 level=INFO module=sunflow.certify msg=baseline guard: published timetable (Rs 22,839) not worse than plan (Rs 23,007); issuing timetable
2026-10-03 16:25:12,499 level=WARNING module=sunflow.opt msg=solve status=timeout tc=maxtimelimit t=16.53s
2026-10-03 16:25:37,132 level=INFO module=sunflow.opt msg=solve status=feasible obj=129288.5 gap=None t=24.23s binaries=2364 constraints=351
2026-10-03 16:25:37,163 level=INFO module=sunflow.certify msg=certified status=CERTIFIED_WITH_RELAXATION rung=split_spells tightening=0
2026-10-03 16:25:53,998 level=WARNING module=sunflow.opt msg=solve status=timeout tc=maxtimelimit t=16.75s
2026-10-03 16:26:16,927 level=INFO module=sunflow.opt msg=solve status=feasible obj=123310.6 gap=None t=22.69s binaries=1797 constraints=351
2026-10-03 16:26:16,978 level=INFO module=sunflow.certify msg=certified status=CERTIFIED_WITH_RELAXATION rung=split_spells tightening=0
2026-10-03 16:26:18,592 level=INFO module=sunflow.opt msg=solve status=optimal obj=67460.3 gap=0.0023 t=1.46s binaries=261 constraints=328
2026-10-03 16:26:18,653 level=INFO module=sunflow.certify msg=certified status=CERTIFIED rung=nominal tightening=0
2026-10-03 16:26:18,895 level=WARNING module=sunflow.opt msg=no admissible pattern for ['Kharosa', 'Jawali', 'Lamjana II', 'Chalburga']: infeasible by construction ({'Kharosa': {'candidates': 9, 'thermal_dropped': 9, 'kept': 0, 'longest_single_spell_blocks': 0}, 'Jawali': {'candidates': 84, 'thermal_dropped': 84, 'kept': 0, 'longest_single_spell_blocks': 0}, 'Lamjana II': {'candidates': 9, 'thermal_dropped': 9, 'kept': 0, 'longest_single_spell_blocks': 0}, 'Chalburga': {'candidates': 84, 'thermal_dropped': 84, 'kept': 0, 'longest_single_spell_blocks': 0}})
2026-10-03 16:26:19,438 level=WARNING module=sunflow.opt msg=no admissible pattern for ['Kharosa', 'Jawali', 'Lamjana II', 'Chalburga']: infeasible by construction ({'Kharosa': {'candidates': 264, 'thermal_dropped': 264, 'kept': 0, 'longest_single_spell_blocks': 0}, 'Jawali': {'candidates': 591, 'thermal_dropped': 591, 'kept': 0, 'longest_single_spell_blocks': 0}, 'Lamjana II': {'candidates': 264, 'thermal_dropped': 264, 'kept': 0, 'longest_single_spell_blocks': 0}, 'Chalburga': {'candidates': 591, 'thermal_dropped': 591, 'kept': 0, 'longest_single_spell_blocks': 0}})
2026-10-03 16:26:20,572 level=WARNING module=sunflow.opt msg=no admissible pattern for ['Kharosa', 'Jawali', 'Lamjana II', 'Chalburga']: infeasible by construction ({'Kharosa': {'candidates': 1407, 'thermal_dropped': 1407, 'kept': 0, 'longest_single_spell_blocks': 0}, 'Jawali': {'candidates': 1407, 'thermal_dropped': 1407, 'kept': 0, 'longest_single_spell_blocks': 0}, 'Lamjana II': {'candidates': 1407, 'thermal_dropped': 1407, 'kept': 0, 'longest_single_spell_blocks': 0}, 'Chalburga': {'candidates': 1407, 'thermal_dropped': 1407, 'kept': 0, 'longest_single_spell_blocks': 0}})
2026-10-03 16:26:50,694 level=INFO module=sunflow.opt msg=solve status=feasible obj=171883.0 gap=None t=29.26s binaries=5628 constraints=351
2026-10-03 16:26:51,693 level=WARNING module=sunflow.opt msg=no admissible pattern for ['Kharosa', 'Jawali', 'Lamjana II', 'Chalburga']: infeasible by construction ({'Kharosa': {'candidates': 1407, 'thermal_dropped': 1407, 'kept': 0, 'longest_single_spell_blocks': 0}, 'Jawali': {'candidates': 1407, 'thermal_dropped': 1407, 'kept': 0, 'longest_single_spell_blocks': 0}, 'Lamjana II': {'candidates': 1407, 'thermal_dropped': 1407, 'kept': 0, 'longest_single_spell_blocks': 0}, 'Chalburga': {'candidates': 1407, 'thermal_dropped': 1407, 'kept': 0, 'longest_single_spell_blocks': 0}})
2026-10-03 16:26:52,644 level=WARNING module=sunflow.opt msg=no admissible pattern for ['Kharosa', 'Jawali', 'Lamjana II', 'Chalburga']: infeasible by construction ({'Kharosa': {'candidates': 1407, 'thermal_dropped': 1407, 'kept': 0, 'longest_single_spell_blocks': 0}, 'Jawali': {'candidates': 1407, 'thermal_dropped': 1407, 'kept': 0, 'longest_single_spell_blocks': 0}, 'Lamjana II': {'candidates': 1407, 'thermal_dropped': 1407, 'kept': 0, 'longest_single_spell_blocks': 0}, 'Chalburga': {'candidates': 1407, 'thermal_dropped': 1407, 'kept': 0, 'longest_single_spell_blocks': 0}})
2026-10-03 16:26:53,721 level=WARNING module=sunflow.opt msg=no admissible pattern for ['Kharosa', 'Jawali', 'Lamjana II', 'Chalburga']: infeasible by construction ({'Kharosa': {'candidates': 1407, 'thermal_dropped': 1407, 'kept': 0, 'longest_single_spell_blocks': 0}, 'Jawali': {'candidates': 1407, 'thermal_dropped': 1407, 'kept': 0, 'longest_single_spell_blocks': 0}, 'Lamjana II': {'candidates': 1407, 'thermal_dropped': 1407, 'kept': 0, 'longest_single_spell_blocks': 0}, 'Chalburga': {'candidates': 1407, 'thermal_dropped': 1407, 'kept': 0, 'longest_single_spell_blocks': 0}})
2026-10-03 16:27:01,851 level=INFO module=sunflow.opt msg=solve status=optimal obj=292997.0 gap=0.0078 t=8.05s binaries=1441 constraints=357
2026-10-03 16:27:01,851 level=WARNING module=sunflow.certify msg=No plan satisfies every hard rule under the declared assumptions; published timetable issued with alert.
2026-10-03 16:27:05,281 level=WARNING module=sunflow.opt msg=solve status=infeasible tc=infeasible t=3.43s
2026-10-03 16:27:27,702 level=INFO module=sunflow.opt msg=solve status=feasible obj=212907.0 gap=None t=22.10s binaries=2364 constraints=391
2026-10-03 16:27:27,744 level=INFO module=sunflow.certify msg=certified status=CERTIFIED_WITH_RELAXATION rung=split_spells tightening=0
2026-10-03 16:27:28,000 level=WARNING module=sunflow.opt msg=no admissible pattern for ['Kharosa', 'Chalburga']: infeasible by construction ({'Kharosa': {'candidates': 84, 'thermal_dropped': 84, 'kept': 0, 'longest_single_spell_blocks': 0}, 'Jawali': {'candidates': 84, 'thermal_dropped': 54, 'kept': 30, 'longest_single_spell_blocks': 28}, 'Lamjana II': {'candidates': 84, 'thermal_dropped': 54, 'kept': 30, 'longest_single_spell_blocks': 28}, 'Chalburga': {'candidates': 9, 'thermal_dropped': 9, 'kept': 0, 'longest_single_spell_blocks': 0}})
2026-10-03 16:27:28,521 level=WARNING module=sunflow.opt msg=no admissible pattern for ['Kharosa']: infeasible by construction ({'Kharosa': {'candidates': 591, 'thermal_dropped': 591, 'kept': 0, 'longest_single_spell_blocks': 0}, 'Jawali': {'candidates': 591, 'thermal_dropped': 98, 'kept': 493, 'longest_single_spell_blocks': 28}, 'Lamjana II': {'candidates': 591, 'thermal_dropped': 98, 'kept': 493, 'longest_single_spell_blocks': 28}, 'Chalburga': {'candidates': 264, 'thermal_dropped': 53, 'kept': 211, 'longest_single_spell_blocks': 0}})
2026-10-03 16:27:29,434 level=WARNING module=sunflow.opt msg=no admissible pattern for ['Kharosa']: infeasible by construction ({'Kharosa': {'candidates': 1407, 'thermal_dropped': 1407, 'kept': 0, 'longest_single_spell_blocks': 0}, 'Jawali': {'candidates': 1407, 'thermal_dropped': 103, 'kept': 1304, 'longest_single_spell_blocks': 28}, 'Lamjana II': {'candidates': 1407, 'thermal_dropped': 103, 'kept': 1304, 'longest_single_spell_blocks': 28}, 'Chalburga': {'candidates': 1407, 'thermal_dropped': 103, 'kept': 1304, 'longest_single_spell_blocks': 28}})
2026-10-03 16:27:53,978 level=INFO module=sunflow.opt msg=solve status=feasible obj=101729.4 gap=None t=23.57s binaries=5628 constraints=351
2026-10-03 16:27:55,038 level=WARNING module=sunflow.opt msg=no admissible pattern for ['Kharosa']: infeasible by construction ({'Kharosa': {'candidates': 1407, 'thermal_dropped': 1407, 'kept': 0, 'longest_single_spell_blocks': 0}, 'Jawali': {'candidates': 1407, 'thermal_dropped': 103, 'kept': 1304, 'longest_single_spell_blocks': 28}, 'Lamjana II': {'candidates': 1407, 'thermal_dropped': 103, 'kept': 1304, 'longest_single_spell_blocks': 28}, 'Chalburga': {'candidates': 1407, 'thermal_dropped': 103, 'kept': 1304, 'longest_single_spell_blocks': 28}})
2026-10-03 16:27:56,030 level=WARNING module=sunflow.opt msg=no admissible pattern for ['Kharosa']: infeasible by construction ({'Kharosa': {'candidates': 1407, 'thermal_dropped': 1407, 'kept': 0, 'longest_single_spell_blocks': 0}, 'Jawali': {'candidates': 1407, 'thermal_dropped': 103, 'kept': 1304, 'longest_single_spell_blocks': 28}, 'Lamjana II': {'candidates': 1407, 'thermal_dropped': 103, 'kept': 1304, 'longest_single_spell_blocks': 28}, 'Chalburga': {'candidates': 1407, 'thermal_dropped': 103, 'kept': 1304, 'longest_single_spell_blocks': 28}})
2026-10-03 16:27:57,074 level=WARNING module=sunflow.opt msg=no admissible pattern for ['Kharosa']: infeasible by construction ({'Kharosa': {'candidates': 1407, 'thermal_dropped': 1407, 'kept': 0, 'longest_single_spell_blocks': 0}, 'Jawali': {'candidates': 1407, 'thermal_dropped': 103, 'kept': 1304, 'longest_single_spell_blocks': 28}, 'Lamjana II': {'candidates': 1407, 'thermal_dropped': 103, 'kept': 1304, 'longest_single_spell_blocks': 28}, 'Chalburga': {'candidates': 1407, 'thermal_dropped': 103, 'kept': 1304, 'longest_single_spell_blocks': 28}})
2026-10-03 16:28:34,514 level=INFO module=sunflow.opt msg=solve status=feasible obj=145476.6 gap=None t=35.91s binaries=10454 constraints=357
2026-10-03 16:28:34,514 level=WARNING module=sunflow.certify msg=No plan satisfies every hard rule under the declared assumptions; published timetable issued with alert.
2026-10-03 16:28:36,292 level=INFO module=sunflow.opt msg=solve status=optimal obj=53262.1 gap=0.0025 t=1.73s binaries=261 constraints=328
2026-10-03 16:28:36,327 level=INFO module=sunflow.certify msg=certified status=CERTIFIED rung=nominal tightening=0
2026-10-03 16:28:36,439 level=INFO module=sunflow.certify msg=baseline guard: published timetable (Rs 21,536) not worse than plan (Rs 21,565); issuing timetable
2026-10-03 16:28:38,500 level=WARNING module=sunflow.opt msg=no admissible pattern for ['Kharosa', 'Jawali', 'Lamjana II', 'Chalburga']: infeasible by construction ({'Kharosa': {'candidates': 84, 'thermal_dropped': 84, 'kept': 0, 'longest_single_spell_blocks': 0}, 'Jawali': {'candidates': 84, 'thermal_dropped': 84, 'kept': 0, 'longest_single_spell_blocks': 0}, 'Lamjana II': {'candidates': 84, 'thermal_dropped': 84, 'kept': 0, 'longest_single_spell_blocks': 0}, 'Chalburga': {'candidates': 84, 'thermal_dropped': 84, 'kept': 0, 'longest_single_spell_blocks': 0}})
2026-10-03 16:28:43,657 level=INFO module=sunflow.opt msg=solve status=optimal obj=170876.8 gap=0.0269 t=5.06s binaries=704 constraints=338
2026-10-03 16:28:43,688 level=INFO module=sunflow.certify msg=certified status=CERTIFIED_WITH_RELAXATION rung=split_spells tightening=0
2026-10-03 16:28:44,546 level=INFO module=sunflow.opt msg=solve status=optimal obj=93149.0 gap=0.0 t=0.76s binaries=186 constraints=328
2026-10-03 16:28:44,633 level=INFO module=sunflow.certify msg=certified status=CERTIFIED rung=nominal tightening=0
2026-10-03 16:28:46,644 level=WARNING module=sunflow.opt msg=no admissible pattern for ['Kharosa', 'Jawali']: infeasible by construction ({'Kharosa': {'candidates': 84, 'thermal_dropped': 84, 'kept': 0, 'longest_single_spell_blocks': 0}, 'Jawali': {'candidates': 9, 'thermal_dropped': 9, 'kept': 0, 'longest_single_spell_blocks': 0}, 'Lamjana II': {'candidates': 84, 'thermal_dropped': 83, 'kept': 1, 'longest_single_spell_blocks': 24}, 'Chalburga': {'candidates': 84, 'thermal_dropped': 83, 'kept': 1, 'longest_single_spell_blocks': 24}})
2026-10-03 16:28:46,980 level=WARNING module=sunflow.opt msg=no admissible pattern for ['Kharosa']: infeasible by construction ({'Kharosa': {'candidates': 591, 'thermal_dropped': 591, 'kept': 0, 'longest_single_spell_blocks': 0}, 'Jawali': {'candidates': 264, 'thermal_dropped': 182, 'kept': 82, 'longest_single_spell_blocks': 0}, 'Lamjana II': {'candidates': 591, 'thermal_dropped': 271, 'kept': 320, 'longest_single_spell_blocks': 24}, 'Chalburga': {'candidates': 591, 'thermal_dropped': 271, 'kept': 320, 'longest_single_spell_blocks': 24}})
2026-10-03 16:28:47,886 level=WARNING module=sunflow.opt msg=no admissible pattern for ['Kharosa']: infeasible by construction ({'Kharosa': {'candidates': 1407, 'thermal_dropped': 1407, 'kept': 0, 'longest_single_spell_blocks': 0}, 'Jawali': {'candidates': 1407, 'thermal_dropped': 413, 'kept': 994, 'longest_single_spell_blocks': 24}, 'Lamjana II': {'candidates': 1407, 'thermal_dropped': 413, 'kept': 994, 'longest_single_spell_blocks': 24}, 'Chalburga': {'candidates': 1407, 'thermal_dropped': 413, 'kept': 994, 'longest_single_spell_blocks': 24}})
2026-10-03 16:29:16,765 level=INFO module=sunflow.opt msg=solve status=feasible obj=181153.4 gap=None t=28.06s binaries=5628 constraints=391
2026-10-03 16:29:17,744 level=WARNING module=sunflow.opt msg=no admissible pattern for ['Kharosa']: infeasible by construction ({'Kharosa': {'candidates': 1407, 'thermal_dropped': 1407, 'kept': 0, 'longest_single_spell_blocks': 0}, 'Jawali': {'candidates': 1407, 'thermal_dropped': 413, 'kept': 994, 'longest_single_spell_blocks': 24}, 'Lamjana II': {'candidates': 1407, 'thermal_dropped': 413, 'kept': 994, 'longest_single_spell_blocks': 24}, 'Chalburga': {'candidates': 1407, 'thermal_dropped': 413, 'kept': 994, 'longest_single_spell_blocks': 24}})
2026-10-03 16:29:18,756 level=WARNING module=sunflow.opt msg=no admissible pattern for ['Kharosa']: infeasible by construction ({'Kharosa': {'candidates': 1407, 'thermal_dropped': 1407, 'kept': 0, 'longest_single_spell_blocks': 0}, 'Jawali': {'candidates': 1407, 'thermal_dropped': 413, 'kept': 994, 'longest_single_spell_blocks': 24}, 'Lamjana II': {'candidates': 1407, 'thermal_dropped': 413, 'kept': 994, 'longest_single_spell_blocks': 24}, 'Chalburga': {'candidates': 1407, 'thermal_dropped': 413, 'kept': 994, 'longest_single_spell_blocks': 24}})
2026-10-03 16:29:19,560 level=WARNING module=sunflow.opt msg=no admissible pattern for ['Kharosa']: infeasible by construction ({'Kharosa': {'candidates': 1407, 'thermal_dropped': 1407, 'kept': 0, 'longest_single_spell_blocks': 0}, 'Jawali': {'candidates': 1407, 'thermal_dropped': 413, 'kept': 994, 'longest_single_spell_blocks': 24}, 'Lamjana II': {'candidates': 1407, 'thermal_dropped': 413, 'kept': 994, 'longest_single_spell_blocks': 24}, 'Chalburga': {'candidates': 1407, 'thermal_dropped': 413, 'kept': 994, 'longest_single_spell_blocks': 24}})
2026-10-03 16:29:52,817 level=INFO module=sunflow.opt msg=solve status=feasible obj=207661.3 gap=None t=32.39s binaries=9345 constraints=397
2026-10-03 16:29:52,817 level=WARNING module=sunflow.certify msg=No plan satisfies every hard rule under the declared assumptions; published timetable issued with alert.
2026-10-03 16:29:54,927 level=INFO module=sunflow.opt msg=solve status=optimal obj=98838.9 gap=0.0 t=0.83s binaries=186 constraints=328
2026-10-03 16:29:54,976 level=INFO module=sunflow.certify msg=certified status=CERTIFIED rung=nominal tightening=0
2026-10-03 16:29:57,713 level=INFO module=sunflow.opt msg=solve status=optimal obj=115726.3 gap=0.0 t=0.84s binaries=261 constraints=328
2026-10-03 16:29:57,762 level=INFO module=sunflow.certify msg=certified status=CERTIFIED rung=nominal tightening=0
2026-10-03 16:29:59,119 level=INFO module=sunflow.opt msg=solve status=optimal obj=102690.7 gap=0.0 t=1.11s binaries=261 constraints=328
2026-10-03 16:29:59,182 level=INFO module=sunflow.certify msg=certified status=CERTIFIED rung=nominal tightening=0
shard 1/8: 100 done, 3043s, statuses {'INFEASIBLE': 26, 'CERTIFIED': 40, 'CERTIFIED_WITH_RELAXATION': 33, 'FALLBACK_BASELINE': 1}, violations on certified plans: 0
2026-10-03 16:30:00,780 level=WARNING module=sunflow.opt msg=no admissible pattern for ['Chalburga']: infeasible by construction ({'Kharosa': {'candidates': 84, 'thermal_dropped': 0, 'kept': 84, 'longest_single_spell_blocks': 32}, 'Jawali': {'candidates': 84, 'thermal_dropped': 0, 'kept': 84, 'longest_single_spell_blocks': 32}, 'Lamjana II': {'candidates': 84, 'thermal_dropped': 0, 'kept': 84, 'longest_single_spell_blocks': 32}, 'Chalburga': {'candidates': 9, 'thermal_dropped': 9, 'kept': 0, 'longest_single_spell_blocks': 0}})
2026-10-03 16:30:01,119 level=WARNING module=sunflow.opt msg=no admissible pattern for ['Chalburga']: infeasible by construction ({'Kharosa': {'candidates': 591, 'thermal_dropped': 0, 'kept': 591, 'longest_single_spell_blocks': 32}, 'Jawali': {'candidates': 591, 'thermal_dropped': 0, 'kept': 591, 'longest_single_spell_blocks': 32}, 'Lamjana II': {'candidates': 591, 'thermal_dropped': 0, 'kept': 591, 'longest_single_spell_blocks': 32}, 'Chalburga': {'candidates': 264, 'thermal_dropped': 264, 'kept': 0, 'longest_single_spell_blocks': 0}})
2026-10-03 16:30:27,648 level=INFO module=sunflow.opt msg=solve status=feasible obj=96573.5 gap=None t=25.93s binaries=4403 constraints=255
2026-10-03 16:30:27,697 level=INFO module=sunflow.certify msg=certified status=CERTIFIED_WITH_RELAXATION rung=feasibility_focus tightening=0
2026-10-03 16:30:29,697 level=INFO module=sunflow.opt msg=solve status=optimal obj=57157.3 gap=0.0 t=0.39s binaries=111 constraints=328
2026-10-03 16:30:29,741 level=INFO module=sunflow.certify msg=certified status=CERTIFIED rung=nominal tightening=0
2026-10-03 16:30:29,859 level=INFO module=sunflow.certify msg=baseline guard: published timetable (Rs 20,131) not worse than plan (Rs 21,206); issuing timetable
2026-10-03 16:30:31,291 level=WARNING module=sunflow.opt msg=no admissible pattern for ['Kharosa', 'Jawali', 'Lamjana II', 'Chalburga']: infeasible by construction ({'Kharosa': {'candidates': 9, 'thermal_dropped': 9, 'kept': 0, 'longest_single_spell_blocks': 0}, 'Jawali': {'candidates': 84, 'thermal_dropped': 84, 'kept': 0, 'longest_single_spell_blocks': 0}, 'Lamjana II': {'candidates': 84, 'thermal_dropped': 84, 'kept': 0, 'longest_single_spell_blocks': 0}, 'Chalburga': {'candidates': 9, 'thermal_dropped': 9, 'kept': 0, 'longest_single_spell_blocks': 0}})
2026-10-03 16:30:31,596 level=WARNING module=sunflow.opt msg=no admissible pattern for ['Kharosa', 'Chalburga']: infeasible by construction ({'Kharosa': {'candidates': 264, 'thermal_dropped': 264, 'kept': 0, 'longest_single_spell_blocks': 0}, 'Jawali': {'candidates': 591, 'thermal_dropped': 544, 'kept': 47, 'longest_single_spell_blocks': 0}, 'Lamjana II': {'candidates': 591, 'thermal_dropped': 544, 'kept': 47, 'longest_single_spell_blocks': 0}, 'Chalburga': {'candidates': 264, 'thermal_dropped': 264, 'kept': 0, 'longest_single_spell_blocks': 0}})
2026-10-03 16:30:34,187 level=INFO module=sunflow.opt msg=solve status=optimal obj=236831.4 gap=0.0098 t=2.54s binaries=300 constraints=233
2026-10-03 16:30:34,222 level=INFO module=sunflow.certify msg=certified status=CERTIFIED_WITH_RELAXATION rung=feasibility_focus tightening=0
2026-10-03 16:30:37,516 level=INFO module=sunflow.opt msg=solve status=optimal obj=64668.3 gap=0.0 t=1.53s binaries=258 constraints=314
2026-10-03 16:30:54,341 level=INFO module=sunflow.opt msg=solve status=optimal obj=64668.3 gap=0.0 t=16.52s binaries=1779 constraints=337
2026-10-03 16:30:54,341 level=INFO module=sunflow.certify msg=certified status=CERTIFIED rung=nominal tightening=0
2026-10-03 16:30:57,590 level=INFO module=sunflow.opt msg=solve status=optimal obj=143849.4 gap=0.0 t=1.20s binaries=186 constraints=328
2026-10-03 16:30:57,647 level=INFO module=sunflow.certify msg=certified status=CERTIFIED rung=nominal tightening=0
2026-10-03 16:31:00,544 level=INFO module=sunflow.opt msg=solve status=optimal obj=177884.2 gap=0.0 t=1.27s binaries=186 constraints=328
2026-10-03 16:31:00,581 level=INFO module=sunflow.certify msg=certified status=CERTIFIED rung=nominal tightening=0
2026-10-03 16:31:00,673 level=INFO module=sunflow.certify msg=baseline guard: published timetable (Rs 104,051) not worse than plan (Rs 104,051); issuing timetable
2026-10-03 16:31:00,778 level=WARNING module=sunflow.opt msg=no admissible pattern for ['Kharosa', 'Jawali', 'Lamjana II', 'Chalburga']: infeasible by construction ({'Kharosa': {'candidates': 84, 'thermal_dropped': 84, 'kept': 0, 'longest_single_spell_blocks': 0}, 'Jawali': {'candidates': 84, 'thermal_dropped': 84, 'kept': 0, 'longest_single_spell_blocks': 0}, 'Lamjana II': {'candidates': 84, 'thermal_dropped': 84, 'kept': 0, 'longest_single_spell_blocks': 0}, 'Chalburga': {'candidates': 84, 'thermal_dropped': 84, 'kept': 0, 'longest_single_spell_blocks': 0}})
2026-10-03 16:31:20,607 level=WARNING module=sunflow.opt msg=solve status=infeasible tc=infeasible t=19.83s
2026-10-03 16:31:41,605 level=WARNING module=sunflow.opt msg=solve status=infeasible tc=infeasible t=21.00s
2026-10-03 16:32:00,647 level=INFO module=sunflow.opt msg=solve status=feasible obj=164881.2 gap=None t=18.56s binaries=5628 constraints=351
2026-10-03 16:32:02,987 level=INFO module=sunflow.opt msg=solve status=optimal obj=180953.1 gap=0.0075 t=2.33s binaries=576 constraints=258
2026-10-03 16:32:13,487 level=WARNING module=sunflow.opt msg=solve status=timeout tc=maxtimelimit t=10.50s
2026-10-03 16:32:23,447 level=WARNING module=sunflow.opt msg=solve status=timeout tc=maxtimelimit t=9.96s
2026-10-03 16:32:42,216 level=INFO module=sunflow.opt msg=solve status=feasible obj=183953.6 gap=None t=18.44s binaries=6568 constraints=357
2026-10-03 16:32:42,216 level=WARNING module=sunflow.certify msg=No plan satisfies every hard rule under the declared assumptions; published timetable issued with alert.
2026-10-03 16:32:44,179 level=INFO module=sunflow.opt msg=solve status=optimal obj=114970.5 gap=0.0006 t=1.17s binaries=336 constraints=328
2026-10-03 16:32:44,199 level=INFO module=sunflow.certify msg=certified status=CERTIFIED rung=nominal tightening=0
2026-10-03 16:32:45,663 level=INFO module=sunflow.opt msg=solve status=optimal obj=159580.0 gap=0.0 t=0.65s binaries=336 constraints=328
2026-10-03 16:32:45,683 level=INFO module=sunflow.certify msg=certified status=CERTIFIED rung=nominal tightening=0
2026-10-03 16:32:45,745 level=INFO module=sunflow.certify msg=baseline guard: published timetable (Rs 96,927) not worse than plan (Rs 96,927); issuing timetable
2026-10-03 16:32:47,231 level=INFO module=sunflow.opt msg=solve status=optimal obj=117284.4 gap=0.0 t=0.76s binaries=261 constraints=328
2026-10-03 16:32:47,252 level=INFO module=sunflow.certify msg=certified status=CERTIFIED rung=nominal tightening=0
2026-10-03 16:32:48,350 level=WARNING module=sunflow.opt msg=no admissible pattern for ['Jawali']: infeasible by construction ({'Kharosa': {'candidates': 84, 'thermal_dropped': 0, 'kept': 84, 'longest_single_spell_blocks': 32}, 'Jawali': {'candidates': 0, 'thermal_dropped': 0, 'kept': 0, 'longest_single_spell_blocks': 0}, 'Lamjana II': {'candidates': 84, 'thermal_dropped': 0, 'kept': 84, 'longest_single_spell_blocks': 32}, 'Chalburga': {'candidates': 84, 'thermal_dropped': 0, 'kept': 84, 'longest_single_spell_blocks': 32}})
2026-10-03 16:32:59,965 level=INFO module=sunflow.opt msg=solve status=optimal obj=123642.3 gap=0.0021 t=11.51s binaries=1808 constraints=351
2026-10-03 16:32:59,982 level=INFO module=sunflow.certify msg=certified status=CERTIFIED_WITH_RELAXATION rung=split_spells tightening=0
2026-10-03 16:33:01,168 level=INFO module=sunflow.opt msg=solve status=optimal obj=56822.8 gap=0.0 t=0.43s binaries=261 constraints=328
2026-10-03 16:33:01,195 level=INFO module=sunflow.certify msg=certified status=CERTIFIED rung=nominal tightening=0
2026-10-03 16:33:02,039 level=WARNING module=sunflow.opt msg=no admissible pattern for ['Kharosa', 'Jawali', 'Lamjana II', 'Chalburga']: infeasible by construction ({'Kharosa': {'candidates': 84, 'thermal_dropped': 84, 'kept': 0, 'longest_single_spell_blocks': 0}, 'Jawali': {'candidates': 84, 'thermal_dropped': 84, 'kept': 0, 'longest_single_spell_blocks': 0}, 'Lamjana II': {'candidates': 84, 'thermal_dropped': 84, 'kept': 0, 'longest_single_spell_blocks': 0}, 'Chalburga': {'candidates': 9, 'thermal_dropped': 9, 'kept': 0, 'longest_single_spell_blocks': 0}})
2026-10-03 16:33:02,188 level=WARNING module=sunflow.opt msg=no admissible pattern for ['Kharosa', 'Jawali', 'Lamjana II', 'Chalburga']: infeasible by construction ({'Kharosa': {'candidates': 591, 'thermal_dropped': 591, 'kept': 0, 'longest_single_spell_blocks': 0}, 'Jawali': {'candidates': 591, 'thermal_dropped': 591, 'kept': 0, 'longest_single_spell_blocks': 0}, 'Lamjana II': {'candidates': 591, 'thermal_dropped': 591, 'kept': 0, 'longest_single_spell_blocks': 0}, 'Chalburga': {'candidates': 264, 'thermal_dropped': 264, 'kept': 0, 'longest_single_spell_blocks': 0}})
2026-10-03 16:33:02,820 level=WARNING module=sunflow.opt msg=no admissible pattern for ['Kharosa', 'Jawali', 'Lamjana II', 'Chalburga']: infeasible by construction ({'Kharosa': {'candidates': 1407, 'thermal_dropped': 1407, 'kept': 0, 'longest_single_spell_blocks': 0}, 'Jawali': {'candidates': 1407, 'thermal_dropped': 1407, 'kept': 0, 'longest_single_spell_blocks': 0}, 'Lamjana II': {'candidates': 1407, 'thermal_dropped': 1407, 'kept': 0, 'longest_single_spell_blocks': 0}, 'Chalburga': {'candidates': 1407, 'thermal_dropped': 1407, 'kept': 0, 'longest_single_spell_blocks': 0}})
2026-10-03 16:33:18,621 level=INFO module=sunflow.opt msg=solve status=feasible obj=221940.8 gap=None t=15.36s binaries=5628 constraints=351
2026-10-03 16:33:19,060 level=WARNING module=sunflow.opt msg=no admissible pattern for ['Kharosa', 'Jawali', 'Lamjana II', 'Chalburga']: infeasible by construction ({'Kharosa': {'candidates': 1407, 'thermal_dropped': 1407, 'kept': 0, 'longest_single_spell_blocks': 0}, 'Jawali': {'candidates': 1407, 'thermal_dropped': 1407, 'kept': 0, 'longest_single_spell_blocks': 0}, 'Lamjana II': {'candidates': 1407, 'thermal_dropped': 1407, 'kept': 0, 'longest_single_spell_blocks': 0}, 'Chalburga': {'candidates': 1407, 'thermal_dropped': 1407, 'kept': 0, 'longest_single_spell_blocks': 0}})
2026-10-03 16:33:19,435 level=WARNING module=sunflow.opt msg=no admissible pattern for ['Kharosa', 'Jawali', 'Lamjana II', 'Chalburga']: infeasible by construction ({'Kharosa': {'candidates': 1407, 'thermal_dropped': 1407, 'kept': 0, 'longest_single_spell_blocks': 0}, 'Jawali': {'candidates': 1407, 'thermal_dropped': 1407, 'kept': 0, 'longest_single_spell_blocks': 0}, 'Lamjana II': {'candidates': 1407, 'thermal_dropped': 1407, 'kept': 0, 'longest_single_spell_blocks': 0}, 'Chalburga': {'candidates': 1407, 'thermal_dropped': 1407, 'kept': 0, 'longest_single_spell_blocks': 0}})
2026-10-03 16:33:19,817 level=WARNING module=sunflow.opt msg=no admissible pattern for ['Kharosa', 'Jawali', 'Lamjana II', 'Chalburga']: infeasible by construction ({'Kharosa': {'candidates': 1407, 'thermal_dropped': 1407, 'kept': 0, 'longest_single_spell_blocks': 0}, 'Jawali': {'candidates': 1407, 'thermal_dropped': 1407, 'kept': 0, 'longest_single_spell_blocks': 0}, 'Lamjana II': {'candidates': 1407, 'thermal_dropped': 1407, 'kept': 0, 'longest_single_spell_blocks': 0}, 'Chalburga': {'candidates': 1407, 'thermal_dropped': 1407, 'kept': 0, 'longest_single_spell_blocks': 0}})
2026-10-03 16:33:29,136 level=INFO module=sunflow.opt msg=solve status=optimal obj=255610.9 gap=0.0046 t=9.23s binaries=3368 constraints=357
2026-10-03 16:33:29,136 level=WARNING module=sunflow.certify msg=No plan satisfies every hard rule under the declared assumptions; published timetable issued with alert.
2026-10-03 16:33:29,793 level=WARNING module=sunflow.opt msg=no admissible pattern for ['Kharosa']: infeasible by construction ({'Kharosa': {'candidates': 84, 'thermal_dropped': 84, 'kept': 0, 'longest_single_spell_blocks': 0}, 'Jawali': {'candidates': 84, 'thermal_dropped': 55, 'kept': 29, 'longest_single_spell_blocks': 28}, 'Lamjana II': {'candidates': 84, 'thermal_dropped': 55, 'kept': 29, 'longest_single_spell_blocks': 28}, 'Chalburga': {'candidates': 84, 'thermal_dropped': 55, 'kept': 29, 'longest_single_spell_blocks': 28}})
2026-10-03 16:33:29,933 level=WARNING module=sunflow.opt msg=no admissible pattern for ['Kharosa']: infeasible by construction ({'Kharosa': {'candidates': 591, 'thermal_dropped': 591, 'kept': 0, 'longest_single_spell_blocks': 0}, 'Jawali': {'candidates': 591, 'thermal_dropped': 110, 'kept': 481, 'longest_single_spell_blocks': 28}, 'Lamjana II': {'candidates': 591, 'thermal_dropped': 110, 'kept': 481, 'longest_single_spell_blocks': 28}, 'Chalburga': {'candidates': 591, 'thermal_dropped': 110, 'kept': 481, 'longest_single_spell_blocks': 28}})
2026-10-03 16:33:30,323 level=WARNING module=sunflow.opt msg=no admissible pattern for ['Kharosa']: infeasible by construction ({'Kharosa': {'candidates': 1407, 'thermal_dropped': 1407, 'kept': 0, 'longest_single_spell_blocks': 0}, 'Jawali': {'candidates': 1407, 'thermal_dropped': 110, 'kept': 1297, 'longest_single_spell_blocks': 28}, 'Lamjana II': {'candidates': 1407, 'thermal_dropped': 110, 'kept': 1297, 'longest_single_spell_blocks': 28}, 'Chalburga': {'candidates': 1407, 'thermal_dropped': 110, 'kept': 1297, 'longest_single_spell_blocks': 28}})
2026-10-03 16:33:45,007 level=INFO module=sunflow.opt msg=solve status=feasible obj=175104.1 gap=None t=14.34s binaries=5628 constraints=391
2026-10-03 16:33:45,448 level=WARNING module=sunflow.opt msg=no admissible pattern for ['Kharosa']: infeasible by construction ({'Kharosa': {'candidates': 1407, 'thermal_dropped': 1407, 'kept': 0, 'longest_single_spell_blocks': 0}, 'Jawali': {'candidates': 1407, 'thermal_dropped': 110, 'kept': 1297, 'longest_single_spell_blocks': 28}, 'Lamjana II': {'candidates': 1407, 'thermal_dropped': 110, 'kept': 1297, 'longest_single_spell_blocks': 28}, 'Chalburga': {'candidates': 1407, 'thermal_dropped': 110, 'kept': 1297, 'longest_single_spell_blocks': 28}})
2026-10-03 16:33:45,821 level=WARNING module=sunflow.opt msg=no admissible pattern for ['Kharosa']: infeasible by construction ({'Kharosa': {'candidates': 1407, 'thermal_dropped': 1407, 'kept': 0, 'longest_single_spell_blocks': 0}, 'Jawali': {'candidates': 1407, 'thermal_dropped': 110, 'kept': 1297, 'longest_single_spell_blocks': 28}, 'Lamjana II': {'candidates': 1407, 'thermal_dropped': 110, 'kept': 1297, 'longest_single_spell_blocks': 28}, 'Chalburga': {'candidates': 1407, 'thermal_dropped': 110, 'kept': 1297, 'longest_single_spell_blocks': 28}})
2026-10-03 16:33:46,190 level=WARNING module=sunflow.opt msg=no admissible pattern for ['Kharosa']: infeasible by construction ({'Kharosa': {'candidates': 1407, 'thermal_dropped': 1407, 'kept': 0, 'longest_single_spell_blocks': 0}, 'Jawali': {'candidates': 1407, 'thermal_dropped': 110, 'kept': 1297, 'longest_single_spell_blocks': 28}, 'Lamjana II': {'candidates': 1407, 'thermal_dropped': 110, 'kept': 1297, 'longest_single_spell_blocks': 28}, 'Chalburga': {'candidates': 1407, 'thermal_dropped': 110, 'kept': 1297, 'longest_single_spell_blocks': 28}})
2026-10-03 16:34:06,188 level=INFO module=sunflow.opt msg=solve status=feasible obj=209482.3 gap=None t=19.46s binaries=10439 constraints=397
2026-10-03 16:34:06,188 level=WARNING module=sunflow.certify msg=No plan satisfies every hard rule under the declared assumptions; published timetable issued with alert.
2026-10-03 16:34:07,458 level=INFO module=sunflow.opt msg=solve status=optimal obj=143130.5 gap=0.0 t=0.41s binaries=261 constraints=328
2026-10-03 16:34:07,484 level=INFO module=sunflow.certify msg=certified status=CERTIFIED rung=nominal tightening=0
2026-10-03 16:34:07,533 level=INFO module=sunflow.certify msg=baseline guard: published timetable (Rs 101,017) not worse than plan (Rs 101,017); issuing timetable
2026-10-03 16:34:07,971 level=INFO module=sunflow.opt msg=solve status=optimal obj=157765.7 gap=0.0 t=0.41s binaries=261 constraints=328
2026-10-03 16:34:07,992 level=INFO module=sunflow.certify msg=certified status=CERTIFIED rung=nominal tightening=0
2026-10-03 16:34:08,918 level=WARNING module=sunflow.opt msg=no admissible pattern for ['Chalburga']: infeasible by construction ({'Kharosa': {'candidates': 84, 'thermal_dropped': 30, 'kept': 54, 'longest_single_spell_blocks': 32}, 'Jawali': {'candidates': 84, 'thermal_dropped': 30, 'kept': 54, 'longest_single_spell_blocks': 32}, 'Lamjana II': {'candidates': 84, 'thermal_dropped': 30, 'kept': 54, 'longest_single_spell_blocks': 32}, 'Chalburga': {'candidates': 0, 'thermal_dropped': 0, 'kept': 0, 'longest_single_spell_blocks': 0}})
2026-10-03 16:34:09,030 level=WARNING module=sunflow.opt msg=no admissible pattern for ['Chalburga']: infeasible by construction ({'Kharosa': {'candidates': 591, 'thermal_dropped': 31, 'kept': 560, 'longest_single_spell_blocks': 32}, 'Jawali': {'candidates': 591, 'thermal_dropped': 31, 'kept': 560, 'longest_single_spell_blocks': 32}, 'Lamjana II': {'candidates': 591, 'thermal_dropped': 31, 'kept': 560, 'longest_single_spell_blocks': 32}, 'Chalburga': {'candidates': 0, 'thermal_dropped': 0, 'kept': 0, 'longest_single_spell_blocks': 0}})
2026-10-03 16:34:27,275 level=INFO module=sunflow.opt msg=solve status=optimal obj=229699.4 gap=0.0084 t=17.93s binaries=4136 constraints=255
2026-10-03 16:34:27,304 level=INFO module=sunflow.certify msg=certified status=CERTIFIED_WITH_RELAXATION rung=feasibility_focus tightening=0
2026-10-03 16:34:28,749 level=INFO module=sunflow.opt msg=solve status=optimal obj=118030.3 gap=0.0 t=0.54s binaries=186 constraints=328
2026-10-03 16:34:28,767 level=INFO module=sunflow.certify msg=certified status=CERTIFIED rung=nominal tightening=0
2026-10-03 16:34:29,844 level=INFO module=sunflow.opt msg=solve status=optimal obj=49281.4 gap=0.001 t=0.98s binaries=336 constraints=328
2026-10-03 16:34:29,862 level=INFO module=sunflow.certify msg=certified status=CERTIFIED rung=nominal tightening=0
2026-10-03 16:34:31,179 level=INFO module=sunflow.opt msg=solve status=optimal obj=141958.4 gap=0.0003 t=0.41s binaries=186 constraints=328
2026-10-03 16:34:31,200 level=INFO module=sunflow.certify msg=certified status=CERTIFIED rung=nominal tightening=0
2026-10-03 16:34:32,111 level=WARNING module=sunflow.opt msg=no admissible pattern for ['Kharosa', 'Jawali', 'Lamjana II', 'Chalburga']: infeasible by construction ({'Kharosa': {'candidates': 84, 'thermal_dropped': 84, 'kept': 0, 'longest_single_spell_blocks': 0}, 'Jawali': {'candidates': 84, 'thermal_dropped': 84, 'kept': 0, 'longest_single_spell_blocks': 0}, 'Lamjana II': {'candidates': 84, 'thermal_dropped': 84, 'kept': 0, 'longest_single_spell_blocks': 0}, 'Chalburga': {'candidates': 84, 'thermal_dropped': 84, 'kept': 0, 'longest_single_spell_blocks': 0}})
2026-10-03 16:34:32,276 level=WARNING module=sunflow.opt msg=no admissible pattern for ['Kharosa', 'Jawali', 'Lamjana II', 'Chalburga']: infeasible by construction ({'Kharosa': {'candidates': 591, 'thermal_dropped': 591, 'kept': 0, 'longest_single_spell_blocks': 0}, 'Jawali': {'candidates': 591, 'thermal_dropped': 591, 'kept': 0, 'longest_single_spell_blocks': 0}, 'Lamjana II': {'candidates': 591, 'thermal_dropped': 591, 'kept': 0, 'longest_single_spell_blocks': 0}, 'Chalburga': {'candidates': 591, 'thermal_dropped': 591, 'kept': 0, 'longest_single_spell_blocks': 0}})
2026-10-03 16:34:32,971 level=WARNING module=sunflow.opt msg=no admissible pattern for ['Kharosa', 'Jawali', 'Lamjana II', 'Chalburga']: infeasible by construction ({'Kharosa': {'candidates': 1407, 'thermal_dropped': 1407, 'kept': 0, 'longest_single_spell_blocks': 0}, 'Jawali': {'candidates': 1407, 'thermal_dropped': 1407, 'kept': 0, 'longest_single_spell_blocks': 0}, 'Lamjana II': {'candidates': 1407, 'thermal_dropped': 1407, 'kept': 0, 'longest_single_spell_blocks': 0}, 'Chalburga': {'candidates': 1407, 'thermal_dropped': 1407, 'kept': 0, 'longest_single_spell_blocks': 0}})
2026-10-03 16:34:49,367 level=INFO module=sunflow.opt msg=solve status=feasible obj=198876.6 gap=None t=16.03s binaries=5628 constraints=351
2026-10-03 16:34:49,797 level=WARNING module=sunflow.opt msg=no admissible pattern for ['Kharosa', 'Jawali', 'Lamjana II', 'Chalburga']: infeasible by construction ({'Kharosa': {'candidates': 1407, 'thermal_dropped': 1407, 'kept': 0, 'longest_single_spell_blocks': 0}, 'Jawali': {'candidates': 1407, 'thermal_dropped': 1407, 'kept': 0, 'longest_single_spell_blocks': 0}, 'Lamjana II': {'candidates': 1407, 'thermal_dropped': 1407, 'kept': 0, 'longest_single_spell_blocks': 0}, 'Chalburga': {'candidates': 1407, 'thermal_dropped': 1407, 'kept': 0, 'longest_single_spell_blocks': 0}})
2026-10-03 16:34:50,213 level=WARNING module=sunflow.opt msg=no admissible pattern for ['Kharosa', 'Jawali', 'Lamjana II', 'Chalburga']: infeasible by construction ({'Kharosa': {'candidates': 1407, 'thermal_dropped': 1407, 'kept': 0, 'longest_single_spell_blocks': 0}, 'Jawali': {'candidates': 1407, 'thermal_dropped': 1407, 'kept': 0, 'longest_single_spell_blocks': 0}, 'Lamjana II': {'candidates': 1407, 'thermal_dropped': 1407, 'kept': 0, 'longest_single_spell_blocks': 0}, 'Chalburga': {'candidates': 1407, 'thermal_dropped': 1407, 'kept': 0, 'longest_single_spell_blocks': 0}})
2026-10-03 16:34:50,665 level=WARNING module=sunflow.opt msg=no admissible pattern for ['Kharosa', 'Jawali', 'Lamjana II', 'Chalburga']: infeasible by construction ({'Kharosa': {'candidates': 1407, 'thermal_dropped': 1407, 'kept': 0, 'longest_single_spell_blocks': 0}, 'Jawali': {'candidates': 1407, 'thermal_dropped': 1407, 'kept': 0, 'longest_single_spell_blocks': 0}, 'Lamjana II': {'candidates': 1407, 'thermal_dropped': 1407, 'kept': 0, 'longest_single_spell_blocks': 0}, 'Chalburga': {'candidates': 1407, 'thermal_dropped': 1407, 'kept': 0, 'longest_single_spell_blocks': 0}})
2026-10-03 16:34:53,951 level=INFO module=sunflow.opt msg=solve status=optimal obj=281049.3 gap=0.0413 t=3.25s binaries=1580 constraints=357
2026-10-03 16:34:53,951 level=WARNING module=sunflow.certify msg=No plan satisfies every hard rule under the declared assumptions; published timetable issued with alert.
2026-10-03 16:34:54,698 level=WARNING module=sunflow.opt msg=no admissible pattern for ['Jawali']: infeasible by construction ({'Kharosa': {'candidates': 84, 'thermal_dropped': 0, 'kept': 84, 'longest_single_spell_blocks': 32}, 'Jawali': {'candidates': 0, 'thermal_dropped': 0, 'kept': 0, 'longest_single_spell_blocks': 0}, 'Lamjana II': {'candidates': 84, 'thermal_dropped': 0, 'kept': 84, 'longest_single_spell_blocks': 32}, 'Chalburga': {'candidates': 9, 'thermal_dropped': 0, 'kept': 9, 'longest_single_spell_blocks': 32}})
2026-10-03 16:35:10,331 level=INFO module=sunflow.opt msg=solve status=optimal obj=104845.9 gap=0.0173 t=15.52s binaries=1476 constraints=351
2026-10-03 16:35:10,358 level=INFO module=sunflow.certify msg=certified status=CERTIFIED_WITH_RELAXATION rung=split_spells tightening=0
2026-10-03 16:35:12,188 level=INFO module=sunflow.opt msg=solve status=optimal obj=53174.3 gap=0.0017 t=0.80s binaries=186 constraints=328
2026-10-03 16:35:12,209 level=INFO module=sunflow.certify msg=certified status=CERTIFIED rung=nominal tightening=0
2026-10-03 16:35:12,319 level=WARNING module=sunflow.opt msg=no admissible pattern for ['Chalburga']: infeasible by construction ({'Kharosa': {'candidates': 84, 'thermal_dropped': 0, 'kept': 84, 'longest_single_spell_blocks': 32}, 'Jawali': {'candidates': 84, 'thermal_dropped': 0, 'kept': 84, 'longest_single_spell_blocks': 32}, 'Lamjana II': {'candidates': 9, 'thermal_dropped': 0, 'kept': 9, 'longest_single_spell_blocks': 32}, 'Chalburga': {'candidates': 0, 'thermal_dropped': 0, 'kept': 0, 'longest_single_spell_blocks': 0}})
2026-10-03 16:35:22,207 level=INFO module=sunflow.opt msg=solve status=optimal obj=51251.2 gap=0.0156 t=9.80s binaries=1496 constraints=351
2026-10-03 16:35:22,231 level=INFO module=sunflow.certify msg=certified status=CERTIFIED_WITH_RELAXATION rung=split_spells tightening=0
2026-10-03 16:35:22,942 level=INFO module=sunflow.opt msg=solve status=optimal obj=48301.1 gap=0.0007 t=0.66s binaries=261 constraints=328
2026-10-03 16:35:22,959 level=INFO module=sunflow.certify msg=certified status=CERTIFIED rung=nominal tightening=0
shard 1/8: 125 done, 3366s, statuses {'INFEASIBLE': 30, 'CERTIFIED': 55, 'CERTIFIED_WITH_RELAXATION': 39, 'FALLBACK_BASELINE': 1}, violations on certified plans: 0
{
  "n": 125,
  "n_total": 1000,
  "seed": 7,
  "shard": 1,
  "shards": 8,
  "status_counts": {
    "INFEASIBLE": 30,
    "CERTIFIED": 55,
    "CERTIFIED_WITH_RELAXATION": 39,
    "FALLBACK_BASELINE": 1
  },
  "certified_plans_with_violations": 0,
  "elapsed_s": 3366.386751651764
}
