2026-10-03 15:39:17,409 level=INFO module=sunflow.opt msg=solve status=optimal obj=78486.5 gap=0.0009 t=1.03s binaries=261 constraints=328
2026-10-03 15:39:17,456 level=INFO module=sunflow.certify msg=certified status=CERTIFIED rung=nominal tightening=0
2026-10-03 15:39:19,405 level=INFO module=sunflow.opt msg=solve status=optimal obj=51895.8 gap=0.0 t=0.61s binaries=186 constraints=328
2026-10-03 15:39:19,453 level=INFO module=sunflow.certify msg=certified status=CERTIFIED rung=nominal tightening=0
2026-10-03 15:39:22,974 level=INFO module=sunflow.opt msg=solve status=optimal obj=89075.4 gap=0.0002 t=1.29s binaries=300 constraints=328
2026-10-03 15:39:23,011 level=INFO module=sunflow.certify msg=certified status=CERTIFIED rung=nominal tightening=0
2026-10-03 15:39:23,205 level=INFO module=sunflow.certify msg=baseline guard: published timetable (Rs 18,240) not worse than plan (Rs 19,519); issuing timetable
2026-10-03 15:39:25,246 level=INFO module=sunflow.opt msg=solve status=optimal obj=113534.2 gap=0.0002 t=0.84s binaries=186 constraints=328
2026-10-03 15:39:25,292 level=INFO module=sunflow.certify msg=certified status=CERTIFIED rung=nominal tightening=0
2026-10-03 15:39:29,045 level=INFO module=sunflow.opt msg=solve status=optimal obj=118436.2 gap=0.0 t=1.73s binaries=336 constraints=328
2026-10-03 15:39:29,088 level=INFO module=sunflow.certify msg=certified status=CERTIFIED rung=nominal tightening=0
2026-10-03 15:39:33,759 level=INFO module=sunflow.opt msg=solve status=optimal obj=112614.6 gap=0.0009 t=2.34s binaries=333 constraints=328
2026-10-03 15:39:33,815 level=INFO module=sunflow.certify msg=certified status=CERTIFIED rung=nominal tightening=0
2026-10-03 15:39:37,559 level=WARNING module=sunflow.opt msg=solve status=infeasible tc=infeasible t=2.31s
2026-10-03 15:40:00,685 level=WARNING module=sunflow.opt msg=solve status=timeout tc=maxtimelimit t=23.13s
2026-10-03 15:40:30,790 level=INFO module=sunflow.opt msg=solve status=feasible obj=211963.1 gap=None t=29.19s binaries=5628 constraints=295
2026-10-03 15:40:30,849 level=INFO module=sunflow.certify msg=certified status=CERTIFIED_WITH_RELAXATION rung=feasibility_focus tightening=0
2026-10-03 15:40:32,375 level=WARNING module=sunflow.opt msg=no admissible pattern for ['Kharosa']: infeasible by construction ({'Kharosa': {'candidates': 0, 'thermal_dropped': 0, 'kept': 0, 'longest_single_spell_blocks': 0}, 'Jawali': {'candidates': 84, 'thermal_dropped': 0, 'kept': 84, 'longest_single_spell_blocks': 32}, 'Lamjana II': {'candidates': 9, 'thermal_dropped': 0, 'kept': 9, 'longest_single_spell_blocks': 32}, 'Chalburga': {'candidates': 9, 'thermal_dropped': 0, 'kept': 9, 'longest_single_spell_blocks': 32}})
2026-10-03 15:40:49,508 level=INFO module=sunflow.opt msg=solve status=optimal obj=147807.1 gap=0.0 t=16.92s binaries=1170 constraints=345
2026-10-03 15:40:49,552 level=INFO module=sunflow.certify msg=certified status=CERTIFIED_WITH_RELAXATION rung=split_spells tightening=0
2026-10-03 15:40:51,188 level=WARNING module=sunflow.opt msg=no admissible pattern for ['Kharosa', 'Jawali', 'Lamjana II', 'Chalburga']: infeasible by construction ({'Kharosa': {'candidates': 84, 'thermal_dropped': 84, 'kept': 0, 'longest_single_spell_blocks': 0}, 'Jawali': {'candidates': 84, 'thermal_dropped': 84, 'kept': 0, 'longest_single_spell_blocks': 0}, 'Lamjana II': {'candidates': 9, 'thermal_dropped': 9, 'kept': 0, 'longest_single_spell_blocks': 0}, 'Chalburga': {'candidates': 84, 'thermal_dropped': 84, 'kept': 0, 'longest_single_spell_blocks': 0}})
2026-10-03 15:40:51,515 level=WARNING module=sunflow.opt msg=no admissible pattern for ['Kharosa']: infeasible by construction ({'Kharosa': {'candidates': 591, 'thermal_dropped': 591, 'kept': 0, 'longest_single_spell_blocks': 0}, 'Jawali': {'candidates': 591, 'thermal_dropped': 423, 'kept': 168, 'longest_single_spell_blocks': 0}, 'Lamjana II': {'candidates': 264, 'thermal_dropped': 261, 'kept': 3, 'longest_single_spell_blocks': 0}, 'Chalburga': {'candidates': 591, 'thermal_dropped': 423, 'kept': 168, 'longest_single_spell_blocks': 0}})
2026-10-03 15:40:52,487 level=WARNING module=sunflow.opt msg=no admissible pattern for ['Kharosa']: infeasible by construction ({'Kharosa': {'candidates': 1407, 'thermal_dropped': 1407, 'kept': 0, 'longest_single_spell_blocks': 0}, 'Jawali': {'candidates': 1407, 'thermal_dropped': 973, 'kept': 434, 'longest_single_spell_blocks': 0}, 'Lamjana II': {'candidates': 1407, 'thermal_dropped': 973, 'kept': 434, 'longest_single_spell_blocks': 0}, 'Chalburga': {'candidates': 1407, 'thermal_dropped': 973, 'kept': 434, 'longest_single_spell_blocks': 0}})
2026-10-03 15:41:17,375 level=INFO module=sunflow.opt msg=solve status=feasible obj=190857.7 gap=None t=23.96s binaries=5628 constraints=391
2026-10-03 15:41:18,230 level=WARNING module=sunflow.opt msg=no admissible pattern for ['Kharosa']: infeasible by construction ({'Kharosa': {'candidates': 1407, 'thermal_dropped': 1407, 'kept': 0, 'longest_single_spell_blocks': 0}, 'Jawali': {'candidates': 1407, 'thermal_dropped': 973, 'kept': 434, 'longest_single_spell_blocks': 0}, 'Lamjana II': {'candidates': 1407, 'thermal_dropped': 973, 'kept': 434, 'longest_single_spell_blocks': 0}, 'Chalburga': {'candidates': 1407, 'thermal_dropped': 973, 'kept': 434, 'longest_single_spell_blocks': 0}})
2026-10-03 15:41:19,224 level=WARNING module=sunflow.opt msg=no admissible pattern for ['Kharosa']: infeasible by construction ({'Kharosa': {'candidates': 1407, 'thermal_dropped': 1407, 'kept': 0, 'longest_single_spell_blocks': 0}, 'Jawali': {'candidates': 1407, 'thermal_dropped': 973, 'kept': 434, 'longest_single_spell_blocks': 0}, 'Lamjana II': {'candidates': 1407, 'thermal_dropped': 973, 'kept': 434, 'longest_single_spell_blocks': 0}, 'Chalburga': {'candidates': 1407, 'thermal_dropped': 973, 'kept': 434, 'longest_single_spell_blocks': 0}})
2026-10-03 15:41:20,489 level=WARNING module=sunflow.opt msg=no admissible pattern for ['Kharosa']: infeasible by construction ({'Kharosa': {'candidates': 1407, 'thermal_dropped': 1407, 'kept': 0, 'longest_single_spell_blocks': 0}, 'Jawali': {'candidates': 1407, 'thermal_dropped': 973, 'kept': 434, 'longest_single_spell_blocks': 0}, 'Lamjana II': {'candidates': 1407, 'thermal_dropped': 973, 'kept': 434, 'longest_single_spell_blocks': 0}, 'Chalburga': {'candidates': 1407, 'thermal_dropped': 973, 'kept': 434, 'longest_single_spell_blocks': 0}})
2026-10-03 15:41:58,371 level=INFO module=sunflow.opt msg=solve status=feasible obj=216527.7 gap=None t=37.01s binaries=6946 constraints=397
2026-10-03 15:41:58,372 level=WARNING module=sunflow.certify msg=No plan satisfies every hard rule under the declared assumptions; published timetable issued with alert.
2026-10-03 15:42:01,683 level=INFO module=sunflow.opt msg=solve status=optimal obj=131315.4 gap=0.0023 t=0.84s binaries=117 constraints=316
2026-10-03 15:42:23,671 level=INFO module=sunflow.opt msg=solve status=feasible obj=128555.4 gap=0.9865 t=21.70s binaries=1143 constraints=339
2026-10-03 15:42:23,672 level=INFO module=sunflow.certify msg=certified status=CERTIFIED rung=nominal tightening=0
2026-10-03 15:42:26,660 level=WARNING module=sunflow.opt msg=no admissible pattern for ['Lamjana II']: infeasible by construction ({'Kharosa': {'candidates': 9, 'thermal_dropped': 0, 'kept': 9, 'longest_single_spell_blocks': 32}, 'Jawali': {'candidates': 9, 'thermal_dropped': 0, 'kept': 9, 'longest_single_spell_blocks': 32}, 'Lamjana II': {'candidates': 84, 'thermal_dropped': 84, 'kept': 0, 'longest_single_spell_blocks': 0}, 'Chalburga': {'candidates': 9, 'thermal_dropped': 0, 'kept': 9, 'longest_single_spell_blocks': 32}})
2026-10-03 15:42:40,592 level=INFO module=sunflow.opt msg=solve status=optimal obj=137352.8 gap=0.0157 t=13.74s binaries=821 constraints=349
2026-10-03 15:42:40,674 level=INFO module=sunflow.certify msg=certified status=CERTIFIED_WITH_RELAXATION rung=split_spells tightening=0
2026-10-03 15:42:43,655 level=WARNING module=sunflow.opt msg=no admissible pattern for ['Kharosa', 'Jawali', 'Lamjana II', 'Chalburga']: infeasible by construction ({'Kharosa': {'candidates': 84, 'thermal_dropped': 84, 'kept': 0, 'longest_single_spell_blocks': 0}, 'Jawali': {'candidates': 84, 'thermal_dropped': 84, 'kept': 0, 'longest_single_spell_blocks': 0}, 'Lamjana II': {'candidates': 84, 'thermal_dropped': 84, 'kept': 0, 'longest_single_spell_blocks': 0}, 'Chalburga': {'candidates': 9, 'thermal_dropped': 9, 'kept': 0, 'longest_single_spell_blocks': 0}})
2026-10-03 15:42:44,326 level=WARNING module=sunflow.opt msg=no admissible pattern for ['Kharosa', 'Jawali', 'Lamjana II', 'Chalburga']: infeasible by construction ({'Kharosa': {'candidates': 591, 'thermal_dropped': 591, 'kept': 0, 'longest_single_spell_blocks': 0}, 'Jawali': {'candidates': 591, 'thermal_dropped': 591, 'kept': 0, 'longest_single_spell_blocks': 0}, 'Lamjana II': {'candidates': 591, 'thermal_dropped': 591, 'kept': 0, 'longest_single_spell_blocks': 0}, 'Chalburga': {'candidates': 264, 'thermal_dropped': 264, 'kept': 0, 'longest_single_spell_blocks': 0}})
2026-10-03 15:42:46,383 level=WARNING module=sunflow.opt msg=no admissible pattern for ['Kharosa', 'Jawali', 'Lamjana II', 'Chalburga']: infeasible by construction ({'Kharosa': {'candidates': 1407, 'thermal_dropped': 1407, 'kept': 0, 'longest_single_spell_blocks': 0}, 'Jawali': {'candidates': 1407, 'thermal_dropped': 1407, 'kept': 0, 'longest_single_spell_blocks': 0}, 'Lamjana II': {'candidates': 1407, 'thermal_dropped': 1407, 'kept': 0, 'longest_single_spell_blocks': 0}, 'Chalburga': {'candidates': 1407, 'thermal_dropped': 1407, 'kept': 0, 'longest_single_spell_blocks': 0}})
2026-10-03 15:43:29,609 level=INFO module=sunflow.opt msg=solve status=feasible obj=299168.4 gap=None t=42.20s binaries=5628 constraints=391
2026-10-03 15:43:30,764 level=WARNING module=sunflow.opt msg=no admissible pattern for ['Kharosa', 'Jawali', 'Lamjana II', 'Chalburga']: infeasible by construction ({'Kharosa': {'candidates': 1407, 'thermal_dropped': 1407, 'kept': 0, 'longest_single_spell_blocks': 0}, 'Jawali': {'candidates': 1407, 'thermal_dropped': 1407, 'kept': 0, 'longest_single_spell_blocks': 0}, 'Lamjana II': {'candidates': 1407, 'thermal_dropped': 1407, 'kept': 0, 'longest_single_spell_blocks': 0}, 'Chalburga': {'candidates': 1407, 'thermal_dropped': 1407, 'kept': 0, 'longest_single_spell_blocks': 0}})
2026-10-03 15:43:31,912 level=WARNING module=sunflow.opt msg=no admissible pattern for ['Kharosa', 'Jawali', 'Lamjana II', 'Chalburga']: infeasible by construction ({'Kharosa': {'candidates': 1407, 'thermal_dropped': 1407, 'kept': 0, 'longest_single_spell_blocks': 0}, 'Jawali': {'candidates': 1407, 'thermal_dropped': 1407, 'kept': 0, 'longest_single_spell_blocks': 0}, 'Lamjana II': {'candidates': 1407, 'thermal_dropped': 1407, 'kept': 0, 'longest_single_spell_blocks': 0}, 'Chalburga': {'candidates': 1407, 'thermal_dropped': 1407, 'kept': 0, 'longest_single_spell_blocks': 0}})
2026-10-03 15:43:33,664 level=WARNING module=sunflow.opt msg=no admissible pattern for ['Kharosa', 'Jawali', 'Lamjana II', 'Chalburga']: infeasible by construction ({'Kharosa': {'candidates': 1407, 'thermal_dropped': 1407, 'kept': 0, 'longest_single_spell_blocks': 0}, 'Jawali': {'candidates': 1407, 'thermal_dropped': 1407, 'kept': 0, 'longest_single_spell_blocks': 0}, 'Lamjana II': {'candidates': 1407, 'thermal_dropped': 1407, 'kept': 0, 'longest_single_spell_blocks': 0}, 'Chalburga': {'candidates': 1407, 'thermal_dropped': 1407, 'kept': 0, 'longest_single_spell_blocks': 0}})
2026-10-03 15:43:50,466 level=INFO module=sunflow.opt msg=solve status=feasible obj=308734.0 gap=None t=16.37s binaries=1928 constraints=397
2026-10-03 15:43:50,466 level=WARNING module=sunflow.certify msg=No plan satisfies every hard rule under the declared assumptions; published timetable issued with alert.
2026-10-03 15:43:57,929 level=INFO module=sunflow.opt msg=solve status=optimal obj=163194.7 gap=0.0 t=4.04s binaries=282 constraints=328
2026-10-03 15:44:22,159 level=INFO module=sunflow.opt msg=solve status=feasible obj=160371.7 gap=None t=22.41s binaries=1830 constraints=351
2026-10-03 15:44:22,161 level=INFO module=sunflow.certify msg=certified status=CERTIFIED rung=nominal tightening=0
2026-10-03 15:44:29,063 level=INFO module=sunflow.opt msg=solve status=optimal obj=57938.8 gap=0.0008 t=3.90s binaries=261 constraints=328
2026-10-03 15:44:29,224 level=INFO module=sunflow.certify msg=certified status=CERTIFIED rung=nominal tightening=0
2026-10-03 15:44:36,951 level=INFO module=sunflow.opt msg=solve status=optimal obj=107316.3 gap=0.0 t=3.28s binaries=336 constraints=328
2026-10-03 15:44:37,090 level=INFO module=sunflow.certify msg=certified status=CERTIFIED rung=nominal tightening=0
2026-10-03 15:44:41,453 level=INFO module=sunflow.opt msg=solve status=optimal obj=111632.1 gap=0.0 t=1.34s binaries=261 constraints=328
2026-10-03 15:44:41,511 level=INFO module=sunflow.certify msg=certified status=CERTIFIED rung=nominal tightening=0
2026-10-03 15:44:43,776 level=WARNING module=sunflow.opt msg=no admissible pattern for ['Kharosa', 'Jawali', 'Lamjana II', 'Chalburga']: infeasible by construction ({'Kharosa': {'candidates': 84, 'thermal_dropped': 84, 'kept': 0, 'longest_single_spell_blocks': 0}, 'Jawali': {'candidates': 84, 'thermal_dropped': 84, 'kept': 0, 'longest_single_spell_blocks': 0}, 'Lamjana II': {'candidates': 84, 'thermal_dropped': 84, 'kept': 0, 'longest_single_spell_blocks': 0}, 'Chalburga': {'candidates': 84, 'thermal_dropped': 84, 'kept': 0, 'longest_single_spell_blocks': 0}})
2026-10-03 15:45:04,345 level=INFO module=sunflow.opt msg=solve status=feasible obj=239699.1 gap=0.0589 t=20.31s binaries=1308 constraints=387
2026-10-03 15:45:04,390 level=INFO module=sunflow.certify msg=certified status=CERTIFIED_WITH_RELAXATION rung=split_spells tightening=0
2026-10-03 15:45:07,920 level=INFO module=sunflow.opt msg=solve status=optimal obj=132328.8 gap=0.0 t=1.53s binaries=192 constraints=328
2026-10-03 15:45:27,689 level=INFO module=sunflow.opt msg=solve status=optimal obj=124997.5 gap=0.0 t=19.14s binaries=1482 constraints=351
2026-10-03 15:45:27,733 level=INFO module=sunflow.certify msg=certified without night compensation using split spells
2026-10-03 15:45:49,907 level=WARNING module=sunflow.opt msg=solve status=timeout tc=maxtimelimit t=17.68s
2026-10-03 15:46:16,483 level=INFO module=sunflow.opt msg=solve status=feasible obj=206525.7 gap=None t=25.82s binaries=2364 constraints=351
2026-10-03 15:46:16,600 level=INFO module=sunflow.certify msg=certified status=CERTIFIED_WITH_RELAXATION rung=split_spells tightening=0
2026-10-03 15:46:18,721 level=WARNING module=sunflow.opt msg=no admissible pattern for ['Kharosa', 'Chalburga']: infeasible by construction ({'Kharosa': {'candidates': 84, 'thermal_dropped': 84, 'kept': 0, 'longest_single_spell_blocks': 0}, 'Jawali': {'candidates': 84, 'thermal_dropped': 75, 'kept': 9, 'longest_single_spell_blocks': 26}, 'Lamjana II': {'candidates': 84, 'thermal_dropped': 75, 'kept': 9, 'longest_single_spell_blocks': 26}, 'Chalburga': {'candidates': 9, 'thermal_dropped': 9, 'kept': 0, 'longest_single_spell_blocks': 0}})
2026-10-03 15:46:19,299 level=WARNING module=sunflow.opt msg=no admissible pattern for ['Kharosa']: infeasible by construction ({'Kharosa': {'candidates': 591, 'thermal_dropped': 591, 'kept': 0, 'longest_single_spell_blocks': 0}, 'Jawali': {'candidates': 591, 'thermal_dropped': 225, 'kept': 366, 'longest_single_spell_blocks': 26}, 'Lamjana II': {'candidates': 591, 'thermal_dropped': 225, 'kept': 366, 'longest_single_spell_blocks': 26}, 'Chalburga': {'candidates': 264, 'thermal_dropped': 159, 'kept': 105, 'longest_single_spell_blocks': 0}})
2026-10-03 15:46:21,049 level=WARNING module=sunflow.opt msg=no admissible pattern for ['Kharosa']: infeasible by construction ({'Kharosa': {'candidates': 1407, 'thermal_dropped': 1407, 'kept': 0, 'longest_single_spell_blocks': 0}, 'Jawali': {'candidates': 1407, 'thermal_dropped': 325, 'kept': 1082, 'longest_single_spell_blocks': 26}, 'Lamjana II': {'candidates': 1407, 'thermal_dropped': 325, 'kept': 1082, 'longest_single_spell_blocks': 26}, 'Chalburga': {'candidates': 1407, 'thermal_dropped': 325, 'kept': 1082, 'longest_single_spell_blocks': 26}})
2026-10-03 15:46:58,586 level=INFO module=sunflow.opt msg=solve status=feasible obj=187272.0 gap=None t=36.06s binaries=5628 constraints=351
2026-10-03 15:46:59,473 level=WARNING module=sunflow.opt msg=no admissible pattern for ['Kharosa']: infeasible by construction ({'Kharosa': {'candidates': 1407, 'thermal_dropped': 1407, 'kept': 0, 'longest_single_spell_blocks': 0}, 'Jawali': {'candidates': 1407, 'thermal_dropped': 325, 'kept': 1082, 'longest_single_spell_blocks': 26}, 'Lamjana II': {'candidates': 1407, 'thermal_dropped': 325, 'kept': 1082, 'longest_single_spell_blocks': 26}, 'Chalburga': {'candidates': 1407, 'thermal_dropped': 325, 'kept': 1082, 'longest_single_spell_blocks': 26}})
2026-10-03 15:47:00,487 level=WARNING module=sunflow.opt msg=no admissible pattern for ['Kharosa']: infeasible by construction ({'Kharosa': {'candidates': 1407, 'thermal_dropped': 1407, 'kept': 0, 'longest_single_spell_blocks': 0}, 'Jawali': {'candidates': 1407, 'thermal_dropped': 325, 'kept': 1082, 'longest_single_spell_blocks': 26}, 'Lamjana II': {'candidates': 1407, 'thermal_dropped': 325, 'kept': 1082, 'longest_single_spell_blocks': 26}, 'Chalburga': {'candidates': 1407, 'thermal_dropped': 325, 'kept': 1082, 'longest_single_spell_blocks': 26}})
2026-10-03 15:47:01,503 level=WARNING module=sunflow.opt msg=no admissible pattern for ['Kharosa']: infeasible by construction ({'Kharosa': {'candidates': 1407, 'thermal_dropped': 1407, 'kept': 0, 'longest_single_spell_blocks': 0}, 'Jawali': {'candidates': 1407, 'thermal_dropped': 325, 'kept': 1082, 'longest_single_spell_blocks': 26}, 'Lamjana II': {'candidates': 1407, 'thermal_dropped': 325, 'kept': 1082, 'longest_single_spell_blocks': 26}, 'Chalburga': {'candidates': 1407, 'thermal_dropped': 325, 'kept': 1082, 'longest_single_spell_blocks': 26}})
2026-10-03 15:47:58,841 level=INFO module=sunflow.opt msg=solve status=feasible obj=223428.0 gap=None t=55.75s binaries=9652 constraints=357
2026-10-03 15:47:58,841 level=WARNING module=sunflow.certify msg=No plan satisfies every hard rule under the declared assumptions; published timetable issued with alert.
2026-10-03 15:48:03,213 level=INFO module=sunflow.opt msg=solve status=optimal obj=159283.4 gap=0.0 t=1.29s binaries=261 constraints=328
2026-10-03 15:48:03,378 level=INFO module=sunflow.certify msg=certified status=CERTIFIED rung=nominal tightening=0
2026-10-03 15:48:03,855 level=INFO module=sunflow.certify msg=baseline guard: published timetable (Rs 76,491) not worse than plan (Rs 76,491); issuing timetable
2026-10-03 15:48:06,263 level=WARNING module=sunflow.opt msg=no admissible pattern for ['Jawali']: infeasible by construction ({'Kharosa': {'candidates': 84, 'thermal_dropped': 0, 'kept': 84, 'longest_single_spell_blocks': 32}, 'Jawali': {'candidates': 84, 'thermal_dropped': 84, 'kept': 0, 'longest_single_spell_blocks': 0}, 'Lamjana II': {'candidates': 84, 'thermal_dropped': 0, 'kept': 84, 'longest_single_spell_blocks': 32}, 'Chalburga': {'candidates': 84, 'thermal_dropped': 0, 'kept': 84, 'longest_single_spell_blocks': 32}})
2026-10-03 15:48:32,210 level=INFO module=sunflow.opt msg=solve status=feasible obj=118531.3 gap=None t=25.41s binaries=2030 constraints=351
2026-10-03 15:48:32,294 level=INFO module=sunflow.certify msg=certified status=CERTIFIED_WITH_RELAXATION rung=split_spells tightening=0
2026-10-03 15:48:32,619 level=INFO module=sunflow.certify msg=baseline guard: published timetable (Rs 27,016) not worse than plan (Rs 37,097); issuing timetable
2026-10-03 15:48:36,647 level=INFO module=sunflow.opt msg=solve status=optimal obj=84854.9 gap=0.0 t=1.44s binaries=186 constraints=328
2026-10-03 15:48:36,703 level=INFO module=sunflow.certify msg=certified status=CERTIFIED rung=nominal tightening=0
2026-10-03 15:48:41,560 level=INFO module=sunflow.opt msg=solve status=optimal obj=128689.4 gap=0.0 t=2.57s binaries=336 constraints=328
2026-10-03 15:48:41,591 level=INFO module=sunflow.certify msg=certified status=CERTIFIED rung=nominal tightening=0
2026-10-03 15:48:41,687 level=INFO module=sunflow.certify msg=baseline guard: published timetable (Rs 101,230) not worse than plan (Rs 101,230); issuing timetable
2026-10-03 15:48:41,760 level=WARNING module=sunflow.opt msg=no admissible pattern for ['Kharosa', 'Jawali']: infeasible by construction ({'Kharosa': {'candidates': 84, 'thermal_dropped': 84, 'kept': 0, 'longest_single_spell_blocks': 0}, 'Jawali': {'candidates': 0, 'thermal_dropped': 0, 'kept': 0, 'longest_single_spell_blocks': 0}, 'Lamjana II': {'candidates': 9, 'thermal_dropped': 0, 'kept': 9, 'longest_single_spell_blocks': 32}, 'Chalburga': {'candidates': 9, 'thermal_dropped': 0, 'kept': 9, 'longest_single_spell_blocks': 32}})
2026-10-03 15:48:44,486 level=INFO module=sunflow.opt msg=solve status=optimal obj=95579.9 gap=0.0133 t=2.63s binaries=612 constraints=351
2026-10-03 15:48:44,516 level=INFO module=sunflow.certify msg=certified status=CERTIFIED_WITH_RELAXATION rung=split_spells tightening=0
shard 0/8: 25 done, 572s, statuses {'CERTIFIED': 15, 'CERTIFIED_WITH_RELAXATION': 7, 'INFEASIBLE': 3}, violations on certified plans: 0
2026-10-03 15:48:46,956 level=WARNING module=sunflow.opt msg=no admissible pattern for ['Kharosa', 'Jawali', 'Lamjana II', 'Chalburga']: infeasible by construction ({'Kharosa': {'candidates': 84, 'thermal_dropped': 84, 'kept': 0, 'longest_single_spell_blocks': 0}, 'Jawali': {'candidates': 9, 'thermal_dropped': 9, 'kept': 0, 'longest_single_spell_blocks': 0}, 'Lamjana II': {'candidates': 84, 'thermal_dropped': 84, 'kept': 0, 'longest_single_spell_blocks': 0}, 'Chalburga': {'candidates': 84, 'thermal_dropped': 84, 'kept': 0, 'longest_single_spell_blocks': 0}})
2026-10-03 15:48:54,441 level=INFO module=sunflow.opt msg=solve status=optimal obj=169632.2 gap=0.0243 t=7.38s binaries=761 constraints=345
2026-10-03 15:48:54,488 level=INFO module=sunflow.certify msg=certified status=CERTIFIED_WITH_RELAXATION rung=split_spells tightening=0
2026-10-03 15:48:57,484 level=INFO module=sunflow.opt msg=solve status=optimal obj=101647.4 gap=0.0 t=1.30s binaries=261 constraints=328
2026-10-03 15:48:57,527 level=INFO module=sunflow.certify msg=certified status=CERTIFIED rung=nominal tightening=0
2026-10-03 15:48:59,961 level=WARNING module=sunflow.opt msg=no admissible pattern for ['Kharosa']: infeasible by construction ({'Kharosa': {'candidates': 9, 'thermal_dropped': 9, 'kept': 0, 'longest_single_spell_blocks': 0}, 'Jawali': {'candidates': 84, 'thermal_dropped': 78, 'kept': 6, 'longest_single_spell_blocks': 26}, 'Lamjana II': {'candidates': 84, 'thermal_dropped': 78, 'kept': 6, 'longest_single_spell_blocks': 26}, 'Chalburga': {'candidates': 84, 'thermal_dropped': 78, 'kept': 6, 'longest_single_spell_blocks': 26}})
2026-10-03 15:49:19,789 level=INFO module=sunflow.opt msg=solve status=feasible obj=157429.9 gap=0.079 t=19.56s binaries=1285 constraints=387
2026-10-03 15:49:19,834 level=INFO module=sunflow.certify msg=certified status=CERTIFIED_WITH_RELAXATION rung=split_spells tightening=0
2026-10-03 15:49:22,791 level=WARNING module=sunflow.opt msg=no admissible pattern for ['Kharosa', 'Jawali', 'Lamjana II', 'Chalburga']: infeasible by construction ({'Kharosa': {'candidates': 9, 'thermal_dropped': 9, 'kept': 0, 'longest_single_spell_blocks': 0}, 'Jawali': {'candidates': 84, 'thermal_dropped': 84, 'kept': 0, 'longest_single_spell_blocks': 0}, 'Lamjana II': {'candidates': 84, 'thermal_dropped': 84, 'kept': 0, 'longest_single_spell_blocks': 0}, 'Chalburga': {'candidates': 84, 'thermal_dropped': 84, 'kept': 0, 'longest_single_spell_blocks': 0}})
2026-10-03 15:49:23,188 level=WARNING module=sunflow.opt msg=no admissible pattern for ['Kharosa', 'Jawali', 'Lamjana II', 'Chalburga']: infeasible by construction ({'Kharosa': {'candidates': 264, 'thermal_dropped': 264, 'kept': 0, 'longest_single_spell_blocks': 0}, 'Jawali': {'candidates': 591, 'thermal_dropped': 591, 'kept': 0, 'longest_single_spell_blocks': 0}, 'Lamjana II': {'candidates': 591, 'thermal_dropped': 591, 'kept': 0, 'longest_single_spell_blocks': 0}, 'Chalburga': {'candidates': 591, 'thermal_dropped': 591, 'kept': 0, 'longest_single_spell_blocks': 0}})
2026-10-03 15:49:25,902 level=WARNING module=sunflow.opt msg=no admissible pattern for ['Kharosa', 'Jawali', 'Lamjana II', 'Chalburga']: infeasible by construction ({'Kharosa': {'candidates': 1407, 'thermal_dropped': 1407, 'kept': 0, 'longest_single_spell_blocks': 0}, 'Jawali': {'candidates': 1407, 'thermal_dropped': 1407, 'kept': 0, 'longest_single_spell_blocks': 0}, 'Lamjana II': {'candidates': 1407, 'thermal_dropped': 1407, 'kept': 0, 'longest_single_spell_blocks': 0}, 'Chalburga': {'candidates': 1407, 'thermal_dropped': 1407, 'kept': 0, 'longest_single_spell_blocks': 0}})
2026-10-03 15:50:02,997 level=INFO module=sunflow.opt msg=solve status=feasible obj=183250.6 gap=None t=36.04s binaries=5628 constraints=391
2026-10-03 15:50:04,225 level=WARNING module=sunflow.opt msg=no admissible pattern for ['Kharosa', 'Jawali', 'Lamjana II', 'Chalburga']: infeasible by construction ({'Kharosa': {'candidates': 1407, 'thermal_dropped': 1407, 'kept': 0, 'longest_single_spell_blocks': 0}, 'Jawali': {'candidates': 1407, 'thermal_dropped': 1407, 'kept': 0, 'longest_single_spell_blocks': 0}, 'Lamjana II': {'candidates': 1407, 'thermal_dropped': 1407, 'kept': 0, 'longest_single_spell_blocks': 0}, 'Chalburga': {'candidates': 1407, 'thermal_dropped': 1407, 'kept': 0, 'longest_single_spell_blocks': 0}})
2026-10-03 15:50:05,616 level=WARNING module=sunflow.opt msg=no admissible pattern for ['Kharosa', 'Jawali', 'Lamjana II', 'Chalburga']: infeasible by construction ({'Kharosa': {'candidates': 1407, 'thermal_dropped': 1407, 'kept': 0, 'longest_single_spell_blocks': 0}, 'Jawali': {'candidates': 1407, 'thermal_dropped': 1407, 'kept': 0, 'longest_single_spell_blocks': 0}, 'Lamjana II': {'candidates': 1407, 'thermal_dropped': 1407, 'kept': 0, 'longest_single_spell_blocks': 0}, 'Chalburga': {'candidates': 1407, 'thermal_dropped': 1407, 'kept': 0, 'longest_single_spell_blocks': 0}})
2026-10-03 15:50:06,997 level=WARNING module=sunflow.opt msg=no admissible pattern for ['Kharosa', 'Jawali', 'Lamjana II', 'Chalburga']: infeasible by construction ({'Kharosa': {'candidates': 1407, 'thermal_dropped': 1407, 'kept': 0, 'longest_single_spell_blocks': 0}, 'Jawali': {'candidates': 1407, 'thermal_dropped': 1407, 'kept': 0, 'longest_single_spell_blocks': 0}, 'Lamjana II': {'candidates': 1407, 'thermal_dropped': 1407, 'kept': 0, 'longest_single_spell_blocks': 0}, 'Chalburga': {'candidates': 1407, 'thermal_dropped': 1407, 'kept': 0, 'longest_single_spell_blocks': 0}})
2026-10-03 15:50:28,605 level=INFO module=sunflow.opt msg=solve status=feasible obj=233508.5 gap=None t=21.16s binaries=2592 constraints=397
2026-10-03 15:50:28,606 level=WARNING module=sunflow.certify msg=No plan satisfies every hard rule under the declared assumptions; published timetable issued with alert.
2026-10-03 15:50:30,795 level=WARNING module=sunflow.opt msg=no admissible pattern for ['Kharosa', 'Jawali', 'Lamjana II', 'Chalburga']: infeasible by construction ({'Kharosa': {'candidates': 84, 'thermal_dropped': 84, 'kept': 0, 'longest_single_spell_blocks': 0}, 'Jawali': {'candidates': 9, 'thermal_dropped': 9, 'kept': 0, 'longest_single_spell_blocks': 0}, 'Lamjana II': {'candidates': 84, 'thermal_dropped': 84, 'kept': 0, 'longest_single_spell_blocks': 0}, 'Chalburga': {'candidates': 84, 'thermal_dropped': 84, 'kept': 0, 'longest_single_spell_blocks': 0}})
2026-10-03 15:50:31,280 level=WARNING module=sunflow.opt msg=no admissible pattern for ['Lamjana II']: infeasible by construction ({'Kharosa': {'candidates': 591, 'thermal_dropped': 402, 'kept': 189, 'longest_single_spell_blocks': 0}, 'Jawali': {'candidates': 264, 'thermal_dropped': 262, 'kept': 2, 'longest_single_spell_blocks': 0}, 'Lamjana II': {'candidates': 591, 'thermal_dropped': 591, 'kept': 0, 'longest_single_spell_blocks': 0}, 'Chalburga': {'candidates': 591, 'thermal_dropped': 402, 'kept': 189, 'longest_single_spell_blocks': 0}})
2026-10-03 15:50:32,694 level=WARNING module=sunflow.opt msg=no admissible pattern for ['Lamjana II']: infeasible by construction ({'Kharosa': {'candidates': 1407, 'thermal_dropped': 917, 'kept': 490, 'longest_single_spell_blocks': 0}, 'Jawali': {'candidates': 1407, 'thermal_dropped': 917, 'kept': 490, 'longest_single_spell_blocks': 0}, 'Lamjana II': {'candidates': 1407, 'thermal_dropped': 1407, 'kept': 0, 'longest_single_spell_blocks': 0}, 'Chalburga': {'candidates': 1407, 'thermal_dropped': 917, 'kept': 490, 'longest_single_spell_blocks': 0}})
2026-10-03 15:51:13,851 level=WARNING module=sunflow.opt msg=solve status=timeout tc=maxtimelimit t=41.05s
2026-10-03 15:51:15,152 level=WARNING module=sunflow.opt msg=no admissible pattern for ['Lamjana II']: infeasible by construction ({'Kharosa': {'candidates': 1407, 'thermal_dropped': 917, 'kept': 490, 'longest_single_spell_blocks': 0}, 'Jawali': {'candidates': 1407, 'thermal_dropped': 917, 'kept': 490, 'longest_single_spell_blocks': 0}, 'Lamjana II': {'candidates': 1407, 'thermal_dropped': 1407, 'kept': 0, 'longest_single_spell_blocks': 0}, 'Chalburga': {'candidates': 1407, 'thermal_dropped': 917, 'kept': 490, 'longest_single_spell_blocks': 0}})
2026-10-03 15:51:16,249 level=WARNING module=sunflow.opt msg=no admissible pattern for ['Lamjana II']: infeasible by construction ({'Kharosa': {'candidates': 1407, 'thermal_dropped': 917, 'kept': 490, 'longest_single_spell_blocks': 0}, 'Jawali': {'candidates': 1407, 'thermal_dropped': 917, 'kept': 490, 'longest_single_spell_blocks': 0}, 'Lamjana II': {'candidates': 1407, 'thermal_dropped': 1407, 'kept': 0, 'longest_single_spell_blocks': 0}, 'Chalburga': {'candidates': 1407, 'thermal_dropped': 917, 'kept': 490, 'longest_single_spell_blocks': 0}})
2026-10-03 15:51:17,315 level=WARNING module=sunflow.opt msg=no admissible pattern for ['Lamjana II']: infeasible by construction ({'Kharosa': {'candidates': 1407, 'thermal_dropped': 917, 'kept': 490, 'longest_single_spell_blocks': 0}, 'Jawali': {'candidates': 1407, 'thermal_dropped': 917, 'kept': 490, 'longest_single_spell_blocks': 0}, 'Lamjana II': {'candidates': 1407, 'thermal_dropped': 1407, 'kept': 0, 'longest_single_spell_blocks': 0}, 'Chalburga': {'candidates': 1407, 'thermal_dropped': 917, 'kept': 490, 'longest_single_spell_blocks': 0}})
2026-10-03 15:51:50,849 level=INFO module=sunflow.opt msg=solve status=feasible obj=222136.4 gap=None t=32.65s binaries=7363 constraints=357
2026-10-03 15:51:50,849 level=WARNING module=sunflow.certify msg=No plan satisfies every hard rule under the declared assumptions; published timetable issued with alert.
2026-10-03 15:51:54,493 level=INFO module=sunflow.opt msg=solve status=optimal obj=61030.6 gap=0.0016 t=1.30s binaries=186 constraints=328
2026-10-03 15:51:54,548 level=INFO module=sunflow.certify msg=certified status=CERTIFIED rung=nominal tightening=0
2026-10-03 15:51:54,717 level=INFO module=sunflow.certify msg=baseline guard: published timetable (Rs 23,781) not worse than plan (Rs 23,814); issuing timetable
2026-10-03 15:51:57,308 level=WARNING module=sunflow.opt msg=no admissible pattern for ['Kharosa', 'Jawali', 'Lamjana II', 'Chalburga']: infeasible by construction ({'Kharosa': {'candidates': 84, 'thermal_dropped': 84, 'kept': 0, 'longest_single_spell_blocks': 0}, 'Jawali': {'candidates': 84, 'thermal_dropped': 84, 'kept': 0, 'longest_single_spell_blocks': 0}, 'Lamjana II': {'candidates': 84, 'thermal_dropped': 84, 'kept': 0, 'longest_single_spell_blocks': 0}, 'Chalburga': {'candidates': 9, 'thermal_dropped': 9, 'kept': 0, 'longest_single_spell_blocks': 0}})
2026-10-03 15:51:57,751 level=WARNING module=sunflow.opt msg=no admissible pattern for ['Chalburga']: infeasible by construction ({'Kharosa': {'candidates': 591, 'thermal_dropped': 531, 'kept': 60, 'longest_single_spell_blocks': 0}, 'Jawali': {'candidates': 591, 'thermal_dropped': 531, 'kept': 60, 'longest_single_spell_blocks': 0}, 'Lamjana II': {'candidates': 591, 'thermal_dropped': 531, 'kept': 60, 'longest_single_spell_blocks': 0}, 'Chalburga': {'candidates': 264, 'thermal_dropped': 264, 'kept': 0, 'longest_single_spell_blocks': 0}})
2026-10-03 15:52:01,277 level=INFO module=sunflow.opt msg=solve status=optimal obj=200437.9 gap=0.0265 t=3.46s binaries=460 constraints=240
2026-10-03 15:52:01,313 level=INFO module=sunflow.certify msg=certified status=CERTIFIED_WITH_RELAXATION rung=feasibility_focus tightening=0
2026-10-03 15:52:06,312 level=INFO module=sunflow.opt msg=solve status=optimal obj=62593.7 gap=0.0 t=2.82s binaries=261 constraints=328
2026-10-03 15:52:06,362 level=INFO module=sunflow.certify msg=certified status=CERTIFIED rung=nominal tightening=0
2026-10-03 15:52:10,062 level=INFO module=sunflow.opt msg=solve status=optimal obj=52336.8 gap=0.0 t=1.05s binaries=261 constraints=328
2026-10-03 15:52:10,111 level=INFO module=sunflow.certify msg=certified status=CERTIFIED rung=nominal tightening=0
2026-10-03 15:52:12,841 level=WARNING module=sunflow.opt msg=no admissible pattern for ['Kharosa', 'Jawali', 'Lamjana II', 'Chalburga']: infeasible by construction ({'Kharosa': {'candidates': 84, 'thermal_dropped': 84, 'kept': 0, 'longest_single_spell_blocks': 0}, 'Jawali': {'candidates': 84, 'thermal_dropped': 84, 'kept': 0, 'longest_single_spell_blocks': 0}, 'Lamjana II': {'candidates': 0, 'thermal_dropped': 0, 'kept': 0, 'longest_single_spell_blocks': 0}, 'Chalburga': {'candidates': 9, 'thermal_dropped': 9, 'kept': 0, 'longest_single_spell_blocks': 0}})
2026-10-03 15:52:13,286 level=WARNING module=sunflow.opt msg=no admissible pattern for ['Kharosa', 'Jawali', 'Lamjana II', 'Chalburga']: infeasible by construction ({'Kharosa': {'candidates': 591, 'thermal_dropped': 591, 'kept': 0, 'longest_single_spell_blocks': 0}, 'Jawali': {'candidates': 591, 'thermal_dropped': 591, 'kept': 0, 'longest_single_spell_blocks': 0}, 'Lamjana II': {'candidates': 88, 'thermal_dropped': 88, 'kept': 0, 'longest_single_spell_blocks': 0}, 'Chalburga': {'candidates': 264, 'thermal_dropped': 264, 'kept': 0, 'longest_single_spell_blocks': 0}})
2026-10-03 15:52:14,452 level=WARNING module=sunflow.opt msg=no admissible pattern for ['Kharosa', 'Jawali', 'Lamjana II', 'Chalburga']: infeasible by construction ({'Kharosa': {'candidates': 1407, 'thermal_dropped': 1407, 'kept': 0, 'longest_single_spell_blocks': 0}, 'Jawali': {'candidates': 1407, 'thermal_dropped': 1407, 'kept': 0, 'longest_single_spell_blocks': 0}, 'Lamjana II': {'candidates': 252, 'thermal_dropped': 252, 'kept': 0, 'longest_single_spell_blocks': 0}, 'Chalburga': {'candidates': 1407, 'thermal_dropped': 1407, 'kept': 0, 'longest_single_spell_blocks': 0}})
2026-10-03 15:52:39,591 level=INFO module=sunflow.opt msg=solve status=feasible obj=172479.4 gap=None t=23.41s binaries=4473 constraints=351
2026-10-03 15:52:40,764 level=WARNING module=sunflow.opt msg=no admissible pattern for ['Kharosa', 'Jawali', 'Lamjana II', 'Chalburga']: infeasible by construction ({'Kharosa': {'candidates': 1407, 'thermal_dropped': 1407, 'kept': 0, 'longest_single_spell_blocks': 0}, 'Jawali': {'candidates': 1407, 'thermal_dropped': 1407, 'kept': 0, 'longest_single_spell_blocks': 0}, 'Lamjana II': {'candidates': 252, 'thermal_dropped': 252, 'kept': 0, 'longest_single_spell_blocks': 0}, 'Chalburga': {'candidates': 1407, 'thermal_dropped': 1407, 'kept': 0, 'longest_single_spell_blocks': 0}})
2026-10-03 15:52:41,583 level=WARNING module=sunflow.opt msg=no admissible pattern for ['Kharosa', 'Jawali', 'Lamjana II', 'Chalburga']: infeasible by construction ({'Kharosa': {'candidates': 1407, 'thermal_dropped': 1407, 'kept': 0, 'longest_single_spell_blocks': 0}, 'Jawali': {'candidates': 1407, 'thermal_dropped': 1407, 'kept': 0, 'longest_single_spell_blocks': 0}, 'Lamjana II': {'candidates': 252, 'thermal_dropped': 252, 'kept': 0, 'longest_single_spell_blocks': 0}, 'Chalburga': {'candidates': 1407, 'thermal_dropped': 1407, 'kept': 0, 'longest_single_spell_blocks': 0}})
2026-10-03 15:52:42,443 level=WARNING module=sunflow.opt msg=no admissible pattern for ['Kharosa', 'Jawali', 'Lamjana II', 'Chalburga']: infeasible by construction ({'Kharosa': {'candidates': 1407, 'thermal_dropped': 1407, 'kept': 0, 'longest_single_spell_blocks': 0}, 'Jawali': {'candidates': 1407, 'thermal_dropped': 1407, 'kept': 0, 'longest_single_spell_blocks': 0}, 'Lamjana II': {'candidates': 252, 'thermal_dropped': 252, 'kept': 0, 'longest_single_spell_blocks': 0}, 'Chalburga': {'candidates': 1407, 'thermal_dropped': 1407, 'kept': 0, 'longest_single_spell_blocks': 0}})
2026-10-03 15:52:47,373 level=INFO module=sunflow.opt msg=solve status=optimal obj=310437.0 gap=0.0082 t=4.85s binaries=1166 constraints=357
2026-10-03 15:52:47,373 level=WARNING module=sunflow.certify msg=No plan satisfies every hard rule under the declared assumptions; published timetable issued with alert.
2026-10-03 15:52:49,018 level=WARNING module=sunflow.opt msg=no admissible pattern for ['Kharosa']: infeasible by construction ({'Kharosa': {'candidates': 0, 'thermal_dropped': 0, 'kept': 0, 'longest_single_spell_blocks': 0}, 'Jawali': {'candidates': 84, 'thermal_dropped': 0, 'kept': 84, 'longest_single_spell_blocks': 32}, 'Lamjana II': {'candidates': 84, 'thermal_dropped': 0, 'kept': 84, 'longest_single_spell_blocks': 32}, 'Chalburga': {'candidates': 9, 'thermal_dropped': 0, 'kept': 9, 'longest_single_spell_blocks': 32}})
2026-10-03 15:53:12,169 level=INFO module=sunflow.opt msg=solve status=feasible obj=101262.7 gap=0.9924 t=22.81s binaries=1510 constraints=344
2026-10-03 15:53:12,253 level=INFO module=sunflow.certify msg=certified status=CERTIFIED_WITH_RELAXATION rung=split_spells tightening=0
2026-10-03 15:53:16,111 level=INFO module=sunflow.opt msg=solve status=optimal obj=120261.2 gap=0.0018 t=1.37s binaries=259 constraints=328
2026-10-03 15:53:16,175 level=INFO module=sunflow.certify msg=certified status=CERTIFIED rung=nominal tightening=0
2026-10-03 15:53:22,046 level=INFO module=sunflow.opt msg=solve status=optimal obj=55197.2 gap=0.0009 t=3.34s binaries=336 constraints=328
2026-10-03 15:53:22,093 level=INFO module=sunflow.certify msg=certified status=CERTIFIED rung=nominal tightening=0
2026-10-03 15:53:23,843 level=WARNING module=sunflow.opt msg=no admissible pattern for ['Kharosa', 'Jawali', 'Lamjana II', 'Chalburga']: infeasible by construction ({'Kharosa': {'candidates': 84, 'thermal_dropped': 84, 'kept': 0, 'longest_single_spell_blocks': 0}, 'Jawali': {'candidates': 84, 'thermal_dropped': 84, 'kept': 0, 'longest_single_spell_blocks': 0}, 'Lamjana II': {'candidates': 9, 'thermal_dropped': 9, 'kept': 0, 'longest_single_spell_blocks': 0}, 'Chalburga': {'candidates': 9, 'thermal_dropped': 9, 'kept': 0, 'longest_single_spell_blocks': 0}})
2026-10-03 15:53:24,245 level=WARNING module=sunflow.opt msg=no admissible pattern for ['Kharosa', 'Jawali', 'Lamjana II', 'Chalburga']: infeasible by construction ({'Kharosa': {'candidates': 591, 'thermal_dropped': 591, 'kept': 0, 'longest_single_spell_blocks': 0}, 'Jawali': {'candidates': 591, 'thermal_dropped': 591, 'kept': 0, 'longest_single_spell_blocks': 0}, 'Lamjana II': {'candidates': 264, 'thermal_dropped': 264, 'kept': 0, 'longest_single_spell_blocks': 0}, 'Chalburga': {'candidates': 264, 'thermal_dropped': 264, 'kept': 0, 'longest_single_spell_blocks': 0}})
2026-10-03 15:53:25,222 level=WARNING module=sunflow.opt msg=no admissible pattern for ['Kharosa', 'Jawali', 'Lamjana II', 'Chalburga']: infeasible by construction ({'Kharosa': {'candidates': 1407, 'thermal_dropped': 1407, 'kept': 0, 'longest_single_spell_blocks': 0}, 'Jawali': {'candidates': 1407, 'thermal_dropped': 1407, 'kept': 0, 'longest_single_spell_blocks': 0}, 'Lamjana II': {'candidates': 1407, 'thermal_dropped': 1407, 'kept': 0, 'longest_single_spell_blocks': 0}, 'Chalburga': {'candidates': 1407, 'thermal_dropped': 1407, 'kept': 0, 'longest_single_spell_blocks': 0}})
2026-10-03 15:54:03,758 level=INFO module=sunflow.opt msg=solve status=feasible obj=293069.5 gap=None t=37.49s binaries=5628 constraints=391
2026-10-03 15:54:04,686 level=WARNING module=sunflow.opt msg=no admissible pattern for ['Kharosa', 'Jawali', 'Lamjana II', 'Chalburga']: infeasible by construction ({'Kharosa': {'candidates': 1407, 'thermal_dropped': 1407, 'kept': 0, 'longest_single_spell_blocks': 0}, 'Jawali': {'candidates': 1407, 'thermal_dropped': 1407, 'kept': 0, 'longest_single_spell_blocks': 0}, 'Lamjana II': {'candidates': 1407, 'thermal_dropped': 1407, 'kept': 0, 'longest_single_spell_blocks': 0}, 'Chalburga': {'candidates': 1407, 'thermal_dropped': 1407, 'kept': 0, 'longest_single_spell_blocks': 0}})
2026-10-03 15:54:05,736 level=WARNING module=sunflow.opt msg=no admissible pattern for ['Kharosa', 'Jawali', 'Lamjana II', 'Chalburga']: infeasible by construction ({'Kharosa': {'candidates': 1407, 'thermal_dropped': 1407, 'kept': 0, 'longest_single_spell_blocks': 0}, 'Jawali': {'candidates': 1407, 'thermal_dropped': 1407, 'kept': 0, 'longest_single_spell_blocks': 0}, 'Lamjana II': {'candidates': 1407, 'thermal_dropped': 1407, 'kept': 0, 'longest_single_spell_blocks': 0}, 'Chalburga': {'candidates': 1407, 'thermal_dropped': 1407, 'kept': 0, 'longest_single_spell_blocks': 0}})
2026-10-03 15:54:06,601 level=WARNING module=sunflow.opt msg=no admissible pattern for ['Kharosa', 'Jawali', 'Lamjana II', 'Chalburga']: infeasible by construction ({'Kharosa': {'candidates': 1407, 'thermal_dropped': 1407, 'kept': 0, 'longest_single_spell_blocks': 0}, 'Jawali': {'candidates': 1407, 'thermal_dropped': 1407, 'kept': 0, 'longest_single_spell_blocks': 0}, 'Lamjana II': {'candidates': 1407, 'thermal_dropped': 1407, 'kept': 0, 'longest_single_spell_blocks': 0}, 'Chalburga': {'candidates': 1407, 'thermal_dropped': 1407, 'kept': 0, 'longest_single_spell_blocks': 0}})
2026-10-03 15:54:25,395 level=INFO module=sunflow.opt msg=solve status=feasible obj=261681.4 gap=None t=18.35s binaries=2476 constraints=397
2026-10-03 15:54:25,397 level=WARNING module=sunflow.certify msg=No plan satisfies every hard rule under the declared assumptions; published timetable issued with alert.
2026-10-03 15:54:30,793 level=INFO module=sunflow.opt msg=solve status=optimal obj=94321.6 gap=0.0 t=3.39s binaries=336 constraints=328
2026-10-03 15:54:30,897 level=INFO module=sunflow.certify msg=certified status=CERTIFIED rung=nominal tightening=0
2026-10-03 15:54:36,153 level=INFO module=sunflow.opt msg=solve status=optimal obj=104379.4 gap=0.0001 t=2.70s binaries=336 constraints=328
2026-10-03 15:54:36,254 level=INFO module=sunflow.certify msg=certified status=CERTIFIED rung=nominal tightening=0
2026-10-03 15:54:38,062 level=WARNING module=sunflow.opt msg=no admissible pattern for ['Kharosa', 'Lamjana II']: infeasible by construction ({'Kharosa': {'candidates': 9, 'thermal_dropped': 9, 'kept': 0, 'longest_single_spell_blocks': 0}, 'Jawali': {'candidates': 84, 'thermal_dropped': 0, 'kept': 84, 'longest_single_spell_blocks': 32}, 'Lamjana II': {'candidates': 0, 'thermal_dropped': 0, 'kept': 0, 'longest_single_spell_blocks': 0}, 'Chalburga': {'candidates': 9, 'thermal_dropped': 0, 'kept': 9, 'longest_single_spell_blocks': 32}})
2026-10-03 15:54:38,283 level=WARNING module=sunflow.opt msg=no admissible pattern for ['Kharosa']: infeasible by construction ({'Kharosa': {'candidates': 264, 'thermal_dropped': 264, 'kept': 0, 'longest_single_spell_blocks': 0}, 'Jawali': {'candidates': 591, 'thermal_dropped': 0, 'kept': 591, 'longest_single_spell_blocks': 32}, 'Lamjana II': {'candidates': 24, 'thermal_dropped': 0, 'kept': 24, 'longest_single_spell_blocks': 0}, 'Chalburga': {'candidates': 264, 'thermal_dropped': 0, 'kept': 264, 'longest_single_spell_blocks': 32}})
2026-10-03 15:55:04,883 level=INFO module=sunflow.opt msg=solve status=feasible obj=164601.7 gap=None t=25.56s binaries=2901 constraints=247
2026-10-03 15:55:04,926 level=INFO module=sunflow.certify msg=certified status=CERTIFIED_WITH_RELAXATION rung=feasibility_focus tightening=0
2026-10-03 15:55:06,862 level=INFO module=sunflow.opt msg=solve status=optimal obj=107118.0 gap=0.0001 t=1.82s binaries=186 constraints=328
2026-10-03 15:55:06,916 level=INFO module=sunflow.certify msg=certified status=CERTIFIED rung=nominal tightening=0
2026-10-03 15:55:12,806 level=INFO module=sunflow.opt msg=solve status=optimal obj=82889.5 gap=0.0002 t=2.68s binaries=336 constraints=328
2026-10-03 15:55:12,880 level=INFO module=sunflow.certify msg=certified status=CERTIFIED rung=nominal tightening=0
2026-10-03 15:55:16,059 level=WARNING module=sunflow.opt msg=no admissible pattern for ['Jawali']: infeasible by construction ({'Kharosa': {'candidates': 9, 'thermal_dropped': 1, 'kept': 8, 'longest_single_spell_blocks': 32}, 'Jawali': {'candidates': 84, 'thermal_dropped': 84, 'kept': 0, 'longest_single_spell_blocks': 0}, 'Lamjana II': {'candidates': 84, 'thermal_dropped': 1, 'kept': 83, 'longest_single_spell_blocks': 32}, 'Chalburga': {'candidates': 9, 'thermal_dropped': 1, 'kept': 8, 'longest_single_spell_blocks': 32}})
2026-10-03 15:55:16,436 level=WARNING module=sunflow.opt msg=no admissible pattern for ['Jawali']: infeasible by construction ({'Kharosa': {'candidates': 264, 'thermal_dropped': 1, 'kept': 263, 'longest_single_spell_blocks': 32}, 'Jawali': {'candidates': 591, 'thermal_dropped': 591, 'kept': 0, 'longest_single_spell_blocks': 0}, 'Lamjana II': {'candidates': 591, 'thermal_dropped': 1, 'kept': 590, 'longest_single_spell_blocks': 32}, 'Chalburga': {'candidates': 264, 'thermal_dropped': 1, 'kept': 263, 'longest_single_spell_blocks': 32}})
2026-10-03 15:55:17,986 level=WARNING module=sunflow.opt msg=no admissible pattern for ['Jawali']: infeasible by construction ({'Kharosa': {'candidates': 1407, 'thermal_dropped': 1, 'kept': 1406, 'longest_single_spell_blocks': 32}, 'Jawali': {'candidates': 1407, 'thermal_dropped': 1407, 'kept': 0, 'longest_single_spell_blocks': 0}, 'Lamjana II': {'candidates': 1407, 'thermal_dropped': 1, 'kept': 1406, 'longest_single_spell_blocks': 32}, 'Chalburga': {'candidates': 1407, 'thermal_dropped': 1, 'kept': 1406, 'longest_single_spell_blocks': 32}})
2026-10-03 15:55:51,343 level=INFO module=sunflow.opt msg=solve status=feasible obj=182661.8 gap=None t=32.34s binaries=5628 constraints=391
2026-10-03 15:55:52,387 level=WARNING module=sunflow.opt msg=no admissible pattern for ['Jawali']: infeasible by construction ({'Kharosa': {'candidates': 1407, 'thermal_dropped': 1, 'kept': 1406, 'longest_single_spell_blocks': 32}, 'Jawali': {'candidates': 1407, 'thermal_dropped': 1407, 'kept': 0, 'longest_single_spell_blocks': 0}, 'Lamjana II': {'candidates': 1407, 'thermal_dropped': 1, 'kept': 1406, 'longest_single_spell_blocks': 32}, 'Chalburga': {'candidates': 1407, 'thermal_dropped': 1, 'kept': 1406, 'longest_single_spell_blocks': 32}})
2026-10-03 15:55:53,353 level=WARNING module=sunflow.opt msg=no admissible pattern for ['Jawali']: infeasible by construction ({'Kharosa': {'candidates': 1407, 'thermal_dropped': 1, 'kept': 1406, 'longest_single_spell_blocks': 32}, 'Jawali': {'candidates': 1407, 'thermal_dropped': 1407, 'kept': 0, 'longest_single_spell_blocks': 0}, 'Lamjana II': {'candidates': 1407, 'thermal_dropped': 1, 'kept': 1406, 'longest_single_spell_blocks': 32}, 'Chalburga': {'candidates': 1407, 'thermal_dropped': 1, 'kept': 1406, 'longest_single_spell_blocks': 32}})
2026-10-03 15:55:54,363 level=WARNING module=sunflow.opt msg=no admissible pattern for ['Jawali']: infeasible by construction ({'Kharosa': {'candidates': 1407, 'thermal_dropped': 1, 'kept': 1406, 'longest_single_spell_blocks': 32}, 'Jawali': {'candidates': 1407, 'thermal_dropped': 1407, 'kept': 0, 'longest_single_spell_blocks': 0}, 'Lamjana II': {'candidates': 1407, 'thermal_dropped': 1, 'kept': 1406, 'longest_single_spell_blocks': 32}, 'Chalburga': {'candidates': 1407, 'thermal_dropped': 1, 'kept': 1406, 'longest_single_spell_blocks': 32}})
2026-10-03 15:56:51,620 level=INFO module=sunflow.opt msg=solve status=feasible obj=150224.1 gap=None t=55.79s binaries=10902 constraints=397
2026-10-03 15:56:51,621 level=WARNING module=sunflow.certify msg=No plan satisfies every hard rule under the declared assumptions; published timetable issued with alert.
2026-10-03 15:56:54,690 level=WARNING module=sunflow.opt msg=no admissible pattern for ['Jawali']: infeasible by construction ({'Kharosa': {'candidates': 84, 'thermal_dropped': 83, 'kept': 1, 'longest_single_spell_blocks': 24}, 'Jawali': {'candidates': 9, 'thermal_dropped': 9, 'kept': 0, 'longest_single_spell_blocks': 0}, 'Lamjana II': {'candidates': 84, 'thermal_dropped': 83, 'kept': 1, 'longest_single_spell_blocks': 24}, 'Chalburga': {'candidates': 84, 'thermal_dropped': 83, 'kept': 1, 'longest_single_spell_blocks': 24}})
2026-10-03 15:57:15,249 level=WARNING module=sunflow.opt msg=solve status=timeout tc=maxtimelimit t=20.56s
2026-10-03 15:57:44,716 level=INFO module=sunflow.opt msg=solve status=feasible obj=202786.9 gap=None t=28.83s binaries=3176 constraints=251
2026-10-03 15:57:44,754 level=INFO module=sunflow.certify msg=certified status=CERTIFIED_WITH_RELAXATION rung=feasibility_focus tightening=0
2026-10-03 15:57:50,815 level=INFO module=sunflow.opt msg=solve status=optimal obj=128502.9 gap=0.0 t=3.65s binaries=336 constraints=328
2026-10-03 15:57:50,879 level=INFO module=sunflow.certify msg=certified status=CERTIFIED rung=nominal tightening=0
2026-10-03 15:57:55,742 level=INFO module=sunflow.opt msg=solve status=optimal obj=100266.5 gap=0.0 t=1.94s binaries=261 constraints=328
2026-10-03 15:57:55,795 level=INFO module=sunflow.certify msg=certified status=CERTIFIED rung=nominal tightening=0
2026-10-03 15:57:58,392 level=WARNING module=sunflow.opt msg=no admissible pattern for ['Kharosa', 'Jawali', 'Lamjana II', 'Chalburga']: infeasible by construction ({'Kharosa': {'candidates': 84, 'thermal_dropped': 84, 'kept': 0, 'longest_single_spell_blocks': 0}, 'Jawali': {'candidates': 9, 'thermal_dropped': 9, 'kept': 0, 'longest_single_spell_blocks': 0}, 'Lamjana II': {'candidates': 84, 'thermal_dropped': 84, 'kept': 0, 'longest_single_spell_blocks': 0}, 'Chalburga': {'candidates': 9, 'thermal_dropped': 9, 'kept': 0, 'longest_single_spell_blocks': 0}})
2026-10-03 15:57:59,383 level=WARNING module=sunflow.opt msg=no admissible pattern for ['Kharosa', 'Jawali', 'Lamjana II', 'Chalburga']: infeasible by construction ({'Kharosa': {'candidates': 591, 'thermal_dropped': 591, 'kept': 0, 'longest_single_spell_blocks': 0}, 'Jawali': {'candidates': 264, 'thermal_dropped': 264, 'kept': 0, 'longest_single_spell_blocks': 0}, 'Lamjana II': {'candidates': 591, 'thermal_dropped': 591, 'kept': 0, 'longest_single_spell_blocks': 0}, 'Chalburga': {'candidates': 264, 'thermal_dropped': 264, 'kept': 0, 'longest_single_spell_blocks': 0}})
2026-10-03 15:58:01,532 level=WARNING module=sunflow.opt msg=no admissible pattern for ['Kharosa', 'Jawali', 'Lamjana II', 'Chalburga']: infeasible by construction ({'Kharosa': {'candidates': 1407, 'thermal_dropped': 1407, 'kept': 0, 'longest_single_spell_blocks': 0}, 'Jawali': {'candidates': 1407, 'thermal_dropped': 1407, 'kept': 0, 'longest_single_spell_blocks': 0}, 'Lamjana II': {'candidates': 1407, 'thermal_dropped': 1407, 'kept': 0, 'longest_single_spell_blocks': 0}, 'Chalburga': {'candidates': 1407, 'thermal_dropped': 1407, 'kept': 0, 'longest_single_spell_blocks': 0}})
2026-10-03 15:58:38,735 level=INFO module=sunflow.opt msg=solve status=feasible obj=305945.3 gap=None t=36.47s binaries=5628 constraints=391
2026-10-03 15:58:39,458 level=WARNING module=sunflow.opt msg=no admissible pattern for ['Kharosa', 'Jawali', 'Lamjana II', 'Chalburga']: infeasible by construction ({'Kharosa': {'candidates': 1407, 'thermal_dropped': 1407, 'kept': 0, 'longest_single_spell_blocks': 0}, 'Jawali': {'candidates': 1407, 'thermal_dropped': 1407, 'kept': 0, 'longest_single_spell_blocks': 0}, 'Lamjana II': {'candidates': 1407, 'thermal_dropped': 1407, 'kept': 0, 'longest_single_spell_blocks': 0}, 'Chalburga': {'candidates': 1407, 'thermal_dropped': 1407, 'kept': 0, 'longest_single_spell_blocks': 0}})
2026-10-03 15:58:40,302 level=WARNING module=sunflow.opt msg=no admissible pattern for ['Kharosa', 'Jawali', 'Lamjana II', 'Chalburga']: infeasible by construction ({'Kharosa': {'candidates': 1407, 'thermal_dropped': 1407, 'kept': 0, 'longest_single_spell_blocks': 0}, 'Jawali': {'candidates': 1407, 'thermal_dropped': 1407, 'kept': 0, 'longest_single_spell_blocks': 0}, 'Lamjana II': {'candidates': 1407, 'thermal_dropped': 1407, 'kept': 0, 'longest_single_spell_blocks': 0}, 'Chalburga': {'candidates': 1407, 'thermal_dropped': 1407, 'kept': 0, 'longest_single_spell_blocks': 0}})
2026-10-03 15:58:41,154 level=WARNING module=sunflow.opt msg=no admissible pattern for ['Kharosa', 'Jawali', 'Lamjana II', 'Chalburga']: infeasible by construction ({'Kharosa': {'candidates': 1407, 'thermal_dropped': 1407, 'kept': 0, 'longest_single_spell_blocks': 0}, 'Jawali': {'candidates': 1407, 'thermal_dropped': 1407, 'kept': 0, 'longest_single_spell_blocks': 0}, 'Lamjana II': {'candidates': 1407, 'thermal_dropped': 1407, 'kept': 0, 'longest_single_spell_blocks': 0}, 'Chalburga': {'candidates': 1407, 'thermal_dropped': 1407, 'kept': 0, 'longest_single_spell_blocks': 0}})
2026-10-03 15:58:45,223 level=INFO module=sunflow.opt msg=solve status=optimal obj=413544.8 gap=0.0012 t=4.01s binaries=792 constraints=397
2026-10-03 15:58:45,223 level=WARNING module=sunflow.certify msg=No plan satisfies every hard rule under the declared assumptions; published timetable issued with alert.
2026-10-03 15:58:47,049 level=WARNING module=sunflow.opt msg=no admissible pattern for ['Kharosa', 'Jawali', 'Lamjana II', 'Chalburga']: infeasible by construction ({'Kharosa': {'candidates': 9, 'thermal_dropped': 9, 'kept': 0, 'longest_single_spell_blocks': 0}, 'Jawali': {'candidates': 84, 'thermal_dropped': 84, 'kept': 0, 'longest_single_spell_blocks': 0}, 'Lamjana II': {'candidates': 0, 'thermal_dropped': 0, 'kept': 0, 'longest_single_spell_blocks': 0}, 'Chalburga': {'candidates': 84, 'thermal_dropped': 84, 'kept': 0, 'longest_single_spell_blocks': 0}})
2026-10-03 15:58:47,309 level=WARNING module=sunflow.opt msg=no admissible pattern for ['Kharosa', 'Lamjana II', 'Chalburga']: infeasible by construction ({'Kharosa': {'candidates': 264, 'thermal_dropped': 264, 'kept': 0, 'longest_single_spell_blocks': 0}, 'Jawali': {'candidates': 591, 'thermal_dropped': 517, 'kept': 74, 'longest_single_spell_blocks': 0}, 'Lamjana II': {'candidates': 5, 'thermal_dropped': 5, 'kept': 0, 'longest_single_spell_blocks': 0}, 'Chalburga': {'candidates': 591, 'thermal_dropped': 591, 'kept': 0, 'longest_single_spell_blocks': 0}})
2026-10-03 15:58:48,156 level=WARNING module=sunflow.opt msg=no admissible pattern for ['Chalburga']: infeasible by construction ({'Kharosa': {'candidates': 1407, 'thermal_dropped': 1271, 'kept': 136, 'longest_single_spell_blocks': 0}, 'Jawali': {'candidates': 1407, 'thermal_dropped': 1271, 'kept': 136, 'longest_single_spell_blocks': 0}, 'Lamjana II': {'candidates': 62, 'thermal_dropped': 61, 'kept': 1, 'longest_single_spell_blocks': 0}, 'Chalburga': {'candidates': 1407, 'thermal_dropped': 1407, 'kept': 0, 'longest_single_spell_blocks': 0}})
2026-10-03 15:59:12,031 level=INFO module=sunflow.opt msg=solve status=feasible obj=128473.7 gap=None t=23.01s binaries=4283 constraints=351
2026-10-03 15:59:13,211 level=WARNING module=sunflow.opt msg=no admissible pattern for ['Chalburga']: infeasible by construction ({'Kharosa': {'candidates': 1407, 'thermal_dropped': 1271, 'kept': 136, 'longest_single_spell_blocks': 0}, 'Jawali': {'candidates': 1407, 'thermal_dropped': 1271, 'kept': 136, 'longest_single_spell_blocks': 0}, 'Lamjana II': {'candidates': 62, 'thermal_dropped': 61, 'kept': 1, 'longest_single_spell_blocks': 0}, 'Chalburga': {'candidates': 1407, 'thermal_dropped': 1407, 'kept': 0, 'longest_single_spell_blocks': 0}})
2026-10-03 15:59:13,856 level=WARNING module=sunflow.opt msg=no admissible pattern for ['Chalburga']: infeasible by construction ({'Kharosa': {'candidates': 1407, 'thermal_dropped': 1271, 'kept': 136, 'longest_single_spell_blocks': 0}, 'Jawali': {'candidates': 1407, 'thermal_dropped': 1271, 'kept': 136, 'longest_single_spell_blocks': 0}, 'Lamjana II': {'candidates': 62, 'thermal_dropped': 61, 'kept': 1, 'longest_single_spell_blocks': 0}, 'Chalburga': {'candidates': 1407, 'thermal_dropped': 1407, 'kept': 0, 'longest_single_spell_blocks': 0}})
2026-10-03 15:59:14,572 level=WARNING module=sunflow.opt msg=no admissible pattern for ['Chalburga']: infeasible by construction ({'Kharosa': {'candidates': 1407, 'thermal_dropped': 1271, 'kept': 136, 'longest_single_spell_blocks': 0}, 'Jawali': {'candidates': 1407, 'thermal_dropped': 1271, 'kept': 136, 'longest_single_spell_blocks': 0}, 'Lamjana II': {'candidates': 62, 'thermal_dropped': 61, 'kept': 1, 'longest_single_spell_blocks': 0}, 'Chalburga': {'candidates': 1407, 'thermal_dropped': 1407, 'kept': 0, 'longest_single_spell_blocks': 0}})
2026-10-03 15:59:32,335 level=INFO module=sunflow.opt msg=solve status=feasible obj=216960.3 gap=None t=17.27s binaries=3911 constraints=357
2026-10-03 15:59:32,335 level=WARNING module=sunflow.certify msg=No plan satisfies every hard rule under the declared assumptions; published timetable issued with alert.
shard 0/8: 50 done, 1220s, statuses {'CERTIFIED': 27, 'CERTIFIED_WITH_RELAXATION': 13, 'INFEASIBLE': 10}, violations on certified plans: 0
2026-10-03 15:59:33,976 level=WARNING module=sunflow.opt msg=no admissible pattern for ['Kharosa']: infeasible by construction ({'Kharosa': {'candidates': 0, 'thermal_dropped': 0, 'kept': 0, 'longest_single_spell_blocks': 0}, 'Jawali': {'candidates': 84, 'thermal_dropped': 0, 'kept': 84, 'longest_single_spell_blocks': 32}, 'Lamjana II': {'candidates': 9, 'thermal_dropped': 0, 'kept': 9, 'longest_single_spell_blocks': 32}, 'Chalburga': {'candidates': 9, 'thermal_dropped': 0, 'kept': 9, 'longest_single_spell_blocks': 32}})
2026-10-03 15:59:52,183 level=INFO module=sunflow.opt msg=solve status=optimal obj=116565.4 gap=0.0042 t=17.99s binaries=1139 constraints=346
2026-10-03 15:59:52,255 level=INFO module=sunflow.certify msg=certified status=CERTIFIED_WITH_RELAXATION rung=split_spells tightening=0
2026-10-03 15:59:54,079 level=WARNING module=sunflow.opt msg=no admissible pattern for ['Chalburga']: infeasible by construction ({'Kharosa': {'candidates': 84, 'thermal_dropped': 81, 'kept': 3, 'longest_single_spell_blocks': 25}, 'Jawali': {'candidates': 84, 'thermal_dropped': 81, 'kept': 3, 'longest_single_spell_blocks': 25}, 'Lamjana II': {'candidates': 84, 'thermal_dropped': 81, 'kept': 3, 'longest_single_spell_blocks': 25}, 'Chalburga': {'candidates': 9, 'thermal_dropped': 9, 'kept': 0, 'longest_single_spell_blocks': 0}})
2026-10-03 16:00:09,463 level=INFO module=sunflow.opt msg=solve status=optimal obj=166948.6 gap=0.016 t=15.11s binaries=1220 constraints=347
2026-10-03 16:00:09,503 level=INFO module=sunflow.certify msg=certified status=CERTIFIED_WITH_RELAXATION rung=split_spells tightening=0
2026-10-03 16:00:09,631 level=INFO module=sunflow.certify msg=baseline guard: published timetable (Rs 55,727) not worse than plan (Rs 78,056); issuing timetable
2026-10-03 16:00:11,734 level=WARNING module=sunflow.opt msg=no admissible pattern for ['Kharosa']: infeasible by construction ({'Kharosa': {'candidates': 0, 'thermal_dropped': 0, 'kept': 0, 'longest_single_spell_blocks': 0}, 'Jawali': {'candidates': 84, 'thermal_dropped': 0, 'kept': 84, 'longest_single_spell_blocks': 32}, 'Lamjana II': {'candidates': 84, 'thermal_dropped': 0, 'kept': 84, 'longest_single_spell_blocks': 32}, 'Chalburga': {'candidates': 84, 'thermal_dropped': 0, 'kept': 84, 'longest_single_spell_blocks': 32}})
2026-10-03 16:00:34,612 level=INFO module=sunflow.opt msg=solve status=feasible obj=75002.3 gap=0.9967 t=22.54s binaries=1829 constraints=343
2026-10-03 16:00:34,669 level=INFO module=sunflow.certify msg=certified status=CERTIFIED_WITH_RELAXATION rung=split_spells tightening=0
2026-10-03 16:00:36,317 level=WARNING module=sunflow.opt msg=no admissible pattern for ['Kharosa', 'Jawali', 'Lamjana II', 'Chalburga']: infeasible by construction ({'Kharosa': {'candidates': 84, 'thermal_dropped': 84, 'kept': 0, 'longest_single_spell_blocks': 0}, 'Jawali': {'candidates': 9, 'thermal_dropped': 9, 'kept': 0, 'longest_single_spell_blocks': 0}, 'Lamjana II': {'candidates': 84, 'thermal_dropped': 84, 'kept': 0, 'longest_single_spell_blocks': 0}, 'Chalburga': {'candidates': 9, 'thermal_dropped': 9, 'kept': 0, 'longest_single_spell_blocks': 0}})
2026-10-03 16:00:36,634 level=WARNING module=sunflow.opt msg=no admissible pattern for ['Kharosa', 'Jawali', 'Lamjana II', 'Chalburga']: infeasible by construction ({'Kharosa': {'candidates': 591, 'thermal_dropped': 591, 'kept': 0, 'longest_single_spell_blocks': 0}, 'Jawali': {'candidates': 264, 'thermal_dropped': 264, 'kept': 0, 'longest_single_spell_blocks': 0}, 'Lamjana II': {'candidates': 591, 'thermal_dropped': 591, 'kept': 0, 'longest_single_spell_blocks': 0}, 'Chalburga': {'candidates': 264, 'thermal_dropped': 264, 'kept': 0, 'longest_single_spell_blocks': 0}})
2026-10-03 16:00:37,539 level=WARNING module=sunflow.opt msg=no admissible pattern for ['Kharosa', 'Jawali', 'Lamjana II', 'Chalburga']: infeasible by construction ({'Kharosa': {'candidates': 1407, 'thermal_dropped': 1407, 'kept': 0, 'longest_single_spell_blocks': 0}, 'Jawali': {'candidates': 1407, 'thermal_dropped': 1407, 'kept': 0, 'longest_single_spell_blocks': 0}, 'Lamjana II': {'candidates': 1407, 'thermal_dropped': 1407, 'kept': 0, 'longest_single_spell_blocks': 0}, 'Chalburga': {'candidates': 1407, 'thermal_dropped': 1407, 'kept': 0, 'longest_single_spell_blocks': 0}})
2026-10-03 16:01:04,319 level=INFO module=sunflow.opt msg=solve status=feasible obj=145138.1 gap=None t=25.60s binaries=5628 constraints=351
2026-10-03 16:01:06,129 level=WARNING module=sunflow.opt msg=no admissible pattern for ['Kharosa', 'Jawali', 'Lamjana II', 'Chalburga']: infeasible by construction ({'Kharosa': {'candidates': 1407, 'thermal_dropped': 1407, 'kept': 0, 'longest_single_spell_blocks': 0}, 'Jawali': {'candidates': 1407, 'thermal_dropped': 1407, 'kept': 0, 'longest_single_spell_blocks': 0}, 'Lamjana II': {'candidates': 1407, 'thermal_dropped': 1407, 'kept': 0, 'longest_single_spell_blocks': 0}, 'Chalburga': {'candidates': 1407, 'thermal_dropped': 1407, 'kept': 0, 'longest_single_spell_blocks': 0}})
2026-10-03 16:01:06,986 level=WARNING module=sunflow.opt msg=no admissible pattern for ['Kharosa', 'Jawali', 'Lamjana II', 'Chalburga']: infeasible by construction ({'Kharosa': {'candidates': 1407, 'thermal_dropped': 1407, 'kept': 0, 'longest_single_spell_blocks': 0}, 'Jawali': {'candidates': 1407, 'thermal_dropped': 1407, 'kept': 0, 'longest_single_spell_blocks': 0}, 'Lamjana II': {'candidates': 1407, 'thermal_dropped': 1407, 'kept': 0, 'longest_single_spell_blocks': 0}, 'Chalburga': {'candidates': 1407, 'thermal_dropped': 1407, 'kept': 0, 'longest_single_spell_blocks': 0}})
2026-10-03 16:01:07,865 level=WARNING module=sunflow.opt msg=no admissible pattern for ['Kharosa', 'Jawali', 'Lamjana II', 'Chalburga']: infeasible by construction ({'Kharosa': {'candidates': 1407, 'thermal_dropped': 1407, 'kept': 0, 'longest_single_spell_blocks': 0}, 'Jawali': {'candidates': 1407, 'thermal_dropped': 1407, 'kept': 0, 'longest_single_spell_blocks': 0}, 'Lamjana II': {'candidates': 1407, 'thermal_dropped': 1407, 'kept': 0, 'longest_single_spell_blocks': 0}, 'Chalburga': {'candidates': 1407, 'thermal_dropped': 1407, 'kept': 0, 'longest_single_spell_blocks': 0}})
2026-10-03 16:01:21,604 level=INFO module=sunflow.opt msg=solve status=feasible obj=225853.6 gap=0.9991 t=13.42s binaries=2524 constraints=357
2026-10-03 16:01:21,604 level=WARNING module=sunflow.certify msg=No plan satisfies every hard rule under the declared assumptions; published timetable issued with alert.
2026-10-03 16:01:23,275 level=WARNING module=sunflow.opt msg=no admissible pattern for ['Kharosa', 'Jawali', 'Lamjana II', 'Chalburga']: infeasible by construction ({'Kharosa': {'candidates': 84, 'thermal_dropped': 84, 'kept': 0, 'longest_single_spell_blocks': 0}, 'Jawali': {'candidates': 84, 'thermal_dropped': 84, 'kept': 0, 'longest_single_spell_blocks': 0}, 'Lamjana II': {'candidates': 84, 'thermal_dropped': 84, 'kept': 0, 'longest_single_spell_blocks': 0}, 'Chalburga': {'candidates': 84, 'thermal_dropped': 84, 'kept': 0, 'longest_single_spell_blocks': 0}})
2026-10-03 16:01:36,834 level=INFO module=sunflow.opt msg=solve status=optimal obj=177754.3 gap=0.0212 t=13.39s binaries=1116 constraints=345
2026-10-03 16:01:36,869 level=INFO module=sunflow.certify msg=certified status=CERTIFIED_WITH_RELAXATION rung=split_spells tightening=0
2026-10-03 16:01:36,960 level=INFO module=sunflow.certify msg=baseline guard: published timetable (Rs 66,492) not worse than plan (Rs 96,765); issuing timetable
2026-10-03 16:01:38,390 level=WARNING module=sunflow.opt msg=no admissible pattern for ['Jawali']: infeasible by construction ({'Kharosa': {'candidates': 84, 'thermal_dropped': 0, 'kept': 84, 'longest_single_spell_blocks': 32}, 'Jawali': {'candidates': 0, 'thermal_dropped': 0, 'kept': 0, 'longest_single_spell_blocks': 0}, 'Lamjana II': {'candidates': 9, 'thermal_dropped': 0, 'kept': 9, 'longest_single_spell_blocks': 32}, 'Chalburga': {'candidates': 84, 'thermal_dropped': 0, 'kept': 84, 'longest_single_spell_blocks': 32}})
2026-10-03 16:01:59,395 level=INFO module=sunflow.opt msg=solve status=feasible obj=125712.7 gap=0.9934 t=20.75s binaries=1654 constraints=351
2026-10-03 16:01:59,428 level=INFO module=sunflow.certify msg=certified status=CERTIFIED_WITH_RELAXATION rung=split_spells tightening=0
2026-10-03 16:02:02,330 level=INFO module=sunflow.opt msg=solve status=optimal obj=68181.5 gap=0.001 t=1.49s binaries=261 constraints=328
2026-10-03 16:02:02,390 level=INFO module=sunflow.certify msg=certified status=CERTIFIED rung=nominal tightening=0
2026-10-03 16:02:05,487 level=INFO module=sunflow.opt msg=solve status=optimal obj=67069.8 gap=0.0033 t=1.00s binaries=225 constraints=322
2026-10-03 16:02:05,540 level=INFO module=sunflow.certify msg=certified status=CERTIFIED rung=nominal tightening=0
2026-10-03 16:02:07,877 level=WARNING module=sunflow.opt msg=no admissible pattern for ['Kharosa', 'Jawali', 'Lamjana II', 'Chalburga']: infeasible by construction ({'Kharosa': {'candidates': 84, 'thermal_dropped': 84, 'kept': 0, 'longest_single_spell_blocks': 0}, 'Jawali': {'candidates': 84, 'thermal_dropped': 84, 'kept': 0, 'longest_single_spell_blocks': 0}, 'Lamjana II': {'candidates': 9, 'thermal_dropped': 9, 'kept': 0, 'longest_single_spell_blocks': 0}, 'Chalburga': {'candidates': 9, 'thermal_dropped': 9, 'kept': 0, 'longest_single_spell_blocks': 0}})
2026-10-03 16:02:08,307 level=WARNING module=sunflow.opt msg=no admissible pattern for ['Lamjana II', 'Chalburga']: infeasible by construction ({'Kharosa': {'candidates': 591, 'thermal_dropped': 450, 'kept': 141, 'longest_single_spell_blocks': 0}, 'Jawali': {'candidates': 591, 'thermal_dropped': 450, 'kept': 141, 'longest_single_spell_blocks': 0}, 'Lamjana II': {'candidates': 264, 'thermal_dropped': 264, 'kept': 0, 'longest_single_spell_blocks': 0}, 'Chalburga': {'candidates': 264, 'thermal_dropped': 264, 'kept': 0, 'longest_single_spell_blocks': 0}})
2026-10-03 16:02:17,966 level=INFO module=sunflow.opt msg=solve status=optimal obj=196781.7 gap=0.017 t=9.44s binaries=1272 constraints=245
2026-10-03 16:02:18,030 level=INFO module=sunflow.certify msg=certified status=CERTIFIED_WITH_RELAXATION rung=feasibility_focus tightening=0
2026-10-03 16:02:21,585 level=INFO module=sunflow.opt msg=solve status=optimal obj=145369.8 gap=0.0009 t=1.78s binaries=261 constraints=328
2026-10-03 16:02:21,657 level=INFO module=sunflow.certify msg=certified status=CERTIFIED rung=nominal tightening=0
2026-10-03 16:02:21,804 level=INFO module=sunflow.certify msg=baseline guard: published timetable (Rs 64,579) not worse than plan (Rs 64,997); issuing timetable
2026-10-03 16:02:51,718 level=WARNING module=sunflow.opt msg=presolve infeasibility not confirmed (presolve off: maxtimelimit); using the confirmed run
2026-10-03 16:02:51,718 level=WARNING module=sunflow.opt msg=solve status=timeout tc=maxtimelimit t=28.20s
2026-10-03 16:03:15,321 level=INFO module=sunflow.opt msg=solve status=feasible obj=137669.8 gap=None t=23.23s binaries=2037 constraints=351
2026-10-03 16:03:15,368 level=INFO module=sunflow.certify msg=certified status=CERTIFIED_WITH_RELAXATION rung=split_spells tightening=0
2026-10-03 16:03:17,118 level=WARNING module=sunflow.opt msg=no admissible pattern for ['Lamjana II']: infeasible by construction ({'Kharosa': {'candidates': 9, 'thermal_dropped': 0, 'kept': 9, 'longest_single_spell_blocks': 32}, 'Jawali': {'candidates': 9, 'thermal_dropped': 0, 'kept': 9, 'longest_single_spell_blocks': 32}, 'Lamjana II': {'candidates': 0, 'thermal_dropped': 0, 'kept': 0, 'longest_single_spell_blocks': 0}, 'Chalburga': {'candidates': 84, 'thermal_dropped': 0, 'kept': 84, 'longest_single_spell_blocks': 32}})
2026-10-03 16:03:36,732 level=INFO module=sunflow.opt msg=solve status=feasible obj=125617.0 gap=0.9939 t=19.40s binaries=1145 constraints=351
2026-10-03 16:03:36,774 level=INFO module=sunflow.certify msg=certified status=CERTIFIED_WITH_RELAXATION rung=split_spells tightening=0
2026-10-03 16:03:36,999 level=WARNING module=sunflow.opt msg=no admissible pattern for ['Lamjana II', 'Chalburga']: infeasible by construction ({'Kharosa': {'candidates': 9, 'thermal_dropped': 6, 'kept': 3, 'longest_single_spell_blocks': 32}, 'Jawali': {'candidates': 9, 'thermal_dropped': 6, 'kept': 3, 'longest_single_spell_blocks': 32}, 'Lamjana II': {'candidates': 84, 'thermal_dropped': 84, 'kept': 0, 'longest_single_spell_blocks': 0}, 'Chalburga': {'candidates': 0, 'thermal_dropped': 0, 'kept': 0, 'longest_single_spell_blocks': 0}})
2026-10-03 16:03:37,600 level=WARNING module=sunflow.opt msg=no admissible pattern for ['Lamjana II']: infeasible by construction ({'Kharosa': {'candidates': 264, 'thermal_dropped': 6, 'kept': 258, 'longest_single_spell_blocks': 32}, 'Jawali': {'candidates': 264, 'thermal_dropped': 6, 'kept': 258, 'longest_single_spell_blocks': 32}, 'Lamjana II': {'candidates': 591, 'thermal_dropped': 591, 'kept': 0, 'longest_single_spell_blocks': 0}, 'Chalburga': {'candidates': 3, 'thermal_dropped': 0, 'kept': 3, 'longest_single_spell_blocks': 0}})
2026-10-03 16:03:38,392 level=WARNING module=sunflow.opt msg=no admissible pattern for ['Lamjana II']: infeasible by construction ({'Kharosa': {'candidates': 1407, 'thermal_dropped': 6, 'kept': 1401, 'longest_single_spell_blocks': 32}, 'Jawali': {'candidates': 1407, 'thermal_dropped': 6, 'kept': 1401, 'longest_single_spell_blocks': 32}, 'Lamjana II': {'candidates': 1407, 'thermal_dropped': 1407, 'kept': 0, 'longest_single_spell_blocks': 0}, 'Chalburga': {'candidates': 33, 'thermal_dropped': 0, 'kept': 33, 'longest_single_spell_blocks': 26}})
2026-10-03 16:04:03,416 level=INFO module=sunflow.opt msg=solve status=feasible obj=164455.8 gap=None t=24.32s binaries=4254 constraints=351
2026-10-03 16:04:04,706 level=WARNING module=sunflow.opt msg=no admissible pattern for ['Lamjana II']: infeasible by construction ({'Kharosa': {'candidates': 1407, 'thermal_dropped': 6, 'kept': 1401, 'longest_single_spell_blocks': 32}, 'Jawali': {'candidates': 1407, 'thermal_dropped': 6, 'kept': 1401, 'longest_single_spell_blocks': 32}, 'Lamjana II': {'candidates': 1407, 'thermal_dropped': 1407, 'kept': 0, 'longest_single_spell_blocks': 0}, 'Chalburga': {'candidates': 33, 'thermal_dropped': 0, 'kept': 33, 'longest_single_spell_blocks': 26}})
2026-10-03 16:04:05,422 level=WARNING module=sunflow.opt msg=no admissible pattern for ['Lamjana II']: infeasible by construction ({'Kharosa': {'candidates': 1407, 'thermal_dropped': 6, 'kept': 1401, 'longest_single_spell_blocks': 32}, 'Jawali': {'candidates': 1407, 'thermal_dropped': 6, 'kept': 1401, 'longest_single_spell_blocks': 32}, 'Lamjana II': {'candidates': 1407, 'thermal_dropped': 1407, 'kept': 0, 'longest_single_spell_blocks': 0}, 'Chalburga': {'candidates': 33, 'thermal_dropped': 0, 'kept': 33, 'longest_single_spell_blocks': 26}})
2026-10-03 16:04:06,196 level=WARNING module=sunflow.opt msg=no admissible pattern for ['Lamjana II']: infeasible by construction ({'Kharosa': {'candidates': 1407, 'thermal_dropped': 6, 'kept': 1401, 'longest_single_spell_blocks': 32}, 'Jawali': {'candidates': 1407, 'thermal_dropped': 6, 'kept': 1401, 'longest_single_spell_blocks': 32}, 'Lamjana II': {'candidates': 1407, 'thermal_dropped': 1407, 'kept': 0, 'longest_single_spell_blocks': 0}, 'Chalburga': {'candidates': 33, 'thermal_dropped': 0, 'kept': 33, 'longest_single_spell_blocks': 26}})
2026-10-03 16:04:35,465 level=INFO module=sunflow.opt msg=solve status=feasible obj=186923.1 gap=None t=28.40s binaries=7875 constraints=357
2026-10-03 16:04:35,467 level=WARNING module=sunflow.certify msg=No plan satisfies every hard rule under the declared assumptions; published timetable issued with alert.
2026-10-03 16:04:36,527 level=INFO module=sunflow.opt msg=solve status=optimal obj=103316.8 gap=0.0 t=1.03s binaries=186 constraints=328
2026-10-03 16:04:36,567 level=INFO module=sunflow.certify msg=certified status=CERTIFIED rung=nominal tightening=0
2026-10-03 16:04:36,896 level=WARNING module=sunflow.opt msg=no admissible pattern for ['Jawali']: infeasible by construction ({'Kharosa': {'candidates': 9, 'thermal_dropped': 0, 'kept': 9, 'longest_single_spell_blocks': 32}, 'Jawali': {'candidates': 84, 'thermal_dropped': 84, 'kept': 0, 'longest_single_spell_blocks': 0}, 'Lamjana II': {'candidates': 84, 'thermal_dropped': 0, 'kept': 84, 'longest_single_spell_blocks': 32}, 'Chalburga': {'candidates': 84, 'thermal_dropped': 0, 'kept': 84, 'longest_single_spell_blocks': 32}})
2026-10-03 16:04:56,883 level=INFO module=sunflow.opt msg=solve status=optimal obj=147297.8 gap=0.0068 t=19.70s binaries=1613 constraints=351
2026-10-03 16:04:56,929 level=INFO module=sunflow.certify msg=certified status=CERTIFIED_WITH_RELAXATION rung=split_spells tightening=0
2026-10-03 16:04:59,336 level=WARNING module=sunflow.opt msg=no admissible pattern for ['Jawali']: infeasible by construction ({'Kharosa': {'candidates': 84, 'thermal_dropped': 0, 'kept': 84, 'longest_single_spell_blocks': 32}, 'Jawali': {'candidates': 84, 'thermal_dropped': 84, 'kept': 0, 'longest_single_spell_blocks': 0}, 'Lamjana II': {'candidates': 84, 'thermal_dropped': 0, 'kept': 84, 'longest_single_spell_blocks': 32}, 'Chalburga': {'candidates': 84, 'thermal_dropped': 0, 'kept': 84, 'longest_single_spell_blocks': 32}})
2026-10-03 16:05:25,156 level=INFO module=sunflow.opt msg=solve status=feasible obj=71585.3 gap=None t=25.51s binaries=2065 constraints=351
2026-10-03 16:05:25,196 level=INFO module=sunflow.certify msg=certified status=CERTIFIED_WITH_RELAXATION rung=split_spells tightening=0
2026-10-03 16:05:25,328 level=INFO module=sunflow.certify msg=baseline guard: published timetable (Rs 24,403) not worse than plan (Rs 32,182); issuing timetable
2026-10-03 16:05:27,048 level=WARNING module=sunflow.opt msg=no admissible pattern for ['Kharosa', 'Jawali', 'Lamjana II', 'Chalburga']: infeasible by construction ({'Kharosa': {'candidates': 84, 'thermal_dropped': 84, 'kept': 0, 'longest_single_spell_blocks': 0}, 'Jawali': {'candidates': 9, 'thermal_dropped': 9, 'kept': 0, 'longest_single_spell_blocks': 0}, 'Lamjana II': {'candidates': 0, 'thermal_dropped': 0, 'kept': 0, 'longest_single_spell_blocks': 0}, 'Chalburga': {'candidates': 9, 'thermal_dropped': 9, 'kept': 0, 'longest_single_spell_blocks': 0}})
2026-10-03 16:05:29,228 level=WARNING module=sunflow.opt msg=solve status=infeasible tc=infeasible t=2.18s
2026-10-03 16:05:50,183 level=WARNING module=sunflow.opt msg=solve status=timeout tc=maxtimelimit t=20.95s
2026-10-03 16:05:50,231 level=WARNING module=sunflow.certify msg=Solver could not find a plan or prove infeasibility within the time limit; published timetable issued with alert.
2026-10-03 16:05:54,269 level=WARNING module=sunflow.opt msg=solve status=infeasible tc=infeasible t=2.44s
2026-10-03 16:06:16,152 level=INFO module=sunflow.opt msg=solve status=feasible obj=149547.9 gap=None t=21.39s binaries=2364 constraints=391
2026-10-03 16:06:16,227 level=INFO module=sunflow.certify msg=certified status=CERTIFIED_WITH_RELAXATION rung=split_spells tightening=0
2026-10-03 16:06:17,969 level=WARNING module=sunflow.opt msg=no admissible pattern for ['Kharosa', 'Jawali', 'Lamjana II', 'Chalburga']: infeasible by construction ({'Kharosa': {'candidates': 84, 'thermal_dropped': 84, 'kept': 0, 'longest_single_spell_blocks': 0}, 'Jawali': {'candidates': 84, 'thermal_dropped': 84, 'kept': 0, 'longest_single_spell_blocks': 0}, 'Lamjana II': {'candidates': 84, 'thermal_dropped': 84, 'kept': 0, 'longest_single_spell_blocks': 0}, 'Chalburga': {'candidates': 9, 'thermal_dropped': 9, 'kept': 0, 'longest_single_spell_blocks': 0}})
2026-10-03 16:06:36,331 level=INFO module=sunflow.opt msg=solve status=feasible obj=113262.3 gap=0.0769 t=18.27s binaries=700 constraints=382
2026-10-03 16:06:36,369 level=WARNING module=sunflow.certify msg=verification failed on non-thermal rules {'start_separation': 3, 'pt_rating': 1, 'switching_cap': 1}: model/verifier mismatch, next rung
2026-10-03 16:07:00,746 level=WARNING module=sunflow.opt msg=solve status=timeout tc=maxtimelimit t=24.38s
2026-10-03 16:07:00,816 level=WARNING module=sunflow.certify msg=Solver could not find a plan or prove infeasibility within the time limit; published timetable issued with alert.
2026-10-03 16:07:02,896 level=INFO module=sunflow.opt msg=solve status=optimal obj=117632.9 gap=0.0 t=0.76s binaries=186 constraints=328
2026-10-03 16:07:02,943 level=INFO module=sunflow.certify msg=certified status=CERTIFIED rung=nominal tightening=0
2026-10-03 16:07:05,010 level=WARNING module=sunflow.opt msg=no admissible pattern for ['Kharosa', 'Lamjana II', 'Chalburga']: infeasible by construction ({'Kharosa': {'candidates': 9, 'thermal_dropped': 9, 'kept': 0, 'longest_single_spell_blocks': 0}, 'Jawali': {'candidates': 84, 'thermal_dropped': 69, 'kept': 15, 'longest_single_spell_blocks': 28}, 'Lamjana II': {'candidates': 9, 'thermal_dropped': 9, 'kept': 0, 'longest_single_spell_blocks': 0}, 'Chalburga': {'candidates': 9, 'thermal_dropped': 9, 'kept': 0, 'longest_single_spell_blocks': 0}})
2026-10-03 16:07:13,328 level=WARNING module=sunflow.opt msg=solve status=infeasible tc=infeasible t=8.32s
2026-10-03 16:07:40,716 level=INFO module=sunflow.opt msg=solve status=feasible obj=215405.1 gap=None t=26.56s binaries=5048 constraints=293
2026-10-03 16:07:40,765 level=INFO module=sunflow.certify msg=certified status=CERTIFIED_WITH_RELAXATION rung=feasibility_focus tightening=0
2026-10-03 16:07:42,326 level=INFO module=sunflow.opt msg=solve status=optimal obj=50146.3 gap=0.0 t=1.41s binaries=261 constraints=328
2026-10-03 16:07:42,392 level=INFO module=sunflow.certify msg=certified status=CERTIFIED rung=nominal tightening=0
2026-10-03 16:07:44,648 level=WARNING module=sunflow.opt msg=no admissible pattern for ['Kharosa', 'Jawali', 'Lamjana II', 'Chalburga']: infeasible by construction ({'Kharosa': {'candidates': 84, 'thermal_dropped': 84, 'kept': 0, 'longest_single_spell_blocks': 0}, 'Jawali': {'candidates': 84, 'thermal_dropped': 84, 'kept': 0, 'longest_single_spell_blocks': 0}, 'Lamjana II': {'candidates': 9, 'thermal_dropped': 9, 'kept': 0, 'longest_single_spell_blocks': 0}, 'Chalburga': {'candidates': 9, 'thermal_dropped': 9, 'kept': 0, 'longest_single_spell_blocks': 0}})
2026-10-03 16:07:48,503 level=WARNING module=sunflow.opt msg=solve status=infeasible tc=infeasible t=3.85s
2026-10-03 16:08:05,798 level=INFO module=sunflow.opt msg=solve status=optimal obj=159161.5 gap=0.0132 t=16.67s binaries=2224 constraints=248
2026-10-03 16:08:05,871 level=INFO module=sunflow.certify msg=certified status=CERTIFIED_WITH_RELAXATION rung=feasibility_focus tightening=0
2026-10-03 16:08:07,172 level=INFO module=sunflow.opt msg=solve status=optimal obj=56492.9 gap=0.0008 t=1.08s binaries=234 constraints=328
2026-10-03 16:08:07,223 level=INFO module=sunflow.certify msg=certified status=CERTIFIED rung=nominal tightening=0
2026-10-03 16:08:08,693 level=WARNING module=sunflow.opt msg=no admissible pattern for ['Kharosa', 'Jawali', 'Lamjana II', 'Chalburga']: infeasible by construction ({'Kharosa': {'candidates': 84, 'thermal_dropped': 84, 'kept': 0, 'longest_single_spell_blocks': 0}, 'Jawali': {'candidates': 84, 'thermal_dropped': 84, 'kept': 0, 'longest_single_spell_blocks': 0}, 'Lamjana II': {'candidates': 84, 'thermal_dropped': 84, 'kept': 0, 'longest_single_spell_blocks': 0}, 'Chalburga': {'candidates': 84, 'thermal_dropped': 84, 'kept': 0, 'longest_single_spell_blocks': 0}})
2026-10-03 16:08:09,047 level=WARNING module=sunflow.opt msg=no admissible pattern for ['Kharosa', 'Jawali', 'Lamjana II', 'Chalburga']: infeasible by construction ({'Kharosa': {'candidates': 591, 'thermal_dropped': 591, 'kept': 0, 'longest_single_spell_blocks': 0}, 'Jawali': {'candidates': 591, 'thermal_dropped': 591, 'kept': 0, 'longest_single_spell_blocks': 0}, 'Lamjana II': {'candidates': 591, 'thermal_dropped': 591, 'kept': 0, 'longest_single_spell_blocks': 0}, 'Chalburga': {'candidates': 591, 'thermal_dropped': 591, 'kept': 0, 'longest_single_spell_blocks': 0}})
2026-10-03 16:08:09,830 level=WARNING module=sunflow.opt msg=no admissible pattern for ['Kharosa', 'Jawali', 'Lamjana II', 'Chalburga']: infeasible by construction ({'Kharosa': {'candidates': 1407, 'thermal_dropped': 1407, 'kept': 0, 'longest_single_spell_blocks': 0}, 'Jawali': {'candidates': 1407, 'thermal_dropped': 1407, 'kept': 0, 'longest_single_spell_blocks': 0}, 'Lamjana II': {'candidates': 1407, 'thermal_dropped': 1407, 'kept': 0, 'longest_single_spell_blocks': 0}, 'Chalburga': {'candidates': 1407, 'thermal_dropped': 1407, 'kept': 0, 'longest_single_spell_blocks': 0}})
2026-10-03 16:08:33,925 level=INFO module=sunflow.opt msg=solve status=feasible obj=260320.7 gap=None t=23.25s binaries=5628 constraints=391
2026-10-03 16:08:34,649 level=WARNING module=sunflow.opt msg=no admissible pattern for ['Kharosa', 'Jawali', 'Lamjana II', 'Chalburga']: infeasible by construction ({'Kharosa': {'candidates': 1407, 'thermal_dropped': 1407, 'kept': 0, 'longest_single_spell_blocks': 0}, 'Jawali': {'candidates': 1407, 'thermal_dropped': 1407, 'kept': 0, 'longest_single_spell_blocks': 0}, 'Lamjana II': {'candidates': 1407, 'thermal_dropped': 1407, 'kept': 0, 'longest_single_spell_blocks': 0}, 'Chalburga': {'candidates': 1407, 'thermal_dropped': 1407, 'kept': 0, 'longest_single_spell_blocks': 0}})
2026-10-03 16:08:35,424 level=WARNING module=sunflow.opt msg=no admissible pattern for ['Kharosa', 'Jawali', 'Lamjana II', 'Chalburga']: infeasible by construction ({'Kharosa': {'candidates': 1407, 'thermal_dropped': 1407, 'kept': 0, 'longest_single_spell_blocks': 0}, 'Jawali': {'candidates': 1407, 'thermal_dropped': 1407, 'kept': 0, 'longest_single_spell_blocks': 0}, 'Lamjana II': {'candidates': 1407, 'thermal_dropped': 1407, 'kept': 0, 'longest_single_spell_blocks': 0}, 'Chalburga': {'candidates': 1407, 'thermal_dropped': 1407, 'kept': 0, 'longest_single_spell_blocks': 0}})
2026-10-03 16:08:37,546 level=WARNING module=sunflow.opt msg=no admissible pattern for ['Kharosa', 'Jawali', 'Lamjana II', 'Chalburga']: infeasible by construction ({'Kharosa': {'candidates': 1407, 'thermal_dropped': 1407, 'kept': 0, 'longest_single_spell_blocks': 0}, 'Jawali': {'candidates': 1407, 'thermal_dropped': 1407, 'kept': 0, 'longest_single_spell_blocks': 0}, 'Lamjana II': {'candidates': 1407, 'thermal_dropped': 1407, 'kept': 0, 'longest_single_spell_blocks': 0}, 'Chalburga': {'candidates': 1407, 'thermal_dropped': 1407, 'kept': 0, 'longest_single_spell_blocks': 0}})
2026-10-03 16:08:42,172 level=INFO module=sunflow.opt msg=solve status=optimal obj=378288.5 gap=0.0056 t=4.58s binaries=1080 constraints=397
2026-10-03 16:08:42,172 level=WARNING module=sunflow.certify msg=No plan satisfies every hard rule under the declared assumptions; published timetable issued with alert.
shard 0/8: 75 done, 1770s, statuses {'CERTIFIED': 37, 'CERTIFIED_WITH_RELAXATION': 23, 'INFEASIBLE': 13, 'FALLBACK_BASELINE': 2}, violations on certified plans: 0
2026-10-03 16:08:45,837 level=INFO module=sunflow.opt msg=solve status=optimal obj=87616.9 gap=0.0003 t=1.59s binaries=261 constraints=328
2026-10-03 16:08:45,929 level=INFO module=sunflow.certify msg=certified status=CERTIFIED rung=nominal tightening=0
2026-10-03 16:08:48,631 level=WARNING module=sunflow.opt msg=no admissible pattern for ['Kharosa', 'Jawali', 'Lamjana II', 'Chalburga']: infeasible by construction ({'Kharosa': {'candidates': 84, 'thermal_dropped': 84, 'kept': 0, 'longest_single_spell_blocks': 0}, 'Jawali': {'candidates': 84, 'thermal_dropped': 84, 'kept': 0, 'longest_single_spell_blocks': 0}, 'Lamjana II': {'candidates': 84, 'thermal_dropped': 84, 'kept': 0, 'longest_single_spell_blocks': 0}, 'Chalburga': {'candidates': 9, 'thermal_dropped': 9, 'kept': 0, 'longest_single_spell_blocks': 0}})
2026-10-03 16:08:48,957 level=WARNING module=sunflow.opt msg=no admissible pattern for ['Chalburga']: infeasible by construction ({'Kharosa': {'candidates': 591, 'thermal_dropped': 511, 'kept': 80, 'longest_single_spell_blocks': 0}, 'Jawali': {'candidates': 591, 'thermal_dropped': 511, 'kept': 80, 'longest_single_spell_blocks': 0}, 'Lamjana II': {'candidates': 591, 'thermal_dropped': 511, 'kept': 80, 'longest_single_spell_blocks': 0}, 'Chalburga': {'candidates': 264, 'thermal_dropped': 264, 'kept': 0, 'longest_single_spell_blocks': 0}})
2026-10-03 16:08:53,170 level=INFO module=sunflow.opt msg=solve status=optimal obj=190259.6 gap=0.0043 t=4.13s binaries=612 constraints=242
2026-10-03 16:08:53,217 level=INFO module=sunflow.certify msg=certified status=CERTIFIED_WITH_RELAXATION rung=feasibility_focus tightening=0
2026-10-03 16:08:55,762 level=INFO module=sunflow.opt msg=solve status=optimal obj=105640.4 gap=0.0 t=1.11s binaries=261 constraints=328
2026-10-03 16:08:55,796 level=INFO module=sunflow.certify msg=certified status=CERTIFIED rung=nominal tightening=0
2026-10-03 16:08:58,535 level=INFO module=sunflow.opt msg=solve status=optimal obj=54696.5 gap=0.0004 t=1.25s binaries=336 constraints=328
2026-10-03 16:08:58,568 level=INFO module=sunflow.certify msg=certified status=CERTIFIED rung=nominal tightening=0
2026-10-03 16:09:00,062 level=WARNING module=sunflow.opt msg=no admissible pattern for ['Kharosa', 'Jawali', 'Lamjana II', 'Chalburga']: infeasible by construction ({'Kharosa': {'candidates': 84, 'thermal_dropped': 84, 'kept': 0, 'longest_single_spell_blocks': 0}, 'Jawali': {'candidates': 9, 'thermal_dropped': 9, 'kept': 0, 'longest_single_spell_blocks': 0}, 'Lamjana II': {'candidates': 15, 'thermal_dropped': 15, 'kept': 0, 'longest_single_spell_blocks': 0}, 'Chalburga': {'candidates': 84, 'thermal_dropped': 84, 'kept': 0, 'longest_single_spell_blocks': 0}})
2026-10-03 16:09:03,035 level=INFO module=sunflow.opt msg=solve status=optimal obj=177424.2 gap=0.0199 t=2.92s binaries=415 constraints=346
2026-10-03 16:09:03,075 level=INFO module=sunflow.certify msg=certified status=CERTIFIED_WITH_RELAXATION rung=split_spells tightening=0
2026-10-03 16:09:04,804 level=WARNING module=sunflow.opt msg=no admissible pattern for ['Chalburga']: infeasible by construction ({'Kharosa': {'candidates': 84, 'thermal_dropped': 0, 'kept': 84, 'longest_single_spell_blocks': 32}, 'Jawali': {'candidates': 84, 'thermal_dropped': 0, 'kept': 84, 'longest_single_spell_blocks': 32}, 'Lamjana II': {'candidates': 84, 'thermal_dropped': 0, 'kept': 84, 'longest_single_spell_blocks': 32}, 'Chalburga': {'candidates': 0, 'thermal_dropped': 0, 'kept': 0, 'longest_single_spell_blocks': 0}})
2026-10-03 16:09:23,230 level=WARNING module=sunflow.opt msg=solve status=infeasible tc=infeasible t=18.42s
2026-10-03 16:09:49,817 level=INFO module=sunflow.opt msg=solve status=feasible obj=151531.6 gap=None t=25.85s binaries=4360 constraints=255
2026-10-03 16:09:49,863 level=INFO module=sunflow.certify msg=certified status=CERTIFIED_WITH_RELAXATION rung=feasibility_focus tightening=0
2026-10-03 16:09:50,019 level=WARNING module=sunflow.opt msg=no admissible pattern for ['Chalburga']: infeasible by construction ({'Kharosa': {'candidates': 84, 'thermal_dropped': 0, 'kept': 84, 'longest_single_spell_blocks': 32}, 'Jawali': {'candidates': 84, 'thermal_dropped': 0, 'kept': 84, 'longest_single_spell_blocks': 32}, 'Lamjana II': {'candidates': 84, 'thermal_dropped': 0, 'kept': 84, 'longest_single_spell_blocks': 32}, 'Chalburga': {'candidates': 0, 'thermal_dropped': 0, 'kept': 0, 'longest_single_spell_blocks': 0}})
2026-10-03 16:10:10,181 level=INFO module=sunflow.opt msg=solve status=feasible obj=113847.1 gap=None t=19.91s binaries=1873 constraints=351
2026-10-03 16:10:10,221 level=INFO module=sunflow.certify msg=certified status=CERTIFIED_WITH_RELAXATION rung=split_spells tightening=0
2026-10-03 16:10:11,954 level=INFO module=sunflow.opt msg=solve status=optimal obj=62338.5 gap=0.0 t=1.62s binaries=336 constraints=328
2026-10-03 16:10:11,999 level=INFO module=sunflow.certify msg=certified status=CERTIFIED rung=nominal tightening=0
2026-10-03 16:10:32,286 level=WARNING module=sunflow.opt msg=solve status=infeasible tc=infeasible t=18.30s
2026-10-03 16:10:54,342 level=WARNING module=sunflow.opt msg=solve status=timeout tc=maxtimelimit t=22.05s
2026-10-03 16:11:29,696 level=WARNING module=sunflow.opt msg=solve status=timeout tc=maxtimelimit t=35.35s
2026-10-03 16:11:29,732 level=WARNING module=sunflow.certify msg=Solver could not find a plan or prove infeasibility within the time limit; published timetable issued with alert.
2026-10-03 16:11:31,689 level=INFO module=sunflow.opt msg=solve status=optimal obj=86999.6 gap=0.0 t=1.92s binaries=336 constraints=328
2026-10-03 16:11:31,725 level=INFO module=sunflow.certify msg=certified status=CERTIFIED rung=nominal tightening=0
2026-10-03 16:11:33,429 level=WARNING module=sunflow.opt msg=no admissible pattern for ['Kharosa', 'Jawali', 'Lamjana II', 'Chalburga']: infeasible by construction ({'Kharosa': {'candidates': 84, 'thermal_dropped': 84, 'kept': 0, 'longest_single_spell_blocks': 0}, 'Jawali': {'candidates': 84, 'thermal_dropped': 84, 'kept': 0, 'longest_single_spell_blocks': 0}, 'Lamjana II': {'candidates': 84, 'thermal_dropped': 84, 'kept': 0, 'longest_single_spell_blocks': 0}, 'Chalburga': {'candidates': 84, 'thermal_dropped': 84, 'kept': 0, 'longest_single_spell_blocks': 0}})
2026-10-03 16:11:35,181 level=WARNING module=sunflow.opt msg=solve status=infeasible tc=infeasible t=1.75s
2026-10-03 16:11:37,205 level=WARNING module=sunflow.opt msg=solve status=infeasible tc=infeasible t=2.02s
2026-10-03 16:12:04,928 level=INFO module=sunflow.opt msg=solve status=feasible obj=168059.3 gap=None t=26.57s binaries=5628 constraints=391
2026-10-03 16:12:07,037 level=INFO module=sunflow.opt msg=solve status=optimal obj=196325.0 gap=0.0 t=2.10s binaries=236 constraints=251
2026-10-03 16:12:11,757 level=WARNING module=sunflow.opt msg=solve status=infeasible tc=infeasible t=4.72s
2026-10-03 16:12:16,342 level=WARNING module=sunflow.opt msg=solve status=infeasible tc=infeasible t=4.58s
2026-10-03 16:12:44,171 level=INFO module=sunflow.opt msg=solve status=feasible obj=193746.0 gap=None t=27.39s binaries=5608 constraints=397
2026-10-03 16:12:44,172 level=WARNING module=sunflow.certify msg=No plan satisfies every hard rule under the declared assumptions; published timetable issued with alert.
2026-10-03 16:12:45,662 level=WARNING module=sunflow.opt msg=no admissible pattern for ['Lamjana II']: infeasible by construction ({'Kharosa': {'candidates': 9, 'thermal_dropped': 0, 'kept': 9, 'longest_single_spell_blocks': 32}, 'Jawali': {'candidates': 84, 'thermal_dropped': 0, 'kept': 84, 'longest_single_spell_blocks': 32}, 'Lamjana II': {'candidates': 84, 'thermal_dropped': 84, 'kept': 0, 'longest_single_spell_blocks': 0}, 'Chalburga': {'candidates': 84, 'thermal_dropped': 0, 'kept': 84, 'longest_single_spell_blocks': 32}})
2026-10-03 16:13:05,423 level=INFO module=sunflow.opt msg=solve status=feasible obj=140460.9 gap=None t=19.50s binaries=1456 constraints=351
2026-10-03 16:13:05,465 level=INFO module=sunflow.certify msg=certified status=CERTIFIED_WITH_RELAXATION rung=split_spells tightening=0
2026-10-03 16:13:08,160 level=INFO module=sunflow.opt msg=solve status=optimal obj=128429.8 gap=0.0 t=1.07s binaries=186 constraints=328
2026-10-03 16:13:08,210 level=INFO module=sunflow.certify msg=certified status=CERTIFIED rung=nominal tightening=0
2026-10-03 16:13:10,571 level=INFO module=sunflow.opt msg=solve status=optimal obj=103650.2 gap=0.0 t=0.77s binaries=186 constraints=328
2026-10-03 16:13:10,610 level=INFO module=sunflow.certify msg=certified status=CERTIFIED rung=nominal tightening=0
2026-10-03 16:13:11,158 level=INFO module=sunflow.opt msg=solve status=optimal obj=167746.6 gap=0.0002 t=0.36s binaries=36 constraints=304
2026-10-03 16:13:11,198 level=INFO module=sunflow.certify msg=certified status=CERTIFIED rung=nominal tightening=0
2026-10-03 16:13:11,397 level=INFO module=sunflow.certify msg=baseline guard: published timetable (Rs 31,858) not worse than plan (Rs 32,977); issuing timetable
2026-10-03 16:13:13,227 level=WARNING module=sunflow.opt msg=no admissible pattern for ['Kharosa', 'Jawali', 'Lamjana II', 'Chalburga']: infeasible by construction ({'Kharosa': {'candidates': 84, 'thermal_dropped': 84, 'kept': 0, 'longest_single_spell_blocks': 0}, 'Jawali': {'candidates': 9, 'thermal_dropped': 9, 'kept': 0, 'longest_single_spell_blocks': 0}, 'Lamjana II': {'candidates': 84, 'thermal_dropped': 84, 'kept': 0, 'longest_single_spell_blocks': 0}, 'Chalburga': {'candidates': 84, 'thermal_dropped': 84, 'kept': 0, 'longest_single_spell_blocks': 0}})
2026-10-03 16:13:13,559 level=WARNING module=sunflow.opt msg=no admissible pattern for ['Jawali']: infeasible by construction ({'Kharosa': {'candidates': 591, 'thermal_dropped': 589, 'kept': 2, 'longest_single_spell_blocks': 0}, 'Jawali': {'candidates': 264, 'thermal_dropped': 264, 'kept': 0, 'longest_single_spell_blocks': 0}, 'Lamjana II': {'candidates': 591, 'thermal_dropped': 589, 'kept': 2, 'longest_single_spell_blocks': 0}, 'Chalburga': {'candidates': 591, 'thermal_dropped': 589, 'kept': 2, 'longest_single_spell_blocks': 0}})
2026-10-03 16:13:15,164 level=WARNING module=sunflow.opt msg=solve status=infeasible tc=infeasible t=1.60s
2026-10-03 16:13:42,129 level=INFO module=sunflow.opt msg=solve status=feasible obj=144491.6 gap=None t=26.27s binaries=5628 constraints=351
2026-10-03 16:13:43,430 level=WARNING module=sunflow.opt msg=solve status=infeasible tc=infeasible t=1.30s
2026-10-03 16:13:44,707 level=WARNING module=sunflow.opt msg=solve status=infeasible tc=infeasible t=1.28s
2026-10-03 16:13:46,255 level=WARNING module=sunflow.opt msg=solve status=infeasible tc=infeasible t=1.55s
2026-10-03 16:14:01,936 level=INFO module=sunflow.opt msg=solve status=feasible obj=229904.3 gap=None t=15.36s binaries=2812 constraints=357
2026-10-03 16:14:01,937 level=WARNING module=sunflow.certify msg=No plan satisfies every hard rule under the declared assumptions; published timetable issued with alert.
2026-10-03 16:14:04,529 level=WARNING module=sunflow.opt msg=no admissible pattern for ['Lamjana II']: infeasible by construction ({'Kharosa': {'candidates': 84, 'thermal_dropped': 0, 'kept': 84, 'longest_single_spell_blocks': 32}, 'Jawali': {'candidates': 9, 'thermal_dropped': 0, 'kept': 9, 'longest_single_spell_blocks': 32}, 'Lamjana II': {'candidates': 0, 'thermal_dropped': 0, 'kept': 0, 'longest_single_spell_blocks': 0}, 'Chalburga': {'candidates': 84, 'thermal_dropped': 0, 'kept': 84, 'longest_single_spell_blocks': 32}})
2026-10-03 16:14:24,666 level=INFO module=sunflow.opt msg=solve status=feasible obj=128509.4 gap=None t=19.91s binaries=1535 constraints=351
2026-10-03 16:14:24,717 level=INFO module=sunflow.certify msg=certified status=CERTIFIED_WITH_RELAXATION rung=split_spells tightening=0
2026-10-03 16:14:26,720 level=WARNING module=sunflow.opt msg=no admissible pattern for ['Lamjana II']: infeasible by construction ({'Kharosa': {'candidates': 84, 'thermal_dropped': 74, 'kept': 10, 'longest_single_spell_blocks': 27}, 'Jawali': {'candidates': 84, 'thermal_dropped': 74, 'kept': 10, 'longest_single_spell_blocks': 27}, 'Lamjana II': {'candidates': 9, 'thermal_dropped': 9, 'kept': 0, 'longest_single_spell_blocks': 0}, 'Chalburga': {'candidates': 84, 'thermal_dropped': 74, 'kept': 10, 'longest_single_spell_blocks': 27}})
2026-10-03 16:14:47,083 level=INFO module=sunflow.opt msg=solve status=feasible obj=115806.0 gap=None t=19.70s binaries=1522 constraints=347
2026-10-03 16:14:47,188 level=INFO module=sunflow.certify msg=certified status=CERTIFIED_WITH_RELAXATION rung=split_spells tightening=0
2026-10-03 16:14:47,346 level=INFO module=sunflow.certify msg=baseline guard: published timetable (Rs 17,017) not worse than plan (Rs 51,469); issuing timetable
2026-10-03 16:14:51,516 level=INFO module=sunflow.opt msg=solve status=optimal obj=126971.0 gap=0.0 t=1.54s binaries=261 constraints=328
2026-10-03 16:14:51,601 level=INFO module=sunflow.certify msg=certified status=CERTIFIED rung=nominal tightening=0
2026-10-03 16:14:51,811 level=INFO module=sunflow.certify msg=baseline guard: published timetable (Rs 69,784) not worse than plan (Rs 69,784); issuing timetable
2026-10-03 16:14:54,037 level=WARNING module=sunflow.opt msg=no admissible pattern for ['Jawali']: infeasible by construction ({'Kharosa': {'candidates': 84, 'thermal_dropped': 0, 'kept': 84, 'longest_single_spell_blocks': 32}, 'Jawali': {'candidates': 0, 'thermal_dropped': 0, 'kept': 0, 'longest_single_spell_blocks': 0}, 'Lamjana II': {'candidates': 84, 'thermal_dropped': 0, 'kept': 84, 'longest_single_spell_blocks': 32}, 'Chalburga': {'candidates': 84, 'thermal_dropped': 0, 'kept': 84, 'longest_single_spell_blocks': 32}})
2026-10-03 16:15:15,016 level=INFO module=sunflow.opt msg=solve status=feasible obj=148300.2 gap=None t=20.62s binaries=1812 constraints=351
2026-10-03 16:15:15,070 level=INFO module=sunflow.certify msg=certified status=CERTIFIED_WITH_RELAXATION rung=split_spells tightening=0
2026-10-03 16:15:19,836 level=WARNING module=sunflow.opt msg=solve status=infeasible tc=infeasible t=2.84s
2026-10-03 16:15:43,746 level=INFO module=sunflow.opt msg=solve status=feasible obj=141032.3 gap=None t=23.60s binaries=2364 constraints=391
2026-10-03 16:15:43,804 level=INFO module=sunflow.certify msg=certified status=CERTIFIED_WITH_RELAXATION rung=split_spells tightening=0
2026-10-03 16:16:01,847 level=WARNING module=sunflow.opt msg=solve status=timeout tc=maxtimelimit t=16.46s
2026-10-03 16:16:23,033 level=INFO module=sunflow.opt msg=solve status=feasible obj=192448.6 gap=None t=20.74s binaries=2037 constraints=351
2026-10-03 16:16:23,080 level=INFO module=sunflow.certify msg=certified status=CERTIFIED_WITH_RELAXATION rung=split_spells tightening=0
2026-10-03 16:16:27,491 level=INFO module=sunflow.opt msg=solve status=optimal obj=85463.1 gap=0.0 t=2.59s binaries=261 constraints=328
2026-10-03 16:16:27,651 level=INFO module=sunflow.certify msg=certified status=CERTIFIED rung=nominal tightening=0
2026-10-03 16:16:33,643 level=INFO module=sunflow.opt msg=solve status=optimal obj=127229.6 gap=0.0 t=2.01s binaries=261 constraints=328
2026-10-03 16:16:33,704 level=INFO module=sunflow.certify msg=certified status=CERTIFIED rung=nominal tightening=0
2026-10-03 16:16:38,491 level=WARNING module=sunflow.opt msg=no admissible pattern for ['Kharosa', 'Jawali', 'Lamjana II', 'Chalburga']: infeasible by construction ({'Kharosa': {'candidates': 84, 'thermal_dropped': 84, 'kept': 0, 'longest_single_spell_blocks': 0}, 'Jawali': {'candidates': 9, 'thermal_dropped': 9, 'kept': 0, 'longest_single_spell_blocks': 0}, 'Lamjana II': {'candidates': 84, 'thermal_dropped': 84, 'kept': 0, 'longest_single_spell_blocks': 0}, 'Chalburga': {'candidates': 84, 'thermal_dropped': 84, 'kept': 0, 'longest_single_spell_blocks': 0}})
2026-10-03 16:16:39,135 level=WARNING module=sunflow.opt msg=no admissible pattern for ['Kharosa', 'Jawali', 'Lamjana II', 'Chalburga']: infeasible by construction ({'Kharosa': {'candidates': 591, 'thermal_dropped': 591, 'kept': 0, 'longest_single_spell_blocks': 0}, 'Jawali': {'candidates': 264, 'thermal_dropped': 264, 'kept': 0, 'longest_single_spell_blocks': 0}, 'Lamjana II': {'candidates': 591, 'thermal_dropped': 591, 'kept': 0, 'longest_single_spell_blocks': 0}, 'Chalburga': {'candidates': 591, 'thermal_dropped': 591, 'kept': 0, 'longest_single_spell_blocks': 0}})
2026-10-03 16:16:40,547 level=WARNING module=sunflow.opt msg=no admissible pattern for ['Kharosa', 'Jawali', 'Lamjana II', 'Chalburga']: infeasible by construction ({'Kharosa': {'candidates': 1407, 'thermal_dropped': 1407, 'kept': 0, 'longest_single_spell_blocks': 0}, 'Jawali': {'candidates': 1407, 'thermal_dropped': 1407, 'kept': 0, 'longest_single_spell_blocks': 0}, 'Lamjana II': {'candidates': 1407, 'thermal_dropped': 1407, 'kept': 0, 'longest_single_spell_blocks': 0}, 'Chalburga': {'candidates': 1407, 'thermal_dropped': 1407, 'kept': 0, 'longest_single_spell_blocks': 0}})
2026-10-03 16:17:43,171 level=INFO module=sunflow.opt msg=solve status=feasible obj=274597.9 gap=None t=61.34s binaries=5628 constraints=391
2026-10-03 16:17:45,478 level=WARNING module=sunflow.opt msg=no admissible pattern for ['Kharosa', 'Jawali', 'Lamjana II', 'Chalburga']: infeasible by construction ({'Kharosa': {'candidates': 1407, 'thermal_dropped': 1407, 'kept': 0, 'longest_single_spell_blocks': 0}, 'Jawali': {'candidates': 1407, 'thermal_dropped': 1407, 'kept': 0, 'longest_single_spell_blocks': 0}, 'Lamjana II': {'candidates': 1407, 'thermal_dropped': 1407, 'kept': 0, 'longest_single_spell_blocks': 0}, 'Chalburga': {'candidates': 1407, 'thermal_dropped': 1407, 'kept': 0, 'longest_single_spell_blocks': 0}})
2026-10-03 16:17:46,732 level=WARNING module=sunflow.opt msg=no admissible pattern for ['Kharosa', 'Jawali', 'Lamjana II', 'Chalburga']: infeasible by construction ({'Kharosa': {'candidates': 1407, 'thermal_dropped': 1407, 'kept': 0, 'longest_single_spell_blocks': 0}, 'Jawali': {'candidates': 1407, 'thermal_dropped': 1407, 'kept': 0, 'longest_single_spell_blocks': 0}, 'Lamjana II': {'candidates': 1407, 'thermal_dropped': 1407, 'kept': 0, 'longest_single_spell_blocks': 0}, 'Chalburga': {'candidates': 1407, 'thermal_dropped': 1407, 'kept': 0, 'longest_single_spell_blocks': 0}})
2026-10-03 16:17:47,912 level=WARNING module=sunflow.opt msg=no admissible pattern for ['Kharosa', 'Jawali', 'Lamjana II', 'Chalburga']: infeasible by construction ({'Kharosa': {'candidates': 1407, 'thermal_dropped': 1407, 'kept': 0, 'longest_single_spell_blocks': 0}, 'Jawali': {'candidates': 1407, 'thermal_dropped': 1407, 'kept': 0, 'longest_single_spell_blocks': 0}, 'Lamjana II': {'candidates': 1407, 'thermal_dropped': 1407, 'kept': 0, 'longest_single_spell_blocks': 0}, 'Chalburga': {'candidates': 1407, 'thermal_dropped': 1407, 'kept': 0, 'longest_single_spell_blocks': 0}})
2026-10-03 16:17:56,067 level=INFO module=sunflow.opt msg=solve status=optimal obj=420384.1 gap=0.0014 t=8.12s binaries=680 constraints=397
2026-10-03 16:17:56,067 level=WARNING module=sunflow.certify msg=No plan satisfies every hard rule under the declared assumptions; published timetable issued with alert.
shard 0/8: 100 done, 2324s, statuses {'CERTIFIED': 49, 'CERTIFIED_WITH_RELAXATION': 32, 'INFEASIBLE': 16, 'FALLBACK_BASELINE': 3}, violations on certified plans: 0
2026-10-03 16:17:56,196 level=WARNING module=sunflow.opt msg=no admissible pattern for ['Kharosa', 'Jawali', 'Lamjana II', 'Chalburga']: infeasible by construction ({'Kharosa': {'candidates': 84, 'thermal_dropped': 84, 'kept': 0, 'longest_single_spell_blocks': 0}, 'Jawali': {'candidates': 84, 'thermal_dropped': 84, 'kept': 0, 'longest_single_spell_blocks': 0}, 'Lamjana II': {'candidates': 0, 'thermal_dropped': 0, 'kept': 0, 'longest_single_spell_blocks': 0}, 'Chalburga': {'candidates': 84, 'thermal_dropped': 84, 'kept': 0, 'longest_single_spell_blocks': 0}})
2026-10-03 16:17:57,013 level=WARNING module=sunflow.opt msg=no admissible pattern for ['Kharosa', 'Jawali', 'Lamjana II', 'Chalburga']: infeasible by construction ({'Kharosa': {'candidates': 591, 'thermal_dropped': 591, 'kept': 0, 'longest_single_spell_blocks': 0}, 'Jawali': {'candidates': 591, 'thermal_dropped': 591, 'kept': 0, 'longest_single_spell_blocks': 0}, 'Lamjana II': {'candidates': 0, 'thermal_dropped': 0, 'kept': 0, 'longest_single_spell_blocks': 0}, 'Chalburga': {'candidates': 591, 'thermal_dropped': 591, 'kept': 0, 'longest_single_spell_blocks': 0}})
2026-10-03 16:17:58,824 level=WARNING module=sunflow.opt msg=no admissible pattern for ['Kharosa', 'Jawali', 'Lamjana II', 'Chalburga']: infeasible by construction ({'Kharosa': {'candidates': 1407, 'thermal_dropped': 1407, 'kept': 0, 'longest_single_spell_blocks': 0}, 'Jawali': {'candidates': 1407, 'thermal_dropped': 1407, 'kept': 0, 'longest_single_spell_blocks': 0}, 'Lamjana II': {'candidates': 29, 'thermal_dropped': 29, 'kept': 0, 'longest_single_spell_blocks': 0}, 'Chalburga': {'candidates': 1407, 'thermal_dropped': 1407, 'kept': 0, 'longest_single_spell_blocks': 0}})
2026-10-03 16:18:40,323 level=INFO module=sunflow.opt msg=solve status=feasible obj=225943.6 gap=None t=40.71s binaries=4250 constraints=391
2026-10-03 16:18:41,559 level=WARNING module=sunflow.opt msg=no admissible pattern for ['Kharosa', 'Jawali', 'Lamjana II', 'Chalburga']: infeasible by construction ({'Kharosa': {'candidates': 1407, 'thermal_dropped': 1407, 'kept': 0, 'longest_single_spell_blocks': 0}, 'Jawali': {'candidates': 1407, 'thermal_dropped': 1407, 'kept': 0, 'longest_single_spell_blocks': 0}, 'Lamjana II': {'candidates': 29, 'thermal_dropped': 29, 'kept': 0, 'longest_single_spell_blocks': 0}, 'Chalburga': {'candidates': 1407, 'thermal_dropped': 1407, 'kept': 0, 'longest_single_spell_blocks': 0}})
2026-10-03 16:18:42,404 level=WARNING module=sunflow.opt msg=no admissible pattern for ['Kharosa', 'Jawali', 'Lamjana II', 'Chalburga']: infeasible by construction ({'Kharosa': {'candidates': 1407, 'thermal_dropped': 1407, 'kept': 0, 'longest_single_spell_blocks': 0}, 'Jawali': {'candidates': 1407, 'thermal_dropped': 1407, 'kept': 0, 'longest_single_spell_blocks': 0}, 'Lamjana II': {'candidates': 29, 'thermal_dropped': 29, 'kept': 0, 'longest_single_spell_blocks': 0}, 'Chalburga': {'candidates': 1407, 'thermal_dropped': 1407, 'kept': 0, 'longest_single_spell_blocks': 0}})
2026-10-03 16:18:43,163 level=WARNING module=sunflow.opt msg=no admissible pattern for ['Kharosa', 'Jawali', 'Lamjana II', 'Chalburga']: infeasible by construction ({'Kharosa': {'candidates': 1407, 'thermal_dropped': 1407, 'kept': 0, 'longest_single_spell_blocks': 0}, 'Jawali': {'candidates': 1407, 'thermal_dropped': 1407, 'kept': 0, 'longest_single_spell_blocks': 0}, 'Lamjana II': {'candidates': 29, 'thermal_dropped': 29, 'kept': 0, 'longest_single_spell_blocks': 0}, 'Chalburga': {'candidates': 1407, 'thermal_dropped': 1407, 'kept': 0, 'longest_single_spell_blocks': 0}})
2026-10-03 16:18:52,408 level=INFO module=sunflow.opt msg=solve status=optimal obj=304614.0 gap=0.0055 t=9.18s binaries=1318 constraints=397
2026-10-03 16:18:52,408 level=WARNING module=sunflow.certify msg=No plan satisfies every hard rule under the declared assumptions; published timetable issued with alert.
2026-10-03 16:19:01,496 level=INFO module=sunflow.opt msg=solve status=optimal obj=122581.4 gap=0.0003 t=3.64s binaries=336 constraints=328
2026-10-03 16:19:01,534 level=INFO module=sunflow.certify msg=certified status=CERTIFIED rung=nominal tightening=0
2026-10-03 16:19:06,454 level=INFO module=sunflow.opt msg=solve status=optimal obj=54297.5 gap=0.0002 t=1.89s binaries=306 constraints=328
2026-10-03 16:19:06,510 level=INFO module=sunflow.certify msg=certified status=CERTIFIED rung=nominal tightening=0
2026-10-03 16:19:08,712 level=WARNING module=sunflow.opt msg=no admissible pattern for ['Jawali']: infeasible by construction ({'Kharosa': {'candidates': 84, 'thermal_dropped': 0, 'kept': 84, 'longest_single_spell_blocks': 32}, 'Jawali': {'candidates': 0, 'thermal_dropped': 0, 'kept': 0, 'longest_single_spell_blocks': 0}, 'Lamjana II': {'candidates': 84, 'thermal_dropped': 0, 'kept': 84, 'longest_single_spell_blocks': 32}, 'Chalburga': {'candidates': 84, 'thermal_dropped': 0, 'kept': 84, 'longest_single_spell_blocks': 32}})
2026-10-03 16:19:30,863 level=INFO module=sunflow.opt msg=solve status=feasible obj=88276.1 gap=None t=21.10s binaries=1783 constraints=351
2026-10-03 16:19:31,098 level=INFO module=sunflow.certify msg=certified status=CERTIFIED_WITH_RELAXATION rung=split_spells tightening=0
2026-10-03 16:19:35,364 level=WARNING module=sunflow.opt msg=no admissible pattern for ['Kharosa', 'Jawali', 'Lamjana II', 'Chalburga']: infeasible by construction ({'Kharosa': {'candidates': 9, 'thermal_dropped': 9, 'kept': 0, 'longest_single_spell_blocks': 0}, 'Jawali': {'candidates': 84, 'thermal_dropped': 84, 'kept': 0, 'longest_single_spell_blocks': 0}, 'Lamjana II': {'candidates': 0, 'thermal_dropped': 0, 'kept': 0, 'longest_single_spell_blocks': 0}, 'Chalburga': {'candidates': 9, 'thermal_dropped': 9, 'kept': 0, 'longest_single_spell_blocks': 0}})
2026-10-03 16:19:36,444 level=WARNING module=sunflow.opt msg=no admissible pattern for ['Kharosa', 'Jawali', 'Lamjana II', 'Chalburga']: infeasible by construction ({'Kharosa': {'candidates': 264, 'thermal_dropped': 264, 'kept': 0, 'longest_single_spell_blocks': 0}, 'Jawali': {'candidates': 591, 'thermal_dropped': 591, 'kept': 0, 'longest_single_spell_blocks': 0}, 'Lamjana II': {'candidates': 0, 'thermal_dropped': 0, 'kept': 0, 'longest_single_spell_blocks': 0}, 'Chalburga': {'candidates': 264, 'thermal_dropped': 264, 'kept': 0, 'longest_single_spell_blocks': 0}})
2026-10-03 16:19:37,323 level=WARNING module=sunflow.opt msg=no admissible pattern for ['Kharosa', 'Jawali', 'Lamjana II', 'Chalburga']: infeasible by construction ({'Kharosa': {'candidates': 1407, 'thermal_dropped': 1407, 'kept': 0, 'longest_single_spell_blocks': 0}, 'Jawali': {'candidates': 1407, 'thermal_dropped': 1407, 'kept': 0, 'longest_single_spell_blocks': 0}, 'Lamjana II': {'candidates': 78, 'thermal_dropped': 78, 'kept': 0, 'longest_single_spell_blocks': 0}, 'Chalburga': {'candidates': 1407, 'thermal_dropped': 1407, 'kept': 0, 'longest_single_spell_blocks': 0}})
2026-10-03 16:20:17,247 level=INFO module=sunflow.opt msg=solve status=feasible obj=175628.9 gap=None t=38.62s binaries=4299 constraints=351
2026-10-03 16:20:18,104 level=WARNING module=sunflow.opt msg=no admissible pattern for ['Kharosa', 'Jawali', 'Lamjana II', 'Chalburga']: infeasible by construction ({'Kharosa': {'candidates': 1407, 'thermal_dropped': 1407, 'kept': 0, 'longest_single_spell_blocks': 0}, 'Jawali': {'candidates': 1407, 'thermal_dropped': 1407, 'kept': 0, 'longest_single_spell_blocks': 0}, 'Lamjana II': {'candidates': 78, 'thermal_dropped': 78, 'kept': 0, 'longest_single_spell_blocks': 0}, 'Chalburga': {'candidates': 1407, 'thermal_dropped': 1407, 'kept': 0, 'longest_single_spell_blocks': 0}})
2026-10-03 16:20:19,121 level=WARNING module=sunflow.opt msg=no admissible pattern for ['Kharosa', 'Jawali', 'Lamjana II', 'Chalburga']: infeasible by construction ({'Kharosa': {'candidates': 1407, 'thermal_dropped': 1407, 'kept': 0, 'longest_single_spell_blocks': 0}, 'Jawali': {'candidates': 1407, 'thermal_dropped': 1407, 'kept': 0, 'longest_single_spell_blocks': 0}, 'Lamjana II': {'candidates': 78, 'thermal_dropped': 78, 'kept': 0, 'longest_single_spell_blocks': 0}, 'Chalburga': {'candidates': 1407, 'thermal_dropped': 1407, 'kept': 0, 'longest_single_spell_blocks': 0}})
2026-10-03 16:20:20,507 level=WARNING module=sunflow.opt msg=no admissible pattern for ['Kharosa', 'Jawali', 'Lamjana II', 'Chalburga']: infeasible by construction ({'Kharosa': {'candidates': 1407, 'thermal_dropped': 1407, 'kept': 0, 'longest_single_spell_blocks': 0}, 'Jawali': {'candidates': 1407, 'thermal_dropped': 1407, 'kept': 0, 'longest_single_spell_blocks': 0}, 'Lamjana II': {'candidates': 78, 'thermal_dropped': 78, 'kept': 0, 'longest_single_spell_blocks': 0}, 'Chalburga': {'candidates': 1407, 'thermal_dropped': 1407, 'kept': 0, 'longest_single_spell_blocks': 0}})
2026-10-03 16:20:40,169 level=INFO module=sunflow.opt msg=solve status=feasible obj=255867.0 gap=None t=19.29s binaries=1694 constraints=357
2026-10-03 16:20:40,170 level=WARNING module=sunflow.certify msg=No plan satisfies every hard rule under the declared assumptions; published timetable issued with alert.
2026-10-03 16:20:48,957 level=INFO module=sunflow.opt msg=solve status=optimal obj=76327.4 gap=0.0 t=3.53s binaries=336 constraints=328
2026-10-03 16:20:49,105 level=INFO module=sunflow.certify msg=certified status=CERTIFIED rung=nominal tightening=0
2026-10-03 16:20:58,250 level=INFO module=sunflow.opt msg=solve status=optimal obj=73915.3 gap=0.0002 t=3.15s binaries=186 constraints=328
2026-10-03 16:20:58,316 level=INFO module=sunflow.certify msg=certified status=CERTIFIED rung=nominal tightening=0
2026-10-03 16:20:58,623 level=WARNING module=sunflow.opt msg=no admissible pattern for ['Kharosa', 'Jawali', 'Lamjana II', 'Chalburga']: infeasible by construction ({'Kharosa': {'candidates': 84, 'thermal_dropped': 84, 'kept': 0, 'longest_single_spell_blocks': 0}, 'Jawali': {'candidates': 9, 'thermal_dropped': 9, 'kept': 0, 'longest_single_spell_blocks': 0}, 'Lamjana II': {'candidates': 84, 'thermal_dropped': 84, 'kept': 0, 'longest_single_spell_blocks': 0}, 'Chalburga': {'candidates': 84, 'thermal_dropped': 84, 'kept': 0, 'longest_single_spell_blocks': 0}})
2026-10-03 16:20:59,535 level=WARNING module=sunflow.opt msg=no admissible pattern for ['Jawali']: infeasible by construction ({'Kharosa': {'candidates': 591, 'thermal_dropped': 562, 'kept': 29, 'longest_single_spell_blocks': 0}, 'Jawali': {'candidates': 264, 'thermal_dropped': 264, 'kept': 0, 'longest_single_spell_blocks': 0}, 'Lamjana II': {'candidates': 591, 'thermal_dropped': 562, 'kept': 29, 'longest_single_spell_blocks': 0}, 'Chalburga': {'candidates': 591, 'thermal_dropped': 562, 'kept': 29, 'longest_single_spell_blocks': 0}})
2026-10-03 16:21:04,331 level=WARNING module=sunflow.opt msg=solve status=infeasible tc=infeasible t=4.79s
2026-10-03 16:21:49,615 level=INFO module=sunflow.opt msg=solve status=feasible obj=133005.7 gap=None t=44.02s binaries=5628 constraints=351
2026-10-03 16:21:52,864 level=WARNING module=sunflow.opt msg=solve status=infeasible tc=infeasible t=3.25s
2026-10-03 16:21:58,423 level=WARNING module=sunflow.opt msg=solve status=infeasible tc=infeasible t=5.56s
2026-10-03 16:22:02,101 level=INFO module=sunflow.opt msg=solve status=optimal obj=231728.7 gap=0.0206 t=3.58s binaries=176 constraints=297
2026-10-03 16:22:33,994 level=INFO module=sunflow.opt msg=solve status=feasible obj=196057.5 gap=None t=31.26s binaries=4860 constraints=357
2026-10-03 16:22:33,995 level=WARNING module=sunflow.certify msg=No plan satisfies every hard rule under the declared assumptions; published timetable issued with alert.
2026-10-03 16:22:36,713 level=WARNING module=sunflow.opt msg=no admissible pattern for ['Kharosa', 'Jawali', 'Lamjana II', 'Chalburga']: infeasible by construction ({'Kharosa': {'candidates': 84, 'thermal_dropped': 84, 'kept': 0, 'longest_single_spell_blocks': 0}, 'Jawali': {'candidates': 84, 'thermal_dropped': 84, 'kept': 0, 'longest_single_spell_blocks': 0}, 'Lamjana II': {'candidates': 84, 'thermal_dropped': 84, 'kept': 0, 'longest_single_spell_blocks': 0}, 'Chalburga': {'candidates': 84, 'thermal_dropped': 84, 'kept': 0, 'longest_single_spell_blocks': 0}})
2026-10-03 16:22:37,622 level=WARNING module=sunflow.opt msg=no admissible pattern for ['Kharosa', 'Jawali', 'Lamjana II', 'Chalburga']: infeasible by construction ({'Kharosa': {'candidates': 591, 'thermal_dropped': 591, 'kept': 0, 'longest_single_spell_blocks': 0}, 'Jawali': {'candidates': 591, 'thermal_dropped': 591, 'kept': 0, 'longest_single_spell_blocks': 0}, 'Lamjana II': {'candidates': 591, 'thermal_dropped': 591, 'kept': 0, 'longest_single_spell_blocks': 0}, 'Chalburga': {'candidates': 591, 'thermal_dropped': 591, 'kept': 0, 'longest_single_spell_blocks': 0}})
2026-10-03 16:22:40,262 level=WARNING module=sunflow.opt msg=no admissible pattern for ['Kharosa', 'Jawali', 'Lamjana II', 'Chalburga']: infeasible by construction ({'Kharosa': {'candidates': 1407, 'thermal_dropped': 1407, 'kept': 0, 'longest_single_spell_blocks': 0}, 'Jawali': {'candidates': 1407, 'thermal_dropped': 1407, 'kept': 0, 'longest_single_spell_blocks': 0}, 'Lamjana II': {'candidates': 1407, 'thermal_dropped': 1407, 'kept': 0, 'longest_single_spell_blocks': 0}, 'Chalburga': {'candidates': 1407, 'thermal_dropped': 1407, 'kept': 0, 'longest_single_spell_blocks': 0}})
2026-10-03 16:23:34,219 level=INFO module=sunflow.opt msg=solve status=feasible obj=216296.0 gap=None t=52.82s binaries=5628 constraints=391
2026-10-03 16:23:35,788 level=WARNING module=sunflow.opt msg=no admissible pattern for ['Kharosa', 'Jawali', 'Lamjana II', 'Chalburga']: infeasible by construction ({'Kharosa': {'candidates': 1407, 'thermal_dropped': 1407, 'kept': 0, 'longest_single_spell_blocks': 0}, 'Jawali': {'candidates': 1407, 'thermal_dropped': 1407, 'kept': 0, 'longest_single_spell_blocks': 0}, 'Lamjana II': {'candidates': 1407, 'thermal_dropped': 1407, 'kept': 0, 'longest_single_spell_blocks': 0}, 'Chalburga': {'candidates': 1407, 'thermal_dropped': 1407, 'kept': 0, 'longest_single_spell_blocks': 0}})
2026-10-03 16:23:37,266 level=WARNING module=sunflow.opt msg=no admissible pattern for ['Kharosa', 'Jawali', 'Lamjana II', 'Chalburga']: infeasible by construction ({'Kharosa': {'candidates': 1407, 'thermal_dropped': 1407, 'kept': 0, 'longest_single_spell_blocks': 0}, 'Jawali': {'candidates': 1407, 'thermal_dropped': 1407, 'kept': 0, 'longest_single_spell_blocks': 0}, 'Lamjana II': {'candidates': 1407, 'thermal_dropped': 1407, 'kept': 0, 'longest_single_spell_blocks': 0}, 'Chalburga': {'candidates': 1407, 'thermal_dropped': 1407, 'kept': 0, 'longest_single_spell_blocks': 0}})
2026-10-03 16:23:38,707 level=WARNING module=sunflow.opt msg=no admissible pattern for ['Kharosa', 'Jawali', 'Lamjana II', 'Chalburga']: infeasible by construction ({'Kharosa': {'candidates': 1407, 'thermal_dropped': 1407, 'kept': 0, 'longest_single_spell_blocks': 0}, 'Jawali': {'candidates': 1407, 'thermal_dropped': 1407, 'kept': 0, 'longest_single_spell_blocks': 0}, 'Lamjana II': {'candidates': 1407, 'thermal_dropped': 1407, 'kept': 0, 'longest_single_spell_blocks': 0}, 'Chalburga': {'candidates': 1407, 'thermal_dropped': 1407, 'kept': 0, 'longest_single_spell_blocks': 0}})
2026-10-03 16:23:44,798 level=INFO module=sunflow.opt msg=solve status=optimal obj=394785.6 gap=0.0038 t=6.00s binaries=944 constraints=397
2026-10-03 16:23:44,798 level=WARNING module=sunflow.certify msg=No plan satisfies every hard rule under the declared assumptions; published timetable issued with alert.
2026-10-03 16:23:44,993 level=WARNING module=sunflow.opt msg=no admissible pattern for ['Lamjana II', 'Chalburga']: infeasible by construction ({'Kharosa': {'candidates': 84, 'thermal_dropped': 81, 'kept': 3, 'longest_single_spell_blocks': 25}, 'Jawali': {'candidates': 84, 'thermal_dropped': 81, 'kept': 3, 'longest_single_spell_blocks': 25}, 'Lamjana II': {'candidates': 9, 'thermal_dropped': 9, 'kept': 0, 'longest_single_spell_blocks': 0}, 'Chalburga': {'candidates': 9, 'thermal_dropped': 9, 'kept': 0, 'longest_single_spell_blocks': 0}})
2026-10-03 16:23:58,633 level=WARNING module=sunflow.opt msg=solve status=infeasible tc=infeasible t=13.63s
2026-10-03 16:24:34,112 level=INFO module=sunflow.opt msg=solve status=feasible obj=219719.3 gap=None t=34.82s binaries=4036 constraints=292
2026-10-03 16:24:34,162 level=INFO module=sunflow.certify msg=certified status=CERTIFIED_WITH_RELAXATION rung=feasibility_focus tightening=0
2026-10-03 16:24:36,381 level=INFO module=sunflow.opt msg=solve status=optimal obj=126358.9 gap=0.0001 t=2.05s binaries=336 constraints=328
2026-10-03 16:24:36,424 level=INFO module=sunflow.certify msg=certified status=CERTIFIED rung=nominal tightening=0
2026-10-03 16:24:39,332 level=INFO module=sunflow.opt msg=solve status=optimal obj=185886.6 gap=0.0 t=2.50s binaries=261 constraints=328
2026-10-03 16:24:39,493 level=INFO module=sunflow.certify msg=certified status=CERTIFIED rung=nominal tightening=0
2026-10-03 16:24:40,516 level=WARNING module=sunflow.opt msg=solve status=infeasible tc=infeasible t=0.87s
2026-10-03 16:25:04,053 level=INFO module=sunflow.opt msg=solve status=feasible obj=127928.1 gap=0.9985 t=23.11s binaries=1704 constraints=347
2026-10-03 16:25:04,106 level=INFO module=sunflow.certify msg=certified status=CERTIFIED_WITH_RELAXATION rung=split_spells tightening=0
2026-10-03 16:25:04,287 level=INFO module=sunflow.certify msg=baseline guard: published timetable (Rs 17,895) not worse than plan (Rs 57,801); issuing timetable
2026-10-03 16:25:07,625 level=INFO module=sunflow.opt msg=solve status=optimal obj=73201.0 gap=0.0 t=1.31s binaries=261 constraints=328
2026-10-03 16:25:07,746 level=INFO module=sunflow.certify msg=certified status=CERTIFIED rung=nominal tightening=0
2026-10-03 16:25:08,139 level=INFO module=sunflow.certify msg=baseline guard: published timetable (Rs 20,209) not worse than plan (Rs 20,729); issuing timetable
2026-10-03 16:25:08,277 level=WARNING module=sunflow.opt msg=no admissible pattern for ['Kharosa', 'Jawali', 'Lamjana II', 'Chalburga']: infeasible by construction ({'Kharosa': {'candidates': 84, 'thermal_dropped': 84, 'kept': 0, 'longest_single_spell_blocks': 0}, 'Jawali': {'candidates': 84, 'thermal_dropped': 84, 'kept': 0, 'longest_single_spell_blocks': 0}, 'Lamjana II': {'candidates': 9, 'thermal_dropped': 9, 'kept': 0, 'longest_single_spell_blocks': 0}, 'Chalburga': {'candidates': 9, 'thermal_dropped': 9, 'kept': 0, 'longest_single_spell_blocks': 0}})
2026-10-03 16:25:08,785 level=WARNING module=sunflow.opt msg=no admissible pattern for ['Kharosa', 'Jawali', 'Lamjana II', 'Chalburga']: infeasible by construction ({'Kharosa': {'candidates': 591, 'thermal_dropped': 591, 'kept': 0, 'longest_single_spell_blocks': 0}, 'Jawali': {'candidates': 591, 'thermal_dropped': 591, 'kept': 0, 'longest_single_spell_blocks': 0}, 'Lamjana II': {'candidates': 264, 'thermal_dropped': 264, 'kept': 0, 'longest_single_spell_blocks': 0}, 'Chalburga': {'candidates': 264, 'thermal_dropped': 264, 'kept': 0, 'longest_single_spell_blocks': 0}})
2026-10-03 16:25:09,836 level=WARNING module=sunflow.opt msg=no admissible pattern for ['Kharosa', 'Jawali', 'Lamjana II', 'Chalburga']: infeasible by construction ({'Kharosa': {'candidates': 1407, 'thermal_dropped': 1407, 'kept': 0, 'longest_single_spell_blocks': 0}, 'Jawali': {'candidates': 1407, 'thermal_dropped': 1407, 'kept': 0, 'longest_single_spell_blocks': 0}, 'Lamjana II': {'candidates': 1407, 'thermal_dropped': 1407, 'kept': 0, 'longest_single_spell_blocks': 0}, 'Chalburga': {'candidates': 1407, 'thermal_dropped': 1407, 'kept': 0, 'longest_single_spell_blocks': 0}})
2026-10-03 16:25:39,349 level=INFO module=sunflow.opt msg=solve status=feasible obj=163922.9 gap=None t=28.68s binaries=5628 constraints=351
2026-10-03 16:25:40,320 level=WARNING module=sunflow.opt msg=no admissible pattern for ['Kharosa', 'Jawali', 'Lamjana II', 'Chalburga']: infeasible by construction ({'Kharosa': {'candidates': 1407, 'thermal_dropped': 1407, 'kept': 0, 'longest_single_spell_blocks': 0}, 'Jawali': {'candidates': 1407, 'thermal_dropped': 1407, 'kept': 0, 'longest_single_spell_blocks': 0}, 'Lamjana II': {'candidates': 1407, 'thermal_dropped': 1407, 'kept': 0, 'longest_single_spell_blocks': 0}, 'Chalburga': {'candidates': 1407, 'thermal_dropped': 1407, 'kept': 0, 'longest_single_spell_blocks': 0}})
2026-10-03 16:25:41,741 level=WARNING module=sunflow.opt msg=no admissible pattern for ['Kharosa', 'Jawali', 'Lamjana II', 'Chalburga']: infeasible by construction ({'Kharosa': {'candidates': 1407, 'thermal_dropped': 1407, 'kept': 0, 'longest_single_spell_blocks': 0}, 'Jawali': {'candidates': 1407, 'thermal_dropped': 1407, 'kept': 0, 'longest_single_spell_blocks': 0}, 'Lamjana II': {'candidates': 1407, 'thermal_dropped': 1407, 'kept': 0, 'longest_single_spell_blocks': 0}, 'Chalburga': {'candidates': 1407, 'thermal_dropped': 1407, 'kept': 0, 'longest_single_spell_blocks': 0}})
2026-10-03 16:25:42,608 level=WARNING module=sunflow.opt msg=no admissible pattern for ['Kharosa', 'Jawali', 'Lamjana II', 'Chalburga']: infeasible by construction ({'Kharosa': {'candidates': 1407, 'thermal_dropped': 1407, 'kept': 0, 'longest_single_spell_blocks': 0}, 'Jawali': {'candidates': 1407, 'thermal_dropped': 1407, 'kept': 0, 'longest_single_spell_blocks': 0}, 'Lamjana II': {'candidates': 1407, 'thermal_dropped': 1407, 'kept': 0, 'longest_single_spell_blocks': 0}, 'Chalburga': {'candidates': 1407, 'thermal_dropped': 1407, 'kept': 0, 'longest_single_spell_blocks': 0}})
2026-10-03 16:25:46,250 level=INFO module=sunflow.opt msg=solve status=optimal obj=311273.3 gap=0.0038 t=3.56s binaries=1288 constraints=357
2026-10-03 16:25:46,250 level=WARNING module=sunflow.certify msg=No plan satisfies every hard rule under the declared assumptions; published timetable issued with alert.
2026-10-03 16:25:48,194 level=WARNING module=sunflow.opt msg=no admissible pattern for ['Kharosa', 'Jawali', 'Lamjana II', 'Chalburga']: infeasible by construction ({'Kharosa': {'candidates': 84, 'thermal_dropped': 84, 'kept': 0, 'longest_single_spell_blocks': 0}, 'Jawali': {'candidates': 84, 'thermal_dropped': 84, 'kept': 0, 'longest_single_spell_blocks': 0}, 'Lamjana II': {'candidates': 84, 'thermal_dropped': 84, 'kept': 0, 'longest_single_spell_blocks': 0}, 'Chalburga': {'candidates': 84, 'thermal_dropped': 84, 'kept': 0, 'longest_single_spell_blocks': 0}})
2026-10-03 16:25:48,631 level=WARNING module=sunflow.opt msg=no admissible pattern for ['Kharosa', 'Jawali', 'Lamjana II', 'Chalburga']: infeasible by construction ({'Kharosa': {'candidates': 591, 'thermal_dropped': 591, 'kept': 0, 'longest_single_spell_blocks': 0}, 'Jawali': {'candidates': 591, 'thermal_dropped': 591, 'kept': 0, 'longest_single_spell_blocks': 0}, 'Lamjana II': {'candidates': 591, 'thermal_dropped': 591, 'kept': 0, 'longest_single_spell_blocks': 0}, 'Chalburga': {'candidates': 591, 'thermal_dropped': 591, 'kept': 0, 'longest_single_spell_blocks': 0}})
2026-10-03 16:25:49,500 level=WARNING module=sunflow.opt msg=no admissible pattern for ['Kharosa', 'Jawali', 'Lamjana II', 'Chalburga']: infeasible by construction ({'Kharosa': {'candidates': 1407, 'thermal_dropped': 1407, 'kept': 0, 'longest_single_spell_blocks': 0}, 'Jawali': {'candidates': 1407, 'thermal_dropped': 1407, 'kept': 0, 'longest_single_spell_blocks': 0}, 'Lamjana II': {'candidates': 1407, 'thermal_dropped': 1407, 'kept': 0, 'longest_single_spell_blocks': 0}, 'Chalburga': {'candidates': 1407, 'thermal_dropped': 1407, 'kept': 0, 'longest_single_spell_blocks': 0}})
2026-10-03 16:26:22,460 level=INFO module=sunflow.opt msg=solve status=feasible obj=219509.6 gap=None t=31.99s binaries=5628 constraints=391
2026-10-03 16:26:23,421 level=WARNING module=sunflow.opt msg=no admissible pattern for ['Kharosa', 'Jawali', 'Lamjana II', 'Chalburga']: infeasible by construction ({'Kharosa': {'candidates': 1407, 'thermal_dropped': 1407, 'kept': 0, 'longest_single_spell_blocks': 0}, 'Jawali': {'candidates': 1407, 'thermal_dropped': 1407, 'kept': 0, 'longest_single_spell_blocks': 0}, 'Lamjana II': {'candidates': 1407, 'thermal_dropped': 1407, 'kept': 0, 'longest_single_spell_blocks': 0}, 'Chalburga': {'candidates': 1407, 'thermal_dropped': 1407, 'kept': 0, 'longest_single_spell_blocks': 0}})
2026-10-03 16:26:24,373 level=WARNING module=sunflow.opt msg=no admissible pattern for ['Kharosa', 'Jawali', 'Lamjana II', 'Chalburga']: infeasible by construction ({'Kharosa': {'candidates': 1407, 'thermal_dropped': 1407, 'kept': 0, 'longest_single_spell_blocks': 0}, 'Jawali': {'candidates': 1407, 'thermal_dropped': 1407, 'kept': 0, 'longest_single_spell_blocks': 0}, 'Lamjana II': {'candidates': 1407, 'thermal_dropped': 1407, 'kept': 0, 'longest_single_spell_blocks': 0}, 'Chalburga': {'candidates': 1407, 'thermal_dropped': 1407, 'kept': 0, 'longest_single_spell_blocks': 0}})
2026-10-03 16:26:25,277 level=WARNING module=sunflow.opt msg=no admissible pattern for ['Kharosa', 'Jawali', 'Lamjana II', 'Chalburga']: infeasible by construction ({'Kharosa': {'candidates': 1407, 'thermal_dropped': 1407, 'kept': 0, 'longest_single_spell_blocks': 0}, 'Jawali': {'candidates': 1407, 'thermal_dropped': 1407, 'kept': 0, 'longest_single_spell_blocks': 0}, 'Lamjana II': {'candidates': 1407, 'thermal_dropped': 1407, 'kept': 0, 'longest_single_spell_blocks': 0}, 'Chalburga': {'candidates': 1407, 'thermal_dropped': 1407, 'kept': 0, 'longest_single_spell_blocks': 0}})
2026-10-03 16:26:32,129 level=INFO module=sunflow.opt msg=solve status=optimal obj=307136.8 gap=0.0061 t=6.74s binaries=1324 constraints=397
2026-10-03 16:26:32,131 level=WARNING module=sunflow.certify msg=No plan satisfies every hard rule under the declared assumptions; published timetable issued with alert.
2026-10-03 16:26:34,176 level=WARNING module=sunflow.opt msg=no admissible pattern for ['Chalburga']: infeasible by construction ({'Kharosa': {'candidates': 9, 'thermal_dropped': 0, 'kept': 9, 'longest_single_spell_blocks': 32}, 'Jawali': {'candidates': 9, 'thermal_dropped': 0, 'kept': 9, 'longest_single_spell_blocks': 32}, 'Lamjana II': {'candidates': 9, 'thermal_dropped': 0, 'kept': 9, 'longest_single_spell_blocks': 32}, 'Chalburga': {'candidates': 84, 'thermal_dropped': 84, 'kept': 0, 'longest_single_spell_blocks': 0}})
2026-10-03 16:26:49,359 level=INFO module=sunflow.opt msg=solve status=optimal obj=83931.9 gap=0.0251 t=15.02s binaries=872 constraints=351
2026-10-03 16:26:49,438 level=INFO module=sunflow.certify msg=certified status=CERTIFIED_WITH_RELAXATION rung=split_spells tightening=0
2026-10-03 16:26:52,124 level=WARNING module=sunflow.opt msg=solve status=infeasible tc=infeasible t=0.58s
2026-10-03 16:27:09,678 level=INFO module=sunflow.opt msg=solve status=optimal obj=129182.6 gap=0.0269 t=17.35s binaries=1244 constraints=345
2026-10-03 16:27:09,739 level=INFO module=sunflow.certify msg=certified status=CERTIFIED_WITH_RELAXATION rung=split_spells tightening=0
2026-10-03 16:27:09,925 level=INFO module=sunflow.certify msg=baseline guard: published timetable (Rs 24,307) not worse than plan (Rs 68,202); issuing timetable
2026-10-03 16:27:11,645 level=WARNING module=sunflow.opt msg=no admissible pattern for ['Kharosa', 'Jawali', 'Lamjana II', 'Chalburga']: infeasible by construction ({'Kharosa': {'candidates': 84, 'thermal_dropped': 84, 'kept': 0, 'longest_single_spell_blocks': 0}, 'Jawali': {'candidates': 84, 'thermal_dropped': 84, 'kept': 0, 'longest_single_spell_blocks': 0}, 'Lamjana II': {'candidates': 84, 'thermal_dropped': 84, 'kept': 0, 'longest_single_spell_blocks': 0}, 'Chalburga': {'candidates': 20, 'thermal_dropped': 20, 'kept': 0, 'longest_single_spell_blocks': 0}})
2026-10-03 16:27:11,963 level=WARNING module=sunflow.opt msg=no admissible pattern for ['Lamjana II', 'Chalburga']: infeasible by construction ({'Kharosa': {'candidates': 591, 'thermal_dropped': 568, 'kept': 23, 'longest_single_spell_blocks': 0}, 'Jawali': {'candidates': 591, 'thermal_dropped': 568, 'kept': 23, 'longest_single_spell_blocks': 0}, 'Lamjana II': {'candidates': 591, 'thermal_dropped': 591, 'kept': 0, 'longest_single_spell_blocks': 0}, 'Chalburga': {'candidates': 29, 'thermal_dropped': 29, 'kept': 0, 'longest_single_spell_blocks': 0}})
2026-10-03 16:27:12,620 level=WARNING module=sunflow.opt msg=no admissible pattern for ['Lamjana II', 'Chalburga']: infeasible by construction ({'Kharosa': {'candidates': 1407, 'thermal_dropped': 1373, 'kept': 34, 'longest_single_spell_blocks': 0}, 'Jawali': {'candidates': 1407, 'thermal_dropped': 1373, 'kept': 34, 'longest_single_spell_blocks': 0}, 'Lamjana II': {'candidates': 1407, 'thermal_dropped': 1407, 'kept': 0, 'longest_single_spell_blocks': 0}, 'Chalburga': {'candidates': 39, 'thermal_dropped': 39, 'kept': 0, 'longest_single_spell_blocks': 0}})
2026-10-03 16:27:32,503 level=INFO module=sunflow.opt msg=solve status=feasible obj=141483.3 gap=None t=19.23s binaries=4260 constraints=351
2026-10-03 16:27:33,413 level=WARNING module=sunflow.opt msg=no admissible pattern for ['Lamjana II', 'Chalburga']: infeasible by construction ({'Kharosa': {'candidates': 1407, 'thermal_dropped': 1373, 'kept': 34, 'longest_single_spell_blocks': 0}, 'Jawali': {'candidates': 1407, 'thermal_dropped': 1373, 'kept': 34, 'longest_single_spell_blocks': 0}, 'Lamjana II': {'candidates': 1407, 'thermal_dropped': 1407, 'kept': 0, 'longest_single_spell_blocks': 0}, 'Chalburga': {'candidates': 39, 'thermal_dropped': 39, 'kept': 0, 'longest_single_spell_blocks': 0}})
2026-10-03 16:27:34,216 level=WARNING module=sunflow.opt msg=no admissible pattern for ['Lamjana II', 'Chalburga']: infeasible by construction ({'Kharosa': {'candidates': 1407, 'thermal_dropped': 1373, 'kept': 34, 'longest_single_spell_blocks': 0}, 'Jawali': {'candidates': 1407, 'thermal_dropped': 1373, 'kept': 34, 'longest_single_spell_blocks': 0}, 'Lamjana II': {'candidates': 1407, 'thermal_dropped': 1407, 'kept': 0, 'longest_single_spell_blocks': 0}, 'Chalburga': {'candidates': 39, 'thermal_dropped': 39, 'kept': 0, 'longest_single_spell_blocks': 0}})
2026-10-03 16:27:34,974 level=WARNING module=sunflow.opt msg=no admissible pattern for ['Lamjana II', 'Chalburga']: infeasible by construction ({'Kharosa': {'candidates': 1407, 'thermal_dropped': 1373, 'kept': 34, 'longest_single_spell_blocks': 0}, 'Jawali': {'candidates': 1407, 'thermal_dropped': 1373, 'kept': 34, 'longest_single_spell_blocks': 0}, 'Lamjana II': {'candidates': 1407, 'thermal_dropped': 1407, 'kept': 0, 'longest_single_spell_blocks': 0}, 'Chalburga': {'candidates': 39, 'thermal_dropped': 39, 'kept': 0, 'longest_single_spell_blocks': 0}})
2026-10-03 16:27:50,035 level=INFO module=sunflow.opt msg=solve status=feasible obj=241399.1 gap=None t=14.80s binaries=2740 constraints=357
2026-10-03 16:27:50,035 level=WARNING module=sunflow.certify msg=No plan satisfies every hard rule under the declared assumptions; published timetable issued with alert.
2026-10-03 16:27:51,538 level=WARNING module=sunflow.opt msg=no admissible pattern for ['Kharosa']: infeasible by construction ({'Kharosa': {'candidates': 84, 'thermal_dropped': 84, 'kept': 0, 'longest_single_spell_blocks': 0}, 'Jawali': {'candidates': 84, 'thermal_dropped': 0, 'kept': 84, 'longest_single_spell_blocks': 32}, 'Lamjana II': {'candidates': 9, 'thermal_dropped': 0, 'kept': 9, 'longest_single_spell_blocks': 32}, 'Chalburga': {'candidates': 84, 'thermal_dropped': 0, 'kept': 84, 'longest_single_spell_blocks': 32}})
2026-10-03 16:28:14,219 level=WARNING module=sunflow.opt msg=solve status=timeout tc=maxtimelimit t=22.68s
2026-10-03 16:28:41,720 level=INFO module=sunflow.opt msg=solve status=feasible obj=205049.5 gap=None t=27.00s binaries=4451 constraints=295
2026-10-03 16:28:41,754 level=INFO module=sunflow.certify msg=certified status=CERTIFIED_WITH_RELAXATION rung=feasibility_focus tightening=0
2026-10-03 16:28:43,181 level=WARNING module=sunflow.opt msg=no admissible pattern for ['Kharosa', 'Jawali', 'Lamjana II', 'Chalburga']: infeasible by construction ({'Kharosa': {'candidates': 9, 'thermal_dropped': 9, 'kept': 0, 'longest_single_spell_blocks': 0}, 'Jawali': {'candidates': 84, 'thermal_dropped': 84, 'kept': 0, 'longest_single_spell_blocks': 0}, 'Lamjana II': {'candidates': 9, 'thermal_dropped': 9, 'kept': 0, 'longest_single_spell_blocks': 0}, 'Chalburga': {'candidates': 84, 'thermal_dropped': 84, 'kept': 0, 'longest_single_spell_blocks': 0}})
2026-10-03 16:28:43,541 level=WARNING module=sunflow.opt msg=no admissible pattern for ['Kharosa', 'Jawali', 'Lamjana II', 'Chalburga']: infeasible by construction ({'Kharosa': {'candidates': 264, 'thermal_dropped': 264, 'kept': 0, 'longest_single_spell_blocks': 0}, 'Jawali': {'candidates': 591, 'thermal_dropped': 591, 'kept': 0, 'longest_single_spell_blocks': 0}, 'Lamjana II': {'candidates': 264, 'thermal_dropped': 264, 'kept': 0, 'longest_single_spell_blocks': 0}, 'Chalburga': {'candidates': 591, 'thermal_dropped': 591, 'kept': 0, 'longest_single_spell_blocks': 0}})
2026-10-03 16:28:44,366 level=WARNING module=sunflow.opt msg=no admissible pattern for ['Kharosa', 'Jawali', 'Lamjana II', 'Chalburga']: infeasible by construction ({'Kharosa': {'candidates': 1407, 'thermal_dropped': 1407, 'kept': 0, 'longest_single_spell_blocks': 0}, 'Jawali': {'candidates': 1407, 'thermal_dropped': 1407, 'kept': 0, 'longest_single_spell_blocks': 0}, 'Lamjana II': {'candidates': 1407, 'thermal_dropped': 1407, 'kept': 0, 'longest_single_spell_blocks': 0}, 'Chalburga': {'candidates': 1407, 'thermal_dropped': 1407, 'kept': 0, 'longest_single_spell_blocks': 0}})
2026-10-03 16:29:09,827 level=INFO module=sunflow.opt msg=solve status=feasible obj=184866.3 gap=None t=24.64s binaries=5628 constraints=351
2026-10-03 16:29:10,840 level=WARNING module=sunflow.opt msg=no admissible pattern for ['Kharosa', 'Jawali', 'Lamjana II', 'Chalburga']: infeasible by construction ({'Kharosa': {'candidates': 1407, 'thermal_dropped': 1407, 'kept': 0, 'longest_single_spell_blocks': 0}, 'Jawali': {'candidates': 1407, 'thermal_dropped': 1407, 'kept': 0, 'longest_single_spell_blocks': 0}, 'Lamjana II': {'candidates': 1407, 'thermal_dropped': 1407, 'kept': 0, 'longest_single_spell_blocks': 0}, 'Chalburga': {'candidates': 1407, 'thermal_dropped': 1407, 'kept': 0, 'longest_single_spell_blocks': 0}})
2026-10-03 16:29:11,891 level=WARNING module=sunflow.opt msg=no admissible pattern for ['Kharosa', 'Jawali', 'Lamjana II', 'Chalburga']: infeasible by construction ({'Kharosa': {'candidates': 1407, 'thermal_dropped': 1407, 'kept': 0, 'longest_single_spell_blocks': 0}, 'Jawali': {'candidates': 1407, 'thermal_dropped': 1407, 'kept': 0, 'longest_single_spell_blocks': 0}, 'Lamjana II': {'candidates': 1407, 'thermal_dropped': 1407, 'kept': 0, 'longest_single_spell_blocks': 0}, 'Chalburga': {'candidates': 1407, 'thermal_dropped': 1407, 'kept': 0, 'longest_single_spell_blocks': 0}})
2026-10-03 16:29:12,734 level=WARNING module=sunflow.opt msg=no admissible pattern for ['Kharosa', 'Jawali', 'Lamjana II', 'Chalburga']: infeasible by construction ({'Kharosa': {'candidates': 1407, 'thermal_dropped': 1407, 'kept': 0, 'longest_single_spell_blocks': 0}, 'Jawali': {'candidates': 1407, 'thermal_dropped': 1407, 'kept': 0, 'longest_single_spell_blocks': 0}, 'Lamjana II': {'candidates': 1407, 'thermal_dropped': 1407, 'kept': 0, 'longest_single_spell_blocks': 0}, 'Chalburga': {'candidates': 1407, 'thermal_dropped': 1407, 'kept': 0, 'longest_single_spell_blocks': 0}})
2026-10-03 16:29:16,928 level=INFO module=sunflow.opt msg=solve status=optimal obj=369443.0 gap=0.0043 t=4.15s binaries=1056 constraints=357
2026-10-03 16:29:16,929 level=WARNING module=sunflow.certify msg=No plan satisfies every hard rule under the declared assumptions; published timetable issued with alert.
2026-10-03 16:29:18,810 level=WARNING module=sunflow.opt msg=no admissible pattern for ['Chalburga']: infeasible by construction ({'Kharosa': {'candidates': 84, 'thermal_dropped': 0, 'kept': 84, 'longest_single_spell_blocks': 32}, 'Jawali': {'candidates': 84, 'thermal_dropped': 0, 'kept': 84, 'longest_single_spell_blocks': 32}, 'Lamjana II': {'candidates': 9, 'thermal_dropped': 0, 'kept': 9, 'longest_single_spell_blocks': 32}, 'Chalburga': {'candidates': 0, 'thermal_dropped': 0, 'kept': 0, 'longest_single_spell_blocks': 0}})
2026-10-03 16:29:38,540 level=INFO module=sunflow.opt msg=solve status=feasible obj=139401.2 gap=None t=19.46s binaries=1460 constraints=351
2026-10-03 16:29:38,585 level=INFO module=sunflow.certify msg=certified status=CERTIFIED_WITH_RELAXATION rung=split_spells tightening=0
2026-10-03 16:29:42,004 level=INFO module=sunflow.opt msg=solve status=optimal obj=59212.6 gap=0.0014 t=1.87s binaries=336 constraints=328
2026-10-03 16:29:42,037 level=INFO module=sunflow.certify msg=certified status=CERTIFIED rung=nominal tightening=0
2026-10-03 16:29:44,718 level=INFO module=sunflow.opt msg=solve status=optimal obj=86130.5 gap=0.0014 t=0.89s binaries=261 constraints=328
2026-10-03 16:29:44,762 level=INFO module=sunflow.certify msg=certified status=CERTIFIED rung=nominal tightening=0
2026-10-03 16:29:48,612 level=WARNING module=sunflow.opt msg=solve status=infeasible tc=infeasible t=1.94s
2026-10-03 16:30:12,239 level=WARNING module=sunflow.opt msg=solve status=timeout tc=maxtimelimit t=23.63s
2026-10-03 16:30:41,018 level=INFO module=sunflow.opt msg=solve status=feasible obj=135047.8 gap=None t=28.00s binaries=5628 constraints=295
2026-10-03 16:30:41,063 level=INFO module=sunflow.certify msg=certified status=CERTIFIED_WITH_RELAXATION rung=feasibility_focus tightening=0
shard 0/8: 125 done, 3089s, statuses {'CERTIFIED': 60, 'CERTIFIED_WITH_RELAXATION': 38, 'INFEASIBLE': 24, 'FALLBACK_BASELINE': 3}, violations on certified plans: 0
{
  "n": 125,
  "n_total": 1000,
  "seed": 7,
  "shard": 0,
  "shards": 8,
  "status_counts": {
    "CERTIFIED": 60,
    "CERTIFIED_WITH_RELAXATION": 38,
    "INFEASIBLE": 24,
    "FALLBACK_BASELINE": 3
  },
  "certified_plans_with_violations": 0,
  "elapsed_s": 3088.657238006592
}
