date,et0,rain,tmax,tmin,source
2015-01-01,2.26,1.5,25.2,18.1,era5_daily
2015-01-02,2.84,0.7,26.8,18.0,era5_daily
2015-01-03,2.23,0.5,25.2,17.0,era5_daily
2015-01-04,2.15,0.6,23.5,18.4,era5_daily
2015-01-05,3.52,0.0,26.4,15.9,era5_daily
2015-01-06,3.9,0.0,27.1,15.6,era5_daily
2015-01-07,4.11,0.0,28.4,16.4,era5_daily
2015-01-08,4.58,0.0,26.9,15.0,era5_daily
2015-01-09,4.77,0.0,26.3,13.1,era5_daily
2015-01-10,4.63,0.0,27.1,10.5,era5_daily
2015-01-11,4.81,0.0,27.5,11.0,era5_daily
2015-01-12,4.64,0.0,27.7,11.1,era5_daily
2015-01-13,4.66,0.0,28.0,11.6,era5_daily
2015-01-14,4.49,0.0,28.9,11.7,era5_daily
2015-01-15,4.57,0.0,27.7,12.4,era5_daily
2015-01-16,4.55,0.0,27.9,15.2,era5_daily
2015-01-17,4.61,0.0,27.5,13.1,era5_daily
2015-01-18,4.32,0.0,28.0,13.1,era5_daily
2015-01-19,4.79,0.0,28.3,15.2,era5_daily
2015-01-20,4.33,0.0,27.6,17.8,era5_daily
2015-01-21,3.73,0.0,26.4,19.4,era5_daily
2015-01-22,4.41,0.0,27.5,18.2,era5_daily
2015-01-23,4.02,0.0,27.8,18.1,era5_daily
2015-01-24,4.01,0.0,28.5,16.8,era5_daily
2015-01-25,5.28,0.0,29.0,18.2,era5_daily
2015-01-26,4.83,0.0,28.2,16.2,era5_daily
2015-01-27,5.12,0.0,28.7,17.0,era5_daily
2015-01-28,5.12,0.0,29.1,15.7,era5_daily
2015-01-29,4.54,0.0,29.0,16.8,era5_daily
2015-01-30,4.47,0.0,28.1,17.7,era5_daily
2015-01-31,4.73,0.0,28.7,17.2,era5_daily
2015-02-01,4.69,0.0,29.4,16.7,era5_daily
2015-02-02,5.28,0.0,29.9,18.1,era5_daily
2015-02-03,5.09,0.0,29.1,17.5,era5_daily
2015-02-04,5.49,0.0,29.8,16.1,era5_daily
2015-02-05,5.35,0.0,30.0,16.9,era5_daily
2015-02-06,5.48,0.0,29.9,17.6,era5_daily
2015-02-07,6.38,0.0,29.9,17.5,era5_daily
2015-02-08,5.74,0.0,29.9,18.0,era5_daily
2015-02-09,5.06,0.0,29.8,18.6,era5_daily
2015-02-10,5.53,0.0,30.1,17.9,era5_daily
2015-02-11,5.02,0.0,29.5,16.8,era5_daily
2015-02-12,4.79,0.0,29.9,18.0,era5_daily
2015-02-13,5.4,0.0,30.7,18.9,era5_daily
2015-02-14,5.57,0.0,31.2,17.7,era5_daily
2015-02-15,5.51,0.0,32.3,17.2,era5_daily
2015-02-16,5.79,0.0,32.9,17.3,era5_daily
2015-02-17,5.61,0.0,33.4,17.7,era5_daily
2015-02-18,5.95,0.0,32.7,17.5,era5_daily
2015-02-19,5.44,0.0,32.0,17.7,era5_daily
2015-02-20,5.14,0.0,31.4,17.8,era5_daily
2015-02-21,5.72,0.0,31.9,18.1,era5_daily
2015-02-22,6.02,0.0,32.5,18.4,era5_daily
2015-02-23,6.4,0.0,32.8,18.2,era5_daily
2015-02-24,6.51,0.0,32.9,19.8,era5_daily
2015-02-25,6.99,0.0,32.2,19.5,era5_daily
2015-02-26,6.33,0.0,33.1,18.9,era5_daily
2015-02-27,5.73,0.0,31.8,20.2,era5_daily
2015-02-28,5.12,0.0,30.8,20.5,era5_daily
2015-03-01,2.61,7.5,24.9,16.2,era5_daily
2015-03-02,4.07,0.7,26.5,18.1,era5_daily
2015-03-03,5.6,0.0,28.3,15.4,era5_daily
2015-03-04,5.21,0.0,27.5,14.3,era5_daily
2015-03-05,5.49,0.0,30.8,16.2,era5_daily
2015-03-06,5.21,0.0,31.7,20.5,era5_daily
2015-03-07,5.44,0.0,32.4,19.3,era5_daily
2015-03-08,5.36,0.2,31.9,20.0,era5_daily
2015-03-09,4.74,6.3,31.3,20.4,era5_daily
2015-03-10,4.27,10.2,30.2,18.9,era5_daily
2015-03-11,4.81,7.3,30.7,18.6,era5_daily
2015-03-12,5.43,0.0,31.4,17.7,era5_daily
2015-03-13,5.88,0.0,33.0,19.3,era5_daily
2015-03-14,6.59,0.0,33.1,19.5,era5_daily
2015-03-15,5.75,0.6,32.6,19.6,era5_daily
2015-03-16,4.59,0.1,31.2,21.1,era5_daily
2015-03-17,5.62,0.0,33.6,21.4,era5_daily
2015-03-18,5.82,0.0,33.2,22.5,era5_daily
2015-03-19,6.13,0.0,34.6,22.7,era5_daily
2015-03-20,6.29,0.0,34.9,22.8,era5_daily
2015-03-21,6.99,0.0,35.5,22.9,era5_daily
2015-03-22,5.86,0.0,36.0,22.9,era5_daily
2015-03-23,6.63,0.0,36.9,24.8,era5_daily
2015-03-24,6.93,0.0,37.5,22.0,era5_daily
2015-03-25,6.45,0.0,36.9,24.8,era5_daily
2015-03-26,6.65,0.0,36.1,24.1,era5_daily
2015-03-27,6.94,0.0,36.8,23.7,era5_daily
2015-03-28,6.07,0.0,34.6,23.5,era5_daily
2015-03-29,5.86,0.7,34.7,23.4,era5_daily
2015-03-30,5.22,0.5,32.7,23.7,era5_daily
2015-03-31,5.14,0.0,32.9,23.0,era5_daily
2015-04-01,5.61,0.0,35.4,24.3,era5_daily
2015-04-02,6.59,0.0,36.6,22.1,era5_daily
2015-04-03,7.93,0.0,37.1,22.6,era5_daily
2015-04-04,8.35,0.0,36.5,22.5,era5_daily
2015-04-05,7.84,0.0,37.2,22.0,era5_daily
2015-04-06,7.42,0.0,37.3,23.1,era5_daily
2015-04-07,7.24,0.0,37.4,23.9,era5_daily
2015-04-08,6.6,0.0,37.5,23.6,era5_daily
2015-04-09,6.11,1.6,36.3,25.2,era5_daily
2015-04-10,5.15,7.1,34.3,23.7,era5_daily
2015-04-11,4.66,23.3,30.4,21.5,era5_daily
2015-04-12,4.03,9.1,28.3,20.0,era5_daily
2015-04-13,4.93,4.4,29.5,18.5,era5_daily
2015-04-14,4.57,0.7,28.1,18.6,era5_daily
2015-04-15,4.86,2.9,30.0,19.3,era5_daily
2015-04-16,4.81,2.9,30.0,20.1,era5_daily
2015-04-17,5.49,0.1,31.2,21.0,era5_daily
2015-04-18,6.54,0.0,35.0,19.8,era5_daily
2015-04-19,6.87,0.0,36.1,22.9,era5_daily
2015-04-20,7.09,0.0,37.1,24.4,era5_daily
2015-04-21,6.4,0.0,37.1,25.0,era5_daily
2015-04-22,6.38,0.6,38.3,26.5,era5_daily
2015-04-23,6.82,0.0,37.4,26.7,era5_daily
2015-04-24,7.57,0.0,37.6,25.0,era5_daily
2015-04-25,6.84,0.0,37.6,22.8,era5_daily
2015-04-26,7.36,0.0,37.0,24.1,era5_daily
2015-04-27,7.28,0.0,38.0,25.1,era5_daily
2015-04-28,7.79,0.0,39.8,25.9,era5_daily
2015-04-29,8.21,0.0,40.5,24.5,era5_daily
2015-04-30,8.2,0.0,39.6,25.4,era5_daily
2015-05-01,8.44,0.0,40.5,25.3,era5_daily
2015-05-02,7.95,0.0,40.4,25.7,era5_daily
2015-05-03,7.74,0.0,39.7,25.0,era5_daily
2015-05-04,6.83,2.2,38.2,27.4,era5_daily
2015-05-05,6.2,0.4,37.5,25.4,era5_daily
2015-05-06,6.07,0.3,38.3,24.5,era5_daily
2015-05-07,7.64,0.0,38.9,25.3,era5_daily
2015-05-08,6.76,0.0,39.1,27.0,era5_daily
2015-05-09,7.39,0.7,40.0,27.8,era5_daily
2015-05-10,6.81,0.2,38.2,27.3,era5_daily
2015-05-11,6.37,0.0,38.7,25.8,era5_daily
2015-05-12,6.12,2.4,37.3,27.0,era5_daily
2015-05-13,5.73,4.1,36.5,24.6,era5_daily
2015-05-14,4.53,0.4,34.3,25.9,era5_daily
2015-05-15,3.7,14.3,34.0,23.2,era5_daily
2015-05-16,5.13,0.3,33.7,23.5,era5_daily
2015-05-17,6.93,0.0,37.2,25.6,era5_daily
2015-05-18,8.36,0.0,40.1,26.5,era5_daily
2015-05-19,9.02,0.0,41.7,27.5,era5_daily
2015-05-20,9.04,0.0,41.8,28.1,era5_daily
2015-05-21,9.19,0.0,42.0,28.5,era5_daily
2015-05-22,9.1,0.0,41.6,27.9,era5_daily
2015-05-23,9.64,0.0,40.7,27.4,era5_daily
2015-05-24,8.97,0.0,40.5,25.5,era5_daily
2015-05-25,9.04,0.0,40.4,25.8,era5_daily
2015-05-26,8.77,0.0,40.5,26.2,era5_daily
2015-05-27,9.09,0.0,40.8,26.8,era5_daily
2015-05-28,8.06,0.2,40.5,27.1,era5_daily
2015-05-29,7.65,3.4,40.7,28.6,era5_daily
2015-05-30,6.78,1.1,39.4,25.0,era5_daily
2015-05-31,7.76,1.5,40.1,28.6,era5_daily
2015-06-01,7.37,0.0,38.6,28.2,era5_daily
2015-06-02,7.81,0.0,38.5,26.2,era5_daily
2015-06-03,7.17,0.0,38.4,26.7,era5_daily
2015-06-04,7.13,1.4,37.8,27.9,era5_daily
2015-06-05,7.06,2.7,37.4,24.8,era5_daily
2015-06-06,5.0,1.1,37.3,24.5,era5_daily
2015-06-07,4.3,10.4,32.1,25.3,era5_daily
2015-06-08,5.45,0.2,32.8,24.4,era5_daily
2015-06-09,5.62,3.6,33.4,23.5,era5_daily
2015-06-10,5.17,6.1,34.1,23.8,era5_daily
2015-06-11,5.1,16.5,33.7,25.0,era5_daily
2015-06-12,3.53,9.5,31.4,24.0,era5_daily
2015-06-13,3.78,6.7,30.9,22.6,era5_daily
2015-06-14,3.48,12.3,29.7,22.4,era5_daily
2015-06-15,2.37,13.7,28.1,22.1,era5_daily
2015-06-16,2.36,4.5,26.8,22.2,era5_daily
2015-06-17,2.18,2.6,26.8,21.7,era5_daily
2015-06-18,3.55,6.9,29.2,23.0,era5_daily
2015-06-19,2.94,2.8,27.4,22.7,era5_daily
2015-06-20,3.83,0.8,29.0,22.8,era5_daily
2015-06-21,1.17,22.4,24.0,22.3,era5_daily
2015-06-22,2.11,12.9,26.0,22.3,era5_daily
2015-06-23,4.41,7.8,29.7,22.9,era5_daily
2015-06-24,4.47,1.9,28.7,23.1,era5_daily
2015-06-25,4.91,0.0,29.2,22.9,era5_daily
2015-06-26,4.57,0.1,29.3,22.7,era5_daily
2015-06-27,4.18,0.2,29.2,22.4,era5_daily
2015-06-28,4.53,0.0,30.1,21.8,era5_daily
2015-06-29,5.15,0.0,30.3,22.2,era5_daily
2015-06-30,4.43,0.0,29.8,22.5,era5_daily
2015-07-01,5.05,0.2,30.7,22.6,era5_daily
2015-07-02,6.21,0.0,32.8,22.7,era5_daily
2015-07-03,6.56,0.0,32.4,22.8,era5_daily
2015-07-04,6.89,0.0,33.3,22.2,era5_daily
2015-07-05,6.15,0.0,33.2,22.2,era5_daily
2015-07-06,6.59,0.0,33.5,22.1,era5_daily
2015-07-07,5.5,0.2,31.6,23.1,era5_daily
2015-07-08,5.43,0.6,32.0,23.7,era5_daily
2015-07-09,5.13,0.0,31.2,24.0,era5_daily
2015-07-10,4.24,0.3,30.8,23.8,era5_daily
2015-07-11,4.9,0.0,31.1,23.8,era5_daily
2015-07-12,5.3,0.0,32.4,23.0,era5_daily
2015-07-13,5.91,0.0,33.8,23.5,era5_daily
2015-07-14,5.96,0.0,34.0,24.7,era5_daily
2015-07-15,6.87,0.0,34.5,24.9,era5_daily
2015-07-16,5.71,0.0,32.3,23.4,era5_daily
2015-07-17,5.89,0.4,32.6,23.8,era5_daily
2015-07-18,4.72,0.4,30.8,24.1,era5_daily
2015-07-19,5.06,5.0,33.1,23.8,era5_daily
2015-07-20,4.52,0.1,30.7,23.3,era5_daily
2015-07-21,3.18,2.5,29.3,23.6,era5_daily
2015-07-22,4.29,1.0,30.1,22.9,era5_daily
2015-07-23,3.76,1.6,29.7,23.5,era5_daily
2015-07-24,4.35,6.1,31.1,22.8,era5_daily
2015-07-25,5.18,0.1,30.9,22.6,era5_daily
2015-07-26,4.79,0.0,29.6,22.9,era5_daily
2015-07-27,4.59,0.0,29.6,22.6,era5_daily
2015-07-28,6.39,0.0,32.0,21.7,era5_daily
2015-07-29,4.95,0.3,29.8,21.7,era5_daily
2015-07-30,3.57,0.5,28.9,22.4,era5_daily
2015-07-31,4.97,0.5,31.9,22.1,era5_daily
2015-08-01,5.55,0.1,32.4,22.2,era5_daily
2015-08-02,5.71,0.2,33.1,22.3,era5_daily
2015-08-03,4.99,0.3,30.9,23.8,era5_daily
2015-08-04,2.19,10.1,27.6,22.0,era5_daily
2015-08-05,1.41,14.1,23.0,21.4,era5_daily
2015-08-06,3.15,2.5,27.7,21.6,era5_daily
2015-08-07,3.29,2.5,28.1,22.3,era5_daily
2015-08-08,3.77,5.3,29.4,21.9,era5_daily
2015-08-09,3.95,0.1,29.9,21.9,era5_daily
2015-08-10,3.26,7.5,28.6,22.9,era5_daily
2015-08-11,2.57,2.8,27.8,22.8,era5_daily
2015-08-12,1.3,18.8,24.1,22.0,era5_daily
2015-08-13,1.61,20.7,25.0,21.4,era5_daily
2015-08-14,3.16,0.1,28.2,21.8,era5_daily
2015-08-15,3.69,0.5,28.6,21.6,era5_daily
2015-08-16,3.78,0.0,28.5,22.3,era5_daily
2015-08-17,4.07,0.2,29.0,21.9,era5_daily
2015-08-18,4.32,0.0,29.8,22.7,era5_daily
2015-08-19,4.12,1.3,30.6,23.1,era5_daily
2015-08-20,3.45,0.2,29.2,23.4,era5_daily
2015-08-21,4.77,0.0,30.2,22.9,era5_daily
2015-08-22,3.96,0.8,28.6,21.7,era5_daily
2015-08-23,4.47,0.0,29.9,21.7,era5_daily
2015-08-24,4.75,0.0,29.8,21.7,era5_daily
2015-08-25,4.75,1.0,30.5,21.6,era5_daily
2015-08-26,4.62,0.2,29.6,22.6,era5_daily
2015-08-27,3.67,1.0,29.3,22.1,era5_daily
2015-08-28,1.78,6.8,26.3,22.1,era5_daily
2015-08-29,2.35,4.8,26.7,21.6,era5_daily
2015-08-30,4.26,0.7,29.4,22.4,era5_daily
2015-08-31,4.57,0.0,30.0,22.5,era5_daily
2015-09-01,5.02,0.0,30.2,22.3,era5_daily
2015-09-02,5.29,0.0,31.3,22.4,era5_daily
2015-09-03,4.47,0.8,30.4,23.4,era5_daily
2015-09-04,4.29,1.4,32.4,22.7,era5_daily
2015-09-05,3.92,10.0,31.8,22.3,era5_daily
2015-09-06,3.5,16.8,29.8,22.2,era5_daily
2015-09-07,3.26,26.3,28.8,21.7,era5_daily
2015-09-08,2.97,22.4,28.0,21.4,era5_daily
2015-09-09,3.11,6.0,28.0,21.6,era5_daily
2015-09-10,3.19,4.5,28.0,20.9,era5_daily
2015-09-11,4.38,0.4,29.8,21.3,era5_daily
2015-09-12,3.47,17.8,29.0,21.8,era5_daily
2015-09-13,3.5,17.3,29.4,21.8,era5_daily
2015-09-14,2.57,22.3,28.4,21.6,era5_daily
2015-09-15,1.77,19.8,26.3,21.9,era5_daily
2015-09-16,2.72,10.8,28.3,21.9,era5_daily
2015-09-17,2.42,8.6,27.1,22.6,era5_daily
2015-09-18,2.6,35.0,26.5,22.2,era5_daily
2015-09-19,4.1,0.3,28.9,22.0,era5_daily
2015-09-20,4.31,0.0,28.3,20.6,era5_daily
2015-09-21,4.01,0.1,27.7,20.4,era5_daily
2015-09-22,3.99,0.0,28.5,20.6,era5_daily
2015-09-23,4.11,0.6,29.0,21.4,era5_daily
2015-09-24,4.0,0.5,29.3,20.8,era5_daily
2015-09-25,4.45,0.0,29.9,21.3,era5_daily
2015-09-26,4.53,0.0,29.6,20.6,era5_daily
2015-09-27,5.17,0.0,29.2,18.5,era5_daily
2015-09-28,4.31,0.0,29.0,19.6,era5_daily
2015-09-29,4.38,0.1,29.3,20.4,era5_daily
2015-09-30,4.4,0.0,29.9,20.9,era5_daily
2015-10-01,4.02,6.4,30.6,22.2,era5_daily
2015-10-02,3.33,6.4,29.2,21.2,era5_daily
2015-10-03,3.8,2.1,30.1,21.8,era5_daily
2015-10-04,3.33,17.2,29.0,22.2,era5_daily
2015-10-05,4.19,6.6,29.6,20.7,era5_daily
2015-10-06,5.28,0.0,30.5,20.6,era5_daily
2015-10-07,5.28,0.0,30.5,21.1,era5_daily
2015-10-08,4.83,0.0,30.8,20.9,era5_daily
2015-10-09,4.39,0.0,30.6,19.2,era5_daily
2015-10-10,4.42,0.0,30.2,21.8,era5_daily
2015-10-11,3.84,2.1,30.1,21.9,era5_daily
2015-10-12,4.17,0.9,30.7,21.9,era5_daily
2015-10-13,4.32,0.0,30.4,23.4,era5_daily
2015-10-14,4.41,0.0,31.2,23.2,era5_daily
2015-10-15,4.66,0.0,32.2,19.8,era5_daily
2015-10-16,4.84,0.0,31.5,20.9,era5_daily
2015-10-17,4.31,0.2,30.8,20.8,era5_daily
2015-10-18,4.3,0.0,31.2,21.6,era5_daily
2015-10-19,5.08,0.0,32.1,21.4,era5_daily
2015-10-20,4.61,0.0,31.8,19.6,era5_daily
2015-10-21,4.7,0.0,32.0,20.5,era5_daily
2015-10-22,4.59,0.0,32.6,20.8,era5_daily
2015-10-23,4.0,0.0,31.3,21.6,era5_daily
2015-10-24,4.37,0.0,31.7,21.1,era5_daily
2015-10-25,3.85,0.1,29.9,20.8,era5_daily
2015-10-26,4.69,0.0,30.9,20.3,era5_daily
2015-10-27,4.68,0.0,30.8,20.1,era5_daily
2015-10-28,4.93,0.0,31.3,20.7,era5_daily
2015-10-29,4.08,0.1,30.4,19.9,era5_daily
2015-10-30,4.62,0.0,30.2,20.4,era5_daily
2015-10-31,4.8,0.0,29.7,20.3,era5_daily
2015-11-01,4.83,0.0,29.9,20.1,era5_daily
2015-11-02,4.32,0.0,29.5,19.6,era5_daily
2015-11-03,4.06,0.0,29.5,19.8,era5_daily
2015-11-04,4.34,0.0,29.9,20.1,era5_daily
2015-11-05,4.64,0.0,30.4,19.9,era5_daily
2015-11-06,4.88,0.0,31.2,20.2,era5_daily
2015-11-07,4.95,0.0,31.0,20.6,era5_daily
2015-11-08,5.47,0.0,31.1,19.8,era5_daily
2015-11-09,5.21,0.0,30.5,18.7,era5_daily
2015-11-10,5.38,0.0,29.8,18.8,era5_daily
2015-11-11,5.21,0.0,30.2,19.3,era5_daily
2015-11-12,5.2,0.0,30.7,18.7,era5_daily
2015-11-13,5.19,0.0,30.6,18.1,era5_daily
2015-11-14,5.01,0.0,30.2,18.4,era5_daily
2015-11-15,5.06,0.0,30.4,18.5,era5_daily
2015-11-16,4.82,0.0,29.9,19.1,era5_daily
2015-11-17,5.18,0.0,30.0,18.3,era5_daily
2015-11-18,5.43,0.0,29.6,17.5,era5_daily
2015-11-19,5.66,0.0,29.2,17.8,era5_daily
2015-11-20,4.03,0.0,27.9,18.6,era5_daily
2015-11-21,2.8,2.0,28.0,20.3,era5_daily
2015-11-22,3.34,0.8,29.7,20.4,era5_daily
2015-11-23,3.52,2.0,30.0,21.4,era5_daily
2015-11-24,3.11,0.3,29.4,21.8,era5_daily
2015-11-25,4.41,0.0,30.5,21.4,era5_daily
2015-11-26,4.46,0.0,30.6,19.2,era5_daily
2015-11-27,4.26,0.0,30.9,18.9,era5_daily
2015-11-28,4.71,0.0,31.4,20.3,era5_daily
2015-11-29,5.08,0.0,31.3,20.8,era5_daily
2015-11-30,4.71,0.0,30.9,19.5,era5_daily
2015-12-01,4.15,0.0,30.9,19.1,era5_daily
2015-12-02,3.59,0.0,28.9,20.5,era5_daily
2015-12-03,3.91,0.0,30.3,19.4,era5_daily
2015-12-04,4.22,0.0,30.1,20.1,era5_daily
2015-12-05,4.56,0.0,30.2,18.8,era5_daily
2015-12-06,4.73,0.0,30.4,18.2,era5_daily
2015-12-07,4.54,0.0,29.6,17.9,era5_daily
2015-12-08,4.56,0.0,29.9,17.1,era5_daily
2015-12-09,4.37,0.0,29.9,17.5,era5_daily
2015-12-10,4.33,0.0,30.2,17.5,era5_daily
2015-12-11,4.03,0.0,30.7,21.2,era5_daily
2015-12-12,3.71,0.0,30.9,20.7,era5_daily
2015-12-13,4.02,0.0,31.2,20.7,era5_daily
2015-12-14,4.1,0.0,31.9,21.2,era5_daily
2015-12-15,3.97,0.0,31.2,21.6,era5_daily
2015-12-16,4.72,0.0,31.9,21.0,era5_daily
2015-12-17,4.71,0.0,31.1,19.5,era5_daily
2015-12-18,4.39,0.0,30.1,19.3,era5_daily
2015-12-19,4.33,0.0,30.2,20.9,era5_daily
2015-12-20,4.64,0.0,30.3,20.6,era5_daily
2015-12-21,3.64,0.0,29.7,21.4,era5_daily
2015-12-22,4.3,0.0,29.6,20.0,era5_daily
2015-12-23,4.28,0.0,28.8,17.2,era5_daily
2015-12-24,4.62,0.0,26.7,16.8,era5_daily
2015-12-25,4.78,0.0,24.7,14.2,era5_daily
2015-12-26,4.41,0.0,24.8,11.8,era5_daily
2015-12-27,4.59,0.0,26.5,12.6,era5_daily
2015-12-28,4.95,0.0,29.1,14.4,era5_daily
2015-12-29,5.11,0.0,30.3,14.8,era5_daily
2015-12-30,5.06,0.0,31.1,14.9,era5_daily
2015-12-31,4.96,0.0,30.8,15.3,era5_daily
2016-01-01,4.7,0.0,30.5,15.9,era5_daily
2016-01-02,4.48,0.0,29.5,16.6,era5_daily
2016-01-03,4.27,0.0,29.3,15.0,era5_daily
2016-01-04,4.52,0.0,28.6,16.0,era5_daily
2016-01-05,4.37,0.0,28.3,17.5,era5_daily
2016-01-06,4.37,0.0,28.1,17.1,era5_daily
2016-01-07,4.3,0.0,28.2,17.3,era5_daily
2016-01-08,4.2,0.0,28.2,16.7,era5_daily
2016-01-09,4.02,0.0,28.0,16.5,era5_daily
2016-01-10,4.31,0.0,28.0,17.1,era5_daily
2016-01-11,4.4,0.0,27.8,16.2,era5_daily
2016-01-12,4.51,0.0,27.7,17.3,era5_daily
2016-01-13,4.52,0.0,27.9,16.3,era5_daily
2016-01-14,4.95,0.0,27.9,17.1,era5_daily
2016-01-15,4.38,0.0,27.2,18.1,era5_daily
2016-01-16,4.66,0.0,27.7,18.6,era5_daily
2016-01-17,4.11,0.0,27.2,18.4,era5_daily
2016-01-18,4.5,0.0,27.7,17.7,era5_daily
2016-01-19,4.0,0.0,26.3,16.7,era5_daily
2016-01-20,4.49,0.0,25.9,15.7,era5_daily
2016-01-21,4.63,0.0,25.2,14.7,era5_daily
2016-01-22,4.63,0.0,26.0,14.6,era5_daily
2016-01-23,4.68,0.0,27.0,14.6,era5_daily
2016-01-24,4.51,0.0,28.6,15.7,era5_daily
2016-01-25,4.17,0.0,29.4,18.4,era5_daily
2016-01-26,4.11,0.0,30.1,17.3,era5_daily
2016-01-27,4.48,0.0,30.3,16.8,era5_daily
2016-01-28,5.33,0.0,30.6,17.1,era5_daily
2016-01-29,5.53,0.0,31.2,16.6,era5_daily
2016-01-30,5.04,0.0,32.0,16.1,era5_daily
2016-01-31,4.4,0.0,32.0,18.4,era5_daily
2016-02-01,4.81,0.0,31.9,17.2,era5_daily
2016-02-02,4.8,0.0,31.7,18.3,era5_daily
2016-02-03,5.44,0.0,32.0,18.1,era5_daily
2016-02-04,5.39,0.0,31.0,17.1,era5_daily
2016-02-05,5.58,0.0,30.9,18.2,era5_daily
2016-02-06,5.95,0.0,30.9,19.2,era5_daily
2016-02-07,4.77,0.0,30.4,18.2,era5_daily
2016-02-08,5.15,0.0,30.8,18.5,era5_daily
2016-02-09,5.09,0.0,31.6,19.6,era5_daily
2016-02-10,5.45,0.0,32.6,21.3,era5_daily
2016-02-11,4.91,0.0,30.8,20.7,era5_daily
2016-02-12,5.66,0.0,31.6,20.8,era5_daily
2016-02-13,5.44,0.0,30.8,19.0,era5_daily
2016-02-14,5.26,0.0,32.0,20.9,era5_daily
2016-02-15,6.03,0.0,32.4,21.4,era5_daily
2016-02-16,6.13,0.0,31.8,19.6,era5_daily
2016-02-17,6.79,0.0,33.1,20.6,era5_daily
2016-02-18,6.82,0.0,33.3,19.1,era5_daily
2016-02-19,6.35,0.0,33.1,20.1,era5_daily
2016-02-20,5.42,0.0,33.9,19.0,era5_daily
2016-02-21,5.02,0.0,34.2,19.4,era5_daily
2016-02-22,5.44,0.0,34.9,23.4,era5_daily
2016-02-23,6.3,0.0,35.5,23.9,era5_daily
2016-02-24,6.26,0.0,35.2,23.8,era5_daily
2016-02-25,5.71,0.0,34.2,22.0,era5_daily
2016-02-26,5.43,0.0,33.8,22.1,era5_daily
2016-02-27,4.26,1.1,31.7,22.8,era5_daily
2016-02-28,4.68,1.8,32.1,22.6,era5_daily
2016-02-29,4.49,4.5,33.2,21.7,era5_daily
2016-03-01,4.41,5.4,30.2,20.5,era5_daily
2016-03-02,4.35,3.6,31.4,20.0,era5_daily
2016-03-03,4.22,0.2,31.3,19.3,era5_daily
2016-03-04,4.73,0.0,30.9,20.4,era5_daily
2016-03-05,4.68,0.0,31.3,21.3,era5_daily
2016-03-06,5.02,0.0,32.1,21.4,era5_daily
2016-03-07,6.0,0.0,33.9,21.0,era5_daily
2016-03-08,6.26,0.0,34.2,21.8,era5_daily
2016-03-09,5.23,0.0,34.4,22.6,era5_daily
2016-03-10,5.68,0.0,35.3,22.9,era5_daily
2016-03-11,6.49,0.1,35.8,22.9,era5_daily
2016-03-12,7.53,0.5,36.9,24.4,era5_daily
2016-03-13,6.86,0.2,34.6,23.3,era5_daily
2016-03-14,6.68,0.0,33.3,21.0,era5_daily
2016-03-15,6.96,0.0,34.5,21.1,era5_daily
2016-03-16,7.21,0.0,35.1,22.2,era5_daily
2016-03-17,7.17,0.0,36.2,19.1,era5_daily
2016-03-18,7.47,0.0,37.0,23.9,era5_daily
2016-03-19,7.43,0.0,37.0,24.7,era5_daily
2016-03-20,7.81,0.0,37.3,23.8,era5_daily
2016-03-21,8.41,0.0,36.9,24.2,era5_daily
2016-03-22,7.55,0.0,36.7,22.3,era5_daily
2016-03-23,8.03,0.0,36.9,23.4,era5_daily
2016-03-24,7.39,0.0,38.1,24.2,era5_daily
2016-03-25,7.57,0.0,38.0,25.4,era5_daily
2016-03-26,7.24,0.0,38.3,25.8,era5_daily
2016-03-27,6.1,0.2,37.4,24.8,era5_daily
2016-03-28,6.38,0.0,36.2,25.0,era5_daily
2016-03-29,6.17,0.0,36.9,24.2,era5_daily
2016-03-30,6.59,0.0,37.3,23.5,era5_daily
2016-03-31,7.74,0.0,37.9,22.6,era5_daily
2016-04-01,7.09,0.0,38.1,21.9,era5_daily
2016-04-02,6.31,0.0,38.8,23.6,era5_daily
2016-04-03,6.25,0.0,38.4,25.4,era5_daily
2016-04-04,6.57,0.2,38.1,27.5,era5_daily
2016-04-05,4.71,0.2,34.4,25.2,era5_daily
2016-04-06,5.38,1.1,36.1,24.9,era5_daily
2016-04-07,5.57,0.7,36.5,24.4,era5_daily
2016-04-08,6.33,0.0,36.9,26.2,era5_daily
2016-04-09,6.38,0.0,37.0,26.6,era5_daily
2016-04-10,5.64,0.0,36.9,26.4,era5_daily
2016-04-11,7.07,0.0,38.1,26.2,era5_daily
2016-04-12,6.8,0.0,38.6,27.2,era5_daily
2016-04-13,7.62,0.0,38.7,26.9,era5_daily
2016-04-14,7.64,0.0,39.5,26.3,era5_daily
2016-04-15,6.91,0.0,40.3,25.6,era5_daily
2016-04-16,7.6,0.2,40.5,27.7,era5_daily
2016-04-17,8.03,0.0,40.3,27.8,era5_daily
2016-04-18,6.82,0.5,38.3,27.4,era5_daily
2016-04-19,5.65,0.0,37.9,28.2,era5_daily
2016-04-20,6.2,0.0,39.8,28.7,era5_daily
2016-04-21,7.45,0.0,40.6,29.3,era5_daily
2016-04-22,9.62,0.0,40.6,28.2,era5_daily
2016-04-23,9.2,0.0,39.7,25.5,era5_daily
2016-04-24,8.8,0.0,39.9,25.3,era5_daily
2016-04-25,8.34,0.0,40.4,25.3,era5_daily
2016-04-26,8.09,0.0,40.9,26.8,era5_daily
2016-04-27,6.86,0.5,40.3,27.7,era5_daily
2016-04-28,6.3,1.6,39.7,27.8,era5_daily
2016-04-29,6.41,1.9,38.8,28.5,era5_daily
2016-04-30,6.52,1.6,39.4,27.6,era5_daily
2016-05-01,6.58,0.3,38.9,26.1,era5_daily
2016-05-02,6.89,0.0,39.0,27.2,era5_daily
2016-05-03,7.13,1.7,40.0,26.6,era5_daily
2016-05-04,6.31,2.1,38.8,26.2,era5_daily
2016-05-05,6.59,1.6,38.3,26.0,era5_daily
2016-05-06,6.21,1.3,35.5,24.5,era5_daily
2016-05-07,6.58,0.0,36.9,24.8,era5_daily
2016-05-08,5.85,0.0,36.3,25.0,era5_daily
2016-05-09,5.74,1.1,36.8,24.8,era5_daily
2016-05-10,5.81,1.7,36.2,25.1,era5_daily
2016-05-11,6.56,1.1,37.2,25.2,era5_daily
2016-05-12,6.44,0.2,37.7,25.6,era5_daily
2016-05-13,7.3,0.0,39.4,27.5,era5_daily
2016-05-14,7.15,0.0,39.5,28.5,era5_daily
2016-05-15,6.47,0.0,39.6,28.3,era5_daily
2016-05-16,6.78,0.0,39.2,28.1,era5_daily
2016-05-17,7.65,0.0,40.7,28.2,era5_daily
2016-05-18,7.77,0.0,40.6,28.9,era5_daily
2016-05-19,7.57,0.0,40.1,28.4,era5_daily
2016-05-20,8.95,0.0,39.8,27.1,era5_daily
2016-05-21,8.96,0.0,40.1,24.8,era5_daily
2016-05-22,9.4,0.0,40.0,24.5,era5_daily
2016-05-23,8.57,0.0,38.4,24.6,era5_daily
2016-05-24,7.83,0.0,38.6,25.2,era5_daily
2016-05-25,8.59,0.0,38.5,25.8,era5_daily
2016-05-26,8.03,0.0,38.2,25.7,era5_daily
2016-05-27,7.93,0.0,38.4,26.0,era5_daily
2016-05-28,8.14,0.0,38.4,26.4,era5_daily
2016-05-29,8.21,0.0,38.4,26.1,era5_daily
2016-05-30,7.14,0.0,37.3,25.9,era5_daily
2016-05-31,6.7,0.0,36.7,26.9,era5_daily
2016-06-01,6.96,0.1,38.0,28.3,era5_daily
2016-06-02,6.6,0.4,37.8,27.4,era5_daily
2016-06-03,7.08,0.4,38.8,26.2,era5_daily
2016-06-04,6.47,1.8,36.8,25.8,era5_daily
2016-06-05,4.97,1.5,35.0,25.6,era5_daily
2016-06-06,4.19,7.5,32.8,24.1,era5_daily
2016-06-07,5.37,0.5,34.6,25.0,era5_daily
2016-06-08,4.49,1.7,33.3,25.5,era5_daily
2016-06-09,5.29,4.1,34.2,24.0,era5_daily
2016-06-10,4.58,0.2,32.0,24.0,era5_daily
2016-06-11,4.72,6.5,31.8,25.6,era5_daily
2016-06-12,5.52,1.1,33.1,24.3,era5_daily
2016-06-13,6.72,0.0,34.2,25.2,era5_daily
2016-06-14,6.91,0.0,34.5,24.2,era5_daily
2016-06-15,7.13,0.0,34.8,23.6,era5_daily
2016-06-16,7.26,0.0,35.7,24.2,era5_daily
2016-06-17,6.47,1.2,35.3,24.3,era5_daily
2016-06-18,3.73,5.4,32.1,24.4,era5_daily
2016-06-19,1.89,19.0,26.3,22.3,era5_daily
2016-06-20,2.8,9.5,28.6,22.8,era5_daily
2016-06-21,3.85,5.6,30.1,23.1,era5_daily
2016-06-22,4.17,4.9,30.9,22.9,era5_daily
2016-06-23,4.35,3.1,30.3,22.8,era5_daily
2016-06-24,4.22,7.9,30.7,22.8,era5_daily
2016-06-25,3.69,4.8,29.5,22.7,era5_daily
2016-06-26,3.16,5.8,28.1,22.3,era5_daily
2016-06-27,3.72,9.8,29.9,22.8,era5_daily
2016-06-28,1.95,12.2,26.8,22.3,era5_daily
2016-06-29,1.51,14.9,25.0,22.4,era5_daily
2016-06-30,2.46,4.8,26.5,21.7,era5_daily
2016-07-01,3.21,5.4,28.1,22.6,era5_daily
2016-07-02,2.9,5.7,28.0,22.4,era5_daily
2016-07-03,1.77,9.2,25.0,22.8,era5_daily
2016-07-04,2.9,7.6,27.9,22.9,era5_daily
2016-07-05,2.04,14.9,26.4,22.4,era5_daily
2016-07-06,3.11,5.4,27.7,22.1,era5_daily
2016-07-07,2.51,0.2,26.8,22.5,era5_daily
2016-07-08,2.94,5.6,27.2,22.1,era5_daily
2016-07-09,1.63,21.7,24.1,21.9,era5_daily
2016-07-10,1.51,22.8,24.6,22.0,era5_daily
2016-07-11,1.21,25.4,23.7,21.9,era5_daily
2016-07-12,2.61,2.7,26.8,22.4,era5_daily
2016-07-13,4.56,1.1,28.8,22.6,era5_daily
2016-07-14,4.07,0.0,28.8,21.5,era5_daily
2016-07-15,4.01,0.6,28.6,22.4,era5_daily
2016-07-16,4.1,0.8,28.2,22.2,era5_daily
2016-07-17,4.23,1.1,28.9,21.9,era5_daily
2016-07-18,3.02,4.6,27.8,22.1,era5_daily
2016-07-19,2.48,3.7,26.0,21.6,era5_daily
2016-07-20,1.8,8.3,25.9,21.4,era5_daily
2016-07-21,1.82,10.4,25.8,21.5,era5_daily
2016-07-22,1.37,20.4,24.7,21.6,era5_daily
2016-07-23,1.91,21.8,26.0,21.2,era5_daily
2016-07-24,2.91,3.6,28.2,21.7,era5_daily
2016-07-25,2.36,15.5,27.9,22.2,era5_daily
2016-07-26,2.01,25.9,26.8,22.0,era5_daily
2016-07-27,2.7,21.6,28.7,21.9,era5_daily
2016-07-28,2.74,13.5,28.3,21.9,era5_daily
2016-07-29,2.88,2.1,28.3,21.6,era5_daily
2016-07-30,2.46,7.8,26.6,21.3,era5_daily
2016-07-31,2.33,17.7,26.1,21.5,era5_daily
2016-08-01,2.41,11.0,26.2,21.4,era5_daily
2016-08-02,1.36,22.5,23.2,21.6,era5_daily
2016-08-03,2.42,8.3,25.9,21.1,era5_daily
2016-08-04,3.29,5.0,27.8,21.6,era5_daily
2016-08-05,3.52,4.7,27.4,21.9,era5_daily
2016-08-06,3.16,3.1,27.0,21.9,era5_daily
2016-08-07,3.58,0.5,27.0,22.8,era5_daily
2016-08-08,4.29,0.1,28.1,21.8,era5_daily
2016-08-09,3.88,0.6,27.4,21.9,era5_daily
2016-08-10,3.7,0.1,27.3,21.9,era5_daily
2016-08-11,3.69,3.1,27.7,22.0,era5_daily
2016-08-12,3.65,0.8,27.8,22.2,era5_daily
2016-08-13,3.29,4.4,27.5,21.8,era5_daily
2016-08-14,3.85,0.6,27.3,21.7,era5_daily
2016-08-15,3.73,0.6,27.4,21.6,era5_daily
2016-08-16,4.0,0.4,27.8,21.8,era5_daily
2016-08-17,4.16,0.6,28.1,21.5,era5_daily
2016-08-18,3.79,0.3,27.8,21.2,era5_daily
2016-08-19,4.18,0.6,28.1,20.9,era5_daily
2016-08-20,3.91,0.0,27.4,20.0,era5_daily
2016-08-21,4.08,1.3,28.4,20.6,era5_daily
2016-08-22,3.79,0.2,28.4,20.7,era5_daily
2016-08-23,3.56,3.9,28.0,21.8,era5_daily
2016-08-24,3.56,1.3,28.6,21.9,era5_daily
2016-08-25,3.76,0.6,28.4,21.5,era5_daily
2016-08-26,4.18,0.8,28.8,21.2,era5_daily
2016-08-27,3.49,2.9,28.4,21.8,era5_daily
2016-08-28,3.37,3.9,28.9,21.7,era5_daily
2016-08-29,2.73,10.5,27.1,21.9,era5_daily
2016-08-30,2.27,2.1,27.1,22.3,era5_daily
2016-08-31,1.6,11.1,25.6,22.2,era5_daily
2016-09-01,2.03,0.8,25.7,21.5,era5_daily
2016-09-02,3.34,4.6,27.9,21.4,era5_daily
2016-09-03,3.31,0.8,26.6,20.7,era5_daily
2016-09-04,3.84,0.0,26.8,20.9,era5_daily
2016-09-05,4.73,0.0,27.8,19.4,era5_daily
2016-09-06,4.12,0.0,26.8,18.9,era5_daily
2016-09-07,4.31,0.2,27.0,19.3,era5_daily
2016-09-08,4.12,0.0,27.2,20.1,era5_daily
2016-09-09,3.29,0.0,26.8,21.2,era5_daily
2016-09-10,2.97,0.0,26.4,22.0,era5_daily
2016-09-11,2.76,1.1,26.1,21.4,era5_daily
2016-09-12,2.68,0.0,26.2,22.0,era5_daily
2016-09-13,1.77,10.5,25.2,21.4,era5_daily
2016-09-14,1.8,24.9,26.0,21.4,era5_daily
2016-09-15,1.35,36.7,25.9,21.8,era5_daily
2016-09-16,1.58,31.1,25.8,21.6,era5_daily
2016-09-17,1.18,5.6,24.9,21.6,era5_daily
2016-09-18,3.39,2.2,27.6,21.1,era5_daily
2016-09-19,3.55,1.8,27.6,21.5,era5_daily
2016-09-20,1.34,10.4,24.2,21.1,era5_daily
2016-09-21,1.33,16.7,25.8,20.9,era5_daily
2016-09-22,1.75,6.3,26.4,21.5,era5_daily
2016-09-23,1.22,34.7,25.1,21.4,era5_daily
2016-09-24,0.55,53.8,23.0,21.1,era5_daily
2016-09-25,1.74,19.9,26.1,21.2,era5_daily
2016-09-26,2.93,6.7,27.8,22.0,era5_daily
2016-09-27,3.17,2.2,28.3,22.2,era5_daily
2016-09-28,4.23,0.7,29.2,22.0,era5_daily
2016-09-29,3.79,0.0,27.6,21.9,era5_daily
2016-09-30,3.91,1.8,28.2,21.9,era5_daily
2016-10-01,1.06,27.5,23.0,21.3,era5_daily
2016-10-02,1.94,12.9,25.9,21.2,era5_daily
2016-10-03,1.65,1.0,23.9,20.6,era5_daily
2016-10-04,3.38,0.0,26.8,20.1,era5_daily
2016-10-05,2.75,1.0,25.8,20.5,era5_daily
2016-10-06,4.08,0.0,27.8,20.4,era5_daily
2016-10-07,3.7,0.4,27.8,20.4,era5_daily
2016-10-08,2.69,5.6,27.4,22.1,era5_daily
2016-10-09,3.28,0.2,27.8,21.8,era5_daily
2016-10-10,4.03,0.2,29.1,21.0,era5_daily
2016-10-11,4.12,0.1,29.1,21.5,era5_daily
2016-10-12,4.63,0.0,29.1,18.8,era5_daily
2016-10-13,4.17,0.0,28.9,18.3,era5_daily
2016-10-14,3.75,0.0,28.5,19.9,era5_daily
2016-10-15,4.73,0.0,28.3,19.5,era5_daily
2016-10-16,4.74,0.0,27.9,19.0,era5_daily
2016-10-17,3.67,0.0,27.7,19.9,era5_daily
2016-10-18,4.87,0.0,28.3,18.8,era5_daily
2016-10-19,4.57,0.0,28.3,17.8,era5_daily
2016-10-20,4.59,0.0,28.7,18.7,era5_daily
2016-10-21,4.78,0.0,28.7,17.8,era5_daily
2016-10-22,4.45,0.0,28.4,17.9,era5_daily
2016-10-23,3.24,0.0,27.7,20.1,era5_daily
2016-10-24,4.47,0.0,28.8,18.5,era5_daily
2016-10-25,4.47,0.0,28.6,17.9,era5_daily
2016-10-26,4.32,0.0,27.6,19.6,era5_daily
2016-10-27,4.61,0.0,28.4,17.2,era5_daily
2016-10-28,5.21,0.0,28.2,15.4,era5_daily
2016-10-29,4.58,0.0,28.6,14.8,era5_daily
2016-10-30,3.73,0.1,27.9,18.0,era5_daily
2016-10-31,4.33,0.0,29.4,20.4,era5_daily
2016-11-01,5.01,0.0,28.4,18.1,era5_daily
2016-11-02,4.92,0.0,28.1,16.4,era5_daily
2016-11-03,4.61,0.0,28.3,15.9,era5_daily
2016-11-04,4.1,0.0,27.6,17.2,era5_daily
2016-11-05,4.13,0.0,27.5,16.8,era5_daily
2016-11-06,4.56,0.0,27.7,18.1,era5_daily
2016-11-07,5.03,0.0,28.4,14.7,era5_daily
2016-11-08,4.84,0.0,28.4,16.1,era5_daily
2016-11-09,4.68,0.0,28.1,16.6,era5_daily
2016-11-10,4.66,0.0,28.0,14.7,era5_daily
2016-11-11,4.82,0.0,28.2,14.9,era5_daily
2016-11-12,4.65,0.0,27.9,14.0,era5_daily
2016-11-13,4.41,0.0,28.3,15.3,era5_daily
2016-11-14,3.49,0.0,28.9,18.0,era5_daily
2016-11-15,4.14,0.3,29.5,18.6,era5_daily
2016-11-16,4.81,0.0,29.5,19.1,era5_daily
2016-11-17,4.88,0.0,28.5,17.1,era5_daily
2016-11-18,4.62,0.0,27.6,16.1,era5_daily
2016-11-19,4.68,0.0,28.0,14.6,era5_daily
2016-11-20,4.61,0.0,28.2,13.9,era5_daily
2016-11-21,4.64,0.0,28.6,13.8,era5_daily
2016-11-22,4.58,0.0,28.8,14.1,era5_daily
2016-11-23,4.61,0.0,28.6,14.1,era5_daily
2016-11-24,4.57,0.0,28.6,14.6,era5_daily
2016-11-25,4.71,0.0,28.8,14.5,era5_daily
2016-11-26,4.78,0.0,29.3,13.7,era5_daily
2016-11-27,4.7,0.0,30.1,14.1,era5_daily
2016-11-28,4.57,0.0,30.6,14.2,era5_daily
2016-11-29,4.56,0.0,30.2,16.0,era5_daily
2016-11-30,4.41,0.0,29.7,15.1,era5_daily
2016-12-01,3.51,0.0,27.6,16.3,era5_daily
2016-12-02,4.44,0.0,28.9,15.5,era5_daily
2016-12-03,3.93,0.0,28.8,17.1,era5_daily
2016-12-04,3.48,0.0,28.4,19.5,era5_daily
2016-12-05,4.27,0.0,28.8,18.4,era5_daily
2016-12-06,4.32,0.0,27.2,15.3,era5_daily
2016-12-07,4.11,0.0,27.2,14.1,era5_daily
2016-12-08,4.19,0.0,27.7,13.7,era5_daily
2016-12-09,4.44,0.0,27.2,13.2,era5_daily
2016-12-10,4.37,0.0,26.8,12.2,era5_daily
2016-12-11,4.56,0.0,27.8,12.9,era5_daily
2016-12-12,4.96,0.0,28.8,15.3,era5_daily
2016-12-13,4.72,0.0,28.4,16.6,era5_daily
2016-12-14,2.43,0.7,25.5,20.4,era5_daily
2016-12-15,3.62,0.0,28.8,19.1,era5_daily
2016-12-16,3.77,0.0,28.8,18.5,era5_daily
2016-12-17,4.3,0.0,29.1,17.3,era5_daily
2016-12-18,4.46,0.0,28.7,16.0,era5_daily
2016-12-19,4.36,0.0,28.2,14.7,era5_daily
2016-12-20,4.44,0.0,27.8,13.1,era5_daily
2016-12-21,4.4,0.0,28.5,12.6,era5_daily
2016-12-22,4.5,0.0,29.3,12.7,era5_daily
2016-12-23,4.68,0.0,29.1,13.3,era5_daily
2016-12-24,4.48,0.0,29.4,13.6,era5_daily
2016-12-25,4.47,0.0,30.0,13.1,era5_daily
2016-12-26,4.44,0.0,28.5,13.9,era5_daily
2016-12-27,4.4,0.0,27.3,13.8,era5_daily
2016-12-28,4.31,0.0,27.5,12.6,era5_daily
2016-12-29,4.42,0.0,28.1,12.6,era5_daily
2016-12-30,4.4,0.0,28.9,13.6,era5_daily
2016-12-31,3.92,0.0,28.6,14.2,era5_daily
2017-01-01,4.0,0.0,28.5,15.6,era5_daily
2017-01-02,4.25,0.0,28.8,14.5,era5_daily
2017-01-03,4.5,0.0,26.6,15.0,era5_daily
2017-01-04,4.14,0.0,26.9,12.3,era5_daily
2017-01-05,4.3,0.0,27.5,11.9,era5_daily
2017-01-06,4.32,0.0,27.8,12.5,era5_daily
2017-01-07,4.43,0.0,27.9,12.7,era5_daily
2017-01-08,4.21,0.0,28.4,13.4,era5_daily
2017-01-09,3.99,0.0,27.3,13.8,era5_daily
2017-01-10,4.17,0.0,26.9,14.6,era5_daily
2017-01-11,4.04,0.0,25.9,12.6,era5_daily
2017-01-12,3.97,0.0,24.9,11.7,era5_daily
2017-01-13,3.79,0.0,26.5,12.5,era5_daily
2017-01-14,3.48,0.0,26.4,15.9,era5_daily
2017-01-15,3.61,0.0,27.1,17.9,era5_daily
2017-01-16,3.82,0.0,28.1,16.3,era5_daily
2017-01-17,3.77,0.0,27.5,17.5,era5_daily
2017-01-18,4.7,0.0,28.0,18.4,era5_daily
2017-01-19,4.74,0.0,27.6,15.4,era5_daily
2017-01-20,4.44,0.0,27.5,14.2,era5_daily
2017-01-21,4.6,0.0,28.4,15.1,era5_daily
2017-01-22,4.69,0.0,29.9,17.1,era5_daily
2017-01-23,5.1,0.0,30.5,17.7,era5_daily
2017-01-24,5.24,0.0,29.7,17.9,era5_daily
2017-01-25,4.46,0.0,28.8,15.2,era5_daily
2017-01-26,4.03,0.0,28.6,17.7,era5_daily
2017-01-27,4.71,0.0,29.5,16.0,era5_daily
2017-01-28,5.04,0.0,29.5,17.1,era5_daily
2017-01-29,4.7,0.0,29.6,15.1,era5_daily
2017-01-30,4.67,0.0,30.2,15.0,era5_daily
2017-01-31,4.63,0.0,30.5,15.7,era5_daily
2017-02-01,4.63,0.0,30.5,15.9,era5_daily
2017-02-02,4.88,0.0,30.7,16.9,era5_daily
2017-02-03,4.95,0.0,30.5,18.8,era5_daily
2017-02-04,5.27,0.0,30.8,16.8,era5_daily
2017-02-05,4.88,0.0,29.9,15.2,era5_daily
2017-02-06,4.82,0.0,29.8,16.9,era5_daily
2017-02-07,4.79,0.0,30.3,16.5,era5_daily
2017-02-08,4.99,0.0,30.9,17.5,era5_daily
2017-02-09,4.84,0.0,30.5,17.0,era5_daily
2017-02-10,5.2,0.0,30.9,18.0,era5_daily
2017-02-11,6.42,0.0,30.7,18.9,era5_daily
2017-02-12,5.74,0.0,29.9,17.3,era5_daily
2017-02-13,5.43,0.0,30.2,17.8,era5_daily
2017-02-14,5.43,0.0,30.4,17.4,era5_daily
2017-02-15,5.54,0.0,30.3,18.3,era5_daily
2017-02-16,5.58,0.0,30.8,16.6,era5_daily
2017-02-17,6.14,0.0,31.5,17.2,era5_daily
2017-02-18,5.95,0.0,31.8,18.0,era5_daily
2017-02-19,5.67,0.0,32.5,17.5,era5_daily
2017-02-20,5.58,0.0,33.8,18.1,era5_daily
2017-02-21,6.07,0.0,34.3,18.8,era5_daily
2017-02-22,5.99,0.0,34.4,19.0,era5_daily
2017-02-23,6.06,0.0,33.9,17.7,era5_daily
2017-02-24,6.36,0.0,33.5,18.0,era5_daily
2017-02-25,6.32,0.0,32.1,16.9,era5_daily
2017-02-26,6.34,0.0,32.5,16.3,era5_daily
2017-02-27,6.51,0.0,33.3,16.6,era5_daily
2017-02-28,6.53,0.0,33.2,16.7,era5_daily
2017-03-01,6.29,0.0,33.9,18.1,era5_daily
2017-03-02,6.32,0.0,32.9,20.1,era5_daily
2017-03-03,6.89,0.0,33.1,19.5,era5_daily
2017-03-04,5.97,0.0,32.9,18.1,era5_daily
2017-03-05,6.1,0.0,33.4,19.5,era5_daily
2017-03-06,6.21,0.0,33.6,18.9,era5_daily
2017-03-07,6.69,0.0,33.8,19.1,era5_daily
2017-03-08,6.91,0.0,32.6,20.7,era5_daily
2017-03-09,6.2,0.0,32.2,19.6,era5_daily
2017-03-10,7.5,0.0,32.0,19.8,era5_daily
2017-03-11,6.72,0.0,30.9,17.3,era5_daily
2017-03-12,6.28,0.0,30.5,17.5,era5_daily
2017-03-13,6.36,0.0,33.0,16.4,era5_daily
2017-03-14,6.23,0.0,33.5,18.1,era5_daily
2017-03-15,4.73,1.9,31.5,22.1,era5_daily
2017-03-16,4.95,1.9,32.2,20.5,era5_daily
2017-03-17,6.62,0.1,32.8,19.9,era5_daily
2017-03-18,6.66,0.0,33.1,18.5,era5_daily
2017-03-19,6.98,0.0,34.3,20.2,era5_daily
2017-03-20,6.76,0.0,32.8,20.2,era5_daily
2017-03-21,6.54,0.0,34.5,19.9,era5_daily
2017-03-22,7.01,0.0,35.4,18.9,era5_daily
2017-03-23,6.64,0.0,35.8,19.2,era5_daily
2017-03-24,6.55,0.0,36.3,22.4,era5_daily
2017-03-25,6.53,0.0,36.6,23.3,era5_daily
2017-03-26,7.31,0.0,37.8,22.6,era5_daily
2017-03-27,7.02,0.0,37.8,22.1,era5_daily
2017-03-28,6.99,0.0,37.6,24.7,era5_daily
2017-03-29,6.71,0.0,38.2,23.2,era5_daily
2017-03-30,5.33,0.0,37.2,25.0,era5_daily
2017-03-31,6.72,0.0,38.1,25.0,era5_daily
2017-04-01,6.2,0.1,37.9,26.9,era5_daily
2017-04-02,7.76,0.0,37.9,25.6,era5_daily
2017-04-03,7.38,0.0,37.7,25.5,era5_daily
2017-04-04,6.68,0.0,38.0,23.9,era5_daily
2017-04-05,7.79,0.0,38.5,23.9,era5_daily
2017-04-06,7.52,0.0,38.8,24.2,era5_daily
2017-04-07,7.59,0.0,38.8,24.7,era5_daily
2017-04-08,7.39,0.0,37.7,23.7,era5_daily
2017-04-09,6.64,0.0,38.7,25.1,era5_daily
2017-04-10,8.0,0.0,38.7,24.5,era5_daily
2017-04-11,8.36,0.0,38.0,22.7,era5_daily
2017-04-12,8.12,0.0,38.2,21.7,era5_daily
2017-04-13,7.6,0.0,39.1,21.4,era5_daily
2017-04-14,7.75,0.0,39.4,22.2,era5_daily
2017-04-15,8.28,0.0,39.7,23.1,era5_daily
2017-04-16,8.42,0.0,40.0,23.8,era5_daily
2017-04-17,8.84,0.0,40.2,25.0,era5_daily
2017-04-18,8.73,0.0,40.2,24.4,era5_daily
2017-04-19,6.96,0.0,39.3,25.2,era5_daily
2017-04-20,8.32,0.0,39.6,23.3,era5_daily
2017-04-21,8.68,0.0,39.5,24.9,era5_daily
2017-04-22,9.19,0.0,38.4,25.6,era5_daily
2017-04-23,8.71,0.0,38.8,24.7,era5_daily
2017-04-24,8.46,0.0,38.4,22.9,era5_daily
2017-04-25,8.42,0.0,38.4,24.0,era5_daily
2017-04-26,8.11,0.0,38.5,25.2,era5_daily
2017-04-27,7.85,0.2,37.7,25.4,era5_daily
2017-04-28,6.83,0.0,38.2,26.2,era5_daily
2017-04-29,6.8,0.0,37.5,26.4,era5_daily
2017-04-30,6.97,0.0,37.8,24.6,era5_daily
2017-05-01,7.13,0.0,37.7,22.6,era5_daily
2017-05-02,7.08,0.0,37.3,24.9,era5_daily
2017-05-03,6.76,0.2,37.2,25.6,era5_daily
2017-05-04,6.27,0.5,38.1,26.3,era5_daily
2017-05-05,6.65,0.0,39.4,25.7,era5_daily
2017-05-06,7.59,0.0,40.1,27.8,era5_daily
2017-05-07,7.51,0.1,39.1,25.9,era5_daily
2017-05-08,7.24,0.0,39.7,24.9,era5_daily
2017-05-09,7.75,0.0,40.0,26.8,era5_daily
2017-05-10,6.91,0.0,38.6,26.7,era5_daily
2017-05-11,6.18,0.4,36.6,26.5,era5_daily
2017-05-12,6.23,0.6,38.1,25.9,era5_daily
2017-05-13,6.07,0.2,37.5,25.5,era5_daily
2017-05-14,6.46,2.8,37.7,28.5,era5_daily
2017-05-15,7.71,0.1,39.9,27.4,era5_daily
2017-05-16,7.48,0.0,39.2,27.6,era5_daily
2017-05-17,7.36,0.0,38.6,27.7,era5_daily
2017-05-18,7.91,0.0,39.2,27.5,era5_daily
2017-05-19,8.81,0.0,39.8,27.8,era5_daily
2017-05-20,8.19,0.0,39.5,27.3,era5_daily
2017-05-21,8.33,0.0,39.5,26.8,era5_daily
2017-05-22,8.15,0.0,39.2,26.9,era5_daily
2017-05-23,8.31,0.2,39.3,28.7,era5_daily
2017-05-24,7.52,0.0,40.0,26.8,era5_daily
2017-05-25,7.94,0.0,39.5,28.3,era5_daily
2017-05-26,6.73,0.3,39.9,28.6,era5_daily
2017-05-27,8.2,0.0,40.0,28.2,era5_daily
2017-05-28,8.11,0.1,39.6,26.8,era5_daily
2017-05-29,8.76,0.2,38.6,25.1,era5_daily
2017-05-30,8.43,1.1,36.6,25.3,era5_daily
2017-05-31,6.71,0.0,36.0,25.3,era5_daily
2017-06-01,5.96,1.4,37.7,26.5,era5_daily
2017-06-02,5.93,3.5,37.4,26.8,era5_daily
2017-06-03,5.92,3.7,37.8,25.8,era5_daily
2017-06-04,4.54,1.6,32.3,25.1,era5_daily
2017-06-05,6.34,3.6,35.6,25.5,era5_daily
2017-06-06,6.04,3.2,35.4,25.0,era5_daily
2017-06-07,4.41,7.2,33.2,24.2,era5_daily
2017-06-08,3.33,3.9,29.9,23.5,era5_daily
2017-06-09,4.1,10.3,32.4,23.8,era5_daily
2017-06-10,2.91,9.8,29.3,23.1,era5_daily
2017-06-11,3.15,14.3,28.4,23.2,era5_daily
2017-06-12,2.16,19.1,27.6,23.2,era5_daily
2017-06-13,2.05,35.1,27.0,22.0,era5_daily
2017-06-14,2.44,24.0,28.7,23.1,era5_daily
2017-06-15,2.61,29.0,29.2,23.3,era5_daily
2017-06-16,2.91,1.4,29.0,22.7,era5_daily
2017-06-17,4.27,1.1,32.0,23.0,era5_daily
2017-06-18,4.08,1.7,30.9,23.7,era5_daily
2017-06-19,4.55,0.5,30.4,23.9,era5_daily
2017-06-20,4.4,1.3,29.7,22.9,era5_daily
2017-06-21,5.36,0.6,30.2,22.8,era5_daily
2017-06-22,4.95,1.5,30.6,22.6,era5_daily
2017-06-23,4.55,3.0,29.9,23.3,era5_daily
2017-06-24,4.89,0.7,29.9,23.4,era5_daily
2017-06-25,4.11,4.5,29.0,23.5,era5_daily
2017-06-26,3.35,15.7,29.1,23.1,era5_daily
2017-06-27,2.71,11.2,28.3,22.6,era5_daily
2017-06-28,2.3,4.8,26.6,22.3,era5_daily
2017-06-29,3.59,18.4,27.9,23.2,era5_daily
2017-06-30,4.6,0.4,29.9,23.1,era5_daily
2017-07-01,3.59,3.8,28.6,23.2,era5_daily
2017-07-02,4.47,1.4,29.2,23.5,era5_daily
2017-07-03,4.94,0.1,29.3,23.0,era5_daily
2017-07-04,4.59,1.3,29.1,23.0,era5_daily
2017-07-05,4.74,1.9,29.4,22.8,era5_daily
2017-07-06,3.56,1.0,29.1,23.1,era5_daily
2017-07-07,4.58,1.2,30.2,22.3,era5_daily
2017-07-08,4.7,1.1,30.5,22.2,era5_daily
2017-07-09,4.93,0.6,30.8,23.4,era5_daily
2017-07-10,4.22,0.6,30.3,23.7,era5_daily
2017-07-11,3.92,0.4,29.7,23.6,era5_daily
2017-07-12,5.78,0.3,31.8,23.1,era5_daily
2017-07-13,3.39,2.5,28.4,22.8,era5_daily
2017-07-14,3.98,3.8,29.3,23.1,era5_daily
2017-07-15,4.82,0.7,30.0,22.9,era5_daily
2017-07-16,2.5,3.5,27.4,22.7,era5_daily
2017-07-17,1.63,28.2,25.6,22.1,era5_daily
2017-07-18,1.3,18.3,24.2,22.2,era5_daily
2017-07-19,1.94,12.6,26.4,22.1,era5_daily
2017-07-20,2.73,4.6,26.7,22.3,era5_daily
2017-07-21,4.51,1.8,29.1,23.3,era5_daily
2017-07-22,4.57,1.8,28.9,23.0,era5_daily
2017-07-23,4.08,3.5,28.4,22.7,era5_daily
2017-07-24,3.36,1.6,27.3,22.5,era5_daily
2017-07-25,4.69,0.0,29.2,22.4,era5_daily
2017-07-26,4.12,0.7,28.2,22.5,era5_daily
2017-07-27,3.2,0.5,27.7,22.3,era5_daily
2017-07-28,3.34,2.6,27.8,22.8,era5_daily
2017-07-29,4.41,1.0,29.4,22.2,era5_daily
2017-07-30,4.65,0.9,29.6,22.2,era5_daily
2017-07-31,4.61,0.7,29.5,22.2,era5_daily
2017-08-01,4.62,1.1,30.5,22.2,era5_daily
2017-08-02,4.95,1.1,29.8,22.6,era5_daily
2017-08-03,4.74,2.2,29.9,22.2,era5_daily
2017-08-04,4.64,1.6,29.6,23.4,era5_daily
2017-08-05,3.53,0.7,29.4,22.2,era5_daily
2017-08-06,3.78,0.7,28.2,22.5,era5_daily
2017-08-07,2.55,0.4,28.3,23.4,era5_daily
2017-08-08,4.21,0.3,30.1,23.4,era5_daily
2017-08-09,3.55,2.8,29.2,23.1,era5_daily
2017-08-10,3.54,3.7,29.4,22.5,era5_daily
2017-08-11,3.8,3.9,30.4,22.5,era5_daily
2017-08-12,3.85,7.1,29.4,22.2,era5_daily
2017-08-13,4.8,0.3,30.0,22.5,era5_daily
2017-08-14,1.75,5.6,25.6,22.2,era5_daily
2017-08-15,3.54,9.0,29.3,22.3,era5_daily
2017-08-16,4.55,0.4,29.5,21.8,era5_daily
2017-08-17,4.27,0.6,29.6,22.4,era5_daily
2017-08-18,2.43,0.9,26.6,23.3,era5_daily
2017-08-19,1.25,80.2,23.8,21.9,era5_daily
2017-08-20,1.18,144.4,22.2,20.3,era5_daily
2017-08-21,3.16,1.5,27.3,21.2,era5_daily
2017-08-22,3.66,1.4,27.9,21.9,era5_daily
2017-08-23,4.16,1.1,28.8,21.5,era5_daily
2017-08-24,3.84,3.0,28.4,22.4,era5_daily
2017-08-25,3.45,9.5,28.6,21.9,era5_daily
2017-08-26,3.17,4.9,27.5,22.1,era5_daily
2017-08-27,2.51,16.7,27.0,22.4,era5_daily
2017-08-28,1.75,27.8,25.6,22.3,era5_daily
2017-08-29,1.94,18.0,26.1,21.8,era5_daily
2017-08-30,4.08,0.8,28.5,22.1,era5_daily
2017-08-31,3.87,0.1,28.7,21.2,era5_daily
2017-09-01,4.24,0.3,28.3,20.5,era5_daily
2017-09-02,4.57,0.7,28.5,21.4,era5_daily
2017-09-03,4.52,0.6,29.2,22.6,era5_daily
2017-09-04,3.33,2.4,28.4,22.4,era5_daily
2017-09-05,3.37,4.4,28.5,22.7,era5_daily
2017-09-06,4.1,2.1,29.3,22.2,era5_daily
2017-09-07,4.01,3.4,29.8,22.0,era5_daily
2017-09-08,3.61,12.0,28.4,21.8,era5_daily
2017-09-09,3.76,2.2,29.4,22.1,era5_daily
2017-09-10,4.18,4.2,30.0,22.4,era5_daily
2017-09-11,4.48,7.3,30.3,22.5,era5_daily
2017-09-12,4.15,2.1,30.2,22.2,era5_daily
2017-09-13,3.6,2.4,29.3,22.1,era5_daily
2017-09-14,3.21,5.7,28.9,22.3,era5_daily
2017-09-15,3.09,11.9,27.6,21.8,era5_daily
2017-09-16,3.14,8.4,27.6,21.8,era5_daily
2017-09-17,2.98,8.1,27.6,21.7,era5_daily
2017-09-18,3.07,2.6,27.5,22.0,era5_daily
2017-09-19,3.08,7.6,28.2,22.5,era5_daily
2017-09-20,2.16,6.7,25.0,21.2,era5_daily
2017-09-21,1.44,34.2,25.1,20.1,era5_daily
2017-09-22,3.39,1.0,27.7,20.9,era5_daily
2017-09-23,3.55,9.6,28.9,21.0,era5_daily
2017-09-24,4.15,0.6,29.4,21.9,era5_daily
2017-09-25,4.38,1.1,29.6,22.0,era5_daily
2017-09-26,4.21,0.8,29.2,22.0,era5_daily
2017-09-27,3.78,3.6,28.7,22.8,era5_daily
2017-09-28,3.52,2.0,29.0,22.8,era5_daily
2017-09-29,3.65,0.4,29.6,22.6,era5_daily
2017-09-30,4.1,0.4,30.3,21.9,era5_daily
2017-10-01,4.4,0.0,30.1,21.4,era5_daily
2017-10-02,3.58,21.3,29.6,22.3,era5_daily
2017-10-03,3.05,0.3,29.0,21.7,era5_daily
2017-10-04,5.08,0.0,30.8,20.7,era5_daily
2017-10-05,4.51,0.0,30.7,20.0,era5_daily
2017-10-06,3.09,20.9,28.3,21.9,era5_daily
2017-10-07,3.38,5.0,29.1,21.6,era5_daily
2017-10-08,2.63,2.3,28.0,21.5,era5_daily
2017-10-09,2.96,15.7,28.3,21.8,era5_daily
2017-10-10,2.5,8.3,27.5,21.9,era5_daily
2017-10-11,2.49,5.1,28.1,21.3,era5_daily
2017-10-12,3.48,2.3,29.3,20.9,era5_daily
2017-10-13,2.79,14.0,27.8,21.5,era5_daily
2017-10-14,3.16,10.9,28.6,21.4,era5_daily
2017-10-15,3.4,9.4,28.7,21.8,era5_daily
2017-10-16,3.83,1.5,29.7,21.6,era5_daily
2017-10-17,3.94,0.0,29.5,20.7,era5_daily
2017-10-18,4.98,0.0,30.4,19.8,era5_daily
2017-10-19,4.74,0.0,29.4,17.6,era5_daily
2017-10-20,4.19,0.0,29.7,19.4,era5_daily
2017-10-21,2.48,1.5,26.8,21.9,era5_daily
2017-10-22,3.27,0.3,29.0,22.1,era5_daily
2017-10-23,4.01,0.0,29.5,21.1,era5_daily
2017-10-24,4.57,0.0,29.9,19.7,era5_daily
2017-10-25,4.65,0.0,29.7,17.9,era5_daily
2017-10-26,4.34,0.0,29.8,17.6,era5_daily
2017-10-27,3.41,0.5,28.3,19.5,era5_daily
2017-10-28,3.83,0.0,29.0,19.8,era5_daily
2017-10-29,4.47,0.0,29.0,17.7,era5_daily
2017-10-30,4.78,0.0,29.1,17.1,era5_daily
2017-10-31,4.56,0.0,28.6,17.2,era5_daily
2017-11-01,4.56,0.0,28.8,16.3,era5_daily
2017-11-02,4.61,0.0,27.9,16.9,era5_daily
2017-11-03,4.75,0.0,27.8,16.7,era5_daily
2017-11-04,4.76,0.0,27.5,14.9,era5_daily
2017-11-05,4.36,0.0,29.3,16.8,era5_daily
2017-11-06,4.61,0.0,28.9,17.5,era5_daily
2017-11-07,4.5,0.0,28.6,15.7,era5_daily
2017-11-08,4.35,0.0,28.6,15.9,era5_daily
2017-11-09,4.35,0.0,28.4,15.4,era5_daily
2017-11-10,4.45,0.0,28.0,16.0,era5_daily
2017-11-11,4.47,0.0,27.2,15.4,era5_daily
2017-11-12,4.32,0.0,27.2,15.1,era5_daily
2017-11-13,4.04,0.0,28.0,14.3,era5_daily
2017-11-14,4.07,0.0,28.5,15.3,era5_daily
2017-11-15,4.18,0.0,29.3,19.1,era5_daily
2017-11-16,4.39,0.0,29.0,18.7,era5_daily
2017-11-17,3.84,0.0,28.7,18.9,era5_daily
2017-11-18,3.99,0.0,28.8,19.5,era5_daily
2017-11-19,2.57,0.0,28.1,19.6,era5_daily
2017-11-20,3.21,0.1,28.6,20.8,era5_daily
2017-11-21,3.52,0.2,29.8,20.8,era5_daily
2017-11-22,3.0,2.1,28.8,20.5,era5_daily
2017-11-23,3.05,0.5,28.5,19.9,era5_daily
2017-11-24,3.83,0.0,29.9,19.3,era5_daily
2017-11-25,4.32,0.0,29.4,18.4,era5_daily
2017-11-26,4.17,0.0,28.3,15.1,era5_daily
2017-11-27,4.09,0.0,28.2,14.7,era5_daily
2017-11-28,4.26,0.0,28.4,14.1,era5_daily
2017-11-29,4.11,0.0,28.0,13.1,era5_daily
2017-11-30,4.07,0.0,28.0,14.3,era5_daily
2017-12-01,4.06,0.0,27.6,16.3,era5_daily
2017-12-02,4.17,0.0,27.2,16.5,era5_daily
2017-12-03,4.02,0.0,27.5,16.0,era5_daily
2017-12-04,3.65,0.0,27.9,16.3,era5_daily
2017-12-05,4.05,0.0,27.9,17.9,era5_daily
2017-12-06,2.64,0.1,26.1,19.9,era5_daily
2017-12-07,3.06,0.0,28.4,19.9,era5_daily
2017-12-08,4.09,0.0,29.4,18.1,era5_daily
2017-12-09,4.1,0.0,28.6,17.2,era5_daily
2017-12-10,3.96,0.0,28.0,16.3,era5_daily
2017-12-11,3.71,0.0,28.5,14.3,era5_daily
2017-12-12,3.93,0.0,28.9,15.9,era5_daily
2017-12-13,3.94,0.0,29.0,17.8,era5_daily
2017-12-14,3.53,0.0,28.3,19.0,era5_daily
2017-12-15,4.06,0.0,28.8,18.3,era5_daily
2017-12-16,4.44,0.0,28.5,16.9,era5_daily
2017-12-17,4.18,0.0,27.5,15.2,era5_daily
2017-12-18,3.94,0.0,26.5,15.0,era5_daily
2017-12-19,4.23,0.0,26.0,12.0,era5_daily
2017-12-20,4.27,0.0,27.3,13.3,era5_daily
2017-12-21,4.06,0.0,26.9,13.5,era5_daily
2017-12-22,3.86,0.0,27.2,13.9,era5_daily
2017-12-23,3.78,0.0,27.5,12.9,era5_daily
2017-12-24,3.7,0.0,28.0,13.0,era5_daily
2017-12-25,3.98,0.0,28.2,13.5,era5_daily
2017-12-26,3.93,0.0,27.0,14.2,era5_daily
2017-12-27,4.01,0.0,26.8,12.2,era5_daily
2017-12-28,4.2,0.0,26.8,11.6,era5_daily
2017-12-29,4.04,0.0,27.0,11.0,era5_daily
2017-12-30,3.83,0.0,26.7,12.7,era5_daily
2017-12-31,3.8,0.0,26.4,13.1,era5_daily
2018-01-01,3.69,0.0,27.0,13.1,era5_daily
2018-01-02,3.85,0.0,27.1,12.8,era5_daily
2018-01-03,3.86,0.0,27.0,13.7,era5_daily
2018-01-04,3.57,0.0,26.9,13.6,era5_daily
2018-01-05,3.69,0.0,26.7,14.6,era5_daily
2018-01-06,3.7,0.0,26.3,15.1,era5_daily
2018-01-07,3.57,0.0,26.3,13.5,era5_daily
2018-01-08,3.95,0.0,26.1,14.5,era5_daily
2018-01-09,4.03,0.0,26.1,14.2,era5_daily
2018-01-10,3.96,0.0,27.3,14.6,era5_daily
2018-01-11,3.83,0.0,29.0,16.2,era5_daily
2018-01-12,3.92,0.0,29.4,17.2,era5_daily
2018-01-13,4.09,0.0,29.3,16.7,era5_daily
2018-01-14,3.82,0.0,29.9,16.4,era5_daily
2018-01-15,3.39,0.0,29.1,17.9,era5_daily
2018-01-16,3.77,0.0,29.1,16.8,era5_daily
2018-01-17,3.87,0.0,28.8,17.5,era5_daily
2018-01-18,4.23,0.0,28.3,15.9,era5_daily
2018-01-19,4.3,0.0,28.0,14.3,era5_daily
2018-01-20,4.36,0.0,27.6,12.9,era5_daily
2018-01-21,4.47,0.0,28.1,12.4,era5_daily
2018-01-22,4.27,0.0,27.1,13.6,era5_daily
2018-01-23,4.32,0.0,27.8,14.1,era5_daily
2018-01-24,4.05,0.0,26.7,15.3,era5_daily
2018-01-25,4.27,0.0,26.8,12.4,era5_daily
2018-01-26,4.39,0.0,27.2,12.1,era5_daily
2018-01-27,4.27,0.0,27.7,11.6,era5_daily
2018-01-28,4.15,0.0,28.2,13.4,era5_daily
2018-01-29,4.28,0.0,28.1,14.4,era5_daily
2018-01-30,4.92,0.0,28.7,13.4,era5_daily
2018-01-31,4.72,0.0,29.1,13.0,era5_daily
2018-02-01,4.61,0.0,29.2,13.0,era5_daily
2018-02-02,4.46,0.0,29.3,13.7,era5_daily
2018-02-03,4.71,0.0,29.4,14.5,era5_daily
2018-02-04,4.93,0.0,29.4,14.0,era5_daily
2018-02-05,5.02,0.0,29.3,15.3,era5_daily
2018-02-06,4.42,0.0,28.9,15.7,era5_daily
2018-02-07,2.49,0.1,25.4,17.8,era5_daily
2018-02-08,4.53,0.0,29.2,15.3,era5_daily
2018-02-09,4.73,0.0,28.9,15.8,era5_daily
2018-02-10,3.14,0.0,27.8,15.8,era5_daily
2018-02-11,3.92,7.9,28.5,17.0,era5_daily
2018-02-12,3.8,5.1,27.7,18.5,era5_daily
2018-02-13,3.51,11.0,27.9,17.5,era5_daily
2018-02-14,3.98,0.0,27.6,17.4,era5_daily
2018-02-15,4.18,0.0,28.0,17.7,era5_daily
2018-02-16,4.38,0.0,29.1,16.2,era5_daily
2018-02-17,4.72,0.0,30.0,15.2,era5_daily
2018-02-18,4.66,0.0,30.3,15.8,era5_daily
2018-02-19,4.8,0.0,30.3,17.9,era5_daily
2018-02-20,4.53,0.0,29.9,18.7,era5_daily
2018-02-21,4.24,0.0,30.3,18.1,era5_daily
2018-02-22,4.39,0.0,30.3,18.0,era5_daily
2018-02-23,5.04,0.0,30.9,18.7,era5_daily
2018-02-24,5.14,0.0,31.1,19.5,era5_daily
2018-02-25,5.6,0.0,31.8,18.0,era5_daily
2018-02-26,5.29,0.0,31.9,16.4,era5_daily
2018-02-27,5.75,0.0,32.4,17.9,era5_daily
2018-02-28,5.52,0.0,32.5,17.5,era5_daily
2018-03-01,5.45,0.0,32.4,17.2,era5_daily
2018-03-02,5.61,0.0,32.7,19.7,era5_daily
2018-03-03,6.0,0.0,33.4,20.5,era5_daily
2018-03-04,6.58,0.0,34.0,21.4,era5_daily
2018-03-05,5.87,0.0,33.6,20.5,era5_daily
2018-03-06,5.36,0.0,33.3,20.2,era5_daily
2018-03-07,6.14,0.0,33.6,20.6,era5_daily
2018-03-08,6.99,0.0,33.7,21.6,era5_daily
2018-03-09,6.21,0.0,33.8,19.5,era5_daily
2018-03-10,5.56,0.0,33.0,19.5,era5_daily
2018-03-11,6.36,0.1,33.3,21.5,era5_daily
2018-03-12,5.7,0.0,34.0,21.1,era5_daily
2018-03-13,5.61,0.0,33.7,20.7,era5_daily
2018-03-14,6.01,0.0,33.9,22.3,era5_daily
2018-03-15,4.32,0.7,31.0,21.6,era5_daily
2018-03-16,2.66,6.8,24.8,19.1,era5_daily
2018-03-17,4.82,0.0,30.1,17.6,era5_daily
2018-03-18,4.96,0.0,31.4,20.3,era5_daily
2018-03-19,4.8,0.9,31.7,21.4,era5_daily
2018-03-20,4.96,0.0,32.4,22.7,era5_daily
2018-03-21,6.75,0.0,34.8,23.3,era5_daily
2018-03-22,6.64,0.0,33.1,21.8,era5_daily
2018-03-23,6.68,0.0,34.1,19.5,era5_daily
2018-03-24,6.63,0.0,34.9,19.0,era5_daily
2018-03-25,6.28,0.0,35.3,19.7,era5_daily
2018-03-26,5.74,0.0,35.5,21.9,era5_daily
2018-03-27,6.47,0.0,36.0,20.9,era5_daily
2018-03-28,7.37,0.0,36.6,22.8,era5_daily
2018-03-29,6.94,0.0,36.6,23.0,era5_daily
2018-03-30,7.11,0.0,36.9,22.8,era5_daily
2018-03-31,6.93,0.0,37.2,22.1,era5_daily
2018-04-01,7.52,0.0,36.7,21.3,era5_daily
2018-04-02,5.96,0.0,36.0,23.4,era5_daily
2018-04-03,5.67,0.0,35.2,21.3,era5_daily
2018-04-04,6.62,0.0,36.3,22.3,era5_daily
2018-04-05,6.49,0.0,36.6,24.3,era5_daily
2018-04-06,6.1,0.0,36.5,24.3,era5_daily
2018-04-07,5.62,2.4,34.6,22.2,era5_daily
2018-04-08,5.64,1.5,31.6,23.3,era5_daily
2018-04-09,5.59,0.0,33.4,20.3,era5_daily
2018-04-10,5.57,0.1,34.1,21.6,era5_daily
2018-04-11,5.58,0.6,33.8,22.2,era5_daily
2018-04-12,4.9,0.0,33.1,21.1,era5_daily
2018-04-13,5.11,0.0,33.7,23.6,era5_daily
2018-04-14,5.73,0.0,34.6,25.0,era5_daily
2018-04-15,5.11,2.0,32.5,24.1,era5_daily
2018-04-16,5.8,0.1,36.0,22.2,era5_daily
2018-04-17,5.77,1.6,36.1,24.4,era5_daily
2018-04-18,6.76,0.0,37.3,25.1,era5_daily
2018-04-19,7.17,0.0,37.7,24.9,era5_daily
2018-04-20,7.96,0.0,38.1,25.4,era5_daily
2018-04-21,7.03,0.0,36.5,25.1,era5_daily
2018-04-22,7.06,0.0,37.2,23.9,era5_daily
2018-04-23,6.77,0.0,37.6,23.9,era5_daily
2018-04-24,7.73,0.0,38.4,24.0,era5_daily
2018-04-25,7.02,0.0,38.1,21.9,era5_daily
2018-04-26,8.03,0.0,38.0,22.4,era5_daily
2018-04-27,6.55,0.0,37.4,23.7,era5_daily
2018-04-28,7.04,0.2,37.7,24.5,era5_daily
2018-04-29,7.42,0.0,38.7,26.8,era5_daily
2018-04-30,9.01,0.0,40.4,26.5,era5_daily
2018-05-01,7.77,0.0,39.3,25.8,era5_daily
2018-05-02,7.56,0.0,39.5,25.2,era5_daily
2018-05-03,7.47,0.1,39.3,27.8,era5_daily
2018-05-04,6.13,0.3,37.4,25.9,era5_daily
2018-05-05,5.79,0.0,37.1,27.2,era5_daily
2018-05-06,6.44,0.2,38.6,28.4,era5_daily
2018-05-07,6.37,0.0,37.8,28.0,era5_daily
2018-05-08,8.13,0.0,39.6,27.6,era5_daily
2018-05-09,8.16,0.0,39.4,25.4,era5_daily
2018-05-10,6.7,0.0,37.6,27.8,era5_daily
2018-05-11,7.82,0.0,39.0,27.9,era5_daily
2018-05-12,8.03,0.3,39.4,27.5,era5_daily
2018-05-13,7.23,0.0,38.4,26.0,era5_daily
2018-05-14,7.16,0.4,38.8,26.6,era5_daily
2018-05-15,6.69,0.2,37.6,25.6,era5_daily
2018-05-16,7.13,0.0,38.7,26.5,era5_daily
2018-05-17,7.18,0.2,39.0,26.3,era5_daily
2018-05-18,6.98,0.4,37.7,27.3,era5_daily
2018-05-19,7.06,0.0,39.1,26.1,era5_daily
2018-05-20,7.43,0.0,39.8,26.9,era5_daily
2018-05-21,7.24,0.1,39.3,26.6,era5_daily
2018-05-22,7.27,0.2,39.5,27.7,era5_daily
2018-05-23,6.08,2.3,39.3,26.6,era5_daily
2018-05-24,5.61,3.1,36.1,27.2,era5_daily
2018-05-25,7.49,0.1,39.3,27.3,era5_daily
2018-05-26,8.02,0.0,40.1,26.8,era5_daily
2018-05-27,6.31,0.3,38.7,27.1,era5_daily
2018-05-28,6.08,1.5,38.4,27.8,era5_daily
2018-05-29,6.71,0.4,39.4,27.5,era5_daily
2018-05-30,6.77,0.5,38.7,26.8,era5_daily
2018-05-31,6.47,0.2,37.9,27.4,era5_daily
2018-06-01,5.07,1.1,36.6,25.0,era5_daily
2018-06-02,3.64,8.1,33.0,23.9,era5_daily
2018-06-03,5.78,3.1,34.6,24.3,era5_daily
2018-06-04,5.7,3.1,34.4,24.3,era5_daily
2018-06-05,5.63,2.5,35.1,24.0,era5_daily
2018-06-06,4.96,10.7,34.7,24.9,era5_daily
2018-06-07,3.71,8.6,32.4,24.3,era5_daily
2018-06-08,2.27,14.1,28.4,23.5,era5_daily
2018-06-09,3.81,18.5,31.5,22.5,era5_daily
2018-06-10,3.5,1.8,29.8,23.8,era5_daily
2018-06-11,5.35,0.3,32.1,24.1,era5_daily
2018-06-12,5.92,0.2,32.6,24.1,era5_daily
2018-06-13,5.89,0.1,32.3,23.7,era5_daily
2018-06-14,6.77,0.0,34.5,22.9,era5_daily
2018-06-15,6.84,0.0,33.8,23.4,era5_daily
2018-06-16,6.6,0.3,32.7,23.3,era5_daily
2018-06-17,5.87,1.5,32.4,24.0,era5_daily
2018-06-18,3.99,3.8,31.5,23.5,era5_daily
2018-06-19,5.08,2.7,32.4,22.9,era5_daily
2018-06-20,4.61,10.0,34.8,24.2,era5_daily
2018-06-21,4.01,21.2,32.7,23.2,era5_daily
2018-06-22,3.54,49.5,30.6,22.9,era5_daily
2018-06-23,1.66,41.1,26.3,22.9,era5_daily
2018-06-24,3.79,1.3,28.6,22.0,era5_daily
2018-06-25,2.45,14.0,27.0,22.5,era5_daily
2018-06-26,4.42,0.1,29.8,22.5,era5_daily
2018-06-27,3.57,1.0,28.3,23.0,era5_daily
2018-06-28,2.95,1.0,27.3,22.5,era5_daily
2018-06-29,3.91,0.7,28.4,21.9,era5_daily
2018-06-30,4.62,2.9,30.2,22.4,era5_daily
2018-07-01,5.45,0.4,31.1,22.7,era5_daily
2018-07-02,4.19,3.2,29.9,23.1,era5_daily
2018-07-03,3.7,4.5,27.6,22.2,era5_daily
2018-07-04,4.33,1.7,29.7,22.5,era5_daily
2018-07-05,3.2,1.7,27.6,22.6,era5_daily
2018-07-06,2.34,2.9,28.2,22.6,era5_daily
2018-07-07,1.88,18.5,25.7,22.1,era5_daily
2018-07-08,2.13,31.0,26.7,22.1,era5_daily
2018-07-09,2.75,10.1,27.7,21.8,era5_daily
2018-07-10,1.58,13.9,24.9,22.0,era5_daily
2018-07-11,3.57,1.5,27.4,22.2,era5_daily
2018-07-12,1.87,5.9,25.2,22.3,era5_daily
2018-07-13,2.49,5.2,26.7,22.1,era5_daily
2018-07-14,2.71,6.0,27.4,21.9,era5_daily
2018-07-15,1.64,19.8,24.7,22.1,era5_daily
2018-07-16,1.91,28.7,26.5,22.1,era5_daily
2018-07-17,2.83,7.9,26.6,22.0,era5_daily
2018-07-18,4.88,0.9,29.2,22.5,era5_daily
2018-07-19,4.52,0.5,29.1,22.1,era5_daily
2018-07-20,3.29,4.0,27.3,22.1,era5_daily
2018-07-21,3.57,3.0,28.3,21.9,era5_daily
2018-07-22,3.07,1.1,27.0,22.4,era5_daily
2018-07-23,3.48,1.3,27.0,22.2,era5_daily
2018-07-24,4.39,1.1,28.2,22.7,era5_daily
2018-07-25,4.95,0.3,29.2,22.8,era5_daily
2018-07-26,3.14,0.2,27.1,22.1,era5_daily
2018-07-27,3.65,0.9,28.0,22.6,era5_daily
2018-07-28,4.35,0.8,29.4,21.7,era5_daily
2018-07-29,4.46,0.4,28.9,21.7,era5_daily
2018-07-30,4.64,1.5,29.3,21.2,era5_daily
2018-07-31,4.5,1.4,28.8,21.9,era5_daily
2018-08-01,4.11,3.2,28.3,22.0,era5_daily
2018-08-02,4.57,2.1,29.0,22.3,era5_daily
2018-08-03,4.55,1.5,29.7,21.9,era5_daily
2018-08-04,4.08,2.7,28.2,22.0,era5_daily
2018-08-05,5.11,1.5,29.7,22.2,era5_daily
2018-08-06,5.02,1.9,29.6,22.3,era5_daily
2018-08-07,3.97,0.3,28.0,22.6,era5_daily
2018-08-08,2.86,1.5,26.8,22.6,era5_daily
2018-08-09,4.63,3.0,29.2,22.4,era5_daily
2018-08-10,4.85,2.1,29.7,22.7,era5_daily
2018-08-11,3.52,7.1,28.2,22.5,era5_daily
2018-08-12,2.25,5.5,25.6,21.7,era5_daily
2018-08-13,2.58,1.5,26.5,21.6,era5_daily
2018-08-14,4.0,3.1,28.9,22.1,era5_daily
2018-08-15,2.76,2.9,27.6,22.3,era5_daily
2018-08-16,0.95,64.8,23.1,21.8,era5_daily
2018-08-17,2.09,13.6,25.3,21.7,era5_daily
2018-08-18,3.66,0.8,27.7,22.2,era5_daily
2018-08-19,2.88,2.1,26.7,22.6,era5_daily
2018-08-20,1.29,29.2,23.4,21.8,era5_daily
2018-08-21,2.76,10.0,25.9,21.2,era5_daily
2018-08-22,3.91,10.9,28.1,21.2,era5_daily
2018-08-23,3.98,1.2,28.3,21.8,era5_daily
2018-08-24,4.14,1.7,28.2,21.2,era5_daily
2018-08-25,3.68,6.0,27.9,21.2,era5_daily
2018-08-26,3.3,6.3,27.2,21.2,era5_daily
2018-08-27,1.72,3.1,24.6,21.3,era5_daily
2018-08-28,3.31,1.6,27.2,20.9,era5_daily
2018-08-29,4.36,0.3,28.2,21.0,era5_daily
2018-08-30,4.29,0.1,28.7,21.0,era5_daily
2018-08-31,3.68,0.9,27.8,21.0,era5_daily
2018-09-01,3.8,1.8,27.8,20.8,era5_daily
2018-09-02,3.58,5.0,27.6,20.6,era5_daily
2018-09-03,4.13,4.1,27.4,20.9,era5_daily
2018-09-04,4.1,0.7,27.6,20.2,era5_daily
2018-09-05,4.28,0.6,27.7,20.2,era5_daily
2018-09-06,4.13,0.4,27.6,20.3,era5_daily
2018-09-07,4.22,0.1,27.3,19.8,era5_daily
2018-09-08,4.54,0.0,27.4,19.7,era5_daily
2018-09-09,4.48,0.1,27.9,19.2,era5_daily
2018-09-10,4.29,0.7,28.5,20.6,era5_daily
2018-09-11,4.12,1.3,28.9,21.2,era5_daily
2018-09-12,3.93,1.6,29.5,21.9,era5_daily
2018-09-13,4.74,0.2,29.3,21.2,era5_daily
2018-09-14,4.68,0.2,29.7,20.8,era5_daily
2018-09-15,4.23,0.3,29.3,21.7,era5_daily
2018-09-16,4.4,0.5,29.4,21.9,era5_daily
2018-09-17,2.94,3.8,27.4,21.6,era5_daily
2018-09-18,4.28,0.8,29.2,21.1,era5_daily
2018-09-19,3.83,4.1,29.5,21.6,era5_daily
2018-09-20,3.99,0.2,29.8,21.6,era5_daily
2018-09-21,2.93,0.5,28.2,23.8,era5_daily
2018-09-22,4.36,0.5,29.2,22.2,era5_daily
2018-09-23,4.49,0.5,29.8,21.7,era5_daily
2018-09-24,4.58,0.0,30.7,21.1,era5_daily
2018-09-25,4.18,1.8,30.7,22.0,era5_daily
2018-09-26,3.98,14.8,30.4,21.7,era5_daily
2018-09-27,4.52,1.3,31.1,21.4,era5_daily
2018-09-28,4.37,1.6,30.5,21.5,era5_daily
2018-09-29,4.28,2.5,31.1,21.4,era5_daily
2018-09-30,4.6,0.1,31.9,22.4,era5_daily
2018-10-01,5.28,0.0,32.8,21.7,era5_daily
2018-10-02,4.57,0.4,32.3,22.7,era5_daily
2018-10-03,4.53,0.2,32.4,22.3,era5_daily
2018-10-04,4.1,0.2,31.3,22.5,era5_daily
2018-10-05,4.78,0.7,31.8,22.1,era5_daily
2018-10-06,5.25,0.0,32.8,21.1,era5_daily
2018-10-07,5.54,0.0,32.6,21.4,era5_daily
2018-10-08,5.61,0.0,33.5,20.8,era5_daily
2018-10-09,5.5,0.0,33.3,20.0,era5_daily
2018-10-10,5.96,0.0,34.0,21.0,era5_daily
2018-10-11,6.79,0.0,34.7,20.5,era5_daily
2018-10-12,6.4,0.0,33.7,20.2,era5_daily
2018-10-13,5.75,0.0,32.6,20.2,era5_daily
2018-10-14,5.48,0.0,33.0,20.3,era5_daily
2018-10-15,5.71,0.0,32.8,20.3,era5_daily
2018-10-16,5.15,0.0,32.3,21.0,era5_daily
2018-10-17,3.29,2.7,30.6,22.2,era5_daily
2018-10-18,4.64,0.0,32.3,21.0,era5_daily
2018-10-19,4.75,0.0,32.6,20.6,era5_daily
2018-10-20,5.36,0.0,33.0,20.2,era5_daily
2018-10-21,5.06,0.0,32.7,20.7,era5_daily
2018-10-22,4.45,0.0,32.8,21.1,era5_daily
2018-10-23,4.1,0.0,32.4,21.8,era5_daily
2018-10-24,4.2,0.2,31.6,21.1,era5_daily
2018-10-25,4.46,0.0,30.6,21.9,era5_daily
2018-10-26,5.8,0.0,32.0,19.3,era5_daily
2018-10-27,5.65,0.0,31.8,19.3,era5_daily
2018-10-28,5.39,0.0,31.3,18.5,era5_daily
2018-10-29,5.55,0.0,29.6,17.7,era5_daily
2018-10-30,5.49,0.0,29.7,16.6,era5_daily
2018-10-31,5.29,0.0,29.9,17.2,era5_daily
2018-11-01,4.54,0.0,29.7,17.1,era5_daily
2018-11-02,4.13,0.0,30.4,18.6,era5_daily
2018-11-03,3.18,0.7,29.7,22.5,era5_daily
2018-11-04,3.84,0.7,30.4,21.4,era5_daily
2018-11-05,3.6,0.6,30.1,21.5,era5_daily
2018-11-06,3.41,1.3,30.2,21.4,era5_daily
2018-11-07,3.83,0.4,31.4,21.4,era5_daily
2018-11-08,4.27,0.0,31.5,21.2,era5_daily
2018-11-09,4.57,0.0,32.2,19.5,era5_daily
2018-11-10,4.6,0.0,31.7,18.8,era5_daily
2018-11-11,5.1,0.0,31.6,17.4,era5_daily
2018-11-12,5.35,0.0,30.5,17.5,era5_daily
2018-11-13,4.97,0.0,30.7,16.0,era5_daily
2018-11-14,5.1,0.0,31.2,15.6,era5_daily
2018-11-15,5.35,0.0,31.3,16.2,era5_daily
2018-11-16,5.1,0.0,31.6,15.8,era5_daily
2018-11-17,4.24,0.0,32.1,17.7,era5_daily
2018-11-18,3.74,0.6,30.5,21.1,era5_daily
2018-11-19,3.11,0.8,29.8,22.3,era5_daily
2018-11-20,2.7,3.0,28.4,20.5,era5_daily
2018-11-21,4.4,0.1,31.0,19.7,era5_daily
2018-11-22,4.78,0.0,30.5,18.0,era5_daily
2018-11-23,4.72,0.0,30.2,17.2,era5_daily
2018-11-24,4.52,0.0,30.2,17.0,era5_daily
2018-11-25,4.33,0.0,30.0,16.6,era5_daily
2018-11-26,4.47,0.0,29.9,14.8,era5_daily
2018-11-27,4.67,0.0,29.5,14.5,era5_daily
2018-11-28,4.5,0.0,28.7,15.1,era5_daily
2018-11-29,4.31,0.0,29.1,15.4,era5_daily
2018-11-30,4.41,0.0,29.0,14.0,era5_daily
2018-12-01,4.03,0.0,28.1,14.2,era5_daily
2018-12-02,3.78,0.0,27.6,14.7,era5_daily
2018-12-03,3.92,0.0,27.8,15.3,era5_daily
2018-12-04,3.49,0.0,27.8,15.2,era5_daily
2018-12-05,3.27,0.6,28.1,18.6,era5_daily
2018-12-06,3.21,0.1,28.9,17.7,era5_daily
2018-12-07,2.89,0.5,29.1,19.2,era5_daily
2018-12-08,3.59,0.3,29.4,21.1,era5_daily
2018-12-09,3.79,0.1,30.2,20.0,era5_daily
2018-12-10,4.02,0.5,30.2,18.8,era5_daily
2018-12-11,4.21,0.0,27.8,15.8,era5_daily
2018-12-12,3.84,0.0,29.1,14.7,era5_daily
2018-12-13,3.58,0.0,27.9,17.0,era5_daily
2018-12-14,2.52,0.8,24.7,17.4,era5_daily
2018-12-15,4.03,0.0,26.8,17.4,era5_daily
2018-12-16,4.17,0.0,25.7,15.2,era5_daily
2018-12-17,3.78,0.4,24.7,13.9,era5_daily
2018-12-18,3.24,0.0,24.7,14.5,era5_daily
2018-12-19,3.5,0.0,24.4,11.2,era5_daily
2018-12-20,2.87,0.0,25.5,11.8,era5_daily
2018-12-21,3.45,0.0,26.7,14.1,era5_daily
2018-12-22,3.61,0.0,27.4,14.0,era5_daily
2018-12-23,3.32,0.0,27.5,15.2,era5_daily
2018-12-24,3.74,0.0,28.2,15.8,era5_daily
2018-12-25,3.73,0.0,29.2,16.9,era5_daily
2018-12-26,3.8,0.0,29.7,17.9,era5_daily
2018-12-27,4.37,0.0,25.4,15.5,era5_daily
2018-12-28,4.14,0.0,24.0,12.0,era5_daily
2018-12-29,4.01,0.0,24.0,9.4,era5_daily
2018-12-30,3.95,0.0,24.4,9.8,era5_daily
2018-12-31,3.96,0.0,25.2,9.2,era5_daily
2019-01-01,4.09,0.0,26.9,11.4,era5_daily
2019-01-02,3.86,0.0,28.0,10.8,era5_daily
2019-01-03,3.96,0.0,28.6,12.0,era5_daily
2019-01-04,4.17,0.0,28.4,12.4,era5_daily
2019-01-05,4.0,0.0,28.2,14.4,era5_daily
2019-01-06,3.84,0.0,28.1,14.8,era5_daily
2019-01-07,3.94,0.0,27.0,13.2,era5_daily
2019-01-08,4.05,0.0,26.2,11.7,era5_daily
2019-01-09,3.94,0.0,27.5,12.0,era5_daily
2019-01-10,4.09,0.0,27.8,11.4,era5_daily
2019-01-11,4.18,0.0,28.1,13.4,era5_daily
2019-01-12,4.18,0.0,28.5,14.9,era5_daily
2019-01-13,4.18,0.0,28.3,16.4,era5_daily
2019-01-14,3.79,0.0,27.9,15.8,era5_daily
2019-01-15,3.93,0.0,27.8,14.1,era5_daily
2019-01-16,3.98,0.0,28.0,14.5,era5_daily
2019-01-17,4.19,0.0,29.0,13.7,era5_daily
2019-01-18,4.12,0.0,28.7,14.0,era5_daily
2019-01-19,4.11,0.0,28.3,13.7,era5_daily
2019-01-20,4.39,0.0,29.0,13.4,era5_daily
2019-01-21,4.71,0.0,28.9,13.8,era5_daily
2019-01-22,5.09,0.0,28.8,16.5,era5_daily
2019-01-23,3.98,0.0,27.5,16.0,era5_daily
2019-01-24,4.12,0.0,28.9,14.9,era5_daily
2019-01-25,4.36,0.0,28.1,16.7,era5_daily
2019-01-26,2.92,0.0,25.1,16.3,era5_daily
2019-01-27,2.76,0.0,23.5,16.4,era5_daily
2019-01-28,4.03,0.0,24.6,13.9,era5_daily
2019-01-29,4.29,0.0,24.2,12.3,era5_daily
2019-01-30,4.34,0.0,26.4,11.2,era5_daily
2019-01-31,4.66,0.0,27.5,12.7,era5_daily
2019-02-01,4.27,0.0,28.6,14.6,era5_daily
2019-02-02,4.18,0.0,28.2,16.2,era5_daily
2019-02-03,4.82,0.0,28.9,17.0,era5_daily
2019-02-04,4.81,0.0,29.2,16.2,era5_daily
2019-02-05,4.62,0.0,29.4,16.6,era5_daily
2019-02-06,5.12,0.0,30.8,17.8,era5_daily
2019-02-07,5.3,0.0,30.0,18.5,era5_daily
2019-02-08,5.16,0.0,28.4,16.2,era5_daily
2019-02-09,5.13,0.0,26.0,12.7,era5_daily
2019-02-10,4.83,0.0,29.1,11.8,era5_daily
2019-02-11,4.58,0.0,30.3,18.4,era5_daily
2019-02-12,4.48,0.0,29.7,19.5,era5_daily
2019-02-13,5.14,0.0,31.4,18.5,era5_daily
2019-02-14,5.28,0.0,31.8,18.5,era5_daily
2019-02-15,5.16,0.1,31.3,20.1,era5_daily
2019-02-16,5.42,0.0,30.0,18.3,era5_daily
2019-02-17,4.98,0.0,30.4,15.4,era5_daily
2019-02-18,4.96,0.0,31.1,15.6,era5_daily
2019-02-19,5.12,0.0,32.9,17.2,era5_daily
2019-02-20,5.26,0.0,32.9,20.4,era5_daily
2019-02-21,5.03,0.0,32.8,21.7,era5_daily
2019-02-22,5.12,0.0,33.2,21.3,era5_daily
2019-02-23,5.22,0.0,34.2,21.1,era5_daily
2019-02-24,5.17,0.0,33.4,22.5,era5_daily
2019-02-25,5.57,0.0,32.4,19.2,era5_daily
2019-02-26,5.9,0.0,31.6,18.3,era5_daily
2019-02-27,5.81,0.0,31.1,17.4,era5_daily
2019-02-28,5.64,0.0,29.7,17.1,era5_daily
2019-03-01,5.54,0.0,31.5,16.3,era5_daily
2019-03-02,5.49,0.0,32.4,19.7,era5_daily
2019-03-03,5.92,0.0,33.8,21.0,era5_daily
2019-03-04,6.4,0.0,34.8,18.8,era5_daily
2019-03-05,5.92,0.0,32.7,20.1,era5_daily
2019-03-06,5.98,0.0,31.6,19.1,era5_daily
2019-03-07,5.88,0.0,31.3,17.2,era5_daily
2019-03-08,5.49,0.0,33.6,16.8,era5_daily
2019-03-09,5.97,0.0,34.7,20.3,era5_daily
2019-03-10,6.27,0.0,34.5,20.7,era5_daily
2019-03-11,6.26,0.0,35.2,21.0,era5_daily
2019-03-12,5.85,0.0,35.0,21.1,era5_daily
2019-03-13,6.37,0.0,35.1,23.2,era5_daily
2019-03-14,6.05,0.0,34.2,21.0,era5_daily
2019-03-15,6.19,0.0,34.7,21.4,era5_daily
2019-03-16,7.4,0.0,35.5,22.0,era5_daily
2019-03-17,7.81,0.0,35.8,23.6,era5_daily
2019-03-18,6.18,0.0,35.2,20.7,era5_daily
2019-03-19,5.89,0.0,35.2,20.6,era5_daily
2019-03-20,6.47,0.0,36.0,20.5,era5_daily
2019-03-21,6.82,0.0,35.2,23.2,era5_daily
2019-03-22,6.7,0.0,35.1,22.5,era5_daily
2019-03-23,6.72,0.0,36.2,22.3,era5_daily
2019-03-24,5.27,0.0,35.5,23.3,era5_daily
2019-03-25,5.16,0.0,35.6,24.4,era5_daily
2019-03-26,6.32,0.0,37.5,23.5,era5_daily
2019-03-27,6.47,0.0,37.6,23.6,era5_daily
2019-03-28,6.91,0.0,38.0,22.9,era5_daily
2019-03-29,7.06,0.0,37.9,22.2,era5_daily
2019-03-30,6.71,0.0,38.2,24.9,era5_daily
2019-03-31,6.64,0.0,37.8,25.9,era5_daily
2019-04-01,7.2,0.0,38.4,24.3,era5_daily
2019-04-02,7.45,0.0,38.7,25.0,era5_daily
2019-04-03,7.95,0.0,38.3,24.6,era5_daily
2019-04-04,6.51,0.0,36.6,24.9,era5_daily
2019-04-05,6.6,0.0,37.4,24.0,era5_daily
2019-04-06,6.58,0.0,37.3,24.2,era5_daily
2019-04-07,6.86,0.0,38.1,24.1,era5_daily
2019-04-08,6.73,0.0,37.7,24.0,era5_daily
2019-04-09,7.1,0.0,38.4,24.2,era5_daily
2019-04-10,7.11,0.0,38.5,23.8,era5_daily
2019-04-11,6.8,0.0,38.9,24.1,era5_daily
2019-04-12,7.26,0.0,39.1,25.5,era5_daily
2019-04-13,6.77,0.0,38.1,24.7,era5_daily
2019-04-14,6.28,0.0,37.6,25.5,era5_daily
2019-04-15,6.54,0.0,36.8,26.8,era5_daily
2019-04-16,5.83,0.5,35.8,20.6,era5_daily
2019-04-17,6.35,0.0,36.9,23.9,era5_daily
2019-04-18,7.32,0.0,36.0,23.6,era5_daily
2019-04-19,7.69,0.0,37.4,22.9,era5_daily
2019-04-20,7.24,0.0,37.5,24.9,era5_daily
2019-04-21,6.36,0.0,37.0,24.8,era5_daily
2019-04-22,7.74,0.0,37.7,25.8,era5_daily
2019-04-23,5.81,0.0,36.4,24.9,era5_daily
2019-04-24,6.77,0.0,37.5,25.4,era5_daily
2019-04-25,6.94,0.0,39.4,26.7,era5_daily
2019-04-26,7.13,0.0,40.1,26.5,era5_daily
2019-04-27,6.79,0.0,40.7,29.2,era5_daily
2019-04-28,6.52,0.0,40.6,29.3,era5_daily
2019-04-29,8.88,0.0,42.4,29.3,era5_daily
2019-04-30,7.09,0.0,41.3,28.3,era5_daily
2019-05-01,8.61,0.0,40.6,27.2,era5_daily
2019-05-02,9.17,0.0,40.4,26.7,era5_daily
2019-05-03,9.11,0.0,38.5,25.7,era5_daily
2019-05-04,8.6,0.0,38.3,24.2,era5_daily
2019-05-05,8.16,0.0,38.2,25.3,era5_daily
2019-05-06,6.83,0.0,38.6,24.8,era5_daily
2019-05-07,7.05,0.0,39.6,27.3,era5_daily
2019-05-08,8.51,0.0,39.8,27.4,era5_daily
2019-05-09,7.56,0.0,38.2,26.8,era5_daily
2019-05-10,6.76,0.0,38.2,26.7,era5_daily
2019-05-11,7.58,0.0,39.7,28.0,era5_daily
2019-05-12,6.83,0.0,39.8,26.9,era5_daily
2019-05-13,6.79,0.0,38.9,28.2,era5_daily
2019-05-14,8.59,0.0,40.0,27.1,era5_daily
2019-05-15,8.54,0.0,40.2,26.9,era5_daily
2019-05-16,8.59,0.0,39.7,26.3,era5_daily
2019-05-17,9.12,0.0,40.3,27.4,era5_daily
2019-05-18,8.57,0.0,40.4,27.7,era5_daily
2019-05-19,8.71,0.0,40.6,28.6,era5_daily
2019-05-20,7.57,0.0,40.6,28.6,era5_daily
2019-05-21,7.69,0.0,41.6,29.3,era5_daily
2019-05-22,7.37,0.0,40.8,28.3,era5_daily
2019-05-23,7.78,0.0,41.3,30.0,era5_daily
2019-05-24,7.4,0.1,40.9,29.1,era5_daily
2019-05-25,7.97,0.0,40.2,29.2,era5_daily
2019-05-26,8.12,0.0,41.0,28.7,era5_daily
2019-05-27,8.62,0.0,41.9,28.6,era5_daily
2019-05-28,9.28,0.0,41.5,29.7,era5_daily
2019-05-29,8.86,0.0,41.8,29.2,era5_daily
2019-05-30,7.97,0.0,40.8,28.3,era5_daily
2019-05-31,7.48,0.0,41.9,30.4,era5_daily
2019-06-01,7.25,0.0,41.1,28.7,era5_daily
2019-06-02,7.64,0.0,41.3,29.4,era5_daily
2019-06-03,7.18,1.0,40.8,28.7,era5_daily
2019-06-04,6.93,0.0,40.4,27.4,era5_daily
2019-06-05,7.86,0.0,40.3,29.6,era5_daily
2019-06-06,6.83,0.2,40.0,30.4,era5_daily
2019-06-07,6.06,0.1,38.3,28.7,era5_daily
2019-06-08,5.95,0.2,37.8,26.6,era5_daily
2019-06-09,4.86,5.4,37.2,25.7,era5_daily
2019-06-10,5.55,3.8,36.8,26.0,era5_daily
2019-06-11,7.1,0.9,36.3,25.9,era5_daily
2019-06-12,6.67,1.0,34.7,25.4,era5_daily
2019-06-13,4.86,0.3,32.6,24.3,era5_daily
2019-06-14,7.01,0.3,35.0,24.1,era5_daily
2019-06-15,7.21,0.3,35.4,24.5,era5_daily
2019-06-16,7.53,0.1,35.7,24.7,era5_daily
2019-06-17,7.55,0.2,35.9,25.4,era5_daily
2019-06-18,7.75,0.1,36.0,24.3,era5_daily
2019-06-19,6.62,0.8,35.9,24.7,era5_daily
2019-06-20,5.95,0.2,35.7,25.7,era5_daily
2019-06-21,6.82,0.5,37.1,27.0,era5_daily
2019-06-22,2.19,11.0,31.0,24.5,era5_daily
2019-06-23,3.21,13.7,33.5,24.2,era5_daily
2019-06-24,3.54,18.4,31.2,23.0,era5_daily
2019-06-25,4.2,4.1,32.1,23.5,era5_daily
2019-06-26,4.58,3.6,31.7,23.5,era5_daily
2019-06-27,5.04,5.8,32.9,23.9,era5_daily
2019-06-28,3.92,7.7,30.6,23.5,era5_daily
2019-06-29,2.28,14.8,26.8,23.0,era5_daily
2019-06-30,1.68,8.0,25.7,22.5,era5_daily
2019-07-01,2.17,7.5,27.0,22.5,era5_daily
2019-07-02,3.13,8.5,28.1,22.5,era5_daily
2019-07-03,3.01,7.7,28.2,22.5,era5_daily
2019-07-04,4.54,5.4,29.9,23.2,era5_daily
2019-07-05,4.42,1.4,29.6,23.6,era5_daily
2019-07-06,3.16,1.7,27.6,23.7,era5_daily
2019-07-07,3.08,1.0,27.9,23.1,era5_daily
2019-07-08,4.01,18.8,29.7,23.2,era5_daily
2019-07-09,3.54,7.6,29.0,22.9,era5_daily
2019-07-10,3.73,12.3,29.4,22.9,era5_daily
2019-07-11,2.68,7.9,27.0,22.5,era5_daily
2019-07-12,3.9,2.7,29.9,22.2,era5_daily
2019-07-13,4.29,3.6,30.1,22.2,era5_daily
2019-07-14,5.33,0.7,30.8,22.6,era5_daily
2019-07-15,5.12,0.8,30.6,22.7,era5_daily
2019-07-16,5.04,0.8,31.0,22.5,era5_daily
2019-07-17,5.67,0.7,32.2,22.8,era5_daily
2019-07-18,5.87,0.3,33.1,23.3,era5_daily
2019-07-19,2.72,14.6,29.1,23.0,era5_daily
2019-07-20,2.24,41.1,28.6,22.6,era5_daily
2019-07-21,4.3,1.9,30.3,22.4,era5_daily
2019-07-22,4.24,2.3,30.5,23.2,era5_daily
2019-07-23,4.33,0.6,30.1,22.9,era5_daily
2019-07-24,4.24,6.4,29.4,22.8,era5_daily
2019-07-25,4.26,7.7,30.0,23.3,era5_daily
2019-07-26,1.87,4.4,25.6,22.4,era5_daily
2019-07-27,2.01,11.4,26.0,21.9,era5_daily
2019-07-28,1.88,15.3,25.6,22.0,era5_daily
2019-07-29,1.28,20.0,23.9,21.8,era5_daily
2019-07-30,2.06,17.2,25.3,21.6,era5_daily
2019-07-31,2.99,7.9,27.2,21.7,era5_daily
2019-08-01,2.14,9.8,25.8,22.0,era5_daily
2019-08-02,2.56,6.0,26.4,22.1,era5_daily
2019-08-03,1.41,18.0,23.6,21.8,era5_daily
2019-08-04,2.5,2.7,26.0,22.0,era5_daily
2019-08-05,2.7,5.7,26.8,22.0,era5_daily
2019-08-06,3.47,8.2,27.5,22.5,era5_daily
2019-08-07,3.16,9.0,27.6,22.7,era5_daily
2019-08-08,2.8,1.3,26.6,22.8,era5_daily
2019-08-09,3.75,2.7,27.6,22.5,era5_daily
2019-08-10,3.42,0.2,27.5,23.1,era5_daily
2019-08-11,4.52,0.7,29.6,22.1,era5_daily
2019-08-12,4.23,2.4,29.2,22.2,era5_daily
2019-08-13,3.83,0.5,28.6,22.5,era5_daily
2019-08-14,3.44,3.8,28.2,22.6,era5_daily
2019-08-15,4.48,1.6,28.9,22.2,era5_daily
2019-08-16,4.7,0.4,29.6,21.8,era5_daily
2019-08-17,4.37,1.1,29.7,21.8,era5_daily
2019-08-18,4.52,0.9,29.7,22.6,era5_daily
2019-08-19,4.48,0.4,29.6,22.3,era5_daily
2019-08-20,4.47,0.7,29.4,23.0,era5_daily
2019-08-21,3.02,1.8,28.2,22.8,era5_daily
2019-08-22,4.5,5.0,30.0,22.5,era5_daily
2019-08-23,4.48,0.4,29.1,21.9,era5_daily
2019-08-24,4.46,1.8,29.1,22.1,era5_daily
2019-08-25,4.68,0.6,29.5,21.8,era5_daily
2019-08-26,4.9,0.3,30.4,21.6,era5_daily
2019-08-27,4.82,0.0,30.3,21.2,era5_daily
2019-08-28,4.89,0.8,30.6,21.3,era5_daily
2019-08-29,4.65,2.0,30.7,23.3,era5_daily
2019-08-30,3.11,5.3,30.3,22.9,era5_daily
2019-08-31,2.23,10.9,26.3,22.4,era5_daily
2019-09-01,2.44,22.9,26.4,22.2,era5_daily
2019-09-02,1.74,5.9,25.6,22.0,era5_daily
2019-09-03,2.45,6.9,26.2,22.1,era5_daily
2019-09-04,1.94,11.6,25.9,22.3,era5_daily
2019-09-05,3.55,4.0,28.2,22.1,era5_daily
2019-09-06,2.63,6.1,27.2,22.3,era5_daily
2019-09-07,1.79,5.2,25.6,22.0,era5_daily
2019-09-08,3.18,4.4,27.8,22.6,era5_daily
2019-09-09,3.46,4.2,28.1,22.1,era5_daily
2019-09-10,3.6,7.3,28.6,22.1,era5_daily
2019-09-11,3.94,1.7,28.8,21.7,era5_daily
2019-09-12,2.83,2.4,26.7,22.0,era5_daily
2019-09-13,3.17,2.0,28.2,22.3,era5_daily
2019-09-14,3.67,4.1,28.5,21.6,era5_daily
2019-09-15,3.9,3.2,28.8,21.6,era5_daily
2019-09-16,3.73,5.9,28.7,21.6,era5_daily
2019-09-17,3.51,4.9,28.4,21.9,era5_daily
2019-09-18,2.01,18.3,26.4,21.9,era5_daily
2019-09-19,2.83,12.8,27.8,21.7,era5_daily
2019-09-20,2.39,14.3,26.9,21.7,era5_daily
2019-09-21,4.48,0.0,29.1,21.7,era5_daily
2019-09-22,3.9,2.5,29.2,20.7,era5_daily
2019-09-23,3.57,11.6,29.5,22.4,era5_daily
2019-09-24,2.64,23.1,27.9,21.9,era5_daily
2019-09-25,2.69,15.6,27.2,21.7,era5_daily
2019-09-26,3.24,9.6,28.3,21.7,era5_daily
2019-09-27,3.64,0.7,28.3,21.5,era5_daily
2019-09-28,3.88,0.0,28.1,21.7,era5_daily
2019-09-29,4.03,1.3,29.1,21.4,era5_daily
2019-09-30,3.51,5.4,28.6,21.5,era5_daily
2019-10-01,4.18,0.3,29.0,21.7,era5_daily
2019-10-02,4.48,0.0,29.4,21.1,era5_daily
2019-10-03,3.82,4.7,29.8,21.4,era5_daily
2019-10-04,2.62,11.5,27.1,21.0,era5_daily
2019-10-05,3.48,1.7,28.9,20.6,era5_daily
2019-10-06,3.67,4.2,28.8,20.7,era5_daily
2019-10-07,3.61,4.5,29.0,20.8,era5_daily
2019-10-08,3.67,5.1,28.7,21.1,era5_daily
2019-10-09,3.86,5.3,28.9,20.6,era5_daily
2019-10-10,3.7,6.0,28.9,21.0,era5_daily
2019-10-11,2.55,5.4,26.9,21.3,era5_daily
2019-10-12,3.27,2.2,28.4,20.9,era5_daily
2019-10-13,3.7,2.2,29.4,20.3,era5_daily
2019-10-14,3.81,4.2,29.4,20.5,era5_daily
2019-10-15,4.67,0.0,29.6,20.8,era5_daily
2019-10-16,4.25,0.0,29.3,19.7,era5_daily
2019-10-17,2.99,1.4,28.6,20.4,era5_daily
2019-10-18,2.68,11.6,27.9,21.1,era5_daily
2019-10-19,2.1,10.0,26.9,20.6,era5_daily
2019-10-20,2.53,11.8,26.1,20.5,era5_daily
2019-10-21,2.2,2.7,26.8,20.8,era5_daily
2019-10-22,2.82,14.1,27.8,20.5,era5_daily
2019-10-23,3.22,3.7,28.3,20.3,era5_daily
2019-10-24,2.11,19.0,26.7,21.5,era5_daily
2019-10-25,2.8,22.2,27.0,20.2,era5_daily
2019-10-26,2.42,8.8,26.2,21.3,era5_daily
2019-10-27,2.9,8.6,27.4,20.4,era5_daily
2019-10-28,3.53,3.3,28.8,20.4,era5_daily
2019-10-29,3.4,5.8,28.4,20.7,era5_daily
2019-10-30,3.0,1.9,28.0,19.3,era5_daily
2019-10-31,2.41,0.9,27.2,21.3,era5_daily
2019-11-01,3.08,14.1,28.0,21.0,era5_daily
2019-11-02,2.64,10.3,27.1,20.2,era5_daily
2019-11-03,3.23,5.0,28.1,19.4,era5_daily
2019-11-04,3.27,4.2,28.5,20.3,era5_daily
2019-11-05,3.69,0.4,28.7,20.9,era5_daily
2019-11-06,3.54,0.2,28.2,19.0,era5_daily
2019-11-07,3.48,0.0,28.4,20.6,era5_daily
2019-11-08,3.51,0.7,28.9,19.7,era5_daily
2019-11-09,3.83,0.0,29.1,19.0,era5_daily
2019-11-10,3.97,0.0,28.7,19.0,era5_daily
2019-11-11,3.94,0.0,28.6,18.4,era5_daily
2019-11-12,3.97,0.0,28.5,18.4,era5_daily
2019-11-13,4.19,0.0,27.7,17.5,era5_daily
2019-11-14,3.57,0.0,27.4,17.0,era5_daily
2019-11-15,3.45,0.3,27.9,18.1,era5_daily
2019-11-16,3.27,0.5,28.6,19.6,era5_daily
2019-11-17,4.12,0.0,29.3,18.7,era5_daily
2019-11-18,3.98,0.0,28.8,16.9,era5_daily
2019-11-19,3.65,0.0,29.8,16.8,era5_daily
2019-11-20,3.68,0.0,29.0,17.4,era5_daily
2019-11-21,3.71,0.0,28.7,18.3,era5_daily
2019-11-22,3.91,0.0,28.8,18.6,era5_daily
2019-11-23,4.18,0.0,28.5,16.4,era5_daily
2019-11-24,4.03,0.0,28.3,15.4,era5_daily
2019-11-25,3.94,0.0,28.4,17.1,era5_daily
2019-11-26,4.0,0.0,28.8,17.1,era5_daily
2019-11-27,4.02,0.0,28.8,16.0,era5_daily
2019-11-28,3.56,0.0,29.2,16.3,era5_daily
2019-11-29,3.4,0.2,28.6,19.3,era5_daily
2019-11-30,3.86,0.0,29.0,18.9,era5_daily
2019-12-01,3.79,0.0,29.2,18.4,era5_daily
2019-12-02,2.55,0.0,26.1,17.7,era5_daily
2019-12-03,3.03,0.1,27.0,19.7,era5_daily
2019-12-04,3.09,1.4,27.6,18.1,era5_daily
2019-12-05,3.71,0.3,28.3,19.4,era5_daily
2019-12-06,3.94,0.0,27.6,16.1,era5_daily
2019-12-07,3.82,0.0,26.9,15.1,era5_daily
2019-12-08,3.2,0.0,27.4,16.2,era5_daily
2019-12-09,2.97,0.0,27.4,17.8,era5_daily
2019-12-10,2.92,0.1,27.0,16.8,era5_daily
2019-12-11,3.49,0.0,28.0,17.3,era5_daily
2019-12-12,3.63,0.0,28.1,17.3,era5_daily
2019-12-13,3.6,0.0,28.1,18.0,era5_daily
2019-12-14,3.25,0.0,28.0,18.9,era5_daily
2019-12-15,3.39,0.0,27.8,18.2,era5_daily
2019-12-16,3.24,0.1,27.7,16.6,era5_daily
2019-12-17,3.74,0.0,27.4,17.0,era5_daily
2019-12-18,3.32,0.0,27.1,15.5,era5_daily
2019-12-19,3.34,0.0,27.7,15.8,era5_daily
2019-12-20,3.58,0.0,27.9,15.5,era5_daily
2019-12-21,3.97,0.0,28.5,17.6,era5_daily
2019-12-22,3.67,0.0,27.7,17.7,era5_daily
2019-12-23,3.0,0.0,27.5,17.8,era5_daily
2019-12-24,3.55,0.0,28.5,18.3,era5_daily
2019-12-25,2.98,0.4,28.4,19.0,era5_daily
2019-12-26,2.26,2.1,26.8,20.3,era5_daily
2019-12-27,2.74,1.1,26.2,18.8,era5_daily
2019-12-28,3.18,0.1,24.8,16.2,era5_daily
2019-12-29,3.19,0.0,26.1,15.0,era5_daily
2019-12-30,2.61,1.3,25.0,17.6,era5_daily
2019-12-31,2.94,1.2,26.9,18.3,era5_daily
2020-01-01,2.97,1.4,26.7,17.9,era5_daily
2020-01-02,2.51,6.6,25.9,18.7,era5_daily
2020-01-03,3.45,0.4,27.5,17.6,era5_daily
2020-01-04,2.65,0.0,26.2,16.8,era5_daily
2020-01-05,2.78,0.0,24.8,15.4,era5_daily
2020-01-06,3.63,0.1,27.8,15.1,era5_daily
2020-01-07,3.24,0.1,28.4,17.8,era5_daily
2020-01-08,2.81,1.5,26.3,19.8,era5_daily
2020-01-09,2.98,0.2,26.4,18.0,era5_daily
2020-01-10,3.18,0.0,25.7,16.2,era5_daily
2020-01-11,3.64,0.0,27.4,16.3,era5_daily
2020-01-12,3.78,0.0,27.7,14.7,era5_daily
2020-01-13,3.73,0.0,28.4,14.1,era5_daily
2020-01-14,4.04,0.0,28.7,15.6,era5_daily
2020-01-15,4.44,0.0,29.0,16.9,era5_daily
2020-01-16,4.12,0.0,27.4,16.3,era5_daily
2020-01-17,4.03,0.0,27.6,15.7,era5_daily
2020-01-18,3.66,0.0,28.6,16.0,era5_daily
2020-01-19,2.86,1.6,26.2,18.7,era5_daily
2020-01-20,3.49,0.1,28.8,17.4,era5_daily
2020-01-21,3.98,0.0,29.5,19.6,era5_daily
2020-01-22,4.53,0.0,30.0,19.0,era5_daily
2020-01-23,4.39,0.0,29.9,16.9,era5_daily
2020-01-24,4.23,0.0,29.6,16.4,era5_daily
2020-01-25,4.13,0.0,30.4,16.9,era5_daily
2020-01-26,4.26,0.0,31.1,17.0,era5_daily
2020-01-27,4.95,0.0,31.3,18.7,era5_daily
2020-01-28,4.82,0.0,29.5,18.1,era5_daily
2020-01-29,4.49,0.0,28.7,17.3,era5_daily
2020-01-30,4.28,0.0,28.2,15.9,era5_daily
2020-01-31,4.41,0.0,30.1,15.2,era5_daily
2020-02-01,4.65,0.0,30.6,17.4,era5_daily
2020-02-02,3.74,0.5,28.9,17.2,era5_daily
2020-02-03,4.02,0.0,29.4,19.5,era5_daily
2020-02-04,4.74,0.0,30.4,20.2,era5_daily
2020-02-05,4.0,0.0,30.0,20.2,era5_daily
2020-02-06,4.47,0.0,30.8,19.4,era5_daily
2020-02-07,4.87,0.0,29.7,18.3,era5_daily
2020-02-08,3.44,2.2,25.8,17.5,era5_daily
2020-02-09,3.26,0.5,26.1,17.1,era5_daily
2020-02-10,3.07,1.7,27.0,18.1,era5_daily
2020-02-11,3.87,0.0,28.7,18.0,era5_daily
2020-02-12,3.97,0.0,29.9,18.7,era5_daily
2020-02-13,5.07,0.0,31.3,18.6,era5_daily
2020-02-14,5.29,0.0,31.5,16.4,era5_daily
2020-02-15,5.23,0.0,32.5,18.7,era5_daily
2020-02-16,5.49,0.0,32.8,18.5,era5_daily
2020-02-17,5.8,0.0,33.1,19.3,era5_daily
2020-02-18,6.07,0.0,32.8,18.4,era5_daily
2020-02-19,5.27,0.0,32.9,17.9,era5_daily
2020-02-20,5.64,0.0,33.1,20.3,era5_daily
2020-02-21,5.84,0.0,32.4,20.4,era5_daily
2020-02-22,5.77,0.0,33.2,20.3,era5_daily
2020-02-23,5.66,0.0,33.0,20.3,era5_daily
2020-02-24,5.74,0.0,32.9,20.9,era5_daily
2020-02-25,6.04,0.0,31.3,20.5,era5_daily
2020-02-26,6.05,0.0,30.8,17.6,era5_daily
2020-02-27,6.14,0.0,32.0,18.0,era5_daily
2020-02-28,5.77,0.0,32.6,17.9,era5_daily
2020-02-29,5.05,0.0,32.2,20.1,era5_daily
2020-03-01,4.85,1.5,31.3,21.5,era5_daily
2020-03-02,4.81,0.0,31.7,19.3,era5_daily
2020-03-03,5.46,0.0,32.7,19.4,era5_daily
2020-03-04,6.66,0.0,33.2,19.5,era5_daily
2020-03-05,6.16,0.0,32.4,19.0,era5_daily
2020-03-06,6.15,0.0,31.6,18.6,era5_daily
2020-03-07,4.86,0.0,31.1,18.3,era5_daily
2020-03-08,4.13,1.0,30.6,19.2,era5_daily
2020-03-09,4.83,0.8,33.7,21.5,era5_daily
2020-03-10,6.2,0.0,34.9,21.0,era5_daily
2020-03-11,4.79,0.0,32.2,21.5,era5_daily
2020-03-12,4.96,0.0,32.0,20.9,era5_daily
2020-03-13,6.08,0.0,33.7,20.6,era5_daily
2020-03-14,6.42,0.0,33.4,21.3,era5_daily
2020-03-15,5.76,0.1,33.6,21.4,era5_daily
2020-03-16,5.19,0.3,34.7,22.6,era5_daily
2020-03-17,5.63,0.1,34.8,23.5,era5_daily
2020-03-18,5.11,1.7,35.1,22.2,era5_daily
2020-03-19,5.92,0.1,35.8,21.9,era5_daily
2020-03-20,7.07,0.0,35.8,20.5,era5_daily
2020-03-21,6.98,0.0,33.5,19.2,era5_daily
2020-03-22,6.76,0.0,35.2,20.4,era5_daily
2020-03-23,5.85,0.0,36.0,20.6,era5_daily
2020-03-24,5.3,0.0,34.4,22.5,era5_daily
2020-03-25,5.16,2.6,34.5,22.3,era5_daily
2020-03-26,5.62,0.0,34.7,21.1,era5_daily
2020-03-27,6.96,0.0,36.5,22.4,era5_daily
2020-03-28,5.95,0.0,36.4,22.3,era5_daily
2020-03-29,6.15,0.0,37.1,23.0,era5_daily
2020-03-30,5.95,0.0,36.8,23.5,era5_daily
2020-03-31,5.44,0.0,36.4,23.0,era5_daily
2020-04-01,5.18,0.0,35.2,24.5,era5_daily
2020-04-02,6.13,0.0,37.9,23.1,era5_daily
2020-04-03,6.23,0.0,36.5,27.7,era5_daily
2020-04-04,6.07,0.0,36.7,26.0,era5_daily
2020-04-05,6.3,0.0,36.5,25.3,era5_daily
2020-04-06,6.82,0.0,37.7,24.7,era5_daily
2020-04-07,5.81,0.0,37.1,24.1,era5_daily
2020-04-08,7.65,0.0,37.5,23.3,era5_daily
2020-04-09,7.01,0.0,37.1,22.2,era5_daily
2020-04-10,6.29,0.1,36.5,24.3,era5_daily
2020-04-11,6.7,0.0,37.3,23.7,era5_daily
2020-04-12,6.35,0.0,37.6,24.3,era5_daily
2020-04-13,6.24,0.0,37.6,25.8,era5_daily
2020-04-14,6.44,0.0,38.5,24.7,era5_daily
2020-04-15,7.03,0.0,38.5,26.7,era5_daily
2020-04-16,7.03,0.0,39.1,26.9,era5_daily
2020-04-17,6.67,0.0,39.3,25.7,era5_daily
2020-04-18,6.11,0.1,38.9,26.8,era5_daily
2020-04-19,6.25,0.0,39.0,25.4,era5_daily
2020-04-20,6.35,0.0,38.0,25.3,era5_daily
2020-04-21,6.44,0.0,39.0,25.7,era5_daily
2020-04-22,7.11,0.0,39.1,26.0,era5_daily
2020-04-23,7.79,0.0,39.9,26.6,era5_daily
2020-04-24,7.66,0.0,40.0,27.4,era5_daily
2020-04-25,8.49,0.0,38.5,27.0,era5_daily
2020-04-26,8.11,0.0,38.7,24.7,era5_daily
2020-04-27,7.44,0.0,38.3,25.1,era5_daily
2020-04-28,6.15,0.0,37.4,26.4,era5_daily
2020-04-29,6.27,0.0,37.6,26.1,era5_daily
2020-04-30,6.3,0.0,38.8,26.7,era5_daily
2020-05-01,7.17,0.0,39.1,26.6,era5_daily
2020-05-02,7.36,0.0,39.8,27.6,era5_daily
2020-05-03,7.69,0.0,40.2,27.8,era5_daily
2020-05-04,8.07,0.0,41.3,26.3,era5_daily
2020-05-05,7.8,0.0,39.9,27.5,era5_daily
2020-05-06,7.55,0.0,40.4,27.4,era5_daily
2020-05-07,7.58,0.0,40.8,27.6,era5_daily
2020-05-08,6.25,0.5,38.6,26.7,era5_daily
2020-05-09,6.25,0.1,38.7,28.7,era5_daily
2020-05-10,6.16,3.6,38.1,26.4,era5_daily
2020-05-11,6.23,0.0,37.0,24.3,era5_daily
2020-05-12,5.93,0.1,38.1,26.0,era5_daily
2020-05-13,5.75,0.8,37.4,27.0,era5_daily
2020-05-14,5.85,0.6,38.8,25.8,era5_daily
2020-05-15,5.71,0.2,36.9,24.0,era5_daily
2020-05-16,5.64,0.2,37.4,23.6,era5_daily
2020-05-17,7.18,0.0,39.2,26.0,era5_daily
2020-05-18,8.36,0.0,38.6,26.9,era5_daily
2020-05-19,8.68,0.0,38.0,27.1,era5_daily
2020-05-20,8.97,0.0,39.3,26.5,era5_daily
2020-05-21,9.09,0.0,40.5,26.4,era5_daily
2020-05-22,8.08,0.0,40.6,26.4,era5_daily
2020-05-23,8.49,0.0,41.6,28.3,era5_daily
2020-05-24,8.86,0.0,41.6,28.8,era5_daily
2020-05-25,8.29,0.0,41.9,28.8,era5_daily
2020-05-26,7.28,0.0,41.3,29.9,era5_daily
2020-05-27,8.61,0.0,41.7,27.6,era5_daily
2020-05-28,8.85,0.0,41.0,27.8,era5_daily
2020-05-29,7.96,0.0,40.2,27.0,era5_daily
2020-05-30,7.22,0.0,39.9,27.5,era5_daily
2020-05-31,5.48,18.3,38.4,24.7,era5_daily
2020-06-01,2.86,4.0,30.5,23.2,era5_daily
2020-06-02,3.66,14.3,31.7,23.9,era5_daily
2020-06-03,3.24,6.8,29.2,22.6,era5_daily
2020-06-04,5.51,0.9,30.5,22.5,era5_daily
2020-06-05,5.27,0.3,31.0,22.1,era5_daily
2020-06-06,5.87,0.3,31.9,22.6,era5_daily
2020-06-07,5.24,1.0,31.6,23.0,era5_daily
2020-06-08,6.41,0.4,32.8,23.1,era5_daily
2020-06-09,6.29,0.2,34.4,23.3,era5_daily
2020-06-10,5.56,11.9,34.3,24.1,era5_daily
2020-06-11,2.05,24.1,27.9,23.4,era5_daily
2020-06-12,2.3,8.4,27.8,22.4,era5_daily
2020-06-13,3.34,4.0,30.5,22.9,era5_daily
2020-06-14,4.0,9.6,29.9,23.4,era5_daily
2020-06-15,2.87,5.4,28.9,23.8,era5_daily
2020-06-16,1.56,17.7,25.9,23.2,era5_daily
2020-06-17,2.42,21.7,27.4,22.6,era5_daily
2020-06-18,2.13,19.7,27.2,22.8,era5_daily
2020-06-19,2.83,6.5,29.2,22.9,era5_daily
2020-06-20,4.18,1.0,29.7,23.1,era5_daily
2020-06-21,2.96,0.3,28.7,23.4,era5_daily
2020-06-22,3.77,0.3,29.9,23.0,era5_daily
2020-06-23,5.45,0.1,31.2,23.0,era5_daily
2020-06-24,5.21,0.8,31.9,23.3,era5_daily
2020-06-25,4.91,13.7,33.4,23.3,era5_daily
2020-06-26,4.64,15.1,32.1,23.4,era5_daily
2020-06-27,4.43,4.8,31.8,23.6,era5_daily
2020-06-28,2.93,3.0,29.1,23.2,era5_daily
2020-06-29,2.71,6.1,28.2,23.2,era5_daily
2020-06-30,3.41,58.0,30.0,22.8,era5_daily
2020-07-01,3.88,5.8,29.8,23.0,era5_daily
2020-07-02,4.09,4.5,30.8,22.6,era5_daily
2020-07-03,4.34,2.2,30.9,23.0,era5_daily
2020-07-04,2.9,12.0,28.2,22.3,era5_daily
2020-07-05,1.54,30.2,26.2,22.7,era5_daily
2020-07-06,2.08,5.4,26.6,22.4,era5_daily
2020-07-07,3.65,11.6,29.1,23.0,era5_daily
2020-07-08,4.35,4.1,30.6,22.6,era5_daily
2020-07-09,2.72,9.9,28.8,22.7,era5_daily
2020-07-10,1.65,6.3,25.5,22.6,era5_daily
2020-07-11,3.84,0.3,29.3,22.3,era5_daily
2020-07-12,4.01,3.9,30.4,22.6,era5_daily
2020-07-13,3.77,6.4,29.7,22.4,era5_daily
2020-07-14,2.23,10.2,28.0,22.7,era5_daily
2020-07-15,1.28,16.6,25.3,22.2,era5_daily
2020-07-16,3.34,7.6,27.6,22.2,era5_daily
2020-07-17,3.35,5.9,27.9,22.2,era5_daily
2020-07-18,4.07,1.9,30.0,22.5,era5_daily
2020-07-19,4.28,5.7,30.6,22.9,era5_daily
2020-07-20,2.72,1.9,28.4,23.0,era5_daily
2020-07-21,4.11,0.5,30.3,22.5,era5_daily
2020-07-22,4.24,1.5,31.1,22.8,era5_daily
2020-07-23,1.33,22.2,26.2,22.9,era5_daily
2020-07-24,1.56,15.7,25.4,22.1,era5_daily
2020-07-25,2.43,3.8,27.6,22.3,era5_daily
2020-07-26,4.62,0.6,29.8,21.7,era5_daily
2020-07-27,4.43,2.5,29.9,22.2,era5_daily
2020-07-28,3.26,3.9,29.0,22.5,era5_daily
2020-07-29,2.85,17.1,29.1,22.4,era5_daily
2020-07-30,4.6,4.2,30.5,22.3,era5_daily
2020-07-31,4.3,3.4,30.2,22.0,era5_daily
2020-08-01,4.05,4.3,30.3,22.1,era5_daily
2020-08-02,4.41,9.1,30.3,22.6,era5_daily
2020-08-03,3.18,7.4,28.5,22.6,era5_daily
2020-08-04,1.72,14.2,24.6,22.6,era5_daily
2020-08-05,2.32,5.5,26.3,22.0,era5_daily
2020-08-06,2.55,6.9,26.5,22.0,era5_daily
2020-08-07,4.26,2.8,29.1,23.1,era5_daily
2020-08-08,4.25,1.0,28.7,22.3,era5_daily
2020-08-09,2.69,1.8,27.8,22.7,era5_daily
2020-08-10,1.56,15.8,25.5,22.4,era5_daily
2020-08-11,2.93,4.0,27.0,22.1,era5_daily
2020-08-12,2.95,4.9,27.6,22.6,era5_daily
2020-08-13,1.23,11.5,23.7,22.1,era5_daily
2020-08-14,3.18,2.0,27.0,21.7,era5_daily
2020-08-15,1.64,18.4,24.7,21.7,era5_daily
2020-08-16,1.33,12.0,24.0,21.7,era5_daily
2020-08-17,1.98,6.7,25.9,21.9,era5_daily
2020-08-18,2.76,2.9,26.2,22.0,era5_daily
2020-08-19,2.22,12.4,26.6,22.1,era5_daily
2020-08-20,1.51,22.8,24.5,21.8,era5_daily
2020-08-21,1.82,12.4,25.2,21.9,era5_daily
2020-08-22,3.48,2.3,28.2,21.8,era5_daily
2020-08-23,4.22,1.1,29.0,21.6,era5_daily
2020-08-24,3.99,0.6,29.3,21.3,era5_daily
2020-08-25,4.17,0.2,29.3,21.1,era5_daily
2020-08-26,4.58,0.4,29.0,20.8,era5_daily
2020-08-27,2.13,2.8,26.0,22.5,era5_daily
2020-08-28,2.25,1.1,26.3,21.3,era5_daily
2020-08-29,2.95,3.9,27.3,21.8,era5_daily
2020-08-30,4.05,2.1,28.8,21.3,era5_daily
2020-08-31,4.04,0.4,29.1,20.7,era5_daily
2020-09-01,4.3,0.9,29.1,21.0,era5_daily
2020-09-02,4.12,0.6,29.4,22.1,era5_daily
2020-09-03,4.33,1.9,29.5,21.3,era5_daily
2020-09-04,4.5,0.7,30.5,21.9,era5_daily
2020-09-05,4.66,0.4,30.9,22.8,era5_daily
2020-09-06,3.99,7.5,30.1,23.2,era5_daily
2020-09-07,4.16,4.7,30.2,22.5,era5_daily
2020-09-08,4.07,11.9,30.1,21.8,era5_daily
2020-09-09,4.25,18.5,30.3,22.4,era5_daily
2020-09-10,3.56,2.4,29.8,22.1,era5_daily
2020-09-11,3.66,12.3,29.6,22.9,era5_daily
2020-09-12,3.98,0.5,28.4,22.1,era5_daily
2020-09-13,3.28,5.9,28.1,22.5,era5_daily
2020-09-14,2.67,8.7,27.5,22.1,era5_daily
2020-09-15,2.56,18.3,27.6,22.2,era5_daily
2020-09-16,2.76,24.0,28.1,21.8,era5_daily
2020-09-17,3.32,9.8,28.6,22.1,era5_daily
2020-09-18,3.0,11.4,28.2,22.2,era5_daily
2020-09-19,3.08,13.7,28.5,22.1,era5_daily
2020-09-20,2.77,11.9,28.8,22.1,era5_daily
2020-09-21,2.32,11.5,27.1,22.0,era5_daily
2020-09-22,2.8,9.7,28.7,22.8,era5_daily
2020-09-23,2.51,4.5,26.6,22.1,era5_daily
2020-09-24,3.42,1.8,29.0,22.3,era5_daily
2020-09-25,2.54,8.4,28.0,22.5,era5_daily
2020-09-26,1.36,17.7,24.6,21.8,era5_daily
2020-09-27,2.28,2.3,26.4,20.2,era5_daily
2020-09-28,3.87,1.2,28.0,20.5,era5_daily
2020-09-29,4.57,0.0,28.7,20.5,era5_daily
2020-09-30,4.26,0.1,28.6,20.7,era5_daily
2020-10-01,3.79,0.2,28.9,22.3,era5_daily
2020-10-02,4.44,0.1,29.5,21.7,era5_daily
2020-10-03,4.85,0.0,30.7,21.7,era5_daily
2020-10-04,4.63,0.0,29.7,22.0,era5_daily
2020-10-05,4.83,0.0,29.4,21.5,era5_daily
2020-10-06,4.59,0.0,29.9,21.2,era5_daily
2020-10-07,3.71,0.2,28.7,22.1,era5_daily
2020-10-08,3.71,0.3,28.9,20.6,era5_daily
2020-10-09,3.24,5.4,29.4,21.5,era5_daily
2020-10-10,3.16,15.7,29.3,21.8,era5_daily
2020-10-11,1.27,25.0,24.6,21.9,era5_daily
2020-10-12,2.51,5.2,27.9,21.1,era5_daily
2020-10-13,2.06,15.3,27.2,21.7,era5_daily
2020-10-14,1.08,70.3,24.2,21.8,era5_daily
2020-10-15,2.18,3.3,27.2,21.8,era5_daily
2020-10-16,3.43,0.6,28.3,20.7,era5_daily
2020-10-17,3.48,1.7,27.8,20.9,era5_daily
2020-10-18,3.21,10.2,28.9,22.0,era5_daily
2020-10-19,3.58,1.6,28.9,21.2,era5_daily
2020-10-20,3.54,0.6,29.3,21.8,era5_daily
2020-10-21,3.96,0.0,29.4,21.0,era5_daily
2020-10-22,3.67,1.1,28.5,19.6,era5_daily
2020-10-23,3.8,0.0,29.2,20.3,era5_daily
2020-10-24,4.06,0.1,29.5,20.2,era5_daily
2020-10-25,2.51,0.4,27.9,21.2,era5_daily
2020-10-26,3.54,0.1,28.3,20.3,era5_daily
2020-10-27,3.4,0.6,27.7,18.9,era5_daily
2020-10-28,4.19,0.0,28.7,17.7,era5_daily
2020-10-29,4.48,0.0,28.5,18.0,era5_daily
2020-10-30,4.53,0.0,28.5,17.2,era5_daily
2020-10-31,4.23,0.0,28.6,18.4,era5_daily
2020-11-01,4.54,0.0,29.0,19.3,era5_daily
2020-11-02,4.72,0.0,29.3,17.9,era5_daily
2020-11-03,4.74,0.0,29.0,17.0,era5_daily
2020-11-04,4.65,0.0,29.0,16.7,era5_daily
2020-11-05,4.77,0.0,28.4,16.7,era5_daily
2020-11-06,4.56,0.0,28.4,13.9,era5_daily
2020-11-07,4.7,0.0,29.1,16.6,era5_daily
2020-11-08,4.74,0.0,28.3,16.0,era5_daily
2020-11-09,4.64,0.0,27.3,13.2,era5_daily
2020-11-10,4.65,0.0,26.8,12.9,era5_daily
2020-11-11,4.57,0.0,27.2,12.4,era5_daily
2020-11-12,4.31,0.0,28.7,14.0,era5_daily
2020-11-13,3.66,0.2,29.1,19.2,era5_daily
2020-11-14,4.16,0.0,29.9,18.3,era5_daily
2020-11-15,4.51,0.0,30.2,18.6,era5_daily
2020-11-16,4.11,0.0,30.2,18.3,era5_daily
2020-11-17,4.59,0.0,30.6,18.5,era5_daily
2020-11-18,4.36,0.0,30.5,19.3,era5_daily
2020-11-19,4.01,0.0,30.0,20.7,era5_daily
2020-11-20,3.52,0.0,30.0,20.1,era5_daily
2020-11-21,3.43,1.5,28.6,19.2,era5_daily
2020-11-22,3.08,2.1,27.9,19.9,era5_daily
2020-11-23,3.67,0.0,29.2,18.9,era5_daily
2020-11-24,4.17,0.0,28.2,17.3,era5_daily
2020-11-25,4.38,0.0,28.5,14.2,era5_daily
2020-11-26,4.22,0.0,28.2,16.7,era5_daily
2020-11-27,2.83,0.0,23.8,18.6,era5_daily
2020-11-28,3.52,0.0,26.6,17.8,era5_daily
2020-11-29,2.61,0.2,27.0,19.5,era5_daily
2020-11-30,2.8,0.0,27.8,18.7,era5_daily
2020-12-01,3.89,0.0,28.8,17.5,era5_daily
2020-12-02,4.2,0.0,28.5,16.6,era5_daily
2020-12-03,4.28,0.0,28.7,14.3,era5_daily
2020-12-04,4.34,0.0,28.8,13.7,era5_daily
2020-12-05,4.44,0.0,28.5,14.7,era5_daily
2020-12-06,4.58,0.0,28.5,12.7,era5_daily
2020-12-07,4.37,0.0,28.9,13.3,era5_daily
2020-12-08,4.38,0.0,29.3,13.9,era5_daily
2020-12-09,4.27,0.0,29.1,14.3,era5_daily
2020-12-10,4.18,0.0,29.3,17.0,era5_daily
2020-12-11,4.01,0.0,29.5,18.5,era5_daily
2020-12-12,4.33,0.0,29.7,18.5,era5_daily
2020-12-13,3.68,0.0,28.7,17.7,era5_daily
2020-12-14,4.11,0.0,28.9,19.3,era5_daily
2020-12-15,4.14,0.0,29.2,19.0,era5_daily
2020-12-16,3.98,0.0,29.0,18.0,era5_daily
2020-12-17,3.86,0.0,29.2,16.9,era5_daily
2020-12-18,4.11,0.0,28.5,16.6,era5_daily
2020-12-19,4.11,0.0,27.7,16.3,era5_daily
2020-12-20,4.29,0.0,26.9,13.5,era5_daily
2020-12-21,4.34,0.0,26.9,11.4,era5_daily
2020-12-22,4.21,0.0,26.8,11.7,era5_daily
2020-12-23,4.19,0.0,27.4,11.0,era5_daily
2020-12-24,4.13,0.0,28.0,13.1,era5_daily
2020-12-25,4.02,0.0,27.7,14.3,era5_daily
2020-12-26,4.01,0.0,28.6,13.7,era5_daily
2020-12-27,3.86,0.0,29.1,14.0,era5_daily
2020-12-28,4.06,0.0,29.1,16.2,era5_daily
2020-12-29,4.12,0.0,29.0,14.7,era5_daily
2020-12-30,4.4,0.0,29.1,16.5,era5_daily
2020-12-31,3.99,0.0,28.7,16.6,era5_daily
2021-01-01,3.5,0.0,28.5,18.1,era5_daily
2021-01-02,3.77,0.0,28.3,16.4,era5_daily
2021-01-03,4.08,0.0,28.7,15.5,era5_daily
2021-01-04,3.46,0.1,28.4,17.6,era5_daily
2021-01-05,1.84,0.0,24.5,18.7,era5_daily
2021-01-06,3.33,1.0,29.7,17.6,era5_daily
2021-01-07,2.42,2.9,26.8,19.4,era5_daily
2021-01-08,4.05,0.2,30.0,18.8,era5_daily
2021-01-09,3.54,0.1,28.8,20.1,era5_daily
2021-01-10,4.33,0.0,30.2,18.7,era5_daily
2021-01-11,4.68,0.0,31.2,18.2,era5_daily
2021-01-12,4.41,0.0,31.3,18.3,era5_daily
2021-01-13,4.28,0.0,30.3,18.0,era5_daily
2021-01-14,4.17,0.0,29.8,16.2,era5_daily
2021-01-15,4.07,0.0,29.6,17.0,era5_daily
2021-01-16,4.11,0.0,30.4,17.9,era5_daily
2021-01-17,3.63,0.0,29.7,19.7,era5_daily
2021-01-18,4.39,0.0,30.0,19.1,era5_daily
2021-01-19,3.72,0.0,29.5,18.5,era5_daily
2021-01-20,4.37,0.0,30.5,19.4,era5_daily
2021-01-21,4.22,0.0,30.4,17.7,era5_daily
2021-01-22,4.39,0.0,30.9,17.3,era5_daily
2021-01-23,4.38,0.0,30.9,16.5,era5_daily
2021-01-24,4.44,0.0,31.0,17.9,era5_daily
2021-01-25,4.18,0.0,30.5,17.4,era5_daily
2021-01-26,4.31,0.0,30.3,16.7,era5_daily
2021-01-27,4.52,0.0,30.0,16.8,era5_daily
2021-01-28,4.29,0.0,29.9,18.0,era5_daily
2021-01-29,4.24,0.0,29.5,17.7,era5_daily
2021-01-30,4.24,0.0,29.2,17.6,era5_daily
2021-01-31,3.82,0.0,29.3,18.7,era5_daily
2021-02-01,4.37,0.0,29.2,18.0,era5_daily
2021-02-02,5.25,0.0,29.6,14.8,era5_daily
2021-02-03,5.43,0.0,29.5,15.0,era5_daily
2021-02-04,5.11,0.0,29.6,14.7,era5_daily
2021-02-05,5.24,0.0,29.6,16.6,era5_daily
2021-02-06,4.85,0.0,29.3,15.1,era5_daily
2021-02-07,5.47,0.0,28.6,16.2,era5_daily
2021-02-08,5.41,0.0,29.1,13.6,era5_daily
2021-02-09,5.16,0.0,30.8,13.1,era5_daily
2021-02-10,4.95,0.0,30.9,12.9,era5_daily
2021-02-11,5.26,0.0,31.5,14.6,era5_daily
2021-02-12,5.22,0.0,31.3,16.9,era5_daily
2021-02-13,5.52,0.0,31.3,17.9,era5_daily
2021-02-14,4.89,0.0,31.1,18.4,era5_daily
2021-02-15,5.67,0.0,31.6,20.5,era5_daily
2021-02-16,5.72,0.0,32.0,21.3,era5_daily
2021-02-17,5.37,0.0,32.1,19.5,era5_daily
2021-02-18,5.0,0.0,29.1,18.8,era5_daily
2021-02-19,2.09,10.0,21.3,14.0,era5_daily
2021-02-20,4.53,0.2,27.7,13.9,era5_daily
2021-02-21,4.66,0.1,29.0,16.7,era5_daily
2021-02-22,4.77,0.0,30.4,16.9,era5_daily
2021-02-23,5.33,0.0,31.8,17.3,era5_daily
2021-02-24,5.56,0.0,33.0,16.5,era5_daily
2021-02-25,5.4,0.0,33.2,17.5,era5_daily
2021-02-26,5.03,0.0,32.4,18.5,era5_daily
2021-02-27,6.04,0.0,33.5,18.2,era5_daily
2021-02-28,6.03,0.0,34.6,17.7,era5_daily
2021-03-01,4.68,0.0,33.5,21.1,era5_daily
2021-03-02,6.32,0.0,34.5,20.8,era5_daily
2021-03-03,6.26,0.0,34.1,18.3,era5_daily
2021-03-04,6.34,0.0,34.2,17.4,era5_daily
2021-03-05,5.74,0.0,33.7,18.6,era5_daily
2021-03-06,5.96,0.0,34.5,18.4,era5_daily
2021-03-07,5.79,0.0,34.4,17.7,era5_daily
2021-03-08,6.05,0.0,34.5,18.7,era5_daily
2021-03-09,5.85,0.0,34.3,21.0,era5_daily
2021-03-10,6.43,0.0,34.6,22.2,era5_daily
2021-03-11,7.02,0.0,34.7,22.7,era5_daily
2021-03-12,7.47,0.0,34.8,20.9,era5_daily
2021-03-13,6.47,0.0,34.2,20.4,era5_daily
2021-03-14,6.41,0.0,34.5,20.1,era5_daily
2021-03-15,6.53,0.0,34.8,21.0,era5_daily
2021-03-16,6.55,0.0,35.1,21.7,era5_daily
2021-03-17,5.6,0.0,34.8,23.4,era5_daily
2021-03-18,6.19,0.0,34.9,23.8,era5_daily
2021-03-19,6.14,0.0,35.0,23.6,era5_daily
2021-03-20,5.53,0.0,33.3,21.4,era5_daily
2021-03-21,5.57,0.0,34.5,19.5,era5_daily
2021-03-22,6.09,0.0,35.2,21.2,era5_daily
2021-03-23,5.66,1.8,32.7,21.4,era5_daily
2021-03-24,5.36,3.0,33.6,21.0,era5_daily
2021-03-25,5.96,0.0,35.9,21.7,era5_daily
2021-03-26,6.9,0.0,36.4,21.7,era5_daily
2021-03-27,6.52,0.0,36.1,20.6,era5_daily
2021-03-28,7.26,0.0,37.3,20.3,era5_daily
2021-03-29,6.41,0.0,37.6,19.7,era5_daily
2021-03-30,7.88,0.0,38.0,22.0,era5_daily
2021-03-31,8.08,0.0,38.4,20.8,era5_daily
2021-04-01,8.2,0.0,37.8,22.6,era5_daily
2021-04-02,7.68,0.0,37.4,22.8,era5_daily
2021-04-03,6.87,0.0,38.2,21.4,era5_daily
2021-04-04,8.13,0.0,37.8,24.3,era5_daily
2021-04-05,8.19,0.0,38.3,23.5,era5_daily
2021-04-06,6.83,0.0,38.2,23.0,era5_daily
2021-04-07,5.71,0.0,37.1,25.1,era5_daily
2021-04-08,5.13,0.0,35.1,26.5,era5_daily
2021-04-09,5.77,0.0,35.8,26.7,era5_daily
2021-04-10,5.84,0.7,36.2,25.9,era5_daily
2021-04-11,4.4,0.4,35.0,24.2,era5_daily
2021-04-12,4.54,4.3,34.6,23.2,era5_daily
2021-04-13,4.92,0.2,34.6,22.5,era5_daily
2021-04-14,5.6,0.1,34.4,23.1,era5_daily
2021-04-15,6.03,0.0,35.9,20.9,era5_daily
2021-04-16,6.85,0.0,36.5,22.6,era5_daily
2021-04-17,6.08,0.0,36.1,23.3,era5_daily
2021-04-18,6.88,0.0,37.1,24.8,era5_daily
2021-04-19,6.97,0.0,37.6,24.8,era5_daily
2021-04-20,6.51,0.0,37.6,24.3,era5_daily
2021-04-21,6.96,0.0,36.4,25.0,era5_daily
2021-04-22,7.22,0.0,36.7,23.7,era5_daily
2021-04-23,5.11,0.0,35.6,24.6,era5_daily
2021-04-24,7.14,0.0,36.9,24.5,era5_daily
2021-04-25,6.41,0.0,37.3,23.2,era5_daily
2021-04-26,6.27,0.9,37.0,24.8,era5_daily
2021-04-27,6.65,0.0,38.1,23.8,era5_daily
2021-04-28,6.48,0.2,37.9,24.3,era5_daily
2021-04-29,6.13,0.0,37.6,23.5,era5_daily
2021-04-30,6.61,0.0,37.6,23.4,era5_daily
2021-05-01,5.62,0.1,37.4,24.7,era5_daily
2021-05-02,4.94,5.4,36.1,23.8,era5_daily
2021-05-03,4.97,3.3,35.8,22.1,era5_daily
2021-05-04,5.45,0.0,35.8,24.0,era5_daily
2021-05-05,5.74,0.1,35.9,24.8,era5_daily
2021-05-06,5.42,1.8,36.5,25.2,era5_daily
2021-05-07,4.68,1.4,35.0,25.7,era5_daily
2021-05-08,5.77,0.0,37.0,25.5,era5_daily
2021-05-09,5.19,1.1,35.9,25.3,era5_daily
2021-05-10,5.42,0.6,35.6,24.2,era5_daily
2021-05-11,7.39,0.0,38.3,26.1,era5_daily
2021-05-12,7.15,0.0,37.7,24.5,era5_daily
2021-05-13,6.45,0.0,36.7,26.1,era5_daily
2021-05-14,5.8,0.0,35.5,25.9,era5_daily
2021-05-15,7.44,0.0,36.3,26.1,era5_daily
2021-05-16,5.08,1.1,32.3,24.7,era5_daily
2021-05-17,7.24,0.1,34.1,24.4,era5_daily
2021-05-18,6.51,0.8,35.4,24.3,era5_daily
2021-05-19,5.49,1.7,32.6,24.1,era5_daily
2021-05-20,6.91,0.0,35.4,23.3,era5_daily
2021-05-21,7.04,0.1,36.5,24.8,era5_daily
2021-05-22,7.05,0.0,37.7,25.4,era5_daily
2021-05-23,7.4,0.0,36.8,25.5,era5_daily
2021-05-24,7.04,0.0,37.6,25.8,era5_daily
2021-05-25,8.17,0.0,37.9,26.1,era5_daily
2021-05-26,8.73,0.0,37.6,24.9,era5_daily
2021-05-27,6.86,0.1,36.0,23.1,era5_daily
2021-05-28,5.69,0.1,35.8,23.6,era5_daily
2021-05-29,5.9,6.4,37.1,24.7,era5_daily
2021-05-30,4.96,2.8,35.5,23.9,era5_daily
2021-05-31,4.63,6.0,33.4,25.6,era5_daily
2021-06-01,5.07,2.7,34.5,23.9,era5_daily
2021-06-02,3.77,14.9,32.6,24.0,era5_daily
2021-06-03,2.51,1.1,29.5,24.5,era5_daily
2021-06-04,2.34,9.2,29.0,23.1,era5_daily
2021-06-05,4.03,3.1,30.7,22.8,era5_daily
2021-06-06,4.39,5.7,30.7,22.2,era5_daily
2021-06-07,5.32,2.7,32.2,23.7,era5_daily
2021-06-08,5.91,1.8,33.0,23.3,era5_daily
2021-06-09,3.39,12.9,30.8,23.2,era5_daily
2021-06-10,3.06,2.5,27.7,22.6,era5_daily
2021-06-11,5.53,2.1,31.7,22.5,era5_daily
2021-06-12,4.66,2.4,31.9,22.3,era5_daily
2021-06-13,5.53,1.6,33.9,23.7,era5_daily
2021-06-14,4.33,2.6,31.7,23.5,era5_daily
2021-06-15,4.99,2.6,31.6,22.9,era5_daily
2021-06-16,2.8,1.7,27.9,22.9,era5_daily
2021-06-17,2.54,2.8,28.0,21.5,era5_daily
2021-06-18,4.78,0.9,30.4,22.3,era5_daily
2021-06-19,3.76,1.6,30.2,22.1,era5_daily
2021-06-20,5.69,0.1,31.6,22.0,era5_daily
2021-06-21,6.08,1.2,32.5,21.8,era5_daily
2021-06-22,6.45,0.0,33.4,22.5,era5_daily
2021-06-23,2.97,0.1,30.2,23.8,era5_daily
2021-06-24,3.02,4.0,29.3,22.3,era5_daily
2021-06-25,3.2,10.5,29.2,22.0,era5_daily
2021-06-26,3.82,9.7,30.2,22.6,era5_daily
2021-06-27,2.35,8.6,26.5,21.9,era5_daily
2021-06-28,3.17,4.1,28.8,21.9,era5_daily
2021-06-29,4.83,1.0,31.9,21.9,era5_daily
2021-06-30,5.72,0.8,32.6,23.1,era5_daily
2021-07-01,5.01,0.4,32.2,24.0,era5_daily
2021-07-02,5.06,0.0,32.4,22.9,era5_daily
2021-07-03,6.18,0.0,33.7,22.6,era5_daily
2021-07-04,5.25,0.0,33.0,23.1,era5_daily
2021-07-05,5.12,0.0,33.0,24.6,era5_daily
2021-07-06,4.82,3.3,32.8,24.8,era5_daily
2021-07-07,4.15,7.0,32.5,23.7,era5_daily
2021-07-08,1.53,24.1,26.1,23.3,era5_daily
2021-07-09,1.87,14.6,27.0,22.5,era5_daily
2021-07-10,3.49,4.1,29.5,22.2,era5_daily
2021-07-11,3.48,6.9,30.0,22.7,era5_daily
2021-07-12,4.22,12.1,29.8,22.7,era5_daily
2021-07-13,2.33,24.3,26.3,22.1,era5_daily
2021-07-14,1.91,11.1,25.8,22.3,era5_daily
2021-07-15,2.4,8.7,27.8,22.1,era5_daily
2021-07-16,4.1,7.4,30.5,22.5,era5_daily
2021-07-17,4.13,3.5,31.1,22.6,era5_daily
2021-07-18,3.97,4.9,30.1,22.7,era5_daily
2021-07-19,3.5,14.1,28.2,22.7,era5_daily
2021-07-20,3.56,6.3,28.9,22.4,era5_daily
2021-07-21,1.28,21.4,23.7,22.2,era5_daily
2021-07-22,1.86,22.7,25.9,21.6,era5_daily
2021-07-23,2.43,5.0,26.9,22.2,era5_daily
2021-07-24,4.29,0.7,29.6,22.1,era5_daily
2021-07-25,4.77,0.3,29.5,22.2,era5_daily
2021-07-26,4.91,0.4,29.3,22.5,era5_daily
2021-07-27,5.15,0.6,29.6,22.1,era5_daily
2021-07-28,4.91,0.7,29.1,21.6,era5_daily
2021-07-29,2.07,0.9,25.2,22.3,era5_daily
2021-07-30,2.75,0.0,26.4,22.1,era5_daily
2021-07-31,5.08,0.2,29.8,22.0,era5_daily
2021-08-01,3.86,0.5,27.9,22.3,era5_daily
2021-08-02,4.78,1.2,29.0,21.8,era5_daily
2021-08-03,4.26,0.8,29.1,21.7,era5_daily
2021-08-04,4.56,1.3,29.3,22.0,era5_daily
2021-08-05,4.52,1.5,29.8,22.3,era5_daily
2021-08-06,4.75,0.9,29.9,22.4,era5_daily
2021-08-07,4.88,0.6,30.2,21.5,era5_daily
2021-08-08,4.93,0.1,31.3,22.7,era5_daily
2021-08-09,4.68,0.8,31.7,22.9,era5_daily
2021-08-10,5.53,0.1,31.8,23.1,era5_daily
2021-08-11,5.42,2.6,31.1,22.7,era5_daily
2021-08-12,5.26,1.7,30.9,22.9,era5_daily
2021-08-13,5.18,0.3,31.5,22.8,era5_daily
2021-08-14,5.53,1.9,30.9,22.5,era5_daily
2021-08-15,4.7,2.3,30.9,22.3,era5_daily
2021-08-16,1.76,12.1,26.2,22.4,era5_daily
2021-08-17,1.41,19.1,25.0,22.2,era5_daily
2021-08-18,2.26,5.6,25.6,21.6,era5_daily
2021-08-19,2.77,5.4,25.7,21.6,era5_daily
2021-08-20,2.21,1.0,25.9,21.5,era5_daily
2021-08-21,3.63,3.3,27.8,21.6,era5_daily
2021-08-22,4.4,0.8,29.2,21.3,era5_daily
2021-08-23,4.17,3.5,29.5,21.8,era5_daily
2021-08-24,3.98,6.7,29.4,22.6,era5_daily
2021-08-25,3.93,1.5,29.7,22.7,era5_daily
2021-08-26,4.75,0.4,29.7,22.4,era5_daily
2021-08-27,4.64,1.1,30.1,22.1,era5_daily
2021-08-28,3.18,2.0,28.0,22.9,era5_daily
2021-08-29,3.05,1.7,28.1,22.5,era5_daily
2021-08-30,1.77,11.9,26.2,22.1,era5_daily
2021-08-31,2.13,5.9,26.1,21.9,era5_daily
2021-09-01,3.75,5.6,28.2,21.4,era5_daily
2021-09-02,3.81,1.4,28.9,21.7,era5_daily
2021-09-03,4.03,3.9,29.4,21.5,era5_daily
2021-09-04,2.74,23.7,28.2,22.1,era5_daily
2021-09-05,3.11,22.1,27.7,21.7,era5_daily
2021-09-06,1.7,13.7,25.2,21.9,era5_daily
2021-09-07,0.91,137.3,23.2,21.8,era5_daily
2021-09-08,3.49,18.1,27.7,21.8,era5_daily
2021-09-09,4.19,0.6,28.6,21.9,era5_daily
2021-09-10,4.15,0.5,28.7,21.3,era5_daily
2021-09-11,3.91,2.7,28.7,21.3,era5_daily
2021-09-12,3.76,1.8,27.8,21.6,era5_daily
2021-09-13,3.47,7.1,28.3,22.4,era5_daily
2021-09-14,3.24,1.2,27.6,22.3,era5_daily
2021-09-15,3.99,0.0,28.0,21.4,era5_daily
2021-09-16,3.77,0.0,27.7,20.5,era5_daily
2021-09-17,4.16,0.2,28.0,19.8,era5_daily
2021-09-18,4.12,0.0,28.5,21.6,era5_daily
2021-09-19,4.35,0.4,28.9,21.4,era5_daily
2021-09-20,2.27,7.9,26.7,22.3,era5_daily
2021-09-21,2.29,33.9,26.6,22.1,era5_daily
2021-09-22,1.48,19.9,24.5,21.7,era5_daily
2021-09-23,2.26,10.7,26.7,21.8,era5_daily
2021-09-24,2.84,5.1,26.5,21.7,era5_daily
2021-09-25,2.9,8.9,26.5,21.6,era5_daily
2021-09-26,2.51,2.2,26.4,21.7,era5_daily
2021-09-27,1.95,23.7,25.8,21.5,era5_daily
2021-09-28,1.35,53.9,24.3,21.7,era5_daily
2021-09-29,3.37,0.5,28.1,21.0,era5_daily
2021-09-30,4.08,0.3,28.8,21.2,era5_daily
2021-10-01,3.52,12.4,29.0,21.6,era5_daily
2021-10-02,3.21,0.8,28.6,21.4,era5_daily
2021-10-03,3.7,4.4,29.7,21.4,era5_daily
2021-10-04,3.96,3.4,30.1,21.6,era5_daily
2021-10-05,3.17,1.8,28.7,21.5,era5_daily
2021-10-06,3.33,11.1,28.5,21.4,era5_daily
2021-10-07,3.86,2.3,29.4,20.8,era5_daily
2021-10-08,3.45,14.3,29.2,21.9,era5_daily
2021-10-09,2.58,3.5,26.9,21.9,era5_daily
2021-10-10,3.47,5.5,28.4,21.5,era5_daily
2021-10-11,4.3,0.0,29.3,20.4,era5_daily
2021-10-12,4.77,0.0,29.0,19.2,era5_daily
2021-10-13,4.71,0.0,29.3,17.8,era5_daily
2021-10-14,4.43,0.3,29.8,19.2,era5_daily
2021-10-15,4.82,0.0,29.3,19.4,era5_daily
2021-10-16,4.08,10.2,29.2,20.6,era5_daily
2021-10-17,3.11,3.0,28.6,21.3,era5_daily
2021-10-18,4.55,0.0,29.5,20.8,era5_daily
2021-10-19,4.73,0.0,29.1,19.6,era5_daily
2021-10-20,4.6,0.0,28.5,17.9,era5_daily
2021-10-21,4.72,0.0,28.6,16.9,era5_daily
2021-10-22,4.67,0.0,28.6,17.0,era5_daily
2021-10-23,4.48,0.0,29.4,16.9,era5_daily
2021-10-24,4.46,0.0,29.4,17.8,era5_daily
2021-10-25,4.89,0.0,28.8,18.5,era5_daily
2021-10-26,5.14,0.0,28.6,16.4,era5_daily
2021-10-27,4.69,0.0,28.3,15.9,era5_daily
2021-10-28,5.01,0.0,28.7,16.1,era5_daily
2021-10-29,4.86,0.0,28.7,17.0,era5_daily
2021-10-30,4.79,0.0,29.1,18.6,era5_daily
2021-10-31,4.65,0.0,29.7,19.1,era5_daily
2021-11-01,4.69,0.0,29.9,18.1,era5_daily
2021-11-02,4.43,0.0,30.2,18.1,era5_daily
2021-11-03,3.13,0.6,28.8,19.6,era5_daily
2021-11-04,3.4,0.6,29.3,19.8,era5_daily
2021-11-05,3.99,0.6,29.0,19.3,era5_daily
2021-11-06,4.74,0.0,30.2,19.0,era5_daily
2021-11-07,4.57,0.0,28.9,18.2,era5_daily
2021-11-08,4.74,0.0,28.5,16.2,era5_daily
2021-11-09,4.61,0.0,28.2,14.8,era5_daily
2021-11-10,4.77,0.0,28.4,14.3,era5_daily
2021-11-11,3.69,0.0,25.6,16.5,era5_daily
2021-11-12,4.16,0.4,28.9,18.7,era5_daily
2021-11-13,3.21,1.1,29.0,20.4,era5_daily
2021-11-14,3.19,1.3,29.6,20.1,era5_daily
2021-11-15,3.53,2.2,29.4,21.1,era5_daily
2021-11-16,3.62,6.4,30.7,21.2,era5_daily
2021-11-17,3.08,0.8,29.5,21.3,era5_daily
2021-11-18,2.71,0.2,28.5,19.9,era5_daily
2021-11-19,3.12,0.4,28.3,20.6,era5_daily
2021-11-20,3.06,3.5,29.0,21.8,era5_daily
2021-11-21,2.85,2.7,28.8,21.3,era5_daily
2021-11-22,3.04,0.9,28.5,20.3,era5_daily
2021-11-23,2.97,1.4,29.1,20.6,era5_daily
2021-11-24,3.61,0.6,29.5,20.6,era5_daily
2021-11-25,4.11,0.0,29.5,18.2,era5_daily
2021-11-26,4.18,0.0,28.8,17.2,era5_daily
2021-11-27,4.13,0.0,28.3,16.4,era5_daily
2021-11-28,4.5,0.0,27.4,15.6,era5_daily
2021-11-29,4.08,0.0,28.2,17.1,era5_daily
2021-11-30,3.28,1.2,28.3,20.3,era5_daily
2021-12-01,4.38,0.0,29.6,17.7,era5_daily
2021-12-02,2.73,1.8,27.1,20.3,era5_daily
2021-12-03,2.69,2.5,28.4,20.2,era5_daily
2021-12-04,3.41,0.2,28.7,19.0,era5_daily
2021-12-05,3.46,0.0,29.2,18.6,era5_daily
2021-12-06,4.07,0.0,29.5,17.2,era5_daily
2021-12-07,4.33,0.0,29.2,19.3,era5_daily
2021-12-08,4.09,0.0,29.3,18.2,era5_daily
2021-12-09,3.56,0.0,28.7,19.4,era5_daily
2021-12-10,3.54,0.0,28.8,17.4,era5_daily
2021-12-11,3.92,0.0,28.7,18.0,era5_daily
2021-12-12,4.29,0.0,29.0,17.7,era5_daily
2021-12-13,3.69,0.0,27.8,15.5,era5_daily
2021-12-14,3.69,0.0,27.7,16.1,era5_daily
2021-12-15,3.34,0.0,27.1,17.0,era5_daily
2021-12-16,3.76,0.0,26.9,15.0,era5_daily
2021-12-17,3.98,0.0,26.9,15.3,era5_daily
2021-12-18,4.02,0.0,26.7,12.7,era5_daily
2021-12-19,3.79,0.0,26.1,13.1,era5_daily
2021-12-20,3.74,0.0,26.2,13.2,era5_daily
2021-12-21,3.62,0.0,26.3,12.0,era5_daily
2021-12-22,3.64,0.0,27.1,13.0,era5_daily
2021-12-23,3.9,0.0,28.3,13.0,era5_daily
2021-12-24,3.93,0.0,29.2,13.4,era5_daily
2021-12-25,3.67,0.0,28.8,14.6,era5_daily
2021-12-26,3.72,0.0,28.8,14.1,era5_daily
2021-12-27,3.59,0.0,28.3,16.3,era5_daily
2021-12-28,4.03,0.0,28.4,17.1,era5_daily
2021-12-29,3.52,0.0,27.3,15.7,era5_daily
2021-12-30,3.27,0.1,26.5,16.1,era5_daily
2021-12-31,3.64,0.0,27.5,15.8,era5_daily
2022-01-01,3.48,0.0,27.2,16.2,era5_daily
2022-01-02,3.57,0.0,27.2,16.3,era5_daily
2022-01-03,3.8,0.0,27.4,14.7,era5_daily
2022-01-04,3.96,0.0,27.5,14.9,era5_daily
2022-01-05,3.7,0.0,27.3,15.3,era5_daily
2022-01-06,3.8,0.0,27.6,15.6,era5_daily
2022-01-07,4.14,0.0,27.8,16.3,era5_daily
2022-01-08,4.17,0.3,28.6,18.7,era5_daily
2022-01-09,3.96,0.1,28.0,18.4,era5_daily
2022-01-10,3.65,0.0,27.3,16.9,era5_daily
2022-01-11,3.29,0.7,27.7,16.4,era5_daily
2022-01-12,2.94,0.4,26.3,16.4,era5_daily
2022-01-13,2.92,1.2,25.8,16.4,era5_daily
2022-01-14,3.25,0.2,26.4,15.7,era5_daily
2022-01-15,3.03,0.0,25.3,15.4,era5_daily
2022-01-16,3.43,0.0,26.9,15.5,era5_daily
2022-01-17,3.41,0.1,26.5,15.8,era5_daily
2022-01-18,3.96,0.0,27.7,14.6,era5_daily
2022-01-19,4.18,0.0,27.2,14.1,era5_daily
2022-01-20,4.36,0.0,29.6,13.7,era5_daily
2022-01-21,4.94,0.0,29.9,16.0,era5_daily
2022-01-22,4.9,0.0,29.3,15.2,era5_daily
2022-01-23,4.35,0.0,26.0,16.2,era5_daily
2022-01-24,3.92,0.0,23.7,13.1,era5_daily
2022-01-25,3.99,0.0,25.2,11.7,era5_daily
2022-01-26,4.17,0.0,25.7,12.5,era5_daily
2022-01-27,4.41,0.0,25.7,13.9,era5_daily
2022-01-28,4.48,0.0,25.7,13.1,era5_daily
2022-01-29,4.54,0.0,26.8,11.9,era5_daily
2022-01-30,4.25,0.0,29.0,12.2,era5_daily
2022-01-31,4.44,0.0,30.0,15.2,era5_daily
2022-02-01,4.82,0.0,30.0,13.3,era5_daily
2022-02-02,4.42,0.0,30.7,14.1,era5_daily
2022-02-03,5.64,0.0,31.3,15.9,era5_daily
2022-02-04,4.89,0.0,27.2,14.2,era5_daily
2022-02-05,4.62,0.0,28.8,11.9,era5_daily
2022-02-06,5.02,0.0,30.0,14.5,era5_daily
2022-02-07,5.09,0.0,30.9,16.0,era5_daily
2022-02-08,5.39,0.0,31.5,18.0,era5_daily
2022-02-09,5.02,0.0,31.1,18.6,era5_daily
2022-02-10,4.96,0.0,29.5,18.2,era5_daily
2022-02-11,5.14,0.0,28.8,16.6,era5_daily
2022-02-12,5.21,0.0,29.8,16.2,era5_daily
2022-02-13,5.07,0.0,29.7,14.9,era5_daily
2022-02-14,5.56,0.0,31.0,17.0,era5_daily
2022-02-15,5.1,0.0,31.0,17.6,era5_daily
2022-02-16,5.68,0.1,31.2,19.2,era5_daily
2022-02-17,3.85,0.0,30.2,17.5,era5_daily
2022-02-18,4.97,0.0,31.4,19.1,era5_daily
2022-02-19,5.74,0.0,32.3,19.9,era5_daily
2022-02-20,5.79,0.0,32.6,19.5,era5_daily
2022-02-21,5.86,0.0,32.2,16.8,era5_daily
2022-02-22,5.49,0.0,33.5,16.5,era5_daily
2022-02-23,5.84,0.0,33.8,18.8,era5_daily
2022-02-24,5.33,0.0,32.7,20.2,era5_daily
2022-02-25,5.71,0.0,33.0,18.4,era5_daily
2022-02-26,6.43,0.0,33.5,20.8,era5_daily
2022-02-27,6.11,0.0,33.0,20.0,era5_daily
2022-02-28,5.63,0.0,32.8,20.5,era5_daily
2022-03-01,5.62,0.0,32.8,21.2,era5_daily
2022-03-02,6.06,0.0,33.6,20.7,era5_daily
2022-03-03,5.27,0.0,32.5,20.5,era5_daily
2022-03-04,5.84,0.0,33.6,19.8,era5_daily
2022-03-05,5.54,0.0,33.2,19.2,era5_daily
2022-03-06,5.49,0.0,32.7,19.9,era5_daily
2022-03-07,6.12,0.0,33.2,21.0,era5_daily
2022-03-08,5.89,0.0,33.8,21.3,era5_daily
2022-03-09,5.54,0.1,33.5,19.9,era5_daily
2022-03-10,5.04,0.0,32.2,20.4,era5_daily
2022-03-11,4.46,0.2,33.5,20.7,era5_daily
2022-03-12,4.01,1.0,33.2,20.3,era5_daily
2022-03-13,6.16,0.0,34.2,20.0,era5_daily
2022-03-14,6.59,0.0,35.6,18.1,era5_daily
2022-03-15,6.75,0.0,36.0,18.0,era5_daily
2022-03-16,7.32,0.0,37.1,19.8,era5_daily
2022-03-17,6.88,0.0,37.9,19.4,era5_daily
2022-03-18,7.43,0.0,37.8,21.5,era5_daily
2022-03-19,6.88,0.0,38.1,21.4,era5_daily
2022-03-20,5.94,0.0,36.6,22.4,era5_daily
2022-03-21,7.26,0.0,37.4,22.4,era5_daily
2022-03-22,5.54,0.0,36.1,21.5,era5_daily
2022-03-23,5.43,0.0,36.5,21.2,era5_daily
2022-03-24,5.56,0.0,36.2,24.1,era5_daily
2022-03-25,5.58,0.0,36.9,25.6,era5_daily
2022-03-26,5.05,0.0,36.2,24.0,era5_daily
2022-03-27,6.04,0.0,38.8,22.9,era5_daily
2022-03-28,7.48,0.0,39.1,22.6,era5_daily
2022-03-29,7.64,0.0,38.6,23.3,era5_daily
2022-03-30,7.82,0.0,39.0,22.9,era5_daily
2022-03-31,7.54,0.0,38.9,21.9,era5_daily
2022-04-01,7.19,0.0,39.0,20.8,era5_daily
2022-04-02,7.09,0.0,39.2,22.0,era5_daily
2022-04-03,6.65,0.0,39.3,23.5,era5_daily
2022-04-04,6.68,0.0,39.0,24.8,era5_daily
2022-04-05,7.13,0.0,38.4,26.2,era5_daily
2022-04-06,6.95,0.0,39.2,24.7,era5_daily
2022-04-07,7.23,0.0,39.5,25.5,era5_daily
2022-04-08,7.03,0.0,38.2,26.1,era5_daily
2022-04-09,6.76,0.0,37.8,26.7,era5_daily
2022-04-10,6.24,0.0,38.0,26.8,era5_daily
2022-04-11,6.68,0.0,38.6,26.5,era5_daily
2022-04-12,6.93,0.0,38.5,28.1,era5_daily
2022-04-13,6.34,0.0,38.2,27.3,era5_daily
2022-04-14,6.74,0.1,39.0,27.2,era5_daily
2022-04-15,6.9,0.0,39.0,26.6,era5_daily
2022-04-16,7.66,0.0,39.2,25.3,era5_daily
2022-04-17,7.23,0.0,39.2,25.6,era5_daily
2022-04-18,6.82,0.0,39.2,25.7,era5_daily
2022-04-19,7.07,0.0,40.3,25.7,era5_daily
2022-04-20,7.89,0.0,40.6,27.1,era5_daily
2022-04-21,7.04,0.1,39.4,26.2,era5_daily
2022-04-22,7.57,0.2,39.0,25.5,era5_daily
2022-04-23,5.6,0.0,37.4,25.7,era5_daily
2022-04-24,4.37,0.1,34.2,24.3,era5_daily
2022-04-25,6.52,0.6,38.6,25.2,era5_daily
2022-04-26,7.43,0.0,40.4,27.3,era5_daily
2022-04-27,7.63,0.0,41.2,27.2,era5_daily
2022-04-28,7.02,0.8,40.2,26.7,era5_daily
2022-04-29,8.16,0.0,40.9,26.9,era5_daily
2022-04-30,6.91,0.0,40.0,26.5,era5_daily
2022-05-01,7.21,0.0,40.5,24.6,era5_daily
2022-05-02,7.81,0.0,39.8,26.8,era5_daily
2022-05-03,7.12,0.0,39.2,27.0,era5_daily
2022-05-04,7.13,0.0,39.0,27.6,era5_daily
2022-05-05,6.99,0.0,39.2,26.8,era5_daily
2022-05-06,7.94,0.0,40.3,24.9,era5_daily
2022-05-07,8.31,0.0,40.2,26.9,era5_daily
2022-05-08,7.09,0.0,39.7,27.4,era5_daily
2022-05-09,8.0,0.0,41.1,27.0,era5_daily
2022-05-10,9.57,0.0,41.5,28.3,era5_daily
2022-05-11,7.25,0.0,38.3,27.8,era5_daily
2022-05-12,7.29,0.0,38.3,27.3,era5_daily
2022-05-13,5.74,0.0,38.6,27.0,era5_daily
2022-05-14,7.49,0.0,40.9,28.2,era5_daily
2022-05-15,7.5,0.0,41.1,28.2,era5_daily
2022-05-16,7.5,0.0,40.1,29.0,era5_daily
2022-05-17,7.14,0.0,40.3,26.8,era5_daily
2022-05-18,5.13,0.5,37.5,27.4,era5_daily
2022-05-19,3.63,0.9,33.2,27.0,era5_daily
2022-05-20,3.88,12.0,36.2,24.6,era5_daily
2022-05-21,6.89,0.1,34.8,23.0,era5_daily
2022-05-22,8.19,0.0,36.3,22.5,era5_daily
2022-05-23,8.07,0.0,36.6,23.4,era5_daily
2022-05-24,7.13,0.0,37.8,24.1,era5_daily
2022-05-25,7.16,0.0,37.6,25.5,era5_daily
2022-05-26,7.14,0.1,37.9,25.8,era5_daily
2022-05-27,8.14,0.0,37.8,25.0,era5_daily
2022-05-28,7.66,0.0,38.0,24.4,era5_daily
2022-05-29,7.84,0.0,38.6,25.2,era5_daily
2022-05-30,7.28,0.0,38.7,25.4,era5_daily
2022-05-31,6.94,0.6,38.3,26.9,era5_daily
2022-06-01,5.23,2.1,35.4,26.9,era5_daily
2022-06-02,7.28,0.0,39.0,25.7,era5_daily
2022-06-03,7.67,0.0,38.9,25.4,era5_daily
2022-06-04,7.32,0.0,40.1,27.6,era5_daily
2022-06-05,7.52,0.0,39.2,28.0,era5_daily
2022-06-06,4.49,0.0,35.8,27.8,era5_daily
2022-06-07,7.88,0.0,38.8,26.4,era5_daily
2022-06-08,6.85,0.6,39.0,25.0,era5_daily
2022-06-09,6.05,0.0,35.8,24.8,era5_daily
2022-06-10,6.98,0.2,36.3,25.2,era5_daily
2022-06-11,5.35,4.8,34.8,23.4,era5_daily
2022-06-12,5.08,3.3,33.7,22.9,era5_daily
2022-06-13,5.93,0.8,34.3,22.7,era5_daily
2022-06-14,4.02,11.7,34.0,23.5,era5_daily
2022-06-15,5.71,0.0,34.7,24.6,era5_daily
2022-06-16,5.16,2.4,34.2,23.2,era5_daily
2022-06-17,4.56,6.6,34.0,23.1,era5_daily
2022-06-18,3.77,14.0,30.8,23.0,era5_daily
2022-06-19,4.17,3.7,31.5,22.8,era5_daily
2022-06-20,5.43,2.1,31.9,23.3,era5_daily
2022-06-21,4.35,7.3,30.9,23.5,era5_daily
2022-06-22,3.55,5.4,30.2,22.4,era5_daily
2022-06-23,5.41,0.3,32.0,22.5,era5_daily
2022-06-24,4.57,1.1,31.0,23.3,era5_daily
2022-06-25,3.56,3.7,29.5,22.7,era5_daily
2022-06-26,2.38,8.5,28.0,22.4,era5_daily
2022-06-27,2.87,22.2,27.8,22.2,era5_daily
2022-06-28,3.78,4.5,30.5,22.1,era5_daily
2022-06-29,4.56,8.5,31.2,22.2,era5_daily
2022-06-30,3.93,6.3,30.0,22.8,era5_daily
2022-07-01,3.95,11.5,29.8,22.4,era5_daily
2022-07-02,4.7,2.3,29.8,22.7,era5_daily
2022-07-03,3.8,1.3,29.7,22.7,era5_daily
2022-07-04,2.26,8.8,27.7,22.5,era5_daily
2022-07-05,2.0,21.1,26.8,22.5,era5_daily
2022-07-06,2.07,7.0,27.8,21.9,era5_daily
2022-07-07,2.96,5.1,28.4,22.4,era5_daily
2022-07-08,1.7,23.8,24.3,22.0,era5_daily
2022-07-09,1.27,43.8,24.2,21.9,era5_daily
2022-07-10,1.44,16.3,24.9,21.6,era5_daily
2022-07-11,1.82,8.4,25.2,21.4,era5_daily
2022-07-12,1.5,20.3,23.7,21.5,era5_daily
2022-07-13,1.15,54.4,22.7,21.4,era5_daily
2022-07-14,2.4,6.9,26.3,21.3,era5_daily
2022-07-15,3.5,3.1,27.4,22.0,era5_daily
2022-07-16,3.9,1.6,29.0,21.6,era5_daily
2022-07-17,4.09,18.8,29.8,22.5,era5_daily
2022-07-18,2.21,15.4,25.4,22.3,era5_daily
2022-07-19,4.13,1.5,28.4,21.6,era5_daily
2022-07-20,4.7,0.9,29.9,21.5,era5_daily
2022-07-21,4.03,0.6,29.3,22.2,era5_daily
2022-07-22,3.17,6.9,28.5,22.8,era5_daily
2022-07-23,1.52,12.7,24.7,22.0,era5_daily
2022-07-24,2.64,7.6,27.1,21.6,era5_daily
2022-07-25,3.11,6.5,28.3,21.8,era5_daily
2022-07-26,1.64,13.9,25.2,22.0,era5_daily
2022-07-27,3.05,5.1,27.9,21.3,era5_daily
2022-07-28,4.13,8.1,29.4,21.0,era5_daily
2022-07-29,4.53,7.8,30.0,21.7,era5_daily
2022-07-30,3.89,2.3,29.6,21.9,era5_daily
2022-07-31,3.66,0.5,29.2,21.8,era5_daily
2022-08-01,4.07,2.4,28.9,22.3,era5_daily
2022-08-02,4.23,0.5,29.1,22.7,era5_daily
2022-08-03,3.53,8.0,28.6,22.5,era5_daily
2022-08-04,3.51,23.6,29.0,21.5,era5_daily
2022-08-05,3.36,13.3,28.6,22.2,era5_daily
2022-08-06,3.67,10.0,29.1,22.2,era5_daily
2022-08-07,2.62,28.4,27.4,22.2,era5_daily
2022-08-08,1.35,40.0,24.4,21.9,era5_daily
2022-08-09,2.26,6.1,25.5,22.0,era5_daily
2022-08-10,2.51,3.5,26.2,21.7,era5_daily
2022-08-11,3.83,0.7,27.7,22.6,era5_daily
2022-08-12,4.74,1.3,28.9,22.6,era5_daily
2022-08-13,4.0,11.8,28.4,21.9,era5_daily
2022-08-14,2.3,2.2,26.5,21.6,era5_daily
2022-08-15,1.79,5.5,25.0,21.5,era5_daily
2022-08-16,3.24,0.7,27.6,20.9,era5_daily
2022-08-17,4.27,1.0,28.6,21.1,era5_daily
2022-08-18,4.18,1.5,29.2,21.2,era5_daily
2022-08-19,4.35,0.5,28.7,21.3,era5_daily
2022-08-20,4.27,4.9,29.1,21.5,era5_daily
2022-08-21,4.59,1.0,28.7,21.9,era5_daily
2022-08-22,4.23,3.3,28.6,21.7,era5_daily
2022-08-23,4.55,1.3,28.8,22.0,era5_daily
2022-08-24,4.05,4.4,29.3,21.5,era5_daily
2022-08-25,4.5,0.7,29.2,21.5,era5_daily
2022-08-26,3.97,2.1,28.6,21.8,era5_daily
2022-08-27,4.35,1.3,29.0,21.7,era5_daily
2022-08-28,4.92,0.4,29.5,21.8,era5_daily
2022-08-29,4.66,0.8,29.3,22.2,era5_daily
2022-08-30,3.83,9.7,29.4,22.1,era5_daily
2022-08-31,4.7,14.4,30.2,21.7,era5_daily
2022-09-01,4.07,1.4,29.1,21.9,era5_daily
2022-09-02,4.64,7.1,29.9,21.4,era5_daily
2022-09-03,4.82,12.4,30.8,22.5,era5_daily
2022-09-04,3.13,27.1,28.8,21.8,era5_daily
2022-09-05,2.63,4.4,28.1,22.4,era5_daily
2022-09-06,3.77,12.6,28.5,21.6,era5_daily
2022-09-07,2.99,11.1,28.5,20.9,era5_daily
2022-09-08,2.48,19.1,27.4,22.3,era5_daily
2022-09-09,2.88,16.3,28.2,21.8,era5_daily
2022-09-10,2.22,16.9,26.9,22.0,era5_daily
2022-09-11,2.11,11.2,26.1,21.8,era5_daily
2022-09-12,1.94,6.4,25.3,22.1,era5_daily
2022-09-13,3.57,4.4,28.0,22.2,era5_daily
2022-09-14,3.94,1.9,28.4,21.8,era5_daily
2022-09-15,4.15,0.8,28.5,21.7,era5_daily
2022-09-16,3.31,0.9,27.6,21.8,era5_daily
2022-09-17,3.91,3.0,28.7,21.9,era5_daily
2022-09-18,4.09,1.2,28.0,20.8,era5_daily
2022-09-19,3.14,3.3,27.4,20.8,era5_daily
2022-09-20,2.83,6.4,27.2,21.0,era5_daily
2022-09-21,4.56,0.4,28.6,20.7,era5_daily
2022-09-22,3.75,1.2,28.3,20.8,era5_daily
2022-09-23,4.23,0.6,27.8,20.4,era5_daily
2022-09-24,4.55,0.6,28.1,19.9,era5_daily
2022-09-25,4.02,1.8,28.4,20.4,era5_daily
2022-09-26,3.41,2.5,28.0,20.3,era5_daily
2022-09-27,3.91,1.1,29.4,20.8,era5_daily
2022-09-28,3.34,8.2,28.5,21.4,era5_daily
2022-09-29,3.65,13.4,29.2,20.9,era5_daily
2022-09-30,4.55,0.1,29.6,21.0,era5_daily
2022-10-01,4.3,0.5,29.2,21.4,era5_daily
2022-10-02,4.6,0.2,29.0,21.1,era5_daily
2022-10-03,4.59,0.5,28.9,21.2,era5_daily
2022-10-04,4.77,0.0,28.8,21.6,era5_daily
2022-10-05,4.43,4.0,28.9,22.2,era5_daily
2022-10-06,1.77,29.0,24.4,21.2,era5_daily
2022-10-07,3.13,3.8,27.3,20.7,era5_daily
2022-10-08,3.77,0.5,28.7,20.7,era5_daily
2022-10-09,3.75,9.7,29.2,20.2,era5_daily
2022-10-10,2.8,15.4,27.0,20.9,era5_daily
2022-10-11,2.93,10.5,28.2,21.0,era5_daily
2022-10-12,3.01,5.5,27.3,20.7,era5_daily
2022-10-13,2.69,6.1,27.4,20.5,era5_daily
2022-10-14,2.2,5.0,26.0,19.8,era5_daily
2022-10-15,3.29,0.2,27.2,20.3,era5_daily
2022-10-16,2.1,16.1,26.4,20.7,era5_daily
2022-10-17,3.42,0.6,28.6,20.5,era5_daily
2022-10-18,3.36,1.6,28.3,19.6,era5_daily
2022-10-19,3.16,2.6,28.1,20.3,era5_daily
2022-10-20,3.27,7.2,28.2,20.2,era5_daily
2022-10-21,2.86,2.7,27.5,20.2,era5_daily
2022-10-22,4.64,0.0,27.2,17.8,era5_daily
2022-10-23,4.69,0.0,26.6,15.5,era5_daily
2022-10-24,4.55,0.0,26.8,15.6,era5_daily
2022-10-25,4.54,0.0,27.6,13.5,era5_daily
2022-10-26,4.56,0.0,27.4,14.4,era5_daily
2022-10-27,4.62,0.0,27.4,15.0,era5_daily
2022-10-28,4.61,0.0,27.0,15.0,era5_daily
2022-10-29,4.78,0.0,27.2,15.2,era5_daily
2022-10-30,4.85,0.0,27.4,13.9,era5_daily
2022-10-31,4.54,0.0,26.5,14.7,era5_daily
2022-11-01,4.42,0.0,27.3,14.4,era5_daily
2022-11-02,4.08,0.0,28.2,18.2,era5_daily
2022-11-03,4.49,0.0,28.1,15.5,era5_daily
2022-11-04,4.8,0.0,28.9,15.9,era5_daily
2022-11-05,4.73,0.0,29.1,15.0,era5_daily
2022-11-06,4.81,0.0,29.3,15.0,era5_daily
2022-11-07,4.69,0.0,29.3,15.1,era5_daily
2022-11-08,4.59,0.0,29.6,17.2,era5_daily
2022-11-09,5.17,0.0,28.7,16.3,era5_daily
2022-11-10,4.81,0.0,28.0,14.7,era5_daily
2022-11-11,4.85,0.0,28.4,15.3,era5_daily
2022-11-12,4.66,0.0,28.3,16.7,era5_daily
2022-11-13,4.4,0.0,28.4,16.5,era5_daily
2022-11-14,4.3,0.0,28.9,16.1,era5_daily
2022-11-15,4.33,0.0,28.7,15.6,era5_daily
2022-11-16,4.44,0.0,27.7,15.4,era5_daily
2022-11-17,4.52,0.0,27.5,14.7,era5_daily
2022-11-18,4.47,0.0,26.7,13.5,era5_daily
2022-11-19,4.53,0.0,25.6,14.1,era5_daily
2022-11-20,4.36,0.0,25.0,12.4,era5_daily
2022-11-21,4.06,0.0,26.7,11.8,era5_daily
2022-11-22,4.31,0.0,28.4,17.0,era5_daily
2022-11-23,4.28,0.0,29.0,18.0,era5_daily
2022-11-24,4.2,0.0,29.5,18.3,era5_daily
2022-11-25,3.77,0.0,29.2,18.6,era5_daily
2022-11-26,3.78,0.0,29.2,19.7,era5_daily
2022-11-27,3.83,0.0,29.8,16.6,era5_daily
2022-11-28,4.15,0.0,30.1,17.9,era5_daily
2022-11-29,4.44,0.0,28.8,16.0,era5_daily
2022-11-30,4.41,0.0,28.2,14.7,era5_daily
2022-12-01,4.11,0.0,28.0,13.5,era5_daily
2022-12-02,3.89,0.0,29.4,15.9,era5_daily
2022-12-03,3.45,0.0,29.1,17.5,era5_daily
2022-12-04,3.51,0.3,29.1,19.4,era5_daily
2022-12-05,4.2,0.0,29.4,17.9,era5_daily
2022-12-06,4.35,0.0,29.5,15.7,era5_daily
2022-12-07,4.32,0.0,28.5,16.2,era5_daily
2022-12-08,4.1,0.0,25.7,15.9,era5_daily
2022-12-09,4.45,0.0,26.9,12.2,era5_daily
2022-12-10,3.72,0.0,27.5,16.3,era5_daily
2022-12-11,3.36,5.3,28.3,19.4,era5_daily
2022-12-12,2.6,11.1,27.5,19.7,era5_daily
2022-12-13,2.97,0.7,27.6,19.0,era5_daily
2022-12-14,3.46,0.0,28.6,19.3,era5_daily
2022-12-15,3.44,0.0,28.8,17.9,era5_daily
2022-12-16,3.63,0.0,29.2,18.1,era5_daily
2022-12-17,3.8,0.0,29.4,18.5,era5_daily
2022-12-18,3.99,0.0,28.4,16.8,era5_daily
2022-12-19,4.12,0.0,28.3,14.2,era5_daily
2022-12-20,4.08,0.0,29.2,14.3,era5_daily
2022-12-21,4.03,0.0,29.2,14.1,era5_daily
2022-12-22,4.21,0.0,29.7,14.8,era5_daily
2022-12-23,4.14,0.0,29.9,15.3,era5_daily
2022-12-24,4.28,0.0,30.0,16.8,era5_daily
2022-12-25,4.27,0.0,29.7,16.2,era5_daily
2022-12-26,3.61,0.0,29.3,16.8,era5_daily
2022-12-27,3.56,0.0,30.0,19.3,era5_daily
2022-12-28,3.51,0.0,29.7,18.3,era5_daily
2022-12-29,3.78,0.0,29.6,18.4,era5_daily
2022-12-30,3.95,0.0,29.7,17.6,era5_daily
2022-12-31,3.85,0.0,29.5,17.2,era5_daily
2023-01-01,3.83,0.0,28.8,15.7,era5_daily
2023-01-02,3.86,0.0,29.1,15.6,era5_daily
2023-01-03,3.55,0.0,28.8,16.7,era5_daily
2023-01-04,3.5,0.0,28.4,17.3,era5_daily
2023-01-05,3.59,0.2,27.4,17.4,era5_daily
2023-01-06,3.26,0.3,27.0,17.1,era5_daily
2023-01-07,3.66,0.0,26.8,16.8,era5_daily
2023-01-08,4.05,0.0,26.1,13.3,era5_daily
2023-01-09,4.14,0.0,26.4,9.7,era5_daily
2023-01-10,4.24,0.0,27.9,12.1,era5_daily
2023-01-11,4.08,0.0,28.7,12.4,era5_daily
2023-01-12,4.17,0.0,29.5,13.5,era5_daily
2023-01-13,4.02,0.0,28.4,13.0,era5_daily
2023-01-14,3.81,0.0,29.0,13.5,era5_daily
2023-01-15,4.23,0.0,29.5,14.1,era5_daily
2023-01-16,4.51,0.0,29.7,15.6,era5_daily
2023-01-17,4.64,0.0,29.9,15.3,era5_daily
2023-01-18,4.54,0.0,29.6,15.1,era5_daily
2023-01-19,4.72,0.0,29.6,16.7,era5_daily
2023-01-20,4.64,0.0,29.1,17.0,era5_daily
2023-01-21,4.8,0.0,29.0,17.4,era5_daily
2023-01-22,4.74,0.0,29.3,16.9,era5_daily
2023-01-23,4.6,0.0,29.2,16.6,era5_daily
2023-01-24,4.7,0.0,30.3,17.8,era5_daily
2023-01-25,4.73,0.0,30.2,18.6,era5_daily
2023-01-26,4.62,0.0,29.7,18.0,era5_daily
2023-01-27,5.07,0.0,30.6,16.1,era5_daily
2023-01-28,4.96,0.0,30.6,15.1,era5_daily
2023-01-29,5.52,0.0,30.6,17.5,era5_daily
2023-01-30,4.7,0.0,30.1,16.7,era5_daily
2023-01-31,3.9,0.5,28.7,17.5,era5_daily
2023-02-01,4.61,0.0,28.8,18.5,era5_daily
2023-02-02,5.22,0.0,29.4,16.6,era5_daily
2023-02-03,5.38,0.0,28.9,14.4,era5_daily
2023-02-04,5.32,0.0,30.5,14.1,era5_daily
2023-02-05,5.06,0.0,30.8,14.4,era5_daily
2023-02-06,5.23,0.0,31.9,16.5,era5_daily
2023-02-07,4.74,0.0,31.5,16.3,era5_daily
2023-02-08,5.35,0.0,31.8,16.8,era5_daily
2023-02-09,5.29,0.0,32.9,16.5,era5_daily
2023-02-10,5.45,0.0,33.6,16.0,era5_daily
2023-02-11,5.5,0.0,33.4,15.9,era5_daily
2023-02-12,5.98,0.0,32.4,16.8,era5_daily
2023-02-13,5.9,0.0,31.3,16.3,era5_daily
2023-02-14,5.77,0.0,31.4,14.5,era5_daily
2023-02-15,5.83,0.0,32.6,14.8,era5_daily
2023-02-16,6.36,0.0,33.3,15.4,era5_daily
2023-02-17,6.35,0.0,32.6,16.3,era5_daily
2023-02-18,6.06,0.0,32.5,15.3,era5_daily
2023-02-19,5.79,0.0,32.8,15.2,era5_daily
2023-02-20,5.34,0.0,32.9,15.7,era5_daily
2023-02-21,5.78,0.0,34.7,17.6,era5_daily
2023-02-22,5.77,0.0,34.4,19.0,era5_daily
2023-02-23,5.86,0.0,34.2,17.8,era5_daily
2023-02-24,5.68,0.0,34.1,18.4,era5_daily
2023-02-25,6.0,0.0,34.4,18.2,era5_daily
2023-02-26,5.67,0.0,34.2,17.9,era5_daily
2023-02-27,6.26,0.0,33.5,20.0,era5_daily
2023-02-28,6.3,0.0,33.5,20.1,era5_daily
2023-03-01,6.84,0.0,33.6,20.3,era5_daily
2023-03-02,6.88,0.0,34.7,20.1,era5_daily
2023-03-03,6.86,0.0,35.6,20.3,era5_daily
2023-03-04,6.43,0.0,34.5,21.4,era5_daily
2023-03-05,6.91,0.0,35.0,21.4,era5_daily
2023-03-06,5.65,0.0,34.2,21.1,era5_daily
2023-03-07,5.83,0.0,30.5,18.4,era5_daily
2023-03-08,5.5,0.0,33.2,17.6,era5_daily
2023-03-09,5.74,0.0,33.2,20.0,era5_daily
2023-03-10,5.44,0.0,33.4,20.4,era5_daily
2023-03-11,5.63,0.0,33.8,22.0,era5_daily
2023-03-12,6.52,0.0,34.4,21.2,era5_daily
2023-03-13,7.14,0.0,34.9,21.0,era5_daily
2023-03-14,6.01,0.0,34.2,21.4,era5_daily
2023-03-15,5.84,0.0,33.6,20.5,era5_daily
2023-03-16,4.8,6.8,30.4,20.1,era5_daily
2023-03-17,3.93,3.6,29.9,19.3,era5_daily
2023-03-18,3.98,1.6,29.7,18.0,era5_daily
2023-03-19,5.43,0.0,30.3,17.0,era5_daily
2023-03-20,5.65,0.0,29.7,18.2,era5_daily
2023-03-21,6.02,0.0,31.8,17.8,era5_daily
2023-03-22,5.21,0.0,31.0,18.9,era5_daily
2023-03-23,6.02,0.0,33.3,19.6,era5_daily
2023-03-24,5.9,0.0,34.7,18.4,era5_daily
2023-03-25,6.1,0.0,35.2,20.9,era5_daily
2023-03-26,6.81,0.0,35.8,20.5,era5_daily
2023-03-27,7.22,0.0,35.4,19.6,era5_daily
2023-03-28,6.54,0.0,35.6,18.6,era5_daily
2023-03-29,7.35,0.0,37.0,20.2,era5_daily
2023-03-30,7.65,0.0,36.2,21.8,era5_daily
2023-03-31,6.92,0.0,34.9,20.8,era5_daily
2023-04-01,6.88,0.0,34.4,21.8,era5_daily
2023-04-02,7.2,0.0,35.5,19.9,era5_daily
2023-04-03,6.7,0.0,35.9,21.3,era5_daily
2023-04-04,6.5,0.0,36.2,22.4,era5_daily
2023-04-05,7.17,0.0,36.7,22.5,era5_daily
2023-04-06,7.05,0.0,36.6,24.7,era5_daily
2023-04-07,4.87,6.0,34.1,23.6,era5_daily
2023-04-08,4.69,3.5,32.5,20.3,era5_daily
2023-04-09,5.54,0.0,33.2,20.7,era5_daily
2023-04-10,6.12,0.0,34.9,20.5,era5_daily
2023-04-11,6.58,0.0,36.0,22.9,era5_daily
2023-04-12,6.58,0.0,37.5,22.8,era5_daily
2023-04-13,5.59,0.0,36.9,23.8,era5_daily
2023-04-14,5.5,0.2,35.5,24.3,era5_daily
2023-04-15,4.35,0.5,33.7,20.8,era5_daily
2023-04-16,6.28,0.0,36.6,20.5,era5_daily
2023-04-17,6.03,0.0,37.0,23.3,era5_daily
2023-04-18,6.06,0.2,36.5,22.7,era5_daily
2023-04-19,6.25,0.0,38.1,23.7,era5_daily
2023-04-20,6.39,0.1,38.2,23.2,era5_daily
2023-04-21,6.11,0.2,35.8,22.9,era5_daily
2023-04-22,7.46,0.0,36.6,23.2,era5_daily
2023-04-23,6.6,0.0,34.9,21.4,era5_daily
2023-04-24,6.61,0.0,35.1,21.1,era5_daily
2023-04-25,6.44,0.1,36.2,24.6,era5_daily
2023-04-26,5.98,7.9,35.1,21.7,era5_daily
2023-04-27,4.92,1.6,35.1,23.9,era5_daily
2023-04-28,4.45,12.8,30.7,21.6,era5_daily
2023-04-29,4.33,6.8,30.4,19.8,era5_daily
2023-04-30,5.24,4.3,32.5,20.3,era5_daily
2023-05-01,5.7,0.1,32.0,19.9,era5_daily
2023-05-02,5.29,0.6,31.7,20.8,era5_daily
2023-05-03,5.35,0.0,31.7,22.8,era5_daily
2023-05-04,4.97,0.3,32.6,21.1,era5_daily
2023-05-05,4.83,0.0,32.3,21.0,era5_daily
2023-05-06,5.4,0.2,33.6,21.9,era5_daily
2023-05-07,5.38,0.4,33.8,24.2,era5_daily
2023-05-08,5.56,1.5,34.8,23.1,era5_daily
2023-05-09,5.1,0.7,36.0,24.1,era5_daily
2023-05-10,6.35,0.0,37.3,24.4,era5_daily
2023-05-11,6.6,0.0,39.3,22.8,era5_daily
2023-05-12,6.72,0.0,38.7,24.4,era5_daily
2023-05-13,7.73,0.0,39.7,22.8,era5_daily
2023-05-14,8.16,0.0,39.7,25.1,era5_daily
2023-05-15,8.28,0.0,38.7,25.8,era5_daily
2023-05-16,8.32,0.0,37.8,25.7,era5_daily
2023-05-17,7.29,0.0,37.5,25.4,era5_daily
2023-05-18,7.35,0.0,38.2,26.6,era5_daily
2023-05-19,7.75,0.0,38.7,27.3,era5_daily
2023-05-20,7.21,0.0,39.2,26.3,era5_daily
2023-05-21,7.03,0.0,39.0,25.7,era5_daily
2023-05-22,6.74,0.3,38.3,25.6,era5_daily
2023-05-23,6.42,0.0,38.4,26.7,era5_daily
2023-05-24,6.16,0.2,38.8,28.5,era5_daily
2023-05-25,8.15,0.0,37.8,27.8,era5_daily
2023-05-26,7.1,0.0,36.5,25.1,era5_daily
2023-05-27,7.59,0.0,38.1,25.6,era5_daily
2023-05-28,7.19,0.0,37.9,26.0,era5_daily
2023-05-29,7.47,0.0,38.0,27.6,era5_daily
2023-05-30,6.33,0.2,38.4,25.6,era5_daily
2023-05-31,7.4,0.0,38.2,27.4,era5_daily
2023-06-01,7.97,0.0,39.3,26.6,era5_daily
2023-06-02,8.73,0.0,39.8,27.5,era5_daily
2023-06-03,7.43,0.0,38.6,26.6,era5_daily
2023-06-04,6.2,0.5,37.7,25.6,era5_daily
2023-06-05,7.09,0.0,38.0,24.2,era5_daily
2023-06-06,7.29,0.0,38.0,27.4,era5_daily
2023-06-07,7.4,0.0,38.6,28.1,era5_daily
2023-06-08,7.85,0.0,38.0,26.7,era5_daily
2023-06-09,7.79,0.0,37.6,27.2,era5_daily
2023-06-10,7.35,0.2,37.7,26.8,era5_daily
2023-06-11,6.56,0.7,36.3,25.6,era5_daily
2023-06-12,7.89,0.0,36.7,25.2,era5_daily
2023-06-13,8.03,0.0,37.0,25.0,era5_daily
2023-06-14,7.81,0.0,36.6,25.2,era5_daily
2023-06-15,7.78,0.0,36.5,24.9,era5_daily
2023-06-16,8.12,0.0,37.2,24.7,era5_daily
2023-06-17,7.89,0.0,37.2,25.3,era5_daily
2023-06-18,7.24,0.0,36.3,24.8,era5_daily
2023-06-19,7.73,0.0,38.1,25.2,era5_daily
2023-06-20,7.84,0.0,37.9,26.1,era5_daily
2023-06-21,7.21,0.1,36.7,26.5,era5_daily
2023-06-22,6.63,0.3,37.0,22.9,era5_daily
2023-06-23,5.46,0.1,35.4,26.4,era5_daily
2023-06-24,2.75,52.5,29.6,23.3,era5_daily
2023-06-25,3.12,10.2,30.5,23.2,era5_daily
2023-06-26,3.41,1.4,29.0,23.2,era5_daily
2023-06-27,3.39,3.5,30.4,23.6,era5_daily
2023-06-28,4.3,20.9,30.9,22.9,era5_daily
2023-06-29,4.64,1.3,30.5,22.7,era5_daily
2023-06-30,5.2,0.9,31.7,23.1,era5_daily
2023-07-01,5.67,0.9,31.8,23.4,era5_daily
2023-07-02,4.99,1.8,32.3,22.8,era5_daily
2023-07-03,5.25,1.9,32.4,23.4,era5_daily
2023-07-04,4.57,3.7,31.9,24.0,era5_daily
2023-07-05,3.73,8.6,30.4,23.6,era5_daily
2023-07-06,2.39,5.1,27.2,23.0,era5_daily
2023-07-07,3.34,9.0,30.4,22.3,era5_daily
2023-07-08,4.61,2.5,30.2,23.1,era5_daily
2023-07-09,4.1,3.0,30.0,22.6,era5_daily
2023-07-10,5.34,0.5,30.8,22.8,era5_daily
2023-07-11,2.81,6.2,28.3,22.2,era5_daily
2023-07-12,3.96,2.9,30.1,22.5,era5_daily
2023-07-13,4.64,2.1,30.7,22.5,era5_daily
2023-07-14,4.0,3.3,29.9,22.6,era5_daily
2023-07-15,3.69,11.1,30.0,22.3,era5_daily
2023-07-16,2.37,8.1,27.8,22.5,era5_daily
2023-07-17,2.94,6.9,28.8,22.4,era5_daily
2023-07-18,1.41,27.1,24.5,22.4,era5_daily
2023-07-19,2.71,17.8,26.9,22.3,era5_daily
2023-07-20,2.15,11.8,26.0,22.6,era5_daily
2023-07-21,2.91,19.3,29.1,22.3,era5_daily
2023-07-22,3.27,10.6,28.7,22.5,era5_daily
2023-07-23,3.51,8.1,29.4,22.6,era5_daily
2023-07-24,3.87,9.4,29.4,22.6,era5_daily
2023-07-25,2.58,29.4,26.9,22.4,era5_daily
2023-07-26,3.07,7.1,27.7,22.2,era5_daily
2023-07-27,1.42,18.1,24.8,22.2,era5_daily
2023-07-28,3.37,8.6,28.5,22.1,era5_daily
2023-07-29,3.85,1.9,28.7,22.3,era5_daily
2023-07-30,4.53,2.2,29.5,22.0,era5_daily
2023-07-31,4.18,3.7,28.6,22.2,era5_daily
2023-08-01,4.21,1.8,28.6,22.6,era5_daily
2023-08-02,4.17,2.1,29.1,22.8,era5_daily
2023-08-03,3.93,1.1,28.5,22.4,era5_daily
2023-08-04,4.72,1.1,29.5,22.9,era5_daily
2023-08-05,4.53,2.9,29.6,22.2,era5_daily
2023-08-06,5.2,0.8,29.9,22.0,era5_daily
2023-08-07,4.5,0.2,28.9,22.0,era5_daily
2023-08-08,4.85,1.4,29.7,21.6,era5_daily
2023-08-09,4.58,0.3,29.6,21.7,era5_daily
2023-08-10,4.83,0.6,30.1,22.0,era5_daily
2023-08-11,5.22,0.2,30.2,21.5,era5_daily
2023-08-12,5.11,0.6,30.1,22.1,era5_daily
2023-08-13,5.15,2.0,30.1,21.4,era5_daily
2023-08-14,4.38,0.7,29.7,21.3,era5_daily
2023-08-15,5.32,1.0,30.8,21.6,era5_daily
2023-08-16,5.36,0.3,30.3,22.3,era5_daily
2023-08-17,5.37,0.2,30.5,22.5,era5_daily
2023-08-18,2.91,1.9,27.2,22.1,era5_daily
2023-08-19,2.66,10.0,26.8,22.4,era5_daily
2023-08-20,4.35,1.7,29.7,21.3,era5_daily
2023-08-21,4.81,0.0,29.9,21.3,era5_daily
2023-08-22,5.37,0.1,30.6,22.1,era5_daily
2023-08-23,5.08,0.2,30.3,22.3,era5_daily
2023-08-24,5.07,0.6,30.3,22.2,era5_daily
2023-08-25,4.67,6.5,30.7,22.4,era5_daily
2023-08-26,4.66,0.9,30.2,22.0,era5_daily
2023-08-27,4.41,2.7,30.1,22.2,era5_daily
2023-08-28,4.44,0.7,29.4,21.1,era5_daily
2023-08-29,5.0,1.0,29.4,21.7,era5_daily
2023-08-30,5.21,0.1,30.2,21.2,era5_daily
2023-08-31,5.39,0.2,31.0,20.2,era5_daily
2023-09-01,5.43,0.3,31.7,20.9,era5_daily
2023-09-02,4.79,1.0,31.4,22.9,era5_daily
2023-09-03,3.18,3.5,30.5,22.5,era5_daily
2023-09-04,3.83,9.2,30.0,21.8,era5_daily
2023-09-05,4.23,2.9,30.1,22.7,era5_daily
2023-09-06,4.54,0.1,30.2,23.6,era5_daily
2023-09-07,2.88,12.1,28.7,23.2,era5_daily
2023-09-08,3.28,7.1,27.6,22.4,era5_daily
2023-09-09,3.16,9.6,27.7,22.7,era5_daily
2023-09-10,3.92,3.9,29.7,21.9,era5_daily
2023-09-11,4.69,0.8,30.1,21.7,era5_daily
2023-09-12,4.98,0.6,29.8,21.7,era5_daily
2023-09-13,4.64,0.1,29.5,21.6,era5_daily
2023-09-14,2.97,0.4,27.9,22.7,era5_daily
2023-09-15,3.3,0.0,28.1,22.4,era5_daily
2023-09-16,4.18,0.5,29.3,22.7,era5_daily
2023-09-17,5.16,0.0,30.5,21.8,era5_daily
2023-09-18,5.22,0.1,31.2,21.6,era5_daily
2023-09-19,4.7,0.2,30.7,22.1,era5_daily
2023-09-20,4.24,2.5,31.2,22.5,era5_daily
2023-09-21,3.85,7.4,30.6,23.5,era5_daily
2023-09-22,2.46,19.2,27.6,21.8,era5_daily
2023-09-23,2.48,26.3,26.9,21.5,era5_daily
2023-09-24,3.29,8.6,28.2,21.6,era5_daily
2023-09-25,3.38,11.7,29.4,22.0,era5_daily
2023-09-26,3.15,16.7,28.2,21.8,era5_daily
2023-09-27,3.53,29.9,28.8,20.8,era5_daily
2023-09-28,3.69,11.3,30.1,21.8,era5_daily
2023-09-29,3.83,15.8,30.0,22.1,era5_daily
2023-09-30,4.28,16.9,29.8,21.6,era5_daily
2023-10-01,3.99,14.2,29.7,21.6,era5_daily
2023-10-02,4.33,0.3,29.8,22.0,era5_daily
2023-10-03,4.49,0.0,30.1,23.3,era5_daily
2023-10-04,5.12,0.0,30.4,21.6,era5_daily
2023-10-05,5.14,0.0,30.3,18.8,era5_daily
2023-10-06,5.24,0.0,30.3,19.3,era5_daily
2023-10-07,4.9,0.0,31.0,19.2,era5_daily
2023-10-08,4.78,0.0,31.8,19.1,era5_daily
2023-10-09,4.73,0.0,31.7,20.0,era5_daily
2023-10-10,4.49,0.0,30.9,20.0,era5_daily
2023-10-11,4.84,0.0,31.5,20.5,era5_daily
2023-10-12,5.29,0.0,32.1,20.0,era5_daily
2023-10-13,4.91,0.0,31.7,19.2,era5_daily
2023-10-14,4.67,0.0,31.8,20.5,era5_daily
2023-10-15,4.67,0.0,31.8,20.7,era5_daily
2023-10-16,4.81,0.0,31.4,19.8,era5_daily
2023-10-17,4.91,0.0,31.3,20.6,era5_daily
2023-10-18,4.86,0.1,30.7,20.2,era5_daily
2023-10-19,3.98,0.5,30.7,20.5,era5_daily
2023-10-20,5.02,0.0,31.7,20.3,era5_daily
2023-10-21,4.64,0.4,30.4,20.8,era5_daily
2023-10-22,5.48,0.0,31.4,18.3,era5_daily
2023-10-23,5.34,0.0,30.5,18.1,era5_daily
2023-10-24,5.25,0.0,30.4,18.0,era5_daily
2023-10-25,5.31,0.0,30.5,17.6,era5_daily
2023-10-26,5.48,0.0,30.0,17.5,era5_daily
2023-10-27,5.37,0.0,30.2,17.8,era5_daily
2023-10-28,5.44,0.0,30.5,17.5,era5_daily
2023-10-29,5.38,0.0,30.6,16.9,era5_daily
2023-10-30,5.37,0.0,30.2,16.7,era5_daily
2023-10-31,5.0,0.0,30.2,17.4,era5_daily
2023-11-01,4.56,0.0,30.3,17.2,era5_daily
2023-11-02,4.7,0.0,30.5,19.0,era5_daily
2023-11-03,4.92,0.0,31.8,19.0,era5_daily
2023-11-04,4.84,0.0,31.4,19.1,era5_daily
2023-11-05,5.32,0.0,31.4,18.6,era5_daily
2023-11-06,4.74,0.0,31.6,19.2,era5_daily
2023-11-07,4.09,0.0,31.0,20.4,era5_daily
2023-11-08,3.06,9.9,28.5,21.1,era5_daily
2023-11-09,4.1,0.1,31.0,20.1,era5_daily
2023-11-10,4.24,0.0,31.0,19.9,era5_daily
2023-11-11,4.97,0.0,32.2,21.0,era5_daily
2023-11-12,5.11,0.0,32.3,19.8,era5_daily
2023-11-13,5.13,0.0,31.8,19.1,era5_daily
2023-11-14,4.81,0.0,31.1,18.8,era5_daily
2023-11-15,5.09,0.0,29.8,17.3,era5_daily
2023-11-16,4.83,0.0,29.7,17.4,era5_daily
2023-11-17,4.73,0.0,30.4,17.6,era5_daily
2023-11-18,4.42,0.0,32.2,18.7,era5_daily
2023-11-19,4.74,0.0,31.9,20.8,era5_daily
2023-11-20,4.87,0.0,30.9,19.0,era5_daily
2023-11-21,4.69,0.0,30.8,18.6,era5_daily
2023-11-22,4.26,0.0,30.7,20.0,era5_daily
2023-11-23,4.06,0.1,31.6,20.0,era5_daily
2023-11-24,3.36,0.6,29.0,20.3,era5_daily
2023-11-25,3.68,0.6,29.8,20.2,era5_daily
2023-11-26,3.91,1.1,30.4,19.8,era5_daily
2023-11-27,3.72,22.7,28.8,19.4,era5_daily
2023-11-28,2.49,9.3,26.5,18.7,era5_daily
2023-11-29,3.19,4.7,27.6,18.7,era5_daily
2023-11-30,2.65,1.6,27.7,19.7,era5_daily
2023-12-01,2.54,0.2,27.5,19.7,era5_daily
2023-12-02,3.95,0.0,29.5,17.8,era5_daily
2023-12-03,4.02,0.0,29.4,18.1,era5_daily
2023-12-04,3.58,0.6,28.3,18.6,era5_daily
2023-12-05,2.99,0.1,27.1,19.8,era5_daily
2023-12-06,2.41,0.0,25.1,19.4,era5_daily
2023-12-07,2.85,0.5,27.1,17.4,era5_daily
2023-12-08,3.19,0.1,27.3,16.7,era5_daily
2023-12-09,3.52,0.0,27.5,17.0,era5_daily
2023-12-10,3.46,0.0,27.2,16.2,era5_daily
2023-12-11,3.75,0.0,27.6,17.0,era5_daily
2023-12-12,3.6,0.0,27.8,16.6,era5_daily
2023-12-13,3.92,0.0,27.4,16.2,era5_daily
2023-12-14,3.95,0.0,26.4,16.3,era5_daily
2023-12-15,3.89,0.0,26.1,15.5,era5_daily
2023-12-16,3.0,0.0,26.7,14.9,era5_daily
2023-12-17,3.76,0.0,27.0,16.9,era5_daily
2023-12-18,3.8,0.0,25.5,17.3,era5_daily
2023-12-19,3.46,0.0,23.8,16.3,era5_daily
2023-12-20,3.72,0.0,25.3,14.3,era5_daily
2023-12-21,3.71,0.0,26.7,12.5,era5_daily
2023-12-22,3.7,0.0,27.9,13.9,era5_daily
2023-12-23,4.12,0.0,28.4,14.8,era5_daily
2023-12-24,4.05,0.0,28.9,12.8,era5_daily
2023-12-25,3.94,0.0,28.8,14.1,era5_daily
2023-12-26,3.81,0.0,28.9,14.9,era5_daily
2023-12-27,4.06,0.0,28.7,13.8,era5_daily
2023-12-28,3.8,0.0,28.3,15.0,era5_daily
2023-12-29,3.68,0.0,28.4,14.6,era5_daily
2023-12-30,3.64,0.0,28.2,14.7,era5_daily
2023-12-31,3.82,0.0,28.6,16.2,era5_daily
2024-01-01,3.74,0.0,28.2,15.2,era5_daily
2024-01-02,3.8,0.0,28.2,15.6,era5_daily
2024-01-03,3.83,0.0,28.5,16.8,era5_daily
2024-01-04,3.71,0.0,28.3,17.6,era5_daily
2024-01-05,3.02,2.4,27.2,18.2,era5_daily
2024-01-06,3.76,0.0,29.1,16.6,era5_daily
2024-01-07,4.49,0.0,28.9,16.7,era5_daily
2024-01-08,4.51,0.0,29.3,17.1,era5_daily
2024-01-09,3.69,0.1,29.5,18.8,era5_daily
2024-01-10,3.49,0.0,29.0,17.3,era5_daily
2024-01-11,4.11,0.0,30.3,17.7,era5_daily
2024-01-12,4.11,0.0,30.3,16.8,era5_daily
2024-01-13,4.06,0.0,30.5,18.4,era5_daily
2024-01-14,4.25,0.0,30.4,17.0,era5_daily
2024-01-15,4.27,0.0,29.2,16.1,era5_daily
2024-01-16,4.31,0.0,29.8,14.0,era5_daily
2024-01-17,4.72,0.0,29.6,19.0,era5_daily
2024-01-18,4.08,0.0,28.7,16.7,era5_daily
2024-01-19,4.14,0.0,30.0,15.8,era5_daily
2024-01-20,4.41,0.0,29.9,20.1,era5_daily
2024-01-21,3.76,0.0,29.1,17.4,era5_daily
2024-01-22,4.49,0.0,30.6,16.4,era5_daily
2024-01-23,4.23,0.0,29.2,17.2,era5_daily
2024-01-24,4.61,0.0,26.5,14.6,era5_daily
2024-01-25,4.6,0.0,26.9,13.8,era5_daily
2024-01-26,4.31,0.0,29.1,14.6,era5_daily
2024-01-27,4.0,0.0,28.8,16.7,era5_daily
2024-01-28,4.38,0.0,28.9,16.4,era5_daily
2024-01-29,4.53,0.0,29.6,15.6,era5_daily
2024-01-30,4.42,0.0,29.8,15.7,era5_daily
2024-01-31,5.05,0.0,30.5,17.6,era5_daily
2024-02-01,4.74,0.0,29.9,17.3,era5_daily
2024-02-02,4.84,0.0,28.9,16.2,era5_daily
2024-02-03,4.95,0.0,30.5,17.0,era5_daily
2024-02-04,4.58,0.0,31.5,17.7,era5_daily
2024-02-05,4.75,0.0,32.6,19.3,era5_daily
2024-02-06,4.7,0.0,33.2,19.3,era5_daily
2024-02-07,5.0,0.0,33.0,19.4,era5_daily
2024-02-08,4.95,0.0,31.1,19.5,era5_daily
2024-02-09,5.23,0.0,33.8,16.9,era5_daily
2024-02-10,5.5,0.0,33.3,20.2,era5_daily
2024-02-11,5.54,0.0,33.2,18.8,era5_daily
2024-02-12,6.02,0.0,33.0,20.6,era5_daily
2024-02-13,5.45,0.0,33.0,19.2,era5_daily
2024-02-14,4.83,0.0,32.5,19.2,era5_daily
2024-02-15,4.79,0.0,31.8,18.4,era5_daily
2024-02-16,5.74,0.0,33.0,20.4,era5_daily
2024-02-17,5.64,0.0,33.1,18.9,era5_daily
2024-02-18,6.08,0.0,33.2,19.7,era5_daily
2024-02-19,6.38,0.0,33.9,20.5,era5_daily
2024-02-20,5.56,0.0,33.3,20.0,era5_daily
2024-02-21,6.33,0.0,33.2,18.7,era5_daily
2024-02-22,5.96,0.0,32.1,17.6,era5_daily
2024-02-23,5.57,0.0,31.2,18.3,era5_daily
2024-02-24,5.89,0.0,32.8,16.5,era5_daily
2024-02-25,5.89,0.0,33.7,18.1,era5_daily
2024-02-26,5.44,0.0,33.5,21.6,era5_daily
2024-02-27,5.57,0.0,33.8,21.7,era5_daily
2024-02-28,5.46,0.0,33.2,21.4,era5_daily
2024-02-29,5.38,0.0,33.7,20.8,era5_daily
2024-03-01,5.34,0.0,34.6,21.6,era5_daily
2024-03-02,6.97,0.0,34.6,23.1,era5_daily
2024-03-03,6.26,0.0,33.8,20.5,era5_daily
2024-03-04,6.01,0.0,32.1,19.9,era5_daily
2024-03-05,5.92,0.0,34.7,18.9,era5_daily
2024-03-06,6.57,0.0,35.9,20.9,era5_daily
2024-03-07,7.12,0.0,34.3,19.3,era5_daily
2024-03-08,6.78,0.0,33.8,19.4,era5_daily
2024-03-09,6.6,0.0,35.1,18.5,era5_daily
2024-03-10,5.45,0.0,35.7,20.6,era5_daily
2024-03-11,5.73,0.0,36.0,22.6,era5_daily
2024-03-12,6.36,0.0,36.2,22.7,era5_daily
2024-03-13,7.03,0.0,35.6,22.5,era5_daily
2024-03-14,6.98,0.0,34.8,21.1,era5_daily
2024-03-15,7.1,0.0,36.1,21.6,era5_daily
2024-03-16,6.36,0.0,37.3,21.4,era5_daily
2024-03-17,6.76,0.0,37.5,21.5,era5_daily
2024-03-18,6.96,0.0,36.1,22.1,era5_daily
2024-03-19,8.13,0.0,36.2,21.9,era5_daily
2024-03-20,7.07,0.0,34.0,20.3,era5_daily
2024-03-21,6.82,0.0,34.8,20.2,era5_daily
2024-03-22,6.19,0.0,37.2,21.0,era5_daily
2024-03-23,6.75,0.0,37.8,22.3,era5_daily
2024-03-24,6.31,0.0,37.9,24.7,era5_daily
2024-03-25,6.11,0.0,37.8,24.7,era5_daily
2024-03-26,6.39,0.0,38.1,27.3,era5_daily
2024-03-27,7.59,0.0,39.2,27.9,era5_daily
2024-03-28,6.34,0.0,38.7,26.3,era5_daily
2024-03-29,6.67,0.0,39.7,26.5,era5_daily
2024-03-30,7.07,0.0,40.4,26.1,era5_daily
2024-03-31,6.27,0.4,37.9,26.9,era5_daily
2024-04-01,6.98,0.0,38.6,26.9,era5_daily
2024-04-02,6.94,0.0,39.4,24.4,era5_daily
2024-04-03,6.77,0.0,39.8,26.5,era5_daily
2024-04-04,7.44,0.0,40.0,26.2,era5_daily
2024-04-05,7.3,0.0,39.8,27.6,era5_daily
2024-04-06,7.31,0.0,39.1,26.2,era5_daily
2024-04-07,7.74,0.0,40.2,26.8,era5_daily
2024-04-08,6.97,0.0,38.6,26.1,era5_daily
2024-04-09,7.16,0.0,39.0,26.7,era5_daily
2024-04-10,7.37,0.0,38.4,26.4,era5_daily
2024-04-11,5.85,6.3,37.0,23.6,era5_daily
2024-04-12,5.57,1.6,34.7,22.3,era5_daily
2024-04-13,4.88,11.6,34.5,22.7,era5_daily
2024-04-14,5.33,0.1,36.6,23.7,era5_daily
2024-04-15,6.38,0.0,37.5,25.3,era5_daily
2024-04-16,6.26,0.2,38.5,26.7,era5_daily
2024-04-17,6.24,0.3,38.4,26.2,era5_daily
2024-04-18,5.76,0.0,39.8,25.7,era5_daily
2024-04-19,6.24,1.1,37.3,27.4,era5_daily
2024-04-20,5.6,2.3,34.3,26.7,era5_daily
2024-04-21,5.13,0.1,34.5,25.1,era5_daily
2024-04-22,5.77,1.1,36.4,24.5,era5_daily
2024-04-23,5.93,0.1,37.4,23.9,era5_daily
2024-04-24,7.11,0.0,39.1,26.0,era5_daily
2024-04-25,6.99,0.0,39.3,26.0,era5_daily
2024-04-26,7.66,0.0,40.5,26.0,era5_daily
2024-04-27,6.76,0.0,40.3,25.8,era5_daily
2024-04-28,6.75,0.0,41.4,27.2,era5_daily
2024-04-29,7.44,0.1,41.7,27.3,era5_daily
2024-04-30,8.17,0.0,40.7,29.1,era5_daily
2024-05-01,8.83,0.0,41.6,27.3,era5_daily
2024-05-02,8.18,0.0,39.9,24.7,era5_daily
2024-05-03,8.51,0.0,40.1,25.2,era5_daily
2024-05-04,8.83,0.0,41.3,25.8,era5_daily
2024-05-05,9.32,0.0,41.7,28.0,era5_daily
2024-05-06,8.13,0.0,42.2,27.9,era5_daily
2024-05-07,8.12,0.0,40.2,27.7,era5_daily
2024-05-08,6.77,0.0,39.1,25.8,era5_daily
2024-05-09,5.98,0.2,40.0,27.4,era5_daily
2024-05-10,6.26,1.8,38.6,26.5,era5_daily
2024-05-11,5.93,1.4,39.1,26.9,era5_daily
2024-05-12,5.4,2.3,35.4,26.4,era5_daily
2024-05-13,5.02,5.5,35.0,25.4,era5_daily
2024-05-14,5.8,1.0,38.2,24.6,era5_daily
2024-05-15,6.21,0.3,36.9,24.5,era5_daily
2024-05-16,6.59,0.3,38.2,24.1,era5_daily
2024-05-17,4.75,1.2,34.2,24.6,era5_daily
2024-05-18,6.11,0.2,35.9,24.2,era5_daily
2024-05-19,6.44,0.2,37.0,24.1,era5_daily
2024-05-20,6.25,0.1,38.3,26.2,era5_daily
2024-05-21,6.81,0.1,39.3,26.3,era5_daily
2024-05-22,6.68,0.0,39.5,27.2,era5_daily
2024-05-23,7.17,0.1,41.1,28.0,era5_daily
2024-05-24,8.19,0.0,41.4,28.0,era5_daily
2024-05-25,8.08,0.0,39.8,28.7,era5_daily
2024-05-26,8.07,0.0,39.8,26.6,era5_daily
2024-05-27,7.38,1.0,39.9,26.9,era5_daily
2024-05-28,8.12,0.0,40.5,25.6,era5_daily
2024-05-29,8.11,0.0,40.4,24.5,era5_daily
2024-05-30,7.49,0.0,39.3,25.2,era5_daily
2024-05-31,7.69,0.0,39.9,26.2,era5_daily
2024-06-01,7.42,0.1,39.0,27.4,era5_daily
2024-06-02,5.91,1.4,38.8,28.2,era5_daily
2024-06-03,5.81,4.0,37.2,24.9,era5_daily
2024-06-04,4.45,15.8,35.7,24.8,era5_daily
2024-06-05,4.88,9.0,34.3,24.6,era5_daily
2024-06-06,4.05,46.4,31.9,23.4,era5_daily
2024-06-07,4.42,7.1,32.5,23.7,era5_daily
2024-06-08,4.24,21.9,32.3,22.3,era5_daily
2024-06-09,3.15,24.5,28.8,23.2,era5_daily
2024-06-10,2.9,21.9,30.2,23.2,era5_daily
2024-06-11,2.62,50.1,28.3,22.5,era5_daily
2024-06-12,3.59,9.5,30.1,22.2,era5_daily
2024-06-13,4.34,12.7,31.0,22.9,era5_daily
2024-06-14,3.04,30.9,30.5,22.9,era5_daily
2024-06-15,4.74,2.2,30.8,22.5,era5_daily
2024-06-16,3.76,8.5,30.7,22.5,era5_daily
2024-06-17,3.56,14.2,30.9,22.7,era5_daily
2024-06-18,4.46,3.7,31.0,22.6,era5_daily
2024-06-19,4.43,2.1,30.0,22.9,era5_daily
2024-06-20,4.29,1.8,30.0,23.1,era5_daily
2024-06-21,4.6,1.8,30.3,23.2,era5_daily
2024-06-22,4.53,0.3,30.7,23.4,era5_daily
2024-06-23,3.31,5.0,30.0,22.7,era5_daily
2024-06-24,4.34,0.1,30.8,22.5,era5_daily
2024-06-25,4.47,2.6,29.9,23.5,era5_daily
2024-06-26,3.9,10.5,30.6,23.8,era5_daily
2024-06-27,2.9,8.7,28.1,23.5,era5_daily
2024-06-28,2.36,10.5,27.5,23.4,era5_daily
2024-06-29,4.49,1.1,30.0,23.4,era5_daily
2024-06-30,2.96,7.8,28.5,23.1,era5_daily
2024-07-01,3.02,2.3,28.3,22.8,era5_daily
2024-07-02,3.74,19.1,28.8,23.0,era5_daily
2024-07-03,5.0,0.3,30.7,22.7,era5_daily
2024-07-04,4.23,1.4,29.8,23.1,era5_daily
2024-07-05,4.45,2.9,29.8,23.3,era5_daily
2024-07-06,4.27,5.4,29.7,23.1,era5_daily
2024-07-07,2.96,6.3,28.0,22.5,era5_daily
2024-07-08,2.38,5.4,26.9,22.7,era5_daily
2024-07-09,4.26,1.2,29.5,22.7,era5_daily
2024-07-10,4.48,4.4,29.9,22.6,era5_daily
2024-07-11,4.13,7.5,29.2,22.5,era5_daily
2024-07-12,3.05,8.9,28.3,22.5,era5_daily
2024-07-13,3.55,11.4,28.4,22.7,era5_daily
2024-07-14,2.86,23.8,28.3,22.8,era5_daily
2024-07-15,2.14,16.8,28.3,22.6,era5_daily
2024-07-16,2.06,48.3,27.3,22.7,era5_daily
2024-07-17,2.68,13.7,27.4,22.3,era5_daily
2024-07-18,2.39,39.7,27.0,22.5,era5_daily
2024-07-19,2.87,12.3,27.6,22.4,era5_daily
2024-07-20,1.15,24.3,24.4,22.5,era5_daily
2024-07-21,2.42,7.3,26.7,22.3,era5_daily
2024-07-22,2.11,21.4,26.3,22.4,era5_daily
2024-07-23,2.04,7.8,26.0,23.0,era5_daily
2024-07-24,1.17,34.7,24.0,22.3,era5_daily
2024-07-25,1.23,50.6,23.7,22.3,era5_daily
2024-07-26,3.57,1.4,27.8,21.7,era5_daily
2024-07-27,1.6,5.6,25.0,22.5,era5_daily
2024-07-28,2.22,9.9,26.8,22.4,era5_daily
2024-07-29,3.11,1.6,28.6,22.8,era5_daily
2024-07-30,4.35,2.4,29.4,22.6,era5_daily
2024-07-31,3.24,7.2,29.0,22.8,era5_daily
2024-08-01,2.59,13.2,27.0,22.7,era5_daily
2024-08-02,2.29,7.9,26.2,22.4,era5_daily
2024-08-03,2.68,1.8,27.0,22.4,era5_daily
2024-08-04,1.69,20.9,25.0,22.2,era5_daily
2024-08-05,3.81,7.6,29.1,21.7,era5_daily
2024-08-06,3.72,11.7,27.9,22.2,era5_daily
2024-08-07,2.95,3.1,28.3,22.2,era5_daily
2024-08-08,4.01,0.8,29.1,21.8,era5_daily
2024-08-09,4.14,3.9,28.7,22.1,era5_daily
2024-08-10,4.63,1.4,29.7,21.3,era5_daily
2024-08-11,3.89,2.0,28.4,21.5,era5_daily
2024-08-12,4.45,1.1,29.8,21.5,era5_daily
2024-08-13,4.1,0.3,29.6,22.3,era5_daily
2024-08-14,4.32,1.3,30.4,22.4,era5_daily
2024-08-15,2.93,4.6,28.4,22.7,era5_daily
2024-08-16,2.77,4.3,29.2,22.9,era5_daily
2024-08-17,3.04,11.7,28.5,22.8,era5_daily
2024-08-18,3.51,11.2,29.2,22.7,era5_daily
2024-08-19,3.13,61.2,29.0,22.3,era5_daily
2024-08-20,2.99,5.4,28.7,22.0,era5_daily
2024-08-21,4.67,2.5,30.4,22.0,era5_daily
2024-08-22,4.23,2.0,29.6,21.9,era5_daily
2024-08-23,3.07,7.3,28.1,22.8,era5_daily
2024-08-24,2.31,21.2,27.2,22.3,era5_daily
2024-08-25,1.8,17.6,25.1,21.6,era5_daily
2024-08-26,4.16,1.7,28.5,21.4,era5_daily
2024-08-27,4.1,5.6,28.8,21.5,era5_daily
2024-08-28,4.31,1.1,29.3,21.7,era5_daily
2024-08-29,4.23,0.5,29.2,21.3,era5_daily
2024-08-30,2.46,3.9,27.8,22.1,era5_daily
2024-08-31,2.36,5.0,26.9,21.5,era5_daily
2024-09-01,1.14,86.3,23.8,21.4,era5_daily
2024-09-02,1.68,55.2,24.4,21.7,era5_daily
2024-09-03,2.55,11.0,26.8,22.1,era5_daily
2024-09-04,2.76,17.2,27.6,22.4,era5_daily
2024-09-05,3.96,8.8,28.4,22.0,era5_daily
2024-09-06,3.37,18.4,28.4,21.8,era5_daily
2024-09-07,2.72,22.9,28.1,21.7,era5_daily
2024-09-08,3.02,1.7,28.3,21.7,era5_daily
2024-09-09,3.38,0.3,27.9,21.8,era5_daily
2024-09-10,3.11,1.4,28.1,21.9,era5_daily
2024-09-11,4.18,1.6,28.5,21.0,era5_daily
2024-09-12,4.08,1.0,28.3,22.0,era5_daily
2024-09-13,3.82,0.6,27.6,20.3,era5_daily
2024-09-14,4.48,0.5,28.2,20.0,era5_daily
2024-09-15,3.68,0.8,26.9,20.0,era5_daily
2024-09-16,2.39,2.4,27.1,21.1,era5_daily
2024-09-17,4.97,0.0,28.9,20.4,era5_daily
2024-09-18,4.85,0.1,28.5,19.8,era5_daily
2024-09-19,4.62,0.4,29.3,19.6,era5_daily
2024-09-20,3.65,1.6,29.7,20.7,era5_daily
2024-09-21,3.72,11.4,29.0,21.9,era5_daily
2024-09-22,2.81,8.4,28.4,21.2,era5_daily
2024-09-23,3.74,9.2,29.8,21.8,era5_daily
2024-09-24,3.66,7.7,29.5,22.2,era5_daily
2024-09-25,2.41,5.8,28.0,22.1,era5_daily
2024-09-26,2.97,2.1,27.7,22.1,era5_daily
2024-09-27,3.73,0.2,27.9,21.7,era5_daily
2024-09-28,3.83,1.3,29.1,21.6,era5_daily
2024-09-29,4.41,0.3,29.9,21.5,era5_daily
2024-09-30,4.37,0.4,30.4,21.3,era5_daily
2024-10-01,4.25,0.9,30.7,21.9,era5_daily
2024-10-02,4.52,14.3,30.9,21.4,era5_daily
2024-10-03,4.33,3.2,31.0,22.4,era5_daily
2024-10-04,3.95,0.6,29.9,22.1,era5_daily
2024-10-05,3.15,11.7,28.0,21.2,era5_daily
2024-10-06,4.2,2.0,29.9,20.3,era5_daily
2024-10-07,4.18,0.2,29.6,19.9,era5_daily
2024-10-08,3.72,3.1,29.1,20.9,era5_daily
2024-10-09,3.82,1.2,29.6,21.1,era5_daily
2024-10-10,3.96,1.1,29.7,21.2,era5_daily
2024-10-11,3.17,6.9,28.5,20.9,era5_daily
2024-10-12,3.47,14.9,29.6,21.5,era5_daily
2024-10-13,4.18,3.5,30.6,21.3,era5_daily
2024-10-14,4.08,0.9,30.1,20.2,era5_daily
2024-10-15,3.67,15.4,30.1,21.1,era5_daily
2024-10-16,3.61,7.9,30.4,20.7,era5_daily
2024-10-17,3.51,11.3,30.0,21.7,era5_daily
2024-10-18,3.56,1.8,29.4,21.5,era5_daily
2024-10-19,3.56,5.9,30.1,21.1,era5_daily
2024-10-20,3.0,2.8,28.4,20.6,era5_daily
2024-10-21,3.1,3.4,28.2,20.7,era5_daily
2024-10-22,2.8,2.1,28.3,20.4,era5_daily
2024-10-23,4.25,0.0,29.2,19.9,era5_daily
2024-10-24,4.33,0.0,28.9,18.9,era5_daily
2024-10-25,4.52,0.0,28.6,18.3,era5_daily
2024-10-26,4.44,0.0,28.9,19.0,era5_daily
2024-10-27,4.54,0.0,29.6,18.9,era5_daily
2024-10-28,3.54,0.0,29.2,18.6,era5_daily
2024-10-29,4.12,0.0,30.5,19.2,era5_daily
2024-10-30,3.72,0.0,29.8,20.7,era5_daily
2024-10-31,3.85,1.3,30.3,21.3,era5_daily
2024-11-01,3.29,3.3,29.4,20.4,era5_daily
2024-11-02,4.41,0.0,30.3,20.5,era5_daily
2024-11-03,4.6,0.0,29.8,19.0,era5_daily
2024-11-04,4.28,0.0,29.8,18.3,era5_daily
2024-11-05,4.45,0.0,30.1,18.6,era5_daily
2024-11-06,4.64,0.0,29.7,17.7,era5_daily
2024-11-07,4.64,0.0,29.4,18.4,era5_daily
2024-11-08,4.6,0.0,29.2,17.8,era5_daily
2024-11-09,4.6,0.0,29.7,16.5,era5_daily
2024-11-10,4.03,0.0,29.0,17.2,era5_daily
2024-11-11,4.66,0.0,28.7,16.6,era5_daily
2024-11-12,4.53,0.0,29.7,17.2,era5_daily
2024-11-13,4.58,0.0,29.4,18.0,era5_daily
2024-11-14,4.6,0.0,30.1,20.0,era5_daily
2024-11-15,4.68,0.0,30.7,20.9,era5_daily
2024-11-16,4.99,0.0,30.2,20.4,era5_daily
2024-11-17,5.14,0.0,29.5,19.9,era5_daily
2024-11-18,4.72,0.0,27.9,15.9,era5_daily
2024-11-19,4.4,0.0,27.6,15.8,era5_daily
2024-11-20,4.45,0.0,27.4,15.6,era5_daily
2024-11-21,4.2,0.0,27.9,15.5,era5_daily
2024-11-22,4.23,0.0,27.8,15.3,era5_daily
2024-11-23,4.11,0.0,27.7,15.4,era5_daily
2024-11-24,4.17,0.0,27.6,15.2,era5_daily
2024-11-25,4.35,0.0,26.3,14.8,era5_daily
2024-11-26,4.5,0.0,26.5,14.2,era5_daily
2024-11-27,4.55,0.0,26.3,14.2,era5_daily
2024-11-28,4.85,0.0,26.0,14.5,era5_daily
2024-11-29,4.45,0.0,26.6,13.8,era5_daily
2024-11-30,4.2,0.0,28.2,16.4,era5_daily
2024-12-01,3.47,0.0,28.1,19.7,era5_daily
2024-12-02,2.68,0.3,27.9,20.4,era5_daily
2024-12-03,2.94,2.4,29.0,21.6,era5_daily
2024-12-04,3.3,0.3,29.4,20.5,era5_daily
2024-12-05,3.4,1.2,29.6,20.0,era5_daily
2024-12-06,3.1,0.4,30.3,20.5,era5_daily
2024-12-07,2.96,1.4,30.0,20.3,era5_daily
2024-12-08,3.3,0.6,28.9,20.3,era5_daily
2024-12-09,4.26,0.3,28.8,20.3,era5_daily
2024-12-10,4.41,0.0,27.9,16.6,era5_daily
2024-12-11,4.22,0.0,27.7,16.5,era5_daily
2024-12-12,4.31,0.0,28.0,14.7,era5_daily
2024-12-13,4.41,0.0,26.4,14.9,era5_daily
2024-12-14,4.28,0.0,26.5,13.3,era5_daily
2024-12-15,4.19,0.0,26.9,11.7,era5_daily
2024-12-16,4.12,0.0,26.8,11.1,era5_daily
2024-12-17,4.14,0.0,28.0,11.5,era5_daily
2024-12-18,4.15,0.0,28.3,12.1,era5_daily
2024-12-19,3.73,0.0,29.1,12.5,era5_daily
2024-12-20,3.66,0.0,30.1,16.0,era5_daily
2024-12-21,3.51,0.0,29.4,18.6,era5_daily
2024-12-22,3.77,0.0,29.5,18.9,era5_daily
2024-12-23,3.07,1.7,27.2,19.6,era5_daily
2024-12-24,4.1,0.0,29.7,18.4,era5_daily
2024-12-25,3.98,0.0,29.7,18.5,era5_daily
2024-12-26,3.13,0.6,29.5,18.9,era5_daily
2024-12-27,3.24,1.0,28.3,20.3,era5_daily
2024-12-28,4.28,0.0,29.1,17.9,era5_daily
2024-12-29,3.73,0.0,29.5,18.7,era5_daily
2024-12-30,4.03,0.0,29.8,18.4,era5_daily
2024-12-31,4.19,0.0,29.6,18.3,era5_daily
2025-01-01,3.92,0.0,28.6,17.6,era5_daily
2025-01-02,4.3,0.0,28.6,15.9,era5_daily
2025-01-03,4.96,0.0,29.5,14.4,era5_daily
2025-01-04,4.74,0.0,29.8,14.0,era5_daily
2025-01-05,4.31,0.0,29.9,13.9,era5_daily
2025-01-06,3.92,0.0,29.3,15.7,era5_daily
2025-01-07,4.17,0.0,29.1,15.5,era5_daily
2025-01-08,4.33,0.0,27.5,14.8,era5_daily
2025-01-09,4.67,0.0,27.9,13.6,era5_daily
2025-01-10,4.32,0.0,27.7,15.5,era5_daily
2025-01-11,3.94,0.0,28.7,17.5,era5_daily
2025-01-12,3.82,0.0,29.4,18.4,era5_daily
2025-01-13,4.04,0.0,29.0,17.7,era5_daily
2025-01-14,4.56,0.0,29.8,18.2,era5_daily
2025-01-15,4.17,0.0,29.5,18.4,era5_daily
2025-01-16,4.05,0.0,28.6,19.4,era5_daily
2025-01-17,4.98,0.0,28.4,18.9,era5_daily
2025-01-18,4.95,0.0,28.5,16.0,era5_daily
2025-01-19,4.67,0.0,29.3,15.2,era5_daily
2025-01-20,4.88,0.0,29.7,15.3,era5_daily
2025-01-21,4.76,0.0,30.5,15.2,era5_daily
2025-01-22,4.54,0.0,31.5,15.2,era5_daily
2025-01-23,4.84,0.0,31.8,17.2,era5_daily
2025-01-24,4.58,0.0,32.2,17.5,era5_daily
2025-01-25,4.62,0.0,32.3,18.0,era5_daily
2025-01-26,4.58,0.0,31.9,17.4,era5_daily
2025-01-27,4.88,0.0,32.4,17.6,era5_daily
2025-01-28,4.75,0.0,32.4,18.2,era5_daily
2025-01-29,4.68,0.0,32.3,19.1,era5_daily
2025-01-30,5.25,0.0,31.9,19.2,era5_daily
2025-01-31,5.46,0.0,32.6,18.7,era5_daily
2025-02-01,5.25,0.0,32.7,18.6,era5_daily
2025-02-02,4.71,0.0,32.5,18.4,era5_daily
2025-02-03,5.36,0.0,33.4,19.3,era5_daily
2025-02-04,5.67,0.0,33.3,20.1,era5_daily
2025-02-05,5.07,0.0,32.5,19.1,era5_daily
2025-02-06,4.88,0.0,32.8,19.1,era5_daily
2025-02-07,4.77,0.0,32.9,19.9,era5_daily
2025-02-08,5.01,0.0,33.2,20.4,era5_daily
2025-02-09,5.17,0.0,32.6,20.2,era5_daily
2025-02-10,4.76,0.0,32.8,21.2,era5_daily
2025-02-11,4.96,0.0,33.5,21.9,era5_daily
2025-02-12,5.71,0.0,33.9,21.6,era5_daily
2025-02-13,6.03,0.0,32.4,18.5,era5_daily
2025-02-14,6.14,0.0,32.0,18.2,era5_daily
2025-02-15,6.05,0.0,33.5,17.7,era5_daily
2025-02-16,5.31,0.0,33.8,18.4,era5_daily
2025-02-17,5.23,0.0,34.2,18.1,era5_daily
2025-02-18,4.7,0.0,34.1,19.5,era5_daily
2025-02-19,5.49,0.0,34.2,20.2,era5_daily
2025-02-20,5.76,0.0,33.6,19.7,era5_daily
2025-02-21,6.14,0.0,34.0,20.6,era5_daily
2025-02-22,6.14,0.0,34.1,19.8,era5_daily
2025-02-23,6.28,0.0,34.0,19.3,era5_daily
2025-02-24,5.68,0.0,34.1,19.2,era5_daily
2025-02-25,5.4,0.0,33.3,19.4,era5_daily
2025-02-26,6.26,0.0,33.3,20.2,era5_daily
2025-02-27,6.21,0.0,34.4,19.5,era5_daily
2025-02-28,5.69,0.0,34.4,20.6,era5_daily
2025-03-01,5.91,0.0,34.6,21.5,era5_daily
2025-03-02,6.38,0.0,35.5,22.3,era5_daily
2025-03-03,7.12,0.0,35.6,22.9,era5_daily
2025-03-04,7.19,0.0,35.8,21.7,era5_daily
2025-03-05,7.62,0.0,34.0,21.7,era5_daily
2025-03-06,7.13,0.0,33.6,17.2,era5_daily
2025-03-07,6.43,0.0,34.6,17.7,era5_daily
2025-03-08,5.96,0.0,36.1,19.3,era5_daily
2025-03-09,6.24,0.0,36.1,20.5,era5_daily
2025-03-10,7.4,0.0,36.4,22.7,era5_daily
2025-03-11,6.97,0.0,36.3,21.8,era5_daily
2025-03-12,6.03,0.0,37.0,21.3,era5_daily
2025-03-13,6.96,0.0,37.6,23.6,era5_daily
2025-03-14,6.56,0.0,38.0,22.8,era5_daily
2025-03-15,6.59,0.0,38.0,23.6,era5_daily
2025-03-16,7.48,0.0,37.8,23.4,era5_daily
2025-03-17,6.81,0.0,37.0,23.0,era5_daily
2025-03-18,6.72,0.0,37.8,23.9,era5_daily
2025-03-19,7.57,0.0,38.2,24.6,era5_daily
2025-03-20,6.68,0.0,37.0,24.6,era5_daily
2025-03-21,6.82,0.0,35.7,24.8,era5_daily
2025-03-22,7.07,0.0,35.8,22.4,era5_daily
2025-03-23,5.64,0.0,35.9,22.8,era5_daily
2025-03-24,5.8,0.0,35.9,23.8,era5_daily
2025-03-25,6.25,0.0,37.2,22.6,era5_daily
2025-03-26,7.52,0.0,37.3,24.2,era5_daily
2025-03-27,6.64,0.0,37.5,23.9,era5_daily
2025-03-28,7.44,0.0,38.2,25.0,era5_daily
2025-03-29,6.09,0.0,38.1,25.1,era5_daily
2025-03-30,7.49,0.0,38.5,27.3,era5_daily
2025-03-31,7.51,0.0,39.0,26.7,era5_daily
2025-04-01,6.62,0.0,37.2,26.7,era5_daily
2025-04-02,6.64,0.1,35.7,24.7,era5_daily
2025-04-03,4.8,10.5,34.8,21.8,era5_daily
2025-04-04,5.79,0.0,35.0,20.9,era5_daily
2025-04-05,5.89,0.0,36.1,22.4,era5_daily
2025-04-06,6.93,0.0,38.2,23.0,era5_daily
2025-04-07,7.59,0.0,39.0,25.0,era5_daily
2025-04-08,7.36,0.0,38.7,25.0,era5_daily
2025-04-09,7.37,0.0,39.2,25.5,era5_daily
2025-04-10,7.63,0.0,38.7,26.3,era5_daily
2025-04-11,7.28,0.0,37.9,24.2,era5_daily
2025-04-12,8.21,0.0,38.3,24.4,era5_daily
2025-04-13,7.3,0.0,37.6,23.4,era5_daily
2025-04-14,7.17,0.0,38.1,23.0,era5_daily
2025-04-15,7.1,0.0,39.5,24.8,era5_daily
2025-04-16,7.19,0.0,39.9,25.5,era5_daily
2025-04-17,7.62,0.0,40.1,26.5,era5_daily
2025-04-18,6.3,0.0,39.1,25.4,era5_daily
2025-04-19,7.22,0.0,39.8,26.0,era5_daily
2025-04-20,7.47,0.0,40.6,26.9,era5_daily
2025-04-21,8.24,0.0,40.8,26.8,era5_daily
2025-04-22,6.37,0.0,40.1,26.9,era5_daily
2025-04-23,7.63,0.0,41.4,27.9,era5_daily
2025-04-24,8.09,0.0,41.2,27.2,era5_daily
2025-04-25,7.38,0.0,40.3,28.0,era5_daily
2025-04-26,6.46,0.0,39.0,27.5,era5_daily
2025-04-27,6.74,0.2,36.8,27.0,era5_daily
2025-04-28,7.24,0.0,39.3,26.4,era5_daily
2025-04-29,7.26,0.0,40.6,26.7,era5_daily
2025-04-30,8.49,0.0,41.2,27.7,era5_daily
2025-05-01,8.12,0.0,39.9,27.1,era5_daily
2025-05-02,8.19,0.0,40.9,26.7,era5_daily
2025-05-03,6.99,0.0,40.3,27.4,era5_daily
2025-05-04,8.44,0.0,39.2,25.5,era5_daily
2025-05-05,7.35,0.0,38.8,25.4,era5_daily
2025-05-06,7.21,0.0,38.1,25.8,era5_daily
2025-05-07,7.43,0.0,37.3,24.5,era5_daily
2025-05-08,7.34,0.0,36.2,23.5,era5_daily
2025-05-09,7.31,0.0,36.3,24.5,era5_daily
2025-05-10,6.55,0.0,36.6,25.0,era5_daily
2025-05-11,6.77,0.5,37.0,25.7,era5_daily
2025-05-12,5.47,3.0,37.3,25.5,era5_daily
2025-05-13,5.43,14.4,36.8,23.2,era5_daily
2025-05-14,4.84,1.5,35.4,23.7,era5_daily
2025-05-15,5.62,0.6,34.8,24.3,era5_daily
2025-05-16,5.13,1.4,34.3,23.9,era5_daily
2025-05-17,4.99,0.1,34.4,24.4,era5_daily
2025-05-18,5.04,6.3,35.2,23.6,era5_daily
2025-05-19,5.27,3.0,35.1,23.5,era5_daily
2025-05-20,3.92,5.1,33.9,24.7,era5_daily
2025-05-21,2.79,113.2,29.5,23.7,era5_daily
2025-05-22,3.95,27.2,31.9,23.0,era5_daily
2025-05-23,3.22,33.7,30.4,22.7,era5_daily
2025-05-24,3.55,10.4,29.5,22.8,era5_daily
2025-05-25,4.38,13.3,30.8,22.3,era5_daily
2025-05-26,3.96,24.5,32.7,23.1,era5_daily
2025-05-27,2.92,12.3,30.0,23.4,era5_daily
2025-05-28,3.33,12.3,31.7,22.9,era5_daily
2025-05-29,5.61,0.3,33.4,24.0,era5_daily
2025-05-30,3.96,0.1,31.3,23.9,era5_daily
2025-05-31,6.62,0.0,34.3,22.2,era5_daily
2025-06-01,6.05,0.6,32.8,22.4,era5_daily
2025-06-02,6.39,0.2,32.8,22.4,era5_daily
2025-06-03,6.55,0.0,32.8,22.4,era5_daily
2025-06-04,5.74,1.1,32.3,22.2,era5_daily
2025-06-05,3.69,4.5,30.4,23.0,era5_daily
2025-06-06,5.52,0.1,33.4,22.0,era5_daily
2025-06-07,5.5,0.6,34.3,23.8,era5_daily
2025-06-08,5.84,0.1,34.1,24.9,era5_daily
2025-06-09,6.01,0.8,33.7,24.6,era5_daily
2025-06-10,3.82,0.0,31.0,24.2,era5_daily
2025-06-11,2.74,13.3,29.6,23.6,era5_daily
2025-06-12,4.27,9.4,32.8,23.0,era5_daily
2025-06-13,4.11,8.5,32.4,23.1,era5_daily
2025-06-14,5.31,6.9,33.1,23.3,era5_daily
2025-06-15,4.53,1.8,32.6,23.7,era5_daily
2025-06-16,4.29,3.5,31.1,23.6,era5_daily
2025-06-17,6.39,0.4,32.2,23.2,era5_daily
2025-06-18,5.91,0.4,32.3,23.0,era5_daily
2025-06-19,3.83,13.8,30.6,23.8,era5_daily
2025-06-20,6.05,0.8,32.1,23.2,era5_daily
2025-06-21,5.99,1.2,31.6,22.9,era5_daily
2025-06-22,6.27,0.3,31.7,22.6,era5_daily
2025-06-23,5.83,1.0,31.6,23.0,era5_daily
2025-06-24,4.88,7.0,29.3,23.4,era5_daily
2025-06-25,3.93,6.6,29.6,23.5,era5_daily
2025-06-26,3.73,1.2,29.2,23.5,era5_daily
2025-06-27,4.88,2.1,30.3,23.1,era5_daily
2025-06-28,6.33,0.1,31.8,22.3,era5_daily
2025-06-29,5.39,4.4,30.7,22.9,era5_daily
2025-06-30,4.68,3.4,30.5,22.7,era5_daily
2025-07-01,3.06,13.7,28.7,22.3,era5_daily
2025-07-02,3.59,2.2,29.0,22.3,era5_daily
2025-07-03,4.52,7.6,30.5,22.8,era5_daily
2025-07-04,5.18,2.8,30.5,22.9,era5_daily
2025-07-05,4.81,2.7,29.7,22.9,era5_daily
2025-07-06,5.3,0.6,30.4,23.1,era5_daily
2025-07-07,2.78,7.5,28.2,22.3,era5_daily
2025-07-08,2.18,3.8,26.6,22.1,era5_daily
2025-07-09,3.57,1.2,29.4,22.5,era5_daily
2025-07-10,4.77,0.6,30.6,22.2,era5_daily
2025-07-11,4.81,1.8,30.4,22.2,era5_daily
2025-07-12,5.46,1.4,30.7,22.4,era5_daily
2025-07-13,5.66,1.4,30.9,22.2,era5_daily
2025-07-14,5.27,0.8,30.8,22.6,era5_daily
2025-07-15,4.44,12.7,31.0,23.0,era5_daily
2025-07-16,4.03,1.3,29.8,22.5,era5_daily
2025-07-17,3.81,7.0,29.2,22.3,era5_daily
2025-07-18,3.28,2.2,29.5,22.9,era5_daily
2025-07-19,4.99,0.5,30.6,22.7,era5_daily
2025-07-20,5.07,0.1,31.1,22.7,era5_daily
2025-07-21,4.09,3.6,30.7,23.1,era5_daily
2025-07-22,3.27,12.0,28.8,22.9,era5_daily
2025-07-23,2.56,13.0,27.6,22.3,era5_daily
2025-07-24,1.69,13.3,26.5,21.8,era5_daily
2025-07-25,1.44,25.1,25.1,22.1,era5_daily
2025-07-26,1.06,51.1,23.8,22.4,era5_daily
2025-07-27,4.2,2.7,29.1,22.3,era5_daily
2025-07-28,5.32,0.7,30.0,22.3,era5_daily
2025-07-29,3.76,1.6,27.7,22.9,era5_daily
2025-07-30,3.01,0.9,27.2,22.8,era5_daily
2025-07-31,4.54,1.0,29.1,22.9,era5_daily
2025-08-01,4.89,0.4,29.7,21.4,era5_daily
2025-08-02,4.81,0.9,30.0,21.5,era5_daily
2025-08-03,4.71,1.4,29.7,22.2,era5_daily
2025-08-04,4.66,1.8,30.4,22.1,era5_daily
2025-08-05,3.73,3.4,29.3,22.8,era5_daily
2025-08-06,3.61,7.2,29.1,21.9,era5_daily
2025-08-07,2.87,1.5,28.7,22.7,era5_daily
2025-08-08,1.81,9.2,26.5,22.2,era5_daily
2025-08-09,2.73,8.1,27.9,21.6,era5_daily
2025-08-10,2.86,4.9,27.9,21.6,era5_daily
2025-08-11,4.07,11.1,29.2,21.7,era5_daily
2025-08-12,3.93,4.8,28.5,21.6,era5_daily
2025-08-13,2.71,9.4,27.8,21.7,era5_daily
2025-08-14,2.56,10.7,27.1,21.1,era5_daily
2025-08-15,2.34,16.2,27.0,21.8,era5_daily
2025-08-16,1.53,14.3,25.0,21.8,era5_daily
2025-08-17,3.37,12.7,28.3,21.5,era5_daily
2025-08-18,1.72,20.7,24.6,22.1,era5_daily
2025-08-19,2.63,11.9,26.7,21.6,era5_daily
2025-08-20,3.38,1.8,27.0,22.3,era5_daily
2025-08-21,4.74,0.9,29.6,21.9,era5_daily
2025-08-22,4.74,0.3,29.0,21.5,era5_daily
2025-08-23,5.02,2.4,28.5,21.3,era5_daily
2025-08-24,5.06,0.6,28.9,21.2,era5_daily
2025-08-25,4.63,0.9,28.5,21.0,era5_daily
2025-08-26,2.82,21.2,27.5,22.0,era5_daily
2025-08-27,2.66,21.9,27.6,21.7,era5_daily
2025-08-28,1.28,29.1,25.9,21.7,era5_daily
2025-08-29,2.96,33.3,27.3,21.7,era5_daily
2025-08-30,4.7,0.9,29.9,21.5,era5_daily
2025-08-31,4.03,2.8,28.6,21.7,era5_daily
2025-09-01,3.66,5.7,27.8,22.0,era5_daily
2025-09-02,3.35,0.9,28.2,22.0,era5_daily
2025-09-03,3.92,1.2,27.3,21.3,era5_daily
2025-09-04,4.77,1.1,28.6,20.9,era5_daily
2025-09-05,4.24,1.3,28.3,21.1,era5_daily
2025-09-06,3.7,1.0,27.9,21.9,era5_daily
2025-09-07,4.18,1.2,27.7,20.0,era5_daily
2025-09-08,4.87,0.0,29.2,20.7,era5_daily
2025-09-09,4.52,0.8,28.8,20.7,era5_daily
2025-09-10,4.19,2.2,28.9,21.6,era5_daily
2025-09-11,2.82,1.5,26.8,22.3,era5_daily
2025-09-12,2.6,14.3,27.0,22.0,era5_daily
2025-09-13,3.16,11.9,27.6,22.0,era5_daily
2025-09-14,2.85,20.5,28.3,21.5,era5_daily
2025-09-15,3.17,12.1,28.3,21.5,era5_daily
2025-09-16,3.04,9.2,28.3,21.8,era5_daily
2025-09-17,3.14,19.6,28.1,21.2,era5_daily
2025-09-18,3.44,21.9,28.4,21.6,era5_daily
2025-09-19,3.34,14.8,29.2,21.0,era5_daily
2025-09-20,4.06,3.6,29.7,21.4,era5_daily
2025-09-21,4.03,11.9,29.4,21.5,era5_daily
2025-09-22,3.0,27.5,28.5,21.5,era5_daily
2025-09-23,2.18,9.9,25.4,22.0,era5_daily
2025-09-24,4.55,0.3,28.5,20.9,era5_daily
2025-09-25,2.99,0.2,27.1,21.1,era5_daily
2025-09-26,2.37,33.7,26.3,21.8,era5_daily
2025-09-27,1.14,28.3,25.4,21.8,era5_daily
2025-09-28,2.95,13.2,27.5,21.2,era5_daily
2025-09-29,3.91,0.6,27.7,20.2,era5_daily
2025-09-30,4.41,0.3,28.5,20.5,era5_daily
2025-10-01,4.27,0.4,28.9,20.5,era5_daily
2025-10-02,3.58,0.2,28.4,21.2,era5_daily
2025-10-03,4.26,1.1,28.6,21.4,era5_daily
2025-10-04,3.52,0.9,28.7,22.3,era5_daily
2025-10-05,2.47,5.6,26.9,21.1,era5_daily
2025-10-06,3.19,5.6,28.1,21.6,era5_daily
2025-10-07,4.02,0.7,28.8,20.6,era5_daily
2025-10-08,4.11,0.8,28.6,20.5,era5_daily
2025-10-09,4.84,0.0,28.9,19.8,era5_daily
2025-10-10,4.86,0.0,28.7,18.9,era5_daily
2025-10-11,4.85,0.0,28.6,18.5,era5_daily
2025-10-12,4.68,0.0,28.5,18.4,era5_daily
2025-10-13,4.76,0.0,28.6,18.6,era5_daily
2025-10-14,3.96,2.4,28.7,18.3,era5_daily
2025-10-15,3.72,0.4,29.0,20.1,era5_daily
2025-10-16,4.37,0.1,29.7,20.4,era5_daily
2025-10-17,4.73,0.1,29.9,20.5,era5_daily
2025-10-18,4.6,0.0,29.7,19.8,era5_daily
2025-10-19,4.78,0.0,29.8,20.4,era5_daily
2025-10-20,4.34,1.5,29.4,19.2,era5_daily
2025-10-21,3.7,6.7,29.5,21.0,era5_daily
2025-10-22,4.15,0.4,29.6,21.2,era5_daily
2025-10-23,3.13,1.8,30.4,21.6,era5_daily
2025-10-24,3.01,4.9,28.7,21.7,era5_daily
2025-10-25,2.75,0.2,27.2,21.4,era5_daily
2025-10-26,3.6,0.7,29.3,20.4,era5_daily
2025-10-27,3.91,0.9,29.2,21.1,era5_daily
2025-10-28,2.19,13.2,27.6,21.4,era5_daily
2025-10-29,1.84,16.3,26.5,21.2,era5_daily
2025-10-30,3.75,1.9,28.9,21.8,era5_daily
2025-10-31,3.54,0.2,29.1,19.7,era5_daily
2025-11-01,3.93,1.6,30.4,21.3,era5_daily
2025-11-02,3.14,1.2,29.3,21.7,era5_daily
2025-11-03,3.27,1.0,28.5,21.4,era5_daily
2025-11-04,3.59,1.1,28.7,21.5,era5_daily
2025-11-05,3.58,0.1,27.9,20.4,era5_daily
2025-11-06,4.02,0.0,28.3,19.1,era5_daily
2025-11-07,4.72,0.0,28.3,17.9,era5_daily
2025-11-08,4.72,0.0,27.9,15.7,era5_daily
2025-11-09,4.33,0.0,26.6,14.3,era5_daily
2025-11-10,4.38,0.0,26.9,14.3,era5_daily
2025-11-11,4.45,0.0,27.4,14.3,era5_daily
2025-11-12,4.45,0.0,27.4,15.0,era5_daily
2025-11-13,4.66,0.0,27.5,14.5,era5_daily
2025-11-14,4.44,0.0,26.5,13.0,era5_daily
2025-11-15,4.38,0.0,26.9,13.3,era5_daily
2025-11-16,4.61,0.0,26.4,13.2,era5_daily
2025-11-17,4.51,0.0,26.0,12.9,era5_daily
2025-11-18,4.43,0.0,26.6,12.6,era5_daily
2025-11-19,4.35,0.0,28.0,12.5,era5_daily
2025-11-20,4.53,0.0,27.8,12.5,era5_daily
2025-11-21,4.33,0.0,29.4,14.1,era5_daily
2025-11-22,4.44,0.0,30.4,16.8,era5_daily
2025-11-23,4.2,0.0,30.1,18.5,era5_daily
2025-11-24,4.39,0.0,30.1,19.2,era5_daily
2025-11-25,4.26,0.0,29.0,18.0,era5_daily
2025-11-26,4.36,0.0,28.8,16.7,era5_daily
2025-11-27,4.34,0.0,28.3,16.6,era5_daily
2025-11-28,4.44,0.0,27.1,16.6,era5_daily
2025-11-29,4.38,0.0,26.5,14.5,era5_daily
2025-11-30,4.05,0.0,26.6,14.0,era5_daily
2025-12-01,4.14,0.0,27.6,14.4,era5_daily
2025-12-02,3.78,0.0,27.3,15.1,era5_daily
2025-12-03,4.07,0.0,27.7,14.3,era5_daily
2025-12-04,3.91,0.0,28.0,16.4,era5_daily
2025-12-05,4.52,0.0,27.6,17.2,era5_daily
2025-12-06,4.0,0.0,27.1,15.7,era5_daily
2025-12-07,4.43,0.0,28.2,15.0,era5_daily
2025-12-08,4.48,0.0,27.7,13.1,era5_daily
2025-12-09,4.78,0.0,27.7,12.8,era5_daily
2025-12-10,4.83,0.0,28.0,13.3,era5_daily
2025-12-11,4.46,0.0,27.1,11.7,era5_daily
2025-12-12,4.18,0.0,27.4,11.8,era5_daily
2025-12-13,4.18,0.0,28.0,13.2,era5_daily
2025-12-14,4.34,0.0,28.1,12.6,era5_daily
2025-12-15,4.3,0.0,27.2,13.2,era5_daily
2025-12-16,4.12,0.0,28.2,12.5,era5_daily
2025-12-17,4.22,0.0,29.1,13.2,era5_daily
2025-12-18,4.33,0.0,28.5,12.5,era5_daily
2025-12-19,4.42,0.0,27.6,12.4,era5_daily
2025-12-20,4.34,0.0,26.7,12.2,era5_daily
2025-12-21,4.22,0.0,27.6,12.2,era5_daily
2025-12-22,4.14,0.0,27.5,13.2,era5_daily
2025-12-23,4.27,0.0,26.9,13.2,era5_daily
2025-12-24,4.31,0.0,26.4,12.7,era5_daily
2025-12-25,4.04,0.0,26.9,12.8,era5_daily
2025-12-26,4.13,0.0,26.9,12.7,era5_daily
2025-12-27,4.11,0.0,27.1,13.1,era5_daily
2025-12-28,4.18,0.0,27.0,13.6,era5_daily
2025-12-29,3.95,0.0,27.0,12.7,era5_daily
2025-12-30,3.59,0.0,27.4,12.9,era5_daily
2025-12-31,4.2,0.0,28.3,13.2,era5_daily
2026-01-01,3.97,0.0,28.6,14.6,era5_daily
2026-01-02,3.34,0.0,28.4,16.4,era5_daily
2026-01-03,3.59,0.0,28.1,18.4,era5_daily
2026-01-04,3.77,0.0,27.9,17.7,era5_daily
2026-01-05,4.19,0.0,27.1,15.9,era5_daily
2026-01-06,4.35,0.0,27.1,14.7,era5_daily
2026-01-07,4.5,0.0,27.0,12.7,era5_daily
2026-01-08,4.74,0.0,26.7,12.4,era5_daily
2026-01-09,4.86,0.0,26.2,13.2,era5_daily
2026-01-10,4.87,0.0,26.8,13.5,era5_daily
2026-01-11,4.73,0.0,26.9,14.1,era5_daily
2026-01-12,4.56,0.0,28.1,15.9,era5_daily
2026-01-13,4.0,0.0,29.4,17.5,era5_daily
2026-01-14,3.94,0.2,28.9,18.4,era5_daily
2026-01-15,4.02,0.0,29.2,18.5,era5_daily
2026-01-16,4.28,0.0,29.6,16.3,era5_daily
2026-01-17,4.22,0.0,29.1,16.1,era5_daily
2026-01-18,4.73,0.0,29.7,17.0,era5_daily
2026-01-19,4.4,0.0,29.2,15.9,era5_daily
2026-01-20,4.56,0.0,28.5,15.7,era5_daily
2026-01-21,4.66,0.0,27.8,17.7,era5_daily
2026-01-22,4.59,0.0,28.2,16.8,era5_daily
2026-01-23,4.28,0.0,27.7,15.6,era5_daily
2026-01-24,4.58,0.0,27.8,15.6,era5_daily
2026-01-25,3.83,0.0,28.6,16.8,era5_daily
2026-01-26,4.31,0.0,29.2,18.3,era5_daily
2026-01-27,4.48,0.0,29.6,19.3,era5_daily
2026-01-28,3.8,0.1,28.2,19.0,era5_daily
2026-01-29,4.12,0.0,28.8,18.7,era5_daily
2026-01-30,4.54,0.0,28.5,18.1,era5_daily
2026-01-31,5.0,0.0,28.8,18.1,era5_daily
2026-02-01,4.65,0.0,28.6,16.3,era5_daily
2026-02-02,4.53,0.0,28.5,16.0,era5_daily
2026-02-03,4.42,0.0,28.4,16.9,era5_daily
2026-02-04,4.87,0.0,29.0,17.0,era5_daily
2026-02-05,4.81,0.0,28.8,16.3,era5_daily
2026-02-06,4.95,0.0,29.0,16.6,era5_daily
2026-02-07,4.79,0.0,28.8,16.2,era5_daily
2026-02-08,4.94,0.0,29.3,16.0,era5_daily
2026-02-09,5.01,0.0,29.6,16.1,era5_daily
2026-02-10,4.86,0.0,30.7,16.8,era5_daily
2026-02-11,5.63,0.0,30.7,16.6,era5_daily
2026-02-12,5.48,0.0,31.0,17.0,era5_daily
2026-02-13,5.13,0.0,30.6,17.4,era5_daily
2026-02-14,4.91,0.0,31.0,17.0,era5_daily
2026-02-15,5.1,0.0,30.7,17.9,era5_daily
2026-02-16,5.16,0.0,31.4,18.0,era5_daily
2026-02-17,5.61,0.0,30.9,19.1,era5_daily
2026-02-18,5.38,0.0,30.8,19.6,era5_daily
2026-02-19,5.71,0.0,32.0,20.0,era5_daily
2026-02-20,5.64,0.0,32.1,20.2,era5_daily
2026-02-21,4.92,0.0,31.7,20.8,era5_daily
2026-02-22,4.6,0.3,30.8,21.1,era5_daily
2026-02-23,4.19,0.9,30.1,21.7,era5_daily
2026-02-24,4.49,0.0,30.4,18.4,era5_daily
2026-02-25,3.95,0.0,30.0,19.2,era5_daily
2026-02-26,5.04,0.0,32.1,19.0,era5_daily
2026-02-27,5.15,0.0,32.3,18.9,era5_daily
2026-02-28,5.49,0.0,32.5,19.2,era5_daily
2026-03-01,5.48,0.0,32.5,20.0,era5_daily
2026-03-02,5.82,0.0,33.6,20.6,era5_daily
2026-03-03,5.91,0.0,33.7,20.5,era5_daily
2026-03-04,6.09,0.0,33.8,19.5,era5_daily
2026-03-05,6.2,0.0,33.7,18.6,era5_daily
2026-03-06,6.23,0.0,34.3,18.8,era5_daily
2026-03-07,6.36,0.0,35.0,19.2,era5_daily
2026-03-08,6.43,0.0,35.4,20.3,era5_daily
2026-03-09,6.61,0.0,35.0,19.6,era5_daily
2026-03-10,6.66,0.0,35.1,20.4,era5_daily
2026-03-11,6.41,0.0,35.2,20.9,era5_daily
2026-03-12,6.39,0.0,36.2,20.9,era5_daily
2026-03-13,5.71,0.0,35.6,21.5,era5_daily
2026-03-14,6.85,0.0,36.2,24.4,era5_daily
2026-03-15,5.52,0.0,35.6,23.5,era5_daily
2026-03-16,6.0,0.0,34.6,22.6,era5_daily
2026-03-17,5.83,1.0,34.0,22.5,era5_daily
2026-03-18,6.21,0.0,32.3,20.0,era5_daily
2026-03-19,5.63,0.5,32.3,20.6,era5_daily
2026-03-20,5.28,0.1,32.3,18.8,era5_daily
2026-03-21,6.46,0.0,32.5,21.2,era5_daily
2026-03-22,6.39,0.0,33.3,20.7,era5_daily
2026-03-23,5.81,0.0,34.4,20.8,era5_daily
2026-03-24,5.86,0.0,34.4,22.5,era5_daily
2026-03-25,5.85,0.0,35.9,22.4,era5_daily
2026-03-26,6.48,0.0,36.8,22.0,era5_daily
2026-03-27,6.01,0.6,36.5,23.4,era5_daily
2026-03-28,7.01,0.0,36.4,24.2,era5_daily
2026-03-29,7.13,0.0,36.4,24.1,era5_daily
2026-03-30,6.19,0.1,36.1,24.8,era5_daily
2026-03-31,5.52,0.0,34.5,21.7,era5_daily
2026-04-01,5.62,0.2,35.3,22.2,era5_daily
2026-04-02,5.92,0.9,34.8,21.5,era5_daily
2026-04-03,6.06,0.0,35.2,21.0,era5_daily
2026-04-04,5.56,0.0,32.7,22.8,era5_daily
2026-04-05,7.53,0.0,35.7,23.7,era5_daily
2026-04-06,7.36,0.0,34.3,21.5,era5_daily
2026-04-07,7.53,0.0,34.6,22.5,era5_daily
2026-04-08,7.57,0.0,36.2,22.3,era5_daily
2026-04-09,6.76,0.0,35.3,23.1,era5_daily
2026-04-10,7.14,0.0,36.3,23.9,era5_daily
2026-04-11,6.45,0.0,37.7,24.0,era5_daily
2026-04-12,6.27,0.0,38.8,24.9,era5_daily
2026-04-13,7.18,0.0,39.4,25.8,era5_daily
2026-04-14,8.5,0.0,39.7,27.1,era5_daily
2026-04-15,7.0,0.0,39.4,24.6,era5_daily
2026-04-16,7.18,0.0,39.5,24.9,era5_daily
2026-04-17,7.24,0.0,39.6,25.6,era5_daily
2026-04-18,7.0,0.0,39.5,27.8,era5_daily
2026-04-19,7.04,0.2,40.3,27.5,era5_daily
2026-04-20,6.6,0.5,38.5,24.5,era5_daily
2026-04-21,6.55,0.0,37.9,25.8,era5_daily
2026-04-22,6.78,0.0,38.6,24.6,era5_daily
2026-04-23,7.6,0.0,39.3,26.0,era5_daily
2026-04-24,6.67,0.0,38.5,26.4,era5_daily
2026-04-25,7.4,0.0,39.5,26.5,era5_daily
2026-04-26,6.88,0.0,39.6,28.0,era5_daily
2026-04-27,8.04,0.0,40.5,28.1,era5_daily
2026-04-28,7.92,0.0,40.2,27.8,era5_daily
2026-04-29,7.7,0.0,39.9,26.9,era5_daily
2026-04-30,8.7,0.0,40.3,26.8,era5_daily
2026-05-01,8.62,0.0,38.7,25.6,era5_daily
2026-05-02,8.63,0.0,40.4,26.3,era5_daily
2026-05-03,8.79,0.0,39.8,26.6,era5_daily
2026-05-04,8.93,0.0,39.4,25.9,era5_daily
2026-05-05,7.6,0.0,37.5,26.0,era5_daily
2026-05-06,7.88,0.0,37.7,27.8,era5_daily
2026-05-07,6.6,0.6,36.2,25.9,era5_daily
2026-05-08,6.4,0.2,36.7,25.1,era5_daily
2026-05-09,6.98,0.0,37.3,26.3,era5_daily
2026-05-10,7.8,0.2,39.3,25.9,era5_daily
2026-05-11,8.12,0.0,40.5,27.4,era5_daily
2026-05-12,8.52,0.0,40.5,28.9,era5_daily
2026-05-13,7.45,0.7,38.7,26.4,era5_daily
2026-05-14,6.98,0.5,39.0,26.8,era5_daily
2026-05-15,6.4,0.5,37.8,26.9,era5_daily
2026-05-16,8.1,0.0,39.3,26.8,era5_daily
2026-05-17,7.99,0.0,39.8,28.2,era5_daily
2026-05-18,7.92,0.0,40.3,29.2,era5_daily
2026-05-19,7.69,0.1,39.6,29.1,era5_daily
2026-05-20,8.11,0.0,39.2,28.7,era5_daily
2026-05-21,7.42,0.0,39.0,29.0,era5_daily
2026-05-22,7.71,0.2,38.1,28.8,era5_daily
2026-05-23,7.36,0.9,36.1,27.3,era5_daily
2026-05-24,7.69,0.0,37.1,26.4,era5_daily
2026-05-25,7.17,0.6,37.1,26.8,era5_daily
2026-05-26,6.38,1.6,35.8,26.8,era5_daily
2026-05-27,7.34,0.8,34.9,26.4,era5_daily
2026-05-28,7.59,0.0,37.4,26.7,era5_daily
2026-05-29,8.47,0.0,38.1,26.2,era5_daily
2026-05-30,7.96,0.0,36.3,25.8,era5_daily
2026-05-31,8.38,0.0,37.4,26.6,era5_daily
2026-06-01,7.15,0.6,37.2,27.1,era5_daily
2026-06-02,6.1,0.2,35.7,25.5,era5_daily
2026-06-03,6.81,0.0,35.3,27.0,era5_daily
2026-06-04,5.56,1.0,34.4,24.6,era5_daily
2026-06-05,6.7,0.6,34.6,26.4,era5_daily
2026-06-06,6.48,2.5,35.1,23.2,era5_daily
2026-06-07,5.96,0.1,34.6,26.2,era5_daily
2026-06-08,4.37,4.1,31.5,24.6,era5_daily
2026-06-09,6.18,2.8,34.7,26.4,era5_daily
2026-06-10,7.24,0.3,34.8,25.5,era5_daily
2026-06-11,7.39,0.0,36.3,25.1,era5_daily
2026-06-12,7.53,0.0,35.6,25.4,era5_daily
2026-06-13,6.7,0.0,35.4,25.7,era5_daily
2026-06-14,7.78,0.0,35.3,25.0,era5_daily
2026-06-15,7.46,0.0,35.3,25.0,era5_daily
2026-06-16,7.55,0.0,35.7,25.3,era5_daily
2026-06-17,7.56,0.0,35.5,26.1,era5_daily
2026-06-18,6.59,0.0,34.9,26.4,era5_daily
2026-06-19,7.19,0.1,35.1,26.5,era5_daily
2026-06-20,7.25,0.2,35.1,27.3,era5_daily
2026-06-21,6.88,0.9,35.8,27.0,era5_daily
2026-06-22,6.98,3.0,35.0,26.6,era5_daily
2026-06-23,5.9,7.1,32.3,22.6,era5_daily
2026-06-24,4.1,1.8,28.8,23.3,era5_daily
2026-06-25,4.22,11.1,30.8,23.8,era5_daily
2026-06-26,5.05,2.9,32.1,24.3,era5_daily
2026-06-27,4.39,7.3,31.4,23.8,era5_daily
2026-06-28,4.42,6.7,31.2,23.9,era5_daily
2026-06-29,4.72,4.6,31.3,23.6,era5_daily
2026-06-30,4.41,6.9,30.7,23.1,era5_daily
2026-07-01,3.36,6.5,29.0,23.3,era5_daily
2026-07-02,3.61,4.5,29.8,22.8,era5_daily
2026-07-03,2.12,5.9,26.6,23.1,era5_daily
2026-07-04,1.86,12.6,25.3,22.5,era5_daily
2026-07-05,2.43,12.0,26.7,22.7,era5_daily
2026-07-06,3.11,13.3,29.5,22.9,era5_daily
2026-07-07,3.88,12.8,29.5,23.2,era5_daily
2026-07-08,4.62,5.8,31.0,23.4,era5_daily
2026-07-09,5.28,0.8,31.0,23.4,era5_daily
2026-07-10,5.84,0.5,31.6,23.0,era5_daily
2026-07-11,5.99,0.0,31.4,23.1,era5_daily
2026-07-12,6.13,0.0,32.3,22.8,era5_daily
2026-07-13,6.95,0.0,32.6,22.8,era5_daily
2026-07-14,6.16,0.0,31.6,22.3,era5_daily
2026-07-15,5.41,2.8,29.9,23.2,era5_daily
2026-07-16,5.66,16.9,31.9,22.8,era5_daily
2026-07-17,4.12,6.1,31.1,23.2,era5_daily
2026-07-18,2.86,10.9,27.9,22.9,era5_daily
2026-07-19,4.3,20.7,29.4,22.8,era5_daily
2026-07-20,3.76,12.5,29.5,22.8,era5_daily
2026-07-21,2.24,11.3,27.5,22.8,era5_daily
2026-07-22,2.67,9.1,26.1,22.4,era5_daily
2026-07-23,4.06,1.6,28.0,22.3,era5_daily
2026-07-24,6.14,1.3,30.9,22.8,era5_daily
2026-07-25,5.08,5.0,31.0,23.1,era5_daily
2026-07-26,4.5,12.0,30.4,23.4,era5_daily
2026-07-27,3.03,10.9,26.7,23.4,era5_daily
2026-07-28,3.81,9.7,28.5,22.8,era5_daily
2026-07-29,2.05,13.3,26.9,23.1,era5_daily
2026-07-30,1.55,28.5,24.5,23.4,era5_daily
2026-07-31,4.06,16.3,28.9,22.8,era5_daily
2026-08-01,5.53,1.5,30.7,22.7,era5_daily
2026-08-02,5.06,8.0,30.5,23.6,era5_daily
2026-08-03,3.84,13.2,29.4,23.5,era5_daily
2026-08-04,3.75,8.5,29.0,22.7,era5_daily
2026-08-05,3.91,3.8,29.2,23.5,era5_daily
2026-08-06,4.36,7.1,28.6,22.8,era5_daily
2026-08-07,5.1,2.9,30.4,23.0,era5_daily
2026-08-08,5.12,1.9,30.2,22.4,era5_daily
2026-08-09,5.39,0.5,30.4,22.5,era5_daily
2026-08-10,5.28,2.5,30.4,22.6,era5_daily
2026-08-11,4.89,5.7,30.2,22.0,era5_daily
2026-08-12,3.95,6.7,29.2,22.6,era5_daily
2026-08-13,4.91,4.9,29.9,22.3,era5_daily
2026-08-14,4.6,1.9,29.2,22.2,era5_daily
2026-08-15,4.65,2.1,28.8,22.5,era5_daily
2026-08-16,4.82,0.4,29.1,22.7,era5_daily
2026-08-17,4.8,1.2,28.9,23.2,era5_daily
2026-08-18,4.26,4.3,28.9,22.5,era5_daily
2026-08-19,3.39,6.1,27.7,22.5,era5_daily
2026-08-20,4.96,0.7,29.2,22.5,era5_daily
2026-08-21,5.33,0.1,29.8,21.8,era5_daily
2026-08-22,4.92,6.1,29.0,22.4,era5_daily
2026-08-23,3.9,11.8,29.5,22.7,era5_daily
2026-08-24,4.95,1.0,30.2,22.5,era5_daily
2026-08-25,4.56,8.6,29.1,22.6,era5_daily
2026-08-26,5.27,1.4,29.8,22.1,era5_daily
2026-08-27,5.38,0.4,29.7,22.3,era5_daily
2026-08-28,5.3,0.9,29.6,22.2,era5_daily
2026-08-29,5.43,1.5,29.3,22.3,era5_daily
2026-08-30,4.7,0.3,28.4,21.9,era5_daily
2026-08-31,4.68,0.2,29.3,22.6,era5_daily
2026-09-01,4.93,1.1,29.6,21.8,era5_daily
2026-09-02,4.74,3.0,30.1,22.2,era5_daily
2026-09-03,3.54,0.2,28.2,23.0,era5_daily
2026-09-04,4.58,1.7,29.3,22.6,era5_daily
2026-09-05,5.14,1.9,30.2,22.1,era5_daily
2026-09-06,5.15,2.4,30.4,22.1,era5_daily
2026-09-07,5.32,0.7,30.4,22.8,era5_daily
2026-09-08,5.32,0.6,30.4,22.6,era5_daily
2026-09-09,5.16,0.8,30.1,22.8,era5_daily
2026-09-10,5.14,1.1,29.7,23.2,era5_daily
2026-09-11,5.36,0.8,30.3,23.3,era5_daily
2026-09-12,3.83,7.7,29.1,23.8,era5_daily
2026-09-13,2.5,3.9,28.3,22.4,era5_daily
2026-09-14,3.89,0.0,29.1,22.7,era5_daily
2026-09-15,5.28,0.0,30.8,22.4,era5_daily
2026-09-16,5.06,1.6,31.4,22.9,era5_daily
2026-09-17,5.11,0.4,31.5,24.1,era5_daily
2026-09-18,4.45,9.1,30.7,22.0,era5_daily
2026-09-19,4.94,2.1,31.4,23.4,era5_daily
2026-09-20,4.52,2.7,31.3,22.7,era5_daily
2026-09-21,4.08,5.6,31.4,22.5,era5_daily
2026-09-22,4.51,7.9,31.6,23.3,era5_daily
2026-09-23,4.73,8.3,30.0,22.6,era5_daily
2026-09-24,5.85,2.1,31.0,24.0,era5_daily
2026-09-25,6.31,0.5,31.5,24.1,era5_daily
2026-09-26,5.93,0.2,31.3,22.4,era5_daily
2026-09-27,5.27,0.0,31.9,22.0,era5_daily
2026-09-28,4.94,0.0,31.9,21.9,era5_daily
2026-09-29,4.44,0.0,30.5,23.0,era5_daily
2026-09-30,4.57,0.1,30.9,22.1,era5_daily
