tree
version=v4
num_class=1
num_tree_per_iteration=1
label_index=0
max_feature_idx=12
objective=quantile
feature_names=Column_0 Column_1 Column_2 Column_3 Column_4 Column_5 Column_6 Column_7 Column_8 Column_9 Column_10 Column_11 Column_12
feature_infos=[1:1035] [0:1064] [0.5:1048.5] [-835:799] [20.020621767519373:1011.2374798422712] [0.026352785036242474:1.3] [0:1.3] [15.1:41.5] [0:100] [0:101] [7:19] [-0.9999994220246925:0.99998555065071859] [-0.99997919295908233:0.9999907524084426]
tree_sizes=951 920 918 1004 1178 1181 1246 1172 1165 1263 1251 1339 1175 1253 1257 1352 1437 1425 1355 1263 1429 1439 1441 1355 1449 1433 1447 1438 1439 1432 1432 1454 1437 1446 1434 1447 1451 1448 1451 1451 1439 1448 1450 1439 1447 1456 1445 1440 1462 1438 1451 1463 1460 1440 1449 1459 1452 1463 1449 1451 1461 1440 1455 1464 1452 1445 1456 1456 1465 1449 1457 1460 1458 1453 1458 1456 1465 1464 1463 1460 1462 1462 1475 1460 1450 1466 1459 1454 1472 1465 1456 1458 1454 1467 1469 1464 1468 1466 1474 1460 1463 1461 1480 1456 1474 1462 1469 1482 1471 1479 1475 1472 1473 1463 1461 1461 1469 1476 1466 1466 1468 1457 1485 1478 1462 1457 1470 1468 1459 1464 1466 1462 1470 1459 1466 1472 1488 1474 1462 1459 1460 1475 1470 1478 1482 1488 1479 1458 1478 1475 1474 1478 1474 1465 1488 1472 1461 1472 1473 1489 1492 1481 1459 1469 1459 1464 1470 1483 1457 1492 1473 1481 1484 1478 1472 1471 1479 1476 1465 1470 1469 1470 1467 1466 1469 1468 1475 1464 1480 1473 1481 1473 1476 1467 1468 1485 1475 1485 1477 1485 1485 1488 1493 1472 1458 1481 1478 1464 1478 1488 1468 1493 1476 1472 1478 1462 1479 1479 1473 1486 1481 1472 1476 1471 1477 1471 1470 1488 1471 1461 1502 1481 1472 1491 1473 1472 1473 1476 1476 1478 1486 1478 1475 1481 1474 1484 1465 1481 1482 1474

Tree=0
num_leaves=10
num_cat=0
split_feature=2 4 0 2 1 4 4 0 4
split_gain=157.178 9.00397 5.7336 4.87955 1.59133 0.53549 0.492359 0.233145 0.00400798
threshold=846.25000000000011 849.52888445713825 667.50000000000011 892.50000000000011 829.50000000000011 936.78146606973735 942.95690484500403 562.50000000000011 833.85917298483071
decision_type=2 2 2 2 2 2 2 2 2
left_child=1 4 6 -2 8 -4 7 -3 -1
right_child=3 2 5 -5 -6 -7 -8 -9 -10
leaf_value=802.44491882324223 811.98491766452787 805.13491660356522 810.39491839408879 815.81491852998738 809.29491882324214 812.26991828083987 810.00991806387901 808.82491843700404 806.49491882324219
leaf_weight=2495 109 134 91 247 86 92 92 82 106
leaf_count=2495 109 134 91 247 86 92 92 82 106
internal_value=809.1 809.096 809.103 809.131 809.095 809.109 809.098 809.097 809.095
internal_weight=3534 3178 491 356 2687 183 308 216 2601
internal_count=3534 3178 491 356 2687 183 308 216 2601
is_linear=0
shrinkage=1


Tree=1
num_leaves=9
num_cat=0
split_feature=2 4 2 0 2 4 0 4
split_gain=157.979 7.9269 7.56516 4.88264 0.891553 0.663364 0.151088 0.0338684
threshold=846.25000000000011 857.87214530961626 892.50000000000011 667.50000000000011 798.25000000000011 942.95690484500403 553.50000000000011 833.85917298483071
decision_type=2 2 2 2 2 2 2 2
left_child=1 4 -2 5 7 6 -3 -1
right_child=2 3 -4 -5 -6 -7 -8 -9
leaf_value=-6.752248880863192 2.6207539904117598 -3.2167470127344133 6.4442537719011286 1.986503156125548 -0.020495932281072271 0.95950268059968957 -0.42124629855155721 -2.4747459411621096
leaf_weight=2467 107 125 254 157 104 100 80 130
leaf_count=2467 107 125 254 157 104 100 80 130
internal_value=-0.000104847 -0.00369792 0.0309973 0.00233405 -0.00473208 -0.00137097 -0.00297619 -0.00491353
internal_weight=3524 3163 361 462 2701 305 205 2597
internal_count=3524 3163 361 462 2701 305 205 2597
is_linear=0
shrinkage=0.05


Tree=2
num_leaves=9
num_cat=0
split_feature=2 4 2 1 7 0 4 4
split_gain=144.862 9.22036 5.71377 5.12106 3.97648 0.493414 0.316068 0.0393307
threshold=846.25000000000011 937.5897793046471 892.50000000000011 839.50000000000011 27.950000000000003 788.50000000000011 930.41410571168501 833.85917298483071
decision_type=2 2 2 2 2 2 2 2
left_child=1 3 -2 5 -3 6 7 -1
right_child=2 4 -4 -5 -6 -7 -8 -9
leaf_value=-6.8346334971189551 2.564715247809886 -2.2959091934146905 6.1320410856902585 0.43360387175104842 2.7871781175285606 -0.10122124706804812 -2.4959085374179519 -1.696009370088575
leaf_weight=2434 110 81 252 136 137 87 101 204
leaf_count=2434 110 81 252 136 137 87 101 204
internal_value=-7.33026e-05 -0.00350079 0.029673 -0.00423323 0.00632287 -0.00469092 -0.00480867 -0.00491487
internal_weight=3542 3180 362 2962 218 2826 2739 2638
internal_count=3542 3180 362 2962 218 2826 2739 2638
is_linear=0
shrinkage=0.05


Tree=3
num_leaves=10
num_cat=0
split_feature=0 1 1 4 11 4 0 0 4
split_gain=130.082 14.8785 8.1806 3.4086 2.68731 0.583909 0.54144 0.283215 0.0518203
threshold=830.50000000000011 854.50000000000011 920.50000000000011 936.78146606973735 0.44505654568748165 849.52888445713825 596.50000000000011 788.50000000000011 833.85917298483071
decision_type=2 2 2 2 2 2 2 2 2
left_child=1 3 -2 5 -3 7 -7 8 -1
right_child=2 4 -4 -5 -6 6 -8 -9 -10
leaf_value=-6.4429018222630079 2.757819285561891 1.0645982174046684 5.9304393306210619 0.98335325551884289 2.8223913789724655 -3.1937882770798183 0.054099158799422488 -0.22347743713322679 -2.2512085654139469
leaf_weight=2435 104 121 231 146 87 122 80 80 110
leaf_count=2435 104 121 231 146 87 122 80 80 110
internal_value=-0.000207329 -0.00334432 0.0291912 -0.00425286 0.00943662 -0.00463807 -0.00198068 -0.0048384 -0.00493137
internal_weight=3516 3181 335 2973 208 2827 202 2625 2545
internal_count=3516 3181 335 2973 208 2827 202 2625 2545
is_linear=0
shrinkage=0.05


Tree=4
num_leaves=12
num_cat=0
split_feature=2 2 4 8 11 7 4 5 4 2 4
split_gain=127.648 11.0717 4.60125 2.8574 2.08975 1.98958 0.708416 0.675933 0.0495777 0.0825789 0.00984058
threshold=872.25000000000011 798.25000000000011 936.78146606973735 42.500000000000007 0.92922379131507438 28.050000000000004 847.51349318006908 0.69201011679019586 785.90021720951665 607.00000000000011 827.3632695465127
decision_type=2 2 2 2 2 2 2 2 2 2 2
left_child=1 2 6 -3 -2 -4 8 -8 -1 -10 -11
right_child=4 3 5 -5 -6 -7 7 -9 9 10 -12
leaf_value=-6.9707567311498568 5.5226988270916451 0.0035896905844253982 -1.9002133416428819 2.0003604183418759 5.1489172246151389 1.898652222736416 -2.3824197762915542 0.45190601254561485 -6.3336482074767337 -0.52052091876738582 -1.8528466844808726
leaf_weight=2229 164 114 89 141 118 101 150 81 194 80 86
leaf_count=2229 164 114 89 141 118 101 150 81 194 80 86
internal_value=-0.000474382 -0.00327982 -0.00412935 0.00663461 0.0314983 0.00333333 -0.00463717 -0.00192797 -0.00487471 -0.00410959 -0.00309942
internal_weight=3547 3265 3010 255 282 190 2820 231 2589 360 166
internal_count=3547 3265 3010 255 282 190 2820 231 2589 360 166
is_linear=0
shrinkage=0.05


Tree=5
num_leaves=12
num_cat=0
split_feature=2 2 4 11 8 7 1 4 0 0 4
split_gain=118.145 11.0457 4.22715 3.29731 1.97788 1.42976 0.66403 0.395581 0.298338 0.0542777 0.00446977
threshold=886.25000000000011 816.75000000000011 936.78146606973735 0.92922379131507438 35.500000000000007 27.950000000000003 829.50000000000011 857.87214530961626 540.50000000000011 768.50000000000011 833.85917298483071
decision_type=2 2 2 2 2 2 2 2 2 2 2
left_child=1 2 6 -2 -3 -4 7 9 -9 10 -1
right_child=3 4 5 -5 -6 -7 -8 8 -10 -11 -12
leaf_value=-6.6584763660667328 5.6377818934461805 0.039216173373790686 -1.7986889020981267 4.916471369344845 2.5339671164458828 1.5180695088055076 -0.018302249003423796 -4.3723028598104294 -0.1789725890092777 -0.52221906747394287 -3.3260057743089817
leaf_weight=2406 149 80 86 113 117 116 103 89 81 101 102
leaf_count=2406 149 80 86 113 117 116 103 89 81 101 102
internal_value=-0.000751129 -0.00334906 -0.00408547 0.031236 0.00799505 0.00285024 -0.00457569 -0.00472162 -0.00228572 -0.00487567 -0.00493036
internal_weight=3543 3281 3084 262 197 202 2882 2779 170 2609 2508
internal_count=3543 3281 3084 262 197 202 2882 2779 170 2609 2508
is_linear=0
shrinkage=0.05


Tree=6
num_leaves=13
num_cat=0
split_feature=2 2 4 1 7 8 0 4 8 4 0 1
split_gain=99.1489 8.52038 4.21454 3.50809 1.10589 1.06394 0.922596 0.824508 0.257623 0.19801 0.0212963 0.0232294
threshold=881.25000000000011 816.75000000000011 937.5897793046471 949.50000000000011 28.050000000000004 42.500000000000007 716.50000000000011 785.90021720951665 32.500000000000007 833.85917298483071 557.50000000000011 410.50000000000006
decision_type=2 2 2 2 2 2 2 2 2 2 2 2
left_child=1 2 6 -2 -4 -3 9 -8 -5 -1 11 -11
right_child=3 5 4 8 -6 -7 7 -9 -10 10 -12 -13
leaf_value=-7.3073057475408127 2.0841149252327655 0.12737004571288466 -1.101960940692855 5.9351723885391108 1.6933986069089322 2.4852697646290514 -0.89474070305233289 0.12086548120400663 4.3011658369562982 -5.2136830509008236 -0.94988716032338039 -2.0446833273981593
leaf_weight=2309 96 85 81 80 107 102 122 127 93 81 139 80
leaf_count=2309 96 85 81 80 107 102 122 127 93 81 139 80
internal_value=-0.000943828 -0.00338635 -0.00402491 0.027938 0.00316062 0.00684896 -0.00450227 -0.00155512 0.0325 -0.00478003 -0.00344262 -0.00394578
internal_weight=3502 3233 3046 269 188 187 2858 249 173 2609 300 161
internal_count=3502 3233 3046 269 188 187 2858 249 173 2609 300 161
is_linear=0
shrinkage=0.05


Tree=7
num_leaves=12
num_cat=0
split_feature=2 4 1 0 1 4 8 5 0 10 4
split_gain=99.3046 9.40792 4.13913 3.79594 2.88425 1.01607 0.692194 0.608175 0.133695 0.107785 0.00499228
threshold=881.25000000000011 857.87214530961626 949.50000000000011 676.50000000000011 824.50000000000011 942.95690484500403 33.500000000000007 0.82773880820499135 768.50000000000011 12.500000000000002 833.85917298483071
decision_type=2 2 2 2 2 2 2 2 2 2 2
left_child=1 4 -2 5 8 9 -4 -5 10 -3 -1
right_child=2 3 6 7 -6 -7 -8 -9 -10 -11 -12
leaf_value=-6.0603047539161921 2.0481981094739323 -0.81928000093628006 5.6700855306583886 0.88439320138458377 0.22487131296031315 1.1574957882182944 3.9756542081024424 2.451861411290909 -0.42637101931487109 -2.2725676115938351 -2.4727153825380705
leaf_weight=2389 98 81 93 113 139 101 90 102 96 125 101
leaf_count=2389 98 81 93 113 139 101 90 102 96 125 101
internal_value=-0.000818003 -0.00330105 0.0274301 0.00282732 -0.00447802 -0.000753206 0.0321011 0.00784091 -0.00485527 -0.00274882 -0.00492986
internal_weight=3528 3247 281 522 2725 307 183 215 2586 206 2490
internal_count=3528 3247 281 522 2725 307 183 215 2586 206 2490
is_linear=0
shrinkage=0.05


Tree=8
num_leaves=12
num_cat=0
split_feature=2 4 1 0 1 4 4 2 2 10 4
split_gain=91.5901 9.08061 5.01464 3.38276 2.24323 0.87897 0.83402 0.440068 0.342724 0.0954685 0.00287168
threshold=872.25000000000011 857.87214530961626 949.50000000000011 676.50000000000011 829.50000000000011 977.37776623003322 942.95690484500403 804.25000000000011 776.25000000000011 13.500000000000002 832.92997535222605
decision_type=2 2 2 2 2 2 2 2 2 2 2
left_child=1 4 -2 6 8 -4 9 -5 10 -3 -1
right_child=2 3 5 7 -6 -7 -8 -9 -10 -11 -12
leaf_value=-5.3209145512161804 2.0497981856379632 -0.6387588637819539 4.090384928759585 1.2124746911800826 0.16111353231983494 5.2956304321032412 1.1616502247790443 2.2691445010626046 -0.26626360254308179 -2.1589391581547859 -2.2157177819952261
leaf_weight=2399 106 92 93 89 130 80 104 106 95 105 105
leaf_count=2399 106 92 93 89 130 80 104 106 95 105 105
internal_value=-0.000974638 -0.00336687 0.02625 0.00283433 -0.00449708 0.0316573 -0.000506537 0.007875 -0.00481759 -0.00240099 -0.00493025
internal_weight=3504 3225 279 496 2729 173 301 195 2599 197 2504
internal_count=3504 3225 279 496 2729 173 301 195 2599 197 2504
is_linear=0
shrinkage=0.05


Tree=9
num_leaves=13
num_cat=0
split_feature=2 1 2 0 1 5 3 0 8 2 6 10
split_gain=90.5904 5.83473 3.21609 2.20754 1.21053 0.634314 0.604967 0.219241 0.43066 0.0760388 0.748556 0.560857
threshold=872.25000000000011 821.50000000000011 934.25000000000011 785.50000000000011 895.50000000000011 0.85382961323506079 293.50000000000006 682.50000000000011 39.500000000000007 381.75000000000006 0.68621036111737699 13.500000000000002
decision_type=2 2 2 2 2 2 2 2 2 2 2 2
left_child=1 3 -2 6 5 -3 7 9 -9 -1 11 -11
right_child=2 4 -4 -5 -6 -7 -8 8 -10 10 -12 -13
leaf_value=-18.286724885761544 2.0267249243780139 -0.24911717510578382 4.6472751004953663 1.0555974079224313 1.6774139367968446 0.24503030816167792 -1.805166833270583 -1.0660273178419979 -0.24486894048047247 0.60124242989200527 -4.3017239622721588 -3.5233864544621847
leaf_weight=1471 132 98 148 85 105 139 125 128 99 80 815 96
leaf_count=1471 132 98 148 85 105 139 125 128 99 80 815 96
internal_value=-0.00106495 -0.00343654 0.0259649 -0.00416495 0.00270893 0.000681817 -0.00440582 -0.00456385 -0.00295259 -0.00470612 -0.00427209 -0.00127072
internal_weight=3521 3241 280 2899 342 237 2814 2689 227 2462 991 176
internal_count=3521 3241 280 2899 342 237 2814 2689 227 2462 991 176
is_linear=0
shrinkage=0.05


Tree=10
num_leaves=13
num_cat=0
split_feature=2 4 1 10 7 1 8 7 3 4 4 0
split_gain=83.9251 8.45979 4.40833 3.61219 4.53862 1.60121 1.3282 1.12322 0.484703 0.186827 0.0929628 0.152718
threshold=886.25000000000011 839.68203413647791 949.50000000000011 13.500000000000002 30.450000000000003 809.50000000000011 33.500000000000007 28.050000000000004 -37.499999999999993 922.98397333077685 785.90021720951665 533.50000000000011
decision_type=2 2 2 2 2 2 2 2 2 2 2 2
left_child=1 5 -2 4 7 10 -4 -3 -7 -5 -1 -12
right_child=2 3 6 9 -6 8 -8 -9 -10 -11 11 -13
leaf_value=-5.3630340061842929 1.6594239106932207 -1.1764655676681182 4.9135020047466531 -1.777414154644086 2.9605206647209639 0.31668607222407885 3.5829222488111938 0.77682090452388586 -0.073677121885985242 -1.0066553994812375 -5.167654815366836 -0.54517802554606265
leaf_weight=2194 86 130 91 105 104 80 87 146 81 145 147 112
leaf_count=2194 86 130 91 105 104 80 87 146 81 145 147 112
internal_value=-0.00107885 -0.00329948 0.0257621 0.00188976 0.00493506 -0.00455136 0.0303825 0.00149466 0.000271083 -0.0027451 -0.00486778 -0.00376894
internal_weight=3508 3244 264 630 380 2614 178 276 161 250 2453 259
internal_count=3508 3244 264 630 380 2614 178 276 161 250 2453 259
is_linear=0
shrinkage=0.05


Tree=11
num_leaves=14
num_cat=0
split_feature=2 4 1 8 5 2 2 11 10 5 10 1 4
split_gain=72.8614 8.62647 4.13557 2.88735 2.69238 1.90385 1.32969 1.14599 1.30102 0.991649 1.7183 0.254014 0.0208514
threshold=886.25000000000011 857.87214530961626 949.50000000000011 33.500000000000007 0.82773880820499135 722.75000000000011 381.75000000000006 -0.85227431625818906 13.500000000000002 1.0722333320854254 12.500000000000002 719.50000000000011 831.29122746486269
decision_type=2 2 2 2 2 2 2 2 2 2 2 2 2
left_child=1 5 -2 -4 6 11 -3 -8 -9 10 -7 12 -1
right_child=2 4 3 -5 -6 9 7 8 -10 -11 -12 -13 -14
leaf_value=-8.171630925232547 1.5114527115822796 -6.5690298054701337 4.6699706964833005 3.5772297336159093 2.1729182418980777 0.2884239729484202 -0.55598073816369142 1.5696383848505755 -0.062549629805093099 -0.69255356133817836 -0.50585545772802332 -1.0716311159674092 -2.6200162487335832
leaf_weight=2152 89 97 90 85 112 140 112 124 93 100 89 161 80
leaf_count=2152 89 97 90 85 112 140 112 124 93 100 89 161 80
internal_value=-0.0011108 -0.00316999 0.0239033 0.0284722 0.00259668 -0.00431243 0.000742458 0.00226048 0.00434685 -0.000733534 0.00108974 -0.00480192 -0.00494412
internal_weight=3524 3260 264 175 538 2722 426 329 217 329 229 2393 2232
internal_count=3524 3260 264 175 538 2722 426 329 217 329 229 2393 2232
is_linear=0
shrinkage=0.05


Tree=12
num_leaves=12
num_cat=0
split_feature=1 4 2 0 10 7 1 4 2 3 11
split_gain=65.6385 6.74741 6.50065 2.76658 1.6962 2.14765 1.55927 0.529188 0.351294 0.156142 0.125078
threshold=926.50000000000011 832.92997535222605 934.25000000000011 830.50000000000011 12.500000000000002 27.950000000000003 804.50000000000011 966.88600022558114 706.25000000000011 -134.49999999999997 -0.082689790342551819
decision_type=2 2 2 2 2 2 2 2 2 2 2
left_child=1 6 -2 4 5 -3 8 9 -1 -6 -11
right_child=2 3 -4 -5 7 -7 -8 -9 -10 10 -12
leaf_value=-6.8630493789709197 1.8072501664064449 -1.6572876931857643 4.0473057310887981 2.0838038377273702 -0.38618693144997862 1.5193186201092177 0.070258376454453916 0.63529147059700519 -0.25393838305365829 -0.52818165636279435 -1.9130409188585524
leaf_weight=2236 134 103 150 84 94 100 144 85 160 92 121
leaf_count=2236 134 103 150 84 94 100 144 85 160 92 121
internal_value=-0.00127281 -0.00331731 0.0215571 0.0011038 -0.000125001 0.00353365 -0.00449902 -0.0020403 -0.00480217 -0.0029968 -0.00373853
internal_weight=3503 3219 284 679 595 203 2540 392 2396 307 213
internal_count=3503 3219 284 679 595 203 2540 392 2396 307 213
is_linear=0
shrinkage=0.05


Tree=13
num_leaves=13
num_cat=0
split_feature=2 4 10 0 7 8 11 2 11 11 4 9
split_gain=63.8296 7.2208 5.21769 4.95731 3.36326 2.09727 1.2878 1.03482 0.598731 1.29571 0.482605 0.365963
threshold=886.25000000000011 696.3299064313245 13.500000000000002 911.50000000000011 29.150000000000002 42.500000000000007 0.41398981800788198 364.25000000000006 -0.92274349529687905 -0.59869031648930193 922.98397333077685 98.500000000000014
decision_type=2 2 2 2 2 2 2 2 2 2 2 2
left_child=1 -1 4 -2 7 -6 -7 -3 -9 -10 -4 -11
right_child=3 2 10 -5 5 6 -8 8 9 11 -12 -13
leaf_value=-7.5048993025528148 2.0331782508570657 -6.029852422087572 -2.2908119795492428 3.7518318403937787 -0.073663270125817595 0.69470288619168619 2.7854714882999043 -0.9961415805671513 1.2127091593784896 -0.34405945757609718 -0.95916093268867708 0.23132883383680808
leaf_weight=2008 112 93 388 146 87 109 96 84 83 85 137 84
leaf_count=2008 112 93 388 146 87 109 96 84 83 85 137 84
internal_value=-0.00122548 -0.00313593 -0.000143886 0.0224715 0.00261019 0.00670034 0.00940476 -0.000218895 0.00108504 0.00229572 -0.0039151 -0.000258622
internal_weight=3512 3254 1246 258 721 292 205 429 336 252 525 169
internal_count=3512 3254 1246 258 721 292 205 429 336 252 525 169
is_linear=0
shrinkage=0.05


Tree=14
num_leaves=13
num_cat=0
split_feature=1 0 4 10 7 2 1 4 12 1 5 2
split_gain=68.0832 6.40577 5.68269 3.35259 2.88391 1.02472 0.863429 0.81827 0.379851 0.375758 0.26445 0.0206061
threshold=926.50000000000011 911.50000000000011 711.00705361687358 13.500000000000002 30.450000000000003 364.25000000000006 786.50000000000011 888.79091104422298 -0.45273527932988084 544.50000000000011 0.85382961323506079 710.25000000000011
decision_type=2 2 2 2 2 2 2 2 2 2 2 2
left_child=2 -2 11 4 5 -4 8 -5 -7 -9 -8 -1
right_child=1 -3 3 7 -6 6 10 9 -10 -11 -12 -13
leaf_value=-8.3946519448947363 1.9612758427919994 3.6750814644681578 -5.8683597866780817 -2.290048935763989 1.28931540847975 1.1381851482779746 -0.24369950040884822 -2.9071667654357718 0.14230607239317691 0.1700626614336907 0.036101214032656641 -0.61323441923669619
leaf_weight=1964 150 139 90 352 150 85 115 80 109 80 115 80
leaf_count=1964 150 139 90 352 150 85 115 80 109 80 115 80
internal_value=-0.00125071 0.0217857 -0.00334884 -0.000575784 0.00176383 -3.85368e-05 0.00100233 -0.00359768 0.00341708 -0.000606062 -0.00106383 -0.004939
internal_weight=3509 289 3220 1176 664 514 424 512 194 160 230 2044
internal_count=3509 289 3220 1176 664 514 424 512 194 160 230 2044
is_linear=0
shrinkage=0.05


Tree=15
num_leaves=14
num_cat=0
split_feature=2 4 11 11 10 2 3 2 11 11 11 4 10
split_gain=53.1299 8.2803 3.90255 3.54798 3.47199 2.1536 1.27108 0.8059 0.739583 0.648953 0.393726 0.235441 0.635265
threshold=908.50000000000011 857.87214530961626 0.92922379131507438 0.36648264796514479 13.500000000000002 722.75000000000011 -39.499999999999993 359.25000000000006 -0.24372957273992746 -0.90893996196865023 -0.59869031648930193 696.3299064313245 13.500000000000002
decision_type=2 2 2 2 2 2 2 2 2 2 2 2 2
left_child=1 5 -2 7 -5 11 -7 -3 -8 -9 -11 -1 -13
right_child=2 3 -4 4 -6 6 8 9 -10 10 -12 12 -14
leaf_value=-8.4249193476500022 3.4405472907545511 -7.2573427096515672 2.654941524399967 2.4794488025023438 0.049971204528893198 0.13111308709417421 0.10486374963221815 -0.39093294954832236 -0.69706090784331753 1.1186769061266983 0.32245494252966195 -0.24791912066292141 -2.5782963608458189
leaf_weight=1957 114 82 99 102 95 121 82 110 143 82 93 146 295
leaf_count=1957 114 82 99 102 95 121 82 110 143 82 93 146 295
internal_value=-0.00150454 -0.00307576 0.0224083 0.00242531 0.00774752 -0.0042088 -0.000512822 -0.000497313 -0.00271739 0.000775861 0.00263889 -0.00473991 -0.00359866
internal_weight=3521 3308 213 564 197 2744 346 367 225 285 175 2398 441
internal_count=3521 3308 213 564 197 2744 346 367 225 285 175 2398 441
is_linear=0
shrinkage=0.05


Tree=16
num_leaves=15
num_cat=0
split_feature=2 4 11 0 10 2 3 2 4 11 2 4 10 10
split_gain=50.7198 8.45733 3.28773 2.87925 2.21891 1.94431 1.50923 0.940589 0.831935 0.349485 0.261021 0.23052 0.789348 0.145411
threshold=908.50000000000011 857.87214530961626 0.92922379131507438 692.50000000000011 13.500000000000002 722.75000000000011 -39.499999999999993 359.25000000000006 942.95690484500403 -0.19337636264337835 573.25000000000011 670.74731855416178 13.500000000000002 13.500000000000002
decision_type=2 2 2 2 2 2 2 2 2 2 2 2 2 2
left_child=1 5 -2 7 -5 10 -7 -3 13 -8 -1 -12 -13 -9
right_child=2 3 -4 4 -6 6 9 8 -10 -11 11 12 -14 -15
leaf_value=-9.4078066063932848 3.4211887371226251 -7.208585383986275 2.9017079292667267 1.7677255957459239 -0.19655782284419032 0.1383306409445281 -0.036993554926220799 -0.0018320584975921512 0.73537917203021985 -0.62783397344362912 -1.4524105049038774 0.066578404152885198 -1.9737241000877455 -1.4717554333473175
leaf_weight=1996 116 90 92 152 81 117 90 82 89 145 170 99 131 83
leaf_count=1996 116 90 92 152 81 117 90 82 89 145 170 99 131 83
internal_value=-0.00154466 -0.00305556 0.0221127 0.00243127 0.00665966 -0.00420995 -0.000728292 -0.000487107 0.00108108 -0.00302083 -0.00471887 -0.00345679 -0.00234043 -0.00102941
internal_weight=3533 3325 208 577 233 2748 352 344 254 235 2396 400 230 165
internal_count=3533 3325 208 577 233 2748 352 344 254 235 2396 400 230 165
is_linear=0
shrinkage=0.05


Tree=17
num_leaves=15
num_cat=0
split_feature=1 4 0 11 1 11 0 4 12 3 4 11 0 4
split_gain=50.6987 5.43728 5.40315 2.42495 1.89938 1.5597 0.740104 1.05346 0.547063 1.13999 0.250129 0.174016 0.16714 0.0480045
threshold=926.50000000000011 857.87214530961626 937.50000000000011 0.90892735371523092 777.50000000000011 0.36648264796514479 391.50000000000006 929.87139200744252 0.2332836900311728 -19.499999999999996 832.92997535222605 -0.61237985104942771 634.50000000000011 701.50228272267134
decision_type=2 2 2 2 2 2 2 2 2 2 2 2 2 2
left_child=1 4 3 -2 10 6 -3 -8 -6 -10 12 -9 -1 -14
right_child=2 5 -4 -5 8 -7 7 11 9 -11 -12 -13 13 -15
leaf_value=-7.3062222819111788 1.3755490160788133 -5.7752089612802298 3.5587034555184012 1.9638067996878583 -0.64379852396419923 1.4328647780196089 -0.52769449844077954 0.67176901635790576 0.23230975939817755 -0.11338192328683927 -1.4058430595479061 0.42549330429137933 -0.9071773882021269 -0.33531960838694785
leaf_weight=2152 121 88 84 82 144 141 93 84 85 89 82 90 94 124
leaf_count=2152 121 88 84 82 144 141 93 84 85 89 82 90 94 124
internal_value=-0.00159219 -0.00337206 0.0183733 0.0133894 -0.00423424 0.00143712 -0.000347223 0.000974264 -0.000588236 0.00128492 -0.00470493 0.00324022 -0.0048 -0.00331839
internal_weight=3553 3266 287 203 2770 496 355 267 318 174 2452 174 2370 218
internal_count=3553 3266 287 203 2770 496 355 267 318 174 2452 174 2370 218
is_linear=0
shrinkage=0.05


Tree=18
num_leaves=14
num_cat=0
split_feature=2 4 11 1 8 5 2 12 9 4 2 9 11
split_gain=48.0005 8.91459 3.45641 2.50793 0.986891 1.46944 0.853335 0.785539 0.779536 0.175667 0.174407 0.0796017 0.0774894
threshold=930.75000000000011 857.87214530961626 0.36648264796514479 746.50000000000011 37.500000000000007 0.84444770952931936 359.25000000000006 -0.52765736634565841 36.500000000000007 667.86222710955155 573.25000000000011 6.5000000000000009 0.19020386523577326
decision_type=2 2 2 2 2 2 2 2 2 2 2 2 2
left_child=1 3 6 9 11 -6 -3 -8 -4 -1 -11 -5 -12
right_child=-2 2 8 4 5 -7 7 -9 -10 10 12 -13 -14
leaf_value=-7.6609668662840527 2.9377648310899214 -6.7677398296600417 0.83943840960957106 -0.26022119794288689 -0.8873794272475497 0.17164240082939697 0.54869165987703639 -0.23059647720088369 2.059970854070758 -2.741590476604653 -0.28932387251371083 -0.093728710565084056 -0.63881850661518602
leaf_weight=1850 158 85 132 118 101 133 156 144 108 282 99 80 82
leaf_count=1850 158 85 132 118 101 133 156 144 108 282 99 80 82
internal_value=-0.00159638 -0.00287408 0.0025 -0.0041 -0.000594967 0.00158996 -0.000448719 0.000819671 0.00714286 -0.00475194 -0.00377137 -0.00315271 -0.00244624
internal_weight=3528 3370 625 2745 432 234 385 300 240 2313 463 198 181
internal_count=3528 3370 625 2745 432 234 385 300 240 2313 463 198 181
is_linear=0
shrinkage=0.05


Tree=19
num_leaves=13
num_cat=0
split_feature=1 0 4 10 7 9 2 6 4 3 3 1
split_gain=41.8786 6.7559 4.33376 3.31963 2.57356 1.98227 0.653289 0.606092 0.425688 0.324144 0.703462 0.278024
threshold=926.50000000000011 911.50000000000011 667.86222710955155 13.500000000000002 30.450000000000003 44.500000000000007 336.75000000000006 0.61522885511790137 922.98397333077685 -154.49999999999997 -15.499999999999998 683.50000000000011
decision_type=2 2 2 2 2 2 2 2 2 2 2 2
left_child=2 -2 11 4 6 -6 -4 -8 -5 -9 -11 -1
right_child=1 -3 3 8 5 -7 7 9 -10 10 -12 -13
leaf_value=-8.0349235925380764 1.4060390365246349 2.8814882458549711 -5.287601438254927 -1.8150857013531636 0.063892404682672363 2.2825084699943878 0.37311547763748654 -0.705545613202199 -0.76156115588656081 0.15269006472384061 -0.089431266774100071 -0.61865373150697267
leaf_weight=1819 140 136 96 406 90 80 89 159 136 157 121 83
leaf_count=1819 140 136 96 406 90 80 89 159 136 157 121 83
internal_value=-0.00172306 0.0167972 -0.00332614 -0.00113518 0.000928481 0.00628571 -0.000574164 0.000131826 -0.00413163 -0.000644798 0.000388691 -0.0048558
internal_weight=3512 276 3236 1334 792 170 622 526 542 437 278 1902
internal_count=3512 276 3236 1334 792 170 622 526 542 437 278 1902
is_linear=0
shrinkage=0.05


Tree=20
num_leaves=15
num_cat=0
split_feature=1 4 8 1 10 11 10 5 9 11 7 1 9 4
split_gain=36.9547 8.12045 5.16874 2.37468 2.27701 3.76404 1.12422 2.32579 0.986848 0.731346 0.533451 0.25676 0.0897793 0.0746133
threshold=962.50000000000011 857.87214530961626 43.500000000000007 637.50000000000011 13.500000000000002 0.36648264796514479 13.500000000000002 1.0396620864265309 6.5000000000000009 -0.54220184589352438 28.650000000000002 530.50000000000011 10.500000000000002 830.05838701828168
decision_type=2 2 2 2 2 2 2 2 2 2 2 2 2 2
left_child=1 3 -2 13 5 10 7 8 -5 -10 -3 -6 -9 -1
right_child=2 4 -4 6 11 -7 -8 12 9 -11 -12 -13 -14 -15
leaf_value=-7.4081683512688556 3.0322629551754749 -0.46192512963738902 1.871203536725826 0.1729910976160772 -2.5650542353542001 1.7541326733110154 -1.5378454551165086 -0.66045526068863414 0.20582031679959945 -0.11343156336143456 0.5356508222485743 -0.055169245182165663 -0.11270259497389118 -1.7966518071981641
leaf_weight=1974 84 153 81 90 87 126 177 143 95 108 99 136 85 85
leaf_count=1974 84 153 81 90 87 126 177 143 95 108 99 136 85 85
internal_value=-0.00171911 -0.00286649 0.0210294 -0.0040134 0.00238449 0.00472585 -0.00147938 -0.000294678 0.00263423 0.000649037 0.0011284 -0.00160088 -0.00403434 -0.00486676
internal_weight=3523 3358 165 2757 601 378 698 521 293 203 252 223 228 2059
internal_count=3523 3358 165 2757 601 378 698 521 293 203 252 223 228 2059
is_linear=0
shrinkage=0.05


Tree=21
num_leaves=15
num_cat=0
split_feature=1 0 2 5 10 7 4 3 11 4 2 10 2 9
split_gain=40.0763 5.4853 5.42472 2.26467 3.78193 1.86559 0.935954 0.727024 0.878046 0.681823 0.530564 0.552561 0.150453 0.050715
threshold=946.50000000000011 937.50000000000011 573.25000000000011 1.0496745283532418 13.500000000000002 31.750000000000004 829.62685313006841 -139.49999999999997 -0.52766804058324157 888.79091104422298 329.75000000000006 13.500000000000002 722.75000000000011 11.500000000000002
decision_type=2 2 2 2 2 2 2 2 2 2 2 2 2 2
left_child=2 -2 6 4 5 7 -1 12 -9 -6 -8 -12 -4 -5
right_child=1 -3 3 13 9 -7 10 8 -10 -11 11 -13 -14 -15
leaf_value=-8.1127689953477269 1.5858763152012472 3.0185404731872034 0.19631703621863361 -0.74700472262388251 -1.4687531885084326 1.581935081989621 -5.6250093622731399 0.34638579018424964 0.12220752505138553 -0.049952619455694763 0.43280290695817447 -2.0066096990279285 -0.12918422306505342 -0.30562693587559164
leaf_weight=1889 128 80 93 157 207 81 124 122 130 111 103 87 98 112
leaf_count=1889 128 80 93 157 207 81 124 122 130 111 103 87 98 112
internal_value=-0.00173235 0.0192958 -0.00307924 -0.000228496 0.00105077 0.00364839 -0.00451314 0.00231027 0.00404669 -0.00321982 -0.00194357 -0.000256411 -2.55114e-05 -0.00417883
internal_weight=3522 208 3314 1111 842 524 2203 443 252 318 314 190 191 269
internal_count=3522 208 3314 1111 842 524 2203 443 252 318 314 190 191 269
is_linear=0
shrinkage=0.05


Tree=22
num_leaves=15
num_cat=0
split_feature=1 4 1 11 10 8 10 5 8 0 12 3 9 4
split_gain=32.5588 7.15129 2.33289 2.31704 3.64722 1.04475 0.851428 1.74863 1.83698 0.661272 0.57972 0.380793 0.167855 0.0289408
threshold=969.00000000000011 861.94786094539438 633.50000000000011 0.36648264796514479 13.500000000000002 99.500000000000014 12.500000000000002 1.0396620864265309 60.500000000000007 391.50000000000006 -0.52765736634565841 286.50000000000006 7.5000000000000009 670.74731855416178
decision_type=2 2 2 2 2 2 2 2 2 2 2 2 2 2
left_child=1 2 11 9 -5 6 7 8 -4 -3 -11 13 -9 -1
right_child=-2 3 5 4 -6 -7 -8 12 -10 10 -12 -13 -14 -15
leaf_value=-8.057130545580339 2.541786100036703 -6.0286491319399351 0.19329845513914068 1.5028383185144749 -0.20444915208286957 0.17837469322395683 -0.67113708989534027 -0.63047307556974364 -0.14007795347970939 0.44974982076453185 -0.25249539955340511 -0.48865397444710468 -0.12604217769788376 -2.0393010885062512
leaf_weight=1718 150 83 80 131 103 93 214 137 105 142 132 84 81 222
leaf_count=1718 150 83 80 131 103 93 214 137 105 142 132 84 81 222
internal_value=-0.00176006 -0.0028003 -0.00387733 0.00217282 0.00598326 -0.0013986 -0.0021463 -0.00077206 0.00276316 -0.000372929 0.000824372 -0.00474125 -0.00376682 -0.00488432
internal_weight=3475 3325 2734 591 234 710 617 403 185 357 274 2024 218 1940
internal_count=3475 3325 2734 591 234 710 617 403 185 357 274 2024 218 1940
is_linear=0
shrinkage=0.05


Tree=23
num_leaves=14
num_cat=0
split_feature=1 4 10 7 6 1 4 11 11 7 1 6 9
split_gain=27.2507 6.60029 3.97838 1.56386 3.45773 0.633007 0.518454 0.510307 1.27127 0.516687 0.314576 0.277447 0.145455
threshold=969.00000000000011 670.74731855416178 13.500000000000002 30.450000000000003 1.0282496167110626 637.50000000000011 888.79091104422298 -0.92274349529687905 -0.46801505794253101 27.450000000000003 794.50000000000011 0.56445748980427835 96.500000000000014
decision_type=2 2 2 2 2 2 2 2 2 2 2 2 2
left_child=1 5 3 7 -5 -1 -4 -3 10 -10 -9 -8 -11
right_child=-2 2 6 4 -6 -7 11 8 9 12 -12 -13 -14
leaf_value=-7.454274018301323 2.3915739829015057 -0.4924214793390026 -1.587239917117595 1.7599472633050972 0.015714994098585722 -0.58757122911547233 -2.1220245570195901 0.53747407159214311 -0.886007259207505 -0.060976182586650642 0.12255139124679033 -0.01009631504177263 0.17014481537825094
leaf_weight=1783 151 120 359 107 154 144 82 118 127 80 88 116 80
leaf_count=1783 151 120 359 107 154 144 82 118 127 80 88 116 80
internal_value=-0.00187678 -0.00282189 -0.000247216 0.00185438 0.00505639 -0.00472826 -0.00353203 0.000461164 0.0011747 -0.000976029 0.00412322 -0.00142857 0.00090909
internal_weight=3509 3358 1431 874 261 1927 557 613 493 287 206 198 160
internal_count=3509 3358 1431 874 261 1927 557 613 493 287 206 198 160
is_linear=0
shrinkage=0.05


Tree=24
num_leaves=15
num_cat=0
split_feature=1 4 1 10 11 8 11 11 0 0 0 1 4 11
split_gain=23.1863 6.64545 2.4226 1.85733 1.99341 1.23334 0.887955 0.61511 0.392106 0.383618 0.309007 0.306547 0.0740593 0.0476865
threshold=987.00000000000011 861.94786094539438 633.50000000000011 13.500000000000002 0.36648264796514479 48.500000000000007 -0.57078386445773377 -0.61237985104942771 596.50000000000011 610.50000000000011 802.50000000000011 530.50000000000011 828.48594280570489 -0.29343379936893921
decision_type=2 2 2 2 2 2 2 2 2 2 2 2 2 2
left_child=1 2 8 4 7 10 -7 -3 12 -8 13 -5 -1 -4
right_child=-2 3 5 11 -6 6 9 -9 -10 -11 -12 -13 -14 -15
leaf_value=-6.8665625549446192 2.2947023289556272 0.38655459079471455 -0.33878206262925048 -2.7320899548635977 1.0764352622308857 0.14367335919643889 -2.2579078031368733 -1.0111653633089652 -0.33170457905211143 0.036187053632892978 -0.039831065557984435 -0.041152407492510153 -2.2589580674272018 -1.1509512055178186
leaf_weight=1878 128 151 80 82 146 140 103 108 81 112 101 140 85 171
leaf_count=1878 128 151 80 82 146 140 103 108 81 112 101 140 85 171
internal_value=-0.00198804 -0.00279042 -0.00384797 0.00184335 0.00384146 -0.0013132 0.000763888 0.0011553 -0.00471938 -0.00125 -0.00338936 -0.00180617 -0.00486027 -0.00431641
internal_weight=3506 3378 2751 627 405 707 355 259 2044 215 352 222 1963 251
internal_count=3506 3378 2751 627 405 707 355 259 2044 215 352 222 1963 251
is_linear=0
shrinkage=0.05


Tree=25
num_leaves=15
num_cat=0
split_feature=1 4 10 7 5 7 1 2 6 3 1 6 3 4
split_gain=25.474 6.95154 3.78467 1.56474 2.88123 0.782712 0.649166 0.616298 0.642562 0.429404 0.401778 0.539432 0.364342 0.11719
threshold=977.50000000000011 667.86222710955155 13.500000000000002 29.150000000000002 1.0176174889495579 32.350000000000001 637.50000000000011 336.75000000000006 1.0332358426746848 -109.49999999999999 794.50000000000011 0.79630048895918437 -69.499999999999986 895.46266149682367
decision_type=2 2 2 2 2 2 2 2 2 2 2 2 2 2
left_child=1 6 3 7 5 12 -1 -3 10 -4 11 -9 -5 -11
right_child=-2 2 9 4 -6 -7 -8 8 -10 13 -12 -13 -14 -15
leaf_value=-6.7382321896390245 2.2696726485844239 -4.2016237124704201 -0.80634156627238307 0.074528635530623513 -0.11020703430671115 1.374026390822648 -0.46028668332526357 0.20047385804795015 -0.10518337866957979 -1.4353834088369006 -0.11188337366178783 0.388984527093441 0.62215721474744401 -0.3679287602639717
leaf_weight=1774 135 101 149 90 137 83 135 120 122 275 82 80 95 139
leaf_count=1774 135 101 149 90 137 83 135 120 122 275 82 80 95 139
internal_value=-0.0017987 -0.00266017 -7.7809e-05 0.00191257 0.00420732 0.00717949 -0.00464734 4.90184e-05 0.000929094 -0.00328345 0.00222996 0.00341463 0.00513158 -0.00410501
internal_weight=3517 3382 1473 910 405 268 1909 505 404 563 282 200 185 414
internal_count=3517 3382 1473 910 405 268 1909 505 404 563 282 200 185 414
is_linear=0
shrinkage=0.05


Tree=26
num_leaves=15
num_cat=0
split_feature=2 4 5 4 10 10 2 11 10 3 12 11 6 2
split_gain=25.7875 7.66401 2.26604 2.15118 1.78723 1.67588 0.989719 1.39497 0.77474 0.615195 0.891232 0.562686 0.270082 0.242375
threshold=969.75000000000011 861.94786094539438 0.81279094712619593 664.06818593055766 13.500000000000002 12.500000000000002 359.25000000000006 -0.85227431625818906 13.500000000000002 -39.499999999999993 -0.18493013702746822 -0.46801505794253101 0.97891537227607339 577.25000000000011
decision_type=2 2 2 2 2 2 2 2 2 2 2 2 2 2
left_child=1 3 6 13 9 -4 -3 -8 -9 10 -5 -11 -13 -1
right_child=-2 2 5 4 -6 -7 7 8 -10 11 -12 12 -14 -15
leaf_value=-7.5013205801570741 2.3204058273876673 -5.3951279097289451 1.3095854195587489 -0.24387780871894257 -1.4436335579321167 0.43731684066140269 -0.6166373369377367 1.0340335249227006 -0.1570508594125693 0.11277533091227375 0.2118188978056498 -0.10169012923864867 -0.38982451594035111 -0.89032450020610288
leaf_weight=1642 83 87 120 113 382 142 107 126 92 108 134 82 123 165
leaf_count=1642 83 87 120 113 382 142 107 126 92 108 134 82 123 165
internal_value=-0.00190259 -0.00258606 0.00217967 -0.00375636 -0.0018057 0.00576779 -0.000143886 0.00113636 0.00340807 -1.18154e-09 0.00184524 -0.00146227 -0.00297619 -0.00476545
internal_weight=3506 3423 674 2749 942 262 412 325 218 560 247 313 205 1807
internal_count=3506 3423 674 2749 942 262 412 325 218 560 247 313 205 1807
is_linear=0
shrinkage=0.05


Tree=27
num_leaves=15
num_cat=0
split_feature=1 4 10 1 6 5 12 1 0 4 1 12 6 0
split_gain=22.6938 6.30307 3.3245 1.60241 0.785138 1.1098 1.21229 0.489741 0.564536 0.284887 0.225187 0.214439 0.195966 0.171467
threshold=969.00000000000011 664.06818593055766 13.500000000000002 926.50000000000011 1.0455335861961383 0.82773880820499135 0.67007489853957602 307.50000000000006 492.50000000000006 888.79091104422298 651.50000000000011 -0.21022037796396451 0.56445748980427835 617.50000000000011
decision_type=2 2 2 2 2 2 2 2 2 2 2 2 2 2
left_child=1 10 3 4 5 7 -7 -3 -9 -4 -1 -6 -11 -10
right_child=-2 2 9 -5 11 6 -8 8 13 12 -12 -13 -14 -15
leaf_value=-5.7612565979727215 2.0080523688614402 -1.9611098332524208 -1.4246663338644985 0.68337970716947216 -0.72896747578663279 0.93207938145266267 0.0060056938711966559 0.39736417391698164 -1.1555841509129772 -1.8004850630426021 -0.52741067255600904 -0.0096108692816215778 -0.1255614706680091 0.05413242869959696
leaf_weight=1718 150 145 406 99 89 97 97 93 83 81 95 135 120 106
leaf_count=1718 150 145 406 99 89 97 97 93 83 81 95 135 120 106
internal_value=-0.00193805 -0.00279608 -0.000453086 0.00140147 0.000676469 0.00158946 0.00467337 0.000150462 0.00135888 -0.00332516 -0.00479373 -0.00183406 -0.0017233 -0.00023196
internal_weight=3514 3364 1551 944 845 621 194 427 282 607 1813 224 201 189
internal_count=3514 3364 1551 944 845 621 194 427 282 607 1813 224 201 189
is_linear=0
shrinkage=0.05


Tree=28
num_leaves=15
num_cat=0
split_feature=1 2 8 0 3 10 8 0 6 12 8 1 2 5
split_gain=22.7336 5.62461 2.30248 1.4147 1.25983 1.02862 0.820672 0.782152 0.611479 0.39815 0.31358 0.290144 0.158979 1.06123
threshold=969.00000000000011 573.25000000000011 37.500000000000007 824.50000000000011 327.00000000000006 12.500000000000002 60.500000000000007 816.50000000000011 1.0224614940091163 -0.99465740988130902 88.500000000000014 743.50000000000011 381.75000000000006 0.5878578953708351
decision_type=2 2 2 2 2 2 2 2 2 2 2 2 2 2
left_child=1 4 7 5 9 6 -4 -3 -8 -1 11 -7 -11 -14
right_child=-2 2 3 -5 -6 10 8 -9 -10 12 -12 -13 13 -15
leaf_value=-3.4952182488588295 1.9112182211754645 -0.61195884720687566 0.40569533209044767 0.87970748486720296 0.091921018276940492 -1.010736894718709 0.44770687286940147 0.012282537444604426 -0.12495714061615174 -11.413943349966628 0.11103530223602308 -0.073094096018883267 0.01773049001702939 -3.4881917212505815
leaf_weight=119 149 272 90 83 92 90 124 159 120 1406 85 123 123 454
leaf_count=119 149 272 90 83 92 90 124 159 120 1406 85 123 123 454
internal_value=-0.00187321 -0.00273543 0.000104256 0.00184028 -0.00421555 0.00100471 0.00289085 -0.00276376 0.0013253 -0.00446607 -0.00112211 -0.00213303 -0.00463531 -0.00384021
internal_weight=3489 3340 1146 715 2194 632 334 431 244 2102 298 213 1983 577
internal_count=3489 3340 1146 715 2194 632 334 431 244 2102 298 213 1983 577
is_linear=0
shrinkage=0.05


Tree=29
num_leaves=15
num_cat=0
split_feature=1 4 10 2 4 7 5 10 4 12 8 8 0 4
split_gain=23.1286 5.97555 2.27858 1.01363 1.36437 1.40062 0.774781 0.870979 0.470278 0.316758 0.531963 0.573917 0.279232 0.276475
threshold=969.00000000000011 664.06818593055766 13.500000000000002 336.75000000000006 912.73313839926493 29.850000000000005 1.0722333320854254 12.500000000000002 888.79091104422298 0.71952396275653763 61.500000000000007 99.500000000000014 582.50000000000011 933.83857959934278
decision_type=2 2 2 2 2 2 2 2 2 2 2 2 2 2
left_child=1 12 3 -3 6 -6 7 9 -4 10 -5 -12 -1 -10
right_child=-2 2 8 4 5 -7 -8 -9 13 -11 11 -13 -14 -15
leaf_value=-6.213782135188052 1.770683188739584 -3.269051522216011 -1.2490647706580458 0.45306973197164241 0.2850030278621859 1.6666142517521398 -0.32676407563840482 -0.34416671166938456 0.1307253807585099 -0.0046628055937781177 -0.14622557246491763 0.37411009591308153 -0.50398901233471127 -0.32944549394740985
leaf_weight=1664 148 120 412 116 129 89 105 89 88 80 130 82 148 106
leaf_count=1664 148 120 412 116 129 89 105 89 88 80 130 82 148 106
internal_value=-0.00195956 -0.00282189 -0.00053514 0.00100529 0.00163636 0.00497758 0.000395386 0.0012251 -0.00291326 0.00220339 0.00288288 0.0013364 -0.0047661 -0.000854273
internal_weight=3506 3358 1546 940 820 218 602 497 606 408 328 212 1812 194
internal_count=3506 3358 1546 940 820 218 602 497 606 408 328 212 1812 194
is_linear=0
shrinkage=0.05


Tree=30
num_leaves=15
num_cat=0
split_feature=1 4 10 2 4 7 1 3 2 4 11 2 5 9
split_gain=21.3242 6.17101 2.18578 1.14586 1.57226 0.944872 0.700136 0.578896 0.768655 0.359421 0.322274 0.314791 0.379919 0.252077
threshold=987.00000000000011 664.06818593055766 13.500000000000002 359.25000000000006 912.73313839926493 30.450000000000003 786.50000000000011 -29.499999999999996 809.25000000000011 888.79091104422298 -0.48314718476766422 577.25000000000011 1.1603267046974401 73.500000000000014
decision_type=2 2 2 2 2 2 2 2 2 2 2 2 2 2
left_child=1 11 3 -3 6 -6 10 8 -8 -4 -5 -1 -13 -11
right_child=-2 2 9 4 5 -7 7 -9 -10 13 -12 12 -14 -15
leaf_value=-6.2530930284286512 1.7271231676955054 -2.5597432868412024 -1.1705017797092141 0.36198463119063756 0.3089836733793172 1.9357595027719823 -0.03784657392478874 -0.18643965270566376 0.35444179231549622 0.12297628446164655 0.076995172578434495 -0.32638240443159 -1.7376265149798915 -0.89052000848335577
leaf_weight=1651 129 127 411 90 154 80 126 155 84 81 135 81 89 121
leaf_count=1651 129 127 411 90 154 80 126 155 84 81 135 81 89 121
internal_value=-0.00199489 -0.00276549 -0.000458892 0.00104079 0.00172497 0.00514644 0.000336133 -0.00101351 0.000697673 -0.00277508 0.0025 -0.00473987 -0.00257143 -0.00101449
internal_weight=3514 3385 1564 951 824 234 590 365 210 613 225 1821 170 202
internal_count=3514 3385 1564 951 824 234 590 365 210 613 225 1821 170 202
is_linear=0
shrinkage=0.05


Tree=31
num_leaves=15
num_cat=0
split_feature=2 4 4 5 7 4 6 11 8 0 8 12 0 11
split_gain=18.9135 5.95551 1.41977 0.791136 0.84937 0.679913 0.742447 0.445643 0.430967 0.346719 0.565784 0.6317 0.266398 0.254324
threshold=937.75000000000011 664.06818593055766 970.1358476200304 0.41842105519083794 26.950000000000003 861.94786094539438 1.0037478731454208 -0.84315017450793706 99.500000000000014 596.50000000000011 37.500000000000007 0.51849435583340198 582.50000000000011 -0.55657520495441892
decision_type=2 2 2 2 2 2 2 2 2 2 2 2 2 2
left_child=1 12 3 -3 13 8 7 -7 9 -6 -11 -12 -1 -5
right_child=-2 2 -4 4 5 6 -8 -9 -10 10 11 -13 -14 -15
leaf_value=-5.6704422823035436 1.5637050367033387 -5.1307623011107157 1.048638661907112 0.36047647712925057 -1.9419941480734391 -0.4799673862780055 0.49177014404106684 0.12006153408958851 0.10536652705121596 -0.18720266942152589 -0.15882614047648647 0.1179082312081929 -0.46746821118985571 0.032615334115133343
leaf_weight=1639 138 192 95 86 152 109 86 233 121 196 128 90 150 86
leaf_count=1639 138 192 95 86 152 109 86 233 121 196 128 90 150 86
internal_value=-0.00201227 -0.00276574 -0.000519317 -0.000906335 -0.000452788 -0.000959823 0.000600461 -0.000461096 -0.00192919 -0.00250438 -0.00171838 4.48419e-05 -0.00473523 0.00276836
internal_weight=3501 3363 1574 1479 1287 1115 428 342 687 566 414 218 1789 172
internal_count=3501 3363 1574 1479 1287 1115 428 342 687 566 414 218 1789 172
is_linear=0
shrinkage=0.05


Tree=32
num_leaves=15
num_cat=0
split_feature=4 1 4 10 7 10 9 7 6 10 5 7 3 0
split_gain=13.3418 6.84766 3.07774 1.20486 1.64286 1.0447 0.70994 0.775965 0.682955 0.618217 0.785169 0.297727 0.249851 0.185515
threshold=861.94786094539438 1005.5000000000001 664.55562452720642 13.500000000000002 34.150000000000013 14.500000000000002 67.500000000000014 27.950000000000003 1.0582204066645422 12.500000000000002 0.84188688094408759 26.450000000000003 -56.499999999999993 582.50000000000011
decision_type=2 2 2 2 2 2 2 2 2 2 2 2 2 2
left_child=2 3 13 4 6 8 -2 -8 9 10 11 -4 -5 -1
right_child=1 -3 5 12 -6 -7 7 -9 -10 -11 -12 -13 -14 -15
leaf_value=-5.538703053197926 -0.11511428497097614 1.7071836992526774 -2.1407056670262263 0.13217014395120444 1.0223664402479684 -1.8478902694044412 0.061825673798760743 0.89397519532154102 -0.17022863359640203 -0.33527457012143808 0.12118103824136031 0.38270781281763794 -0.39504412382323301 -0.54589265522842056
leaf_weight=1697 112 89 84 80 100 291 112 124 206 161 112 98 133 151
leaf_count=1697 112 89 84 80 100 291 112 124 206 161 112 98 133 151
internal_value=-0.00199719 0.00390728 -0.00358289 0.00209459 0.00355408 -0.00126437 0.00186969 0.00340249 -0.000157659 0.000923912 0.00227425 0.000213903 -0.00098624 -0.00477064
internal_weight=3550 750 2800 661 448 952 348 236 661 455 294 182 213 1848
internal_count=3550 750 2800 661 448 952 348 236 661 455 294 182 213 1848
is_linear=0
shrinkage=0.05


Tree=33
num_leaves=15
num_cat=0
split_feature=2 4 10 4 11 5 10 8 3 0 10 11 3 3
split_gain=13.5483 7.23552 2.03604 1.23067 2.19243 0.643849 0.494143 0.759992 0.543263 0.365906 0.364249 0.350832 0.332421 0.263808
threshold=969.75000000000011 664.55562452720642 13.500000000000002 912.73313839926493 0.41398981800788198 1.0722333320854254 12.500000000000002 61.500000000000007 -32.499999999999993 582.50000000000011 14.500000000000002 -0.85227431625818906 -100.49999999999999 120.50000000000001
decision_type=2 2 2 2 2 2 2 2 2 2 2 2 2 2
left_child=1 9 3 5 11 6 7 8 -3 -1 12 -5 -4 -12
right_child=-2 2 10 4 -6 -7 -8 -9 -10 -11 13 -13 -14 -15
leaf_value=-5.029981110232149 1.742308121013155 0.39997647939901521 0.071195347270603282 -0.063284821364668162 1.3632010057165278 -0.37899261794646016 -0.31155223811939581 -0.017316182110612508 0.08144186230244603 -0.38859009889243051 -1.7365888027884606 0.4858101787220746 -0.37853340234236565 -1.2423873152164508
leaf_weight=1684 80 82 96 81 113 108 90 318 82 148 205 144 224 80
leaf_count=1684 80 82 96 81 113 108 90 318 82 148 205 144 224 80
internal_value=-0.00208333 -0.00256503 -0.000132065 0.00123167 0.00367347 -1.18339e-09 0.000675909 0.00131417 0.00402367 -0.00471421 -0.00241803 0.000760868 -0.00123077 -0.0037069
internal_weight=3535 3455 1623 1018 338 680 572 482 164 1832 605 225 320 285
internal_count=3535 3455 1623 1018 338 680 572 482 164 1832 605 225 320 285
is_linear=0
shrinkage=0.05


Tree=34
num_leaves=15
num_cat=0
split_feature=0 4 4 11 3 10 2 2 3 3 4 6 7 11
split_gain=10.1971 4.69192 4.23576 1.95179 1.70317 1.1585 0.548611 1.04528 0.563436 0.404671 0.356655 0.409869 0.591214 0.934345
threshold=798.50000000000011 948.0814583596997 664.06818593055766 0.92602006027323147 -29.499999999999996 12.500000000000002 329.75000000000006 681.75000000000011 -40.499999999999993 -9.4999999999999982 775.92057899273459 0.2289391774096784 30.150000000000002 -0.84315017450793706
decision_type=2 2 2 2 2 2 2 2 2 2 2 2 2 2
left_child=2 4 -1 -3 -2 6 -4 8 -8 -6 -7 -12 13 -13
right_child=1 3 5 -5 9 10 7 -9 -10 -11 11 12 -14 -15
leaf_value=-3.1177449888697679 0.31508005291580998 1.9986549225570345 -2.9199964811280061 0.92088885614507532 -0.31793052543622935 -1.4543864361108407 0.22006034360903159 -0.036418680573245064 0.66369655849484455 0.035907298025490995 -5.5389208028211305 -0.50011056176008895 -0.77354357809236807 0.29197955757665389
leaf_weight=1836 87 95 91 83 98 143 110 243 83 83 90 100 230 176
leaf_count=1836 87 95 91 83 98 143 110 243 83 83 90 100 230 176
internal_value=-0.00222066 0.00481153 -0.00323785 0.0109836 0.000586079 -0.00100708 0.000780074 0.00151927 0.00421717 -0.00217742 -0.00227823 -0.00171381 -0.00113503 0.000427045
internal_weight=3548 446 3102 178 268 1266 527 436 193 181 739 596 506 276
internal_count=3548 446 3102 178 268 1266 527 436 193 181 739 596 506 276
is_linear=0
shrinkage=0.05


Tree=35
num_leaves=15
num_cat=0
split_feature=1 4 10 7 5 11 5 11 11 0 11 0 5 4
split_gain=10.7318 6.75453 1.81282 1.10011 0.616423 1.94501 0.525605 0.584613 1.10405 0.578241 0.385025 0.380307 0.530908 0.368939
threshold=1005.5000000000001 664.06818593055766 13.500000000000002 34.250000000000007 0.9713766617928371 0.36648264796514479 0.40072166389854835 -0.92274349529687905 -0.58482361983252518 566.50000000000011 -0.19337636264337835 518.50000000000011 1.0631587177607453 780.3405624508672
decision_type=2 2 2 2 2 2 2 2 2 2 2 2 2 2
left_child=1 11 3 4 5 6 -3 -8 -9 -10 -6 -1 -13 -4
right_child=-2 2 13 -5 10 -7 7 8 9 -11 -12 12 -14 -15
leaf_value=-6.6225948052770551 1.5804857147723577 -4.3120437690543385 -1.2277409928582244 0.55598349357827836 0.046324137801696516 0.69444108311521358 -0.22788764530255806 0.54183802323356245 -2.2967639572417649 0.26126968645101345 -0.1141608737833677 0.13225641782116568 -0.82284417433344292 -0.38759671978954069
leaf_weight=1556 88 93 150 135 86 80 134 139 116 84 138 81 177 450
leaf_count=1556 88 93 150 135 86 80 134 139 116 84 138 81 177 450
internal_value=-0.0021455 -0.00259784 -0.00023292 0.00106436 0.000399999 0.00118279 0.000122591 0.000805438 0.00190407 -0.000487806 -0.00183406 -0.00468389 -0.00281369 -0.0023967
internal_weight=3507 3419 1605 1005 870 646 566 473 339 200 224 1814 258 600
internal_count=3507 3419 1605 1005 870 646 566 473 339 200 224 1814 258 600
is_linear=0
shrinkage=0.05


Tree=36
num_leaves=15
num_cat=0
split_feature=4 1 4 10 11 10 6 1 8 12 2 12 4 4
split_gain=9.37896 4.43694 2.67334 1.17806 0.845723 0.696748 0.887316 0.48602 0.471774 0.446058 0.327636 0.289653 0.231721 0.565822
threshold=861.94786094539438 1000.5000000000001 664.06818593055766 12.500000000000002 0.74443451080969758 12.500000000000002 1.0397662829984229 500.50000000000006 70.500000000000014 -0.52765736634565841 577.25000000000011 -0.86974577485258975 831.29122746486269 775.92057899273459
decision_type=2 2 2 2 2 2 2 2 2 2 2 2 2 2
left_child=2 3 10 8 9 6 7 -4 -2 11 -1 -5 13 -7
right_child=1 -3 5 4 -6 12 -8 -9 -10 -11 -12 -13 -14 -15
leaf_value=-4.6445889009123986 1.0870519962640293 1.2396980027472921 -0.24545059445185263 -0.95390861733819576 0.24260458682932523 -1.2813108592608589 -0.080105455120493774 0.3214244265189054 0.18697586233783398 -0.47680089916759871 -0.35202483898335918 0.45125100266492241 -0.89820174902462468 -0.22029853191308219
leaf_weight=1648 107 97 111 113 113 139 252 138 130 121 158 85 111 193
leaf_count=1648 107 97 111 113 113 139 252 138 130 121 158 85 111 193
internal_value=-0.0021954 0.00268482 -0.00355717 0.00119436 -0.000366134 -0.00139094 -0.000108697 0.00198819 0.0039876 -0.0016821 -0.0046825 -0.000197045 -0.00282366 -0.00210683
internal_weight=3516 766 2750 669 432 944 501 249 237 319 1806 198 443 332
internal_count=3516 766 2750 669 432 944 501 249 237 319 1806 198 443 332
is_linear=0
shrinkage=0.05


Tree=37
num_leaves=15
num_cat=0
split_feature=4 5 4 11 10 1 5 1 8 0 11 1 8 3
split_gain=9.02722 4.83379 3.15627 1.63838 0.912498 0.657388 0.585075 0.579792 0.491822 0.432747 0.281023 0.614521 0.275951 0.208591
threshold=912.73313839926493 0.88173899687427848 664.06818593055766 0.91248814248966237 12.500000000000002 217.50000000000003 1.0496745283532418 651.50000000000011 61.500000000000007 582.50000000000011 0.50557357885840837 731.50000000000011 99.500000000000014 93.500000000000014
decision_type=2 2 2 2 2 2 2 2 2 2 2 2 2 2
left_child=2 5 9 -3 6 -2 8 -7 -4 -1 11 13 -10 -6
right_child=1 3 4 -5 10 7 -8 -9 12 -11 -12 -13 -14 -15
leaf_value=-4.2610207470224264 -4.5759912781342518 1.926321625892754 0.22698387621831057 0.77124065958983135 -1.0766816600452898 0.77107759473331094 -0.12623054787735499 -0.0072064025066315429 -0.17690038305258804 -0.19847153456849354 -0.93291552938006805 0.065324996638600516 0.29280999229654009 -1.6502719186396231
leaf_weight=1675 80 83 134 91 169 140 150 204 171 156 158 103 137 96
leaf_count=1675 80 83 134 91 169 140 150 204 171 156 158 103 137 96
internal_value=-0.00224803 0.00333333 -0.00338355 0.0102235 -0.00128228 0.000419579 6.70005e-05 0.00137536 0.000984339 -0.00465959 -0.0027872 -0.00198392 -0.000127797 -0.00324074
internal_weight=3547 598 2949 174 1118 424 592 344 442 1831 526 368 308 265
internal_count=3547 598 2949 174 1118 424 592 344 442 1831 526 368 308 265
is_linear=0
shrinkage=0.05


Tree=38
num_leaves=15
num_cat=0
split_feature=1 4 10 3 12 12 4 6 11 6 2 6 9 7
split_gain=9.48088 5.95921 1.17646 0.998273 0.679543 1.04268 0.640584 0.45867 0.615993 0.728784 0.396837 0.47433 0.336445 0.577358
threshold=1008.5000000000001 664.06818593055766 14.500000000000002 302.50000000000006 0.71952396275653763 0.57605713708605399 971.75484314722951 0.28133139830598752 -0.92274349529687905 1.1021231238641225 577.25000000000011 1.1865287576262484 92.500000000000014 34.250000000000007
decision_type=2 2 2 2 2 2 2 2 2 2 2 2 2 2
left_child=1 10 3 4 5 6 7 -3 -9 12 -1 -12 13 -10
right_child=-2 2 -4 -5 -6 -7 -8 8 9 -11 11 -13 -14 -15
leaf_value=-4.3813632172485022 1.4363812720001767 -4.018825791425761 -1.5713338001376296 1.0656752593288952 -0.13216096778658395 0.21731590693116171 0.61349388756519796 -0.38910608063087043 -0.23471798245027253 -0.10357244429098043 0.028849033930944991 -1.2279542157297005 0.44555704544133179 0.34764819259269064
leaf_weight=1645 84 112 289 86 238 83 82 177 135 94 82 88 220 114
leaf_count=1645 84 112 289 86 238 83 82 177 135 94 82 88 220 114
internal_value=-0.00230476 -0.00271739 -0.000519879 0.000107725 -0.000257938 0.000308218 -0.000181045 -0.0005951 -0.000134229 0.000677816 -0.00468407 -0.00228572 0.00148734 0.000216534
internal_weight=3529 3445 1630 1341 1255 1017 934 852 740 563 1815 170 469 249
internal_count=3529 3445 1630 1341 1255 1017 934 852 740 563 1815 170 469 249
is_linear=0
shrinkage=0.05


Tree=39
num_leaves=15
num_cat=0
split_feature=4 2 10 8 5 4 10 5 5 2 9 11 0 5
split_gain=8.86034 5.14813 1.37581 0.822736 0.773474 0.557591 0.709143 0.703473 1.50306 0.70137 0.531444 0.523468 0.502459 0.591192
threshold=665.57586236454915 969.75000000000011 14.500000000000002 4.5000000000000009 0.40072166389854835 971.75484314722951 12.500000000000002 0.9713766617928371 0.84188688094408759 647.75000000000011 10.500000000000002 0.69676570133721638 518.50000000000011 1.0396620864265309
decision_type=2 2 2 2 2 2 2 2 2 2 2 2 2 2
left_child=12 2 3 -2 -5 6 7 8 9 -6 -9 -8 -1 -14
right_child=1 -3 -4 4 5 -7 11 10 -10 -11 -12 -13 13 -15
leaf_value=-5.4706635254512372 -0.19684118688601562 1.3164981138227811 -1.369784704626051 -3.0239377191550227 0.47154770043732425 1.0018005524472897 -0.23154874946613557 -0.16113134302651083 0.41513170392394427 -0.29535392369348368 0.11601821642612409 0.18236287150014052 0.099522283133647235 -0.57605692015648058
leaf_weight=1594 113 84 283 122 162 100 333 89 107 102 89 81 83 181
leaf_count=1594 113 84 283 122 162 100 333 89 107 102 89 81 83 181
internal_value=-0.00221514 0.000434131 -0.000223835 0.000468149 0.000861343 0.00129682 0.000914255 0.00208484 0.00331117 0.00122676 -0.000491804 -0.000644393 -0.00458401 -0.00249071
internal_weight=3523 1665 1581 1298 1185 1063 963 549 371 264 178 414 1858 264
internal_count=3523 1665 1581 1298 1185 1063 963 549 371 264 178 414 1858 264
is_linear=0
shrinkage=0.05


Tree=40
num_leaves=15
num_cat=0
split_feature=4 1 10 5 7 1 8 4 2 1 9 9 12 12
split_gain=7.73277 4.67613 1.14903 0.759686 0.903796 0.74828 0.809114 0.41945 0.414183 0.708268 0.637461 0.432487 0.442589 0.371485
threshold=664.55562452720642 1008.5000000000001 13.500000000000002 1.0496745283532418 34.250000000000007 565.50000000000011 52.500000000000007 780.3405624508672 329.75000000000006 683.50000000000011 5.5000000000000009 72.500000000000014 -0.15950993297387572 0.3484035575467645
decision_type=2 2 2 2 2 2 2 2 2 2 2 2 2 2
left_child=5 2 3 4 8 -1 -7 -4 -2 -10 -11 -12 -13 -9
right_child=1 -3 7 -5 -6 6 -8 13 9 10 11 12 -14 -15
leaf_value=-4.9035832454814852 -1.9494699297485945 1.235666468181382 -1.0322824874457683 -0.14671466560532628 0.6035429946340396 -0.55188534423938096 0.096416754518514836 -0.729655292648964 0.49934211195444161 0.18671065902388076 -0.1067184792736494 -0.21150118696851938 0.056773507961276407 0.14036666222224464
leaf_weight=1566 121 81 140 151 96 171 97 374 196 98 178 92 90 82
leaf_count=1566 121 81 140 151 96 171 97 374 196 98 178 92 90 82
internal_value=-0.00222301 0.000208332 -0.000394333 0.000623173 0.00119292 -0.00446982 -0.00197802 -0.00212978 0.000608973 0.00110774 2.15971e-05 -0.000958905 0.000748662 -0.0013666
internal_weight=3533 1699 1618 1022 871 1834 268 596 775 654 458 360 182 456
internal_count=3533 1699 1618 1022 871 1834 268 596 775 654 458 360 182 456
is_linear=0
shrinkage=0.05


Tree=41
num_leaves=15
num_cat=0
split_feature=4 0 1 8 10 11 4 12 9 3 7 3 3 3
split_gain=7.0699 3.81964 1.4142 1.19242 0.86083 0.73205 0.700199 0.620948 0.85965 1.60914 0.922088 0.416169 0.296366 0.2572
threshold=775.92057899273459 937.50000000000011 565.50000000000011 52.500000000000007 13.500000000000002 -0.92274349529687905 675.24262462139598 -0.90892157495189674 55.500000000000007 -51.499999999999993 28.150000000000002 -109.49999999999999 227.50000000000003 93.500000000000014
decision_type=2 2 2 2 2 2 2 2 2 2 2 2 2 2
left_child=2 4 12 -4 5 -2 -5 -7 9 -9 -10 -6 -1 -13
right_child=1 -3 3 6 11 7 -8 8 10 -11 -12 13 -14 -15
leaf_value=-4.8684059810192997 -0.42139744461104273 1.1931774962272048 -0.4266156274541249 0.19115862826490426 0.1271009269875723 -0.43594424110952512 -0.070211254521524644 0.39576768564222548 0.048665772728138636 -0.12964316587944028 1.3850027042357382 -0.46687105898389203 -0.91286681322500274 -0.59327046725025767
leaf_weight=1593 111 82 302 139 133 135 96 146 115 100 114 190 101 138
leaf_count=1593 111 82 302 139 133 135 96 146 115 100 114 190 101 138
internal_value=-0.00229286 0.000693458 -0.00398256 -0.00172509 -5.05488e-05 0.00102617 0.000937499 0.00170732 0.00255208 0.000478086 0.00472222 -0.00172747 -0.004691 -0.00267267
internal_weight=3495 1264 2231 537 1182 721 235 610 475 246 229 461 1694 328
internal_count=3495 1264 2231 537 1182 721 235 610 475 246 229 461 1694 328
is_linear=0
shrinkage=0.05


Tree=42
num_leaves=15
num_cat=0
split_feature=4 4 8 10 6 5 0 9 12 4 6 8 11 11
split_gain=7.03002 4.13803 1.76785 1.48433 0.798618 0.933351 0.759212 1.11942 0.547984 0.50969 0.479041 0.562959 0.745838 0.590751
threshold=971.75484314722951 659.78697703878049 61.500000000000007 12.500000000000002 1.0360661403956344 0.44591790232202239 468.50000000000006 99.500000000000014 -0.84313311835787952 775.92057899273459 0.27537622814714563 42.500000000000007 -0.91597725483594616 0.053729698564148505
decision_type=2 2 2 2 2 2 2 2 2 2 2 2 2 2
left_child=1 6 -2 4 5 -3 -1 -8 -7 -5 -11 -12 -13 -14
right_child=2 3 -4 9 -6 8 7 -9 -10 10 11 12 13 -15
leaf_value=-6.5154301747052035 1.1356624271681612 -2.4681782664756931 0.3911224622821452 -1.2144988563575518 -0.037465513888833832 0.042495699712015084 -0.49566767798548528 0.10855057816350284 0.53720290292220008 -3.0195525223688087 -0.30532521233449289 -0.44280917399697106 0.39198432329035865 -0.27102032814585159
leaf_weight=1442 81 82 81 191 354 88 247 83 223 101 138 85 142 184
leaf_count=1442 81 82 81 191 354 88 247 83 223 101 138 85 142 184
internal_value=-0.00229941 -0.00279346 0.00772455 -0.000935343 0.000684839 0.00222362 -0.00445132 -0.00223881 0.00346519 -0.00236998 -0.00167939 -0.00107401 -0.000132213 0.000966766
internal_weight=3522 3360 162 1588 747 393 1772 330 311 841 650 549 411 326
internal_count=3522 3360 162 1588 747 393 1772 330 311 841 650 549 411 326
is_linear=0
shrinkage=0.05


Tree=43
num_leaves=15
num_cat=0
split_feature=4 1 0 10 3 5 3 5 7 6 4 8 5 1
split_gain=7.14107 3.30966 1.55167 0.821798 0.756165 0.881567 0.75131 0.715022 1.61917 0.611639 0.598929 0.495109 0.551609 0.611538
threshold=775.92057899273459 1005.5000000000001 465.50000000000006 12.500000000000002 -66.499999999999986 0.85382961323506079 52.500000000000007 0.9713766617928371 29.150000000000002 0.2289391774096784 970.1358476200304 42.500000000000007 0.78178696567353712 427.50000000000006
decision_type=2 2 2 2 2 2 2 2 2 2 2 2 2 2
left_child=2 3 -1 7 5 -4 -6 8 -2 -5 11 -11 13 -13
right_child=1 -3 4 9 6 -7 -8 -9 -10 10 -12 12 -14 -15
leaf_value=-5.8905511544915328 0.040793591516592315 0.9422927636827062 -0.33142573092462402 -3.8410107619462162 -0.56598000074836163 0.085191322361365715 0.16274372489160341 -0.016363885409744816 0.58561720695157349 -0.32481948348793266 0.5270009519834028 0.51228139017794883 0.19448080817833188 -0.78895886918651026
leaf_weight=1574 220 87 83 88 419 80 84 144 94 142 80 81 131 206
leaf_count=1574 220 87 83 88 419 80 84 144 94 142 80 81 131 206
internal_value=-0.0021788 0.000809858 -0.00387528 0.000100754 -0.00183309 0.00110119 -0.00278543 0.00174946 0.0030721 -0.000941338 -0.000387598 -0.000973453 -9.45638e-05 -0.00131849
internal_weight=3513 1273 2240 1186 666 163 503 458 314 728 640 560 418 287
internal_count=3513 1273 2240 1186 666 163 503 458 314 728 640 560 418 287
is_linear=0
shrinkage=0.05


Tree=44
num_leaves=15
num_cat=0
split_feature=0 1 9 3 5 4 12 12 11 1 9 11 11 1
split_gain=7.06665 4.78639 1.4975 1.5865 1.71391 1.15975 1.07848 0.77859 0.916774 0.685752 1.24792 0.630336 0.517397 0.502284
threshold=465.50000000000006 1008.5000000000001 96.500000000000014 -89.499999999999986 0.78178696567353712 664.06818593055766 0.2332836900311728 0.8511460603353429 -0.90893996196865023 769.50000000000011 2.5000000000000004 0.52033990680116082 -0.57078386445773377 743.50000000000011
decision_type=2 2 2 2 2 2 2 2 2 2 2 2 2 2
left_child=5 2 3 4 -2 -1 -6 8 -4 -5 -11 -12 -7 -10
right_child=1 -3 7 9 6 12 -8 -9 13 10 11 -13 -14 -15
leaf_value=-5.8296864545759552 -0.31062781377471144 1.0554291013611856 -0.48749693677208117 -0.79539014900787142 0.077170816882403501 0.15857673369986469 0.36633400723091319 -0.39645037587418647 0.51646495298987827 -0.29654418174382458 0.14771486652033514 -0.049666073724508153 -3.4626476951178766 0.0071863880752014503
leaf_weight=1458 154 80 106 340 108 129 82 88 284 145 83 129 244 93
leaf_count=1458 154 80 106 340 108 129 82 88 284 145 83 129 244 93
internal_value=-0.0021301 0.000200352 -0.000408164 -0.00153442 0.00123209 -0.00427832 0.00435897 0.00164062 0.00242828 -0.00289886 -0.00133978 0.00110599 -0.00175926 0.0035733
internal_weight=3523 1692 1612 1041 344 1831 190 571 483 697 357 212 373 377
internal_count=3523 1692 1612 1041 344 1831 190 571 483 697 357 212 373 377
is_linear=0
shrinkage=0.05


Tree=45
num_leaves=15
num_cat=0
split_feature=1 4 10 9 5 3 3 12 3 11 11 7 1 11
split_gain=7.39177 4.54715 2.66338 1.01965 0.840088 1.13271 1.77037 1.32989 0.809278 0.607835 0.852723 0.731065 0.408665 0.296392
threshold=1008.5000000000001 495.29926811209822 14.500000000000002 2.5000000000000004 0.81711767155384474 35.500000000000007 -39.499999999999993 0.029024409397335523 -65.499999999999986 -0.85227431625818906 -0.61237985104942771 27.950000000000003 731.50000000000011 0.52033990680116082
decision_type=2 2 2 2 2 2 2 2 2 2 2 2 2 2
left_child=1 -1 3 8 9 6 7 -6 -3 -5 -11 -12 -8 -14
right_child=-2 2 -4 4 5 -7 12 -9 -10 10 11 -13 13 -15
leaf_value=-4.8027750715515793 1.106230521518645 0.17868515896256212 -1.2855802502696525 -0.39974461479699269 -0.011543914499429851 0.76990435748084851 -0.53323515964248491 0.28714880646490321 -0.2989065715606401 0.56526104213394923 -1.8471421543720847 0.1892494677210749 0.087469283662262198 -0.10086584823494518
leaf_weight=1380 80 80 569 186 93 89 90 123 166 100 218 153 105 106
leaf_count=1380 80 80 569 186 93 89 90 123 166 100 218 153 105 106
internal_value=-0.00222693 -0.00258158 -0.00109938 3.30132e-06 0.000579652 0.00191489 0.000986589 0.00438914 -0.00290837 -0.000657101 0.000304621 -0.000811171 -0.00148693 -0.000254631
internal_weight=3538 3458 2078 1509 1263 606 517 216 246 657 471 371 301 211
internal_count=3538 3458 2078 1509 1263 606 517 216 246 657 471 371 301 211
is_linear=0
shrinkage=0.05


Tree=46
num_leaves=15
num_cat=0
split_feature=4 2 6 8 4 10 5 8 2 3 9 0 0 5
split_gain=6.28913 3.47372 2.81696 1.41599 1.03356 1.00477 0.915466 1.56216 0.562755 0.495716 0.4794 0.413152 0.392312 0.354417
threshold=951.13474704150701 493.75000000000006 1.0037478731454208 37.500000000000007 664.06818593055766 12.500000000000002 0.9713766617928371 66.500000000000014 681.75000000000011 2.5000000000000004 10.500000000000002 620.50000000000011 755.50000000000011 0.38941361770299376
decision_type=2 2 2 2 2 2 2 2 2 2 2 2 2 2
left_child=1 4 9 10 -1 6 7 -5 -9 -2 -3 -7 -12 -6
right_child=2 3 -4 5 13 11 -8 8 -10 -11 12 -13 -14 -15
leaf_value=-5.1913761375553928 -0.096266964916847372 -0.29077726797808817 0.75746913502450419 0.51930758476388428 -4.875929198706384 -0.74936246730176581 -0.057945317672923727 0.4937508005338111 -0.11961652914206373 0.98612443174314068 -0.40618336365342983 0.014193089951441147 0.037151782952136635 -0.12599618174762481
leaf_weight=1482 116 291 106 81 143 192 148 120 109 89 114 171 107 245
leaf_count=1482 116 291 106 81 143 192 148 120 109 89 114 171 107 245
internal_value=-0.00216539 -0.00282575 0.00457278 -0.000870704 -0.00421333 0.000417674 0.00196544 0.00349206 0.00130342 0.00107143 -0.0029207 -0.00153533 -0.00112832 -0.00188295
internal_weight=3514 3203 311 1333 1870 821 458 310 229 205 512 363 221 388
internal_count=3514 3203 311 1333 1870 821 458 310 229 205 512 363 221 388
is_linear=0
shrinkage=0.05


Tree=47
num_leaves=15
num_cat=0
split_feature=0 1 1 9 12 1 10 1 11 8 9 3 4 8
split_gain=6.44753 3.74174 1.46609 1.20909 0.936128 0.929526 0.881845 0.7938 0.591741 0.943496 0.61462 0.57491 0.422847 0.370012
threshold=468.50000000000006 1005.5000000000001 549.50000000000011 97.500000000000014 0.8511460603353429 731.50000000000011 12.500000000000002 679.50000000000011 0.54940630780725741 72.500000000000014 6.5000000000000009 -47.499999999999993 669.66763864660913 42.500000000000007
decision_type=2 2 2 2 2 2 2 2 2 2 2 2 2 2
left_child=2 3 12 5 6 13 7 -5 9 10 -7 -10 -1 -2
right_child=1 -3 -4 4 -6 8 -8 -9 11 -11 -12 -13 -14 -15
leaf_value=-5.6509091611473981 -0.79737595797502037 0.98723686020544266 0.12450269076360727 0.64097808678237234 -0.39360166014984688 0.17180599327546506 0.043865806395670476 0.05975652403432296 0.08187567326236117 -0.27924349825650358 0.0187217107850483 -0.25505387930218432 -1.60521616997121 -0.21321865626905448
leaf_weight=1482 194 82 154 124 87 91 214 103 158 93 113 212 220 184
leaf_count=1482 194 82 154 124 87 91 214 103 158 93 113 212 220 184
internal_value=-0.00213453 0.000135541 -0.00415368 -0.000421421 0.0015197 -0.00140476 0.00245516 0.00459052 -0.000275299 0.00137417 0.00325359 -0.0016 -0.00457528 -0.00336815
internal_weight=3511 1655 1856 1573 528 1045 441 227 667 297 204 370 1702 378
internal_count=3511 1655 1856 1573 528 1045 441 227 667 297 204 370 1702 378
is_linear=0
shrinkage=0.05


Tree=48
num_leaves=15
num_cat=0
split_feature=4 0 10 2 8 4 4 5 2 1 9 11 2 4
split_gain=6.47042 3.80103 1.45094 1.12134 1.07891 0.610003 0.61988 0.386362 0.548137 0.471579 0.445207 0.392268 0.370416 0.272486
threshold=659.78697703878049 937.50000000000011 14.500000000000002 501.75000000000006 41.500000000000007 675.24262462139598 971.75484314722951 1.0722333320854254 592.75000000000011 791.50000000000011 98.500000000000014 0.8697513045430848 399.75000000000006 789.45580271003644
decision_type=2 2 2 2 2 2 2 2 2 2 2 2 2 2
left_child=3 2 5 -1 -5 -2 7 8 12 10 -10 -11 -7 -4
right_child=1 -3 13 4 -6 6 -8 -9 9 11 -12 -13 -14 -15
leaf_value=-4.7555919449037942 0.43506268111297558 0.82572735795853169 -2.4468879694856516 -0.55197800003475761 0.080879732865018775 -0.2094293511508738 0.47960042539629005 -0.34309529124763766 0.0062759065789408132 -0.053963316605620329 0.40822215004950668 0.22002914025658829 -0.80240272713056948 -0.70301702985603343
leaf_weight=1427 104 86 153 181 124 148 109 96 118 378 103 105 163 181
leaf_count=1427 104 86 153 181 124 148 109 96 118 378 103 105 163 181
internal_value=-0.00199081 0.00016009 -0.000384848 -0.00415084 -0.00137097 0.000361173 4.08151e-05 -0.000318102 -2.4511e-05 0.000747531 0.00263274 -0.000133198 -0.00175633 -0.00330384
internal_weight=3476 1744 1658 1732 305 1324 1220 1111 1015 704 221 483 311 334
internal_count=3476 1744 1658 1732 305 1324 1220 1111 1015 704 221 483 311 334
is_linear=0
shrinkage=0.05


Tree=49
num_leaves=15
num_cat=0
split_feature=4 1 2 7 5 10 2 8 3 4 7 6 1 11
split_gain=6.54237 4.20084 1.78657 1.05387 0.9895 0.759679 0.787773 1.46257 0.580472 0.490529 0.495904 0.429693 0.451825 0.425057
threshold=775.92057899273459 1008.5000000000001 429.25000000000006 27.350000000000005 1.1838312710837162 12.500000000000002 892.50000000000011 61.500000000000007 186.50000000000003 971.75484314722951 32.750000000000007 0.2289391774096784 789.50000000000011 -0.58482361983252518
decision_type=2 2 2 2 2 2 2 2 2 2 2 2 2 2
left_child=2 5 8 4 13 6 7 -2 -1 10 11 -7 -13 -4
right_child=1 -3 3 -5 -6 9 -8 -9 -10 -11 -12 12 -14 -15
leaf_value=-6.4376301515996239 0.4834076375586781 0.79516001882219767 0.39115357602574796 -0.36767262234572973 -1.3269730237411776 -5.8753964510559271 -0.12696457653959756 0.10757922754025667 -0.64604008339545682 0.2591724147278554 -0.31167730964195473 0.16912525911786858 -0.23913820620515358 0.003578703974998878
leaf_weight=1336 93 81 99 474 87 81 95 272 121 83 212 260 112 111
leaf_count=1336 93 81 99 474 87 81 95 272 121 83 212 260 112 111
internal_value=-0.00194066 0.00089258 -0.00357815 -0.00161727 0.000711919 0.000131903 0.00172043 0.00277027 -0.0046067 -0.000849935 -0.00130597 -0.000360263 0.000371352 0.00255814
internal_weight=3517 1289 2228 771 297 1208 460 365 1457 748 665 453 372 210
internal_count=3517 1289 2228 771 297 1208 460 365 1457 748 665 453 372 210
is_linear=0
shrinkage=0.05


Tree=50
num_leaves=15
num_cat=0
split_feature=1 4 10 8 0 12 4 12 11 5 5 9 7 7
split_gain=6.57072 5.01309 2.6642 0.936971 1.00625 0.875881 0.660419 1.18829 0.730705 0.530142 0.928192 0.467297 0.413955 0.469773
threshold=1005.5000000000001 446.22209089546192 14.500000000000002 26.500000000000004 231.50000000000003 0.79773375822167203 675.24262462139598 -0.24372464231556024 -0.92274349529687905 0.9713766617928371 0.84989396546710083 2.5000000000000004 27.950000000000003 29.450000000000003
decision_type=2 2 2 2 2 2 2 2 2 2 2 2 2 2
left_child=1 -1 3 11 -5 6 7 -6 -8 10 12 -3 -10 -14
right_child=-2 2 -4 4 5 -7 8 -9 9 -11 -12 -13 13 -15
leaf_value=-5.5814993162120423 0.74897060062413157 -0.29321425199577589 -1.090643910151545 -3.3667280024334802 0.24970040541192495 -0.28221405686415041 -0.32846549742176756 0.46592334844529931 -0.080452731476890749 -0.035080896054268014 0.39435675492269184 -0.049436322494013606 1.1261241826944701 0.15145575705467931
leaf_weight=1144 84 127 641 88 142 173 163 80 181 101 134 219 83 167
leaf_count=1144 84 127 641 88 142 173 163 80 181 101 134 219 83 167
internal_value=-0.00185023 -0.00219403 -0.000844185 0.000216475 0.000827637 0.00120423 0.00174716 0.00414097 0.00108513 0.00181818 0.00241228 -0.00207977 0.00125 0.00254902
internal_weight=3527 3443 2299 1658 1312 1224 1051 222 829 666 565 346 431 250
internal_count=3527 3443 2299 1658 1312 1224 1051 222 829 666 565 346 431 250
is_linear=0
shrinkage=0.05


Tree=51
num_leaves=15
num_cat=0
split_feature=4 4 5 10 11 11 11 3 3 11 1 11 10 6
split_gain=6.23256 3.96364 2.17538 2.16966 0.805229 1.01939 1.36612 0.723235 0.711679 0.922649 0.662708 0.36816 0.344807 0.334136
threshold=951.13474704150701 443.42004991768925 0.9096995605756576 14.500000000000002 -0.98523971305672675 -0.92274349529687905 -0.59869031648930193 158.50000000000003 -91.499999999999986 0.46039464932087154 746.50000000000011 -0.79384350655589164 15.500000000000002 1.1681402414192028
decision_type=2 2 2 2 2 2 2 2 2 2 2 2 2 2
left_child=1 -1 -2 4 -3 -6 10 8 9 -8 11 -7 -5 -10
right_child=2 3 -4 12 5 6 7 -9 13 -11 -12 -13 -14 -15
leaf_value=-5.5322113058193167 0.32232225405853587 0.2657046118668524 0.72909848195879767 -0.64060992173725428 -0.70306731122886135 0.22306977919953797 -0.3501134639338207 0.5226966059941871 -0.12364278745623214 0.32338606051390062 -0.0095712983011239545 0.68706551446111186 -2.1828654129013914 -0.69924502683003931
leaf_weight=1128 193 102 110 317 115 85 156 123 449 83 109 82 340 113
leaf_count=1128 193 102 110 317 115 85 156 123 449 83 109 82 340 113
internal_value=-0.00181624 -0.00246648 0.00498377 -0.00116402 -5.97762e-05 -0.000397728 4.14926e-05 -0.000882671 -0.001433 0.000840163 0.00309608 0.00502907 -0.00352719 -0.00239859
internal_weight=3505 3202 303 2074 1417 1315 1200 924 801 239 276 167 657 562
internal_count=3505 3202 303 2074 1417 1315 1200 924 801 239 276 167 657 562
is_linear=0
shrinkage=0.05


Tree=52
num_leaves=15
num_cat=0
split_feature=1 4 10 5 2 4 3 10 12 3 6 0 7 5
split_gain=6.22054 4.53174 2.20979 0.764672 0.644804 0.926762 0.541003 0.406025 0.400186 0.386908 0.316491 0.241095 0.379367 0.479047
threshold=1008.5000000000001 443.42004991768925 14.500000000000002 1.0932198240630997 323.25000000000006 664.55562452720642 91.500000000000014 15.500000000000002 0.78724360164103002 93.500000000000014 1.1681402414192028 427.50000000000006 28.250000000000004 0.9713766617928371
decision_type=2 2 2 2 2 2 2 2 2 2 2 2 2 2
left_child=1 -1 3 4 -3 -6 8 9 11 -4 -5 -7 -13 -14
right_child=-2 2 7 10 5 6 -8 -9 -10 -11 -12 12 13 -15
leaf_value=-5.2556007405283509 0.80367901778304829 -2.2606979243412018 -0.65288140874201361 -0.086468554254337915 0.29704877847319006 0.9280175981551182 0.50606134586950224 -2.091462586663229 -0.19023040080632753 0.31105669962501648 -0.58033346998022062 -0.16995354378949076 0.13028605497298248 -0.056047464832037777
leaf_weight=1143 83 201 227 104 125 81 161 343 157 87 121 146 402 175
leaf_count=1143 83 201 227 104 125 81 161 343 157 87 121 146 402 175
internal_value=-0.00194608 -0.00227573 -0.00100643 -3.87378e-05 0.000385408 0.000810702 0.00034605 -0.00345166 -0.000108697 -0.00210031 -0.00271739 0.000346105 4.80757e-05 0.000627147
internal_weight=3556 3473 2330 1673 1448 1247 1122 657 961 314 225 804 723 577
internal_count=3556 3473 2330 1673 1448 1247 1122 657 961 314 225 804 723 577
is_linear=0
shrinkage=0.05


Tree=53
num_leaves=15
num_cat=0
split_feature=0 1 5 10 1 4 8 8 4 5 7 11 0 8
split_gain=5.87758 3.64927 1.3652 1.74546 1.41561 0.900462 0.847091 1.1892 0.67322 0.656612 0.839916 0.559555 0.547929 0.502204
threshold=375.50000000000006 1008.5000000000001 1.1838312710837162 12.500000000000002 679.50000000000011 659.78697703878049 66.500000000000014 98.500000000000014 970.1358476200304 0.9713766617928371 29.150000000000002 0.71503381463111937 231.50000000000003 71.500000000000014
decision_type=2 2 2 2 2 2 2 2 2 2 2 2 2 2
left_child=5 2 3 4 6 -1 -2 -8 13 10 -6 -11 -7 -5
right_child=1 -3 -4 8 9 12 7 -9 -10 11 -12 -13 -14 -15
leaf_value=-6.747283075891656 0.56519018030190771 0.80243263494959871 -1.1611822324032834 -0.34793442043938971 -0.012104447311247372 -4.7453638820493351 -0.21976405839939581 0.56457804478384821 0.26184044040091714 0.013501862334910936 0.39888464237590349 -0.2037159727611606 0.075754461359884992 -0.099287906538006038
leaf_weight=1249 86 80 204 498 158 104 97 83 85 159 91 151 161 325
leaf_count=1249 86 80 204 498 158 104 97 83 85 159 91 151 161 325
internal_value=-0.00191035 -0.000140951 -0.00058445 -0.000123707 0.00153614 -0.00425938 0.00450184 0.00243243 -0.00163198 9.75165e-05 0.00198819 -0.00142857 -0.00157408 -0.00207126
internal_weight=3531 2017 1937 1733 825 1514 266 180 908 559 249 310 265 823
internal_count=3531 2017 1937 1733 825 1514 266 180 908 559 249 310 265 823
is_linear=0
shrinkage=0.05


Tree=54
num_leaves=15
num_cat=0
split_feature=2 1 5 10 1 4 5 2 8 7 10 9 8 7
split_gain=5.63004 3.04271 1.59278 2.07003 1.75983 0.968068 0.721382 1.34556 0.600623 0.556594 0.509209 0.402527 0.47653 0.371681
threshold=359.25000000000006 1008.5000000000001 1.1603267046974401 12.500000000000002 679.50000000000011 656.60053055237688 0.9713766617928371 804.25000000000011 38.500000000000007 26.150000000000002 15.500000000000002 2.5000000000000004 28.500000000000004 32.550000000000004
decision_type=2 2 2 2 2 2 2 2 2 2 2 2 2 2
left_child=5 2 3 4 9 -1 7 -6 -5 -2 13 -8 -13 -10
right_child=1 -3 -4 8 6 -7 11 -9 10 -11 -12 12 -14 -15
leaf_value=-6.759918922097075 0.15077048377979826 0.72337343514641927 -0.95491734125991268 -0.31937191557618688 -0.011582435396675937 -1.6153766279408204 -0.17966990652670034 0.39932062273348917 0.051563646991028202 0.55176527443964918 -1.1202976111298395 0.016289966970712551 -0.087553641177185462 -0.39309789944471651
leaf_weight=1220 85 83 246 213 190 296 87 83 425 154 95 114 95 172
leaf_count=1220 85 83 246 213 190 296 87 83 425 154 95 114 95 172
internal_value=-0.00189167 -0.000175868 -0.000582995 -3.78359e-05 0.00179582 -0.00419461 0.000270034 0.00210432 -0.00167583 0.00534836 -0.000946917 -0.00142857 -0.000210282 -0.000390367
internal_weight=3558 2042 1959 1713 808 1516 569 273 905 239 692 296 209 597
internal_count=3558 2042 1959 1713 808 1516 569 273 905 239 692 296 209 597
is_linear=0
shrinkage=0.05


Tree=55
num_leaves=15
num_cat=0
split_feature=0 0 5 10 1 11 11 8 5 8 11 11 11 2
split_gain=5.77005 2.97133 1.52364 1.81139 1.17654 0.889078 0.897759 0.531405 0.497619 0.885819 0.363362 0.588119 0.348365 0.345018
threshold=309.50000000000006 937.50000000000011 1.1838312710837162 13.500000000000002 679.50000000000011 0.25725141817891134 -0.59869031648930193 38.500000000000007 0.96102704813553574 61.500000000000007 -0.91597725483594616 -0.58482361983252518 -0.19337636264337835 444.25000000000006
decision_type=2 2 2 2 2 2 2 2 2 2 2 2 2 2
left_child=-1 2 3 4 5 6 -2 -5 9 -6 -9 -12 -10 -13
right_child=1 -3 -4 7 8 -7 -8 10 12 -11 11 13 -14 -15
leaf_value=-7.2219239046155828 0.49201525726169876 0.77961411803875247 -1.1413659006103842 -0.50586801244571811 0.31990832333029862 0.31790733483037314 -0.19999368342491197 -1.5882718638182498 0.015643427264096562 -0.051829755778175293 0.19914538166477613 -1.0304011618962756 -0.15242379259316519 -0.25838300526068275
leaf_weight=1261 140 85 248 187 131 89 177 87 112 290 96 128 233 271
leaf_count=1261 140 85 248 187 131 89 177 87 112 290 96 128 233 271
internal_value=-0.00180085 -0.00029399 -0.000658616 -0.000182427 0.00105352 0.00321168 0.00190994 -0.00206072 -0.000103763 0.0010446 -0.00129472 -0.000750001 -0.0015 -0.00159654
internal_weight=3535 2274 2189 1941 1172 406 317 769 766 421 582 495 345 399
internal_count=3535 2274 2189 1941 1172 406 317 769 766 421 582 495 345 399
is_linear=0
shrinkage=0.05


Tree=56
num_leaves=15
num_cat=0
split_feature=4 10 1 3 5 6 0 6 10 5 5 5 10 5
split_gain=5.49798 2.56813 1.7848 0.998882 0.675653 0.996706 0.415593 0.397996 0.534241 0.64212 0.477558 0.371307 0.359601 0.43196
threshold=443.42004991768925 14.500000000000002 1008.5000000000001 293.50000000000006 1.0974903836889347 1.1196459264209657 231.50000000000003 1.0582204066645422 12.500000000000002 0.84188688094408759 0.9713766617928371 0.63197022919065338 15.500000000000002 0.7980773516213896
decision_type=2 2 2 2 2 2 2 2 2 2 2 2 2 2
left_child=-1 2 3 4 5 6 -2 8 9 11 -11 -8 13 -3
right_child=1 12 -4 -5 -6 -7 7 -9 -10 10 -12 -13 -14 -15
leaf_value=-4.549019566010184 -2.2417402813870075 -0.2666238344899427 0.50460522588786827 0.84042583117912639 -0.29798423535940022 0.20379450246323813 0.72013986868376989 -0.14093862770317986 -0.055736415112069851 0.54553457065516164 0.04138754801983701 -0.37723424123603388 -1.8888148523458488 -0.59686166293813503
leaf_weight=1130 81 222 81 99 211 105 133 176 527 94 81 146 335 91
leaf_count=1130 81 222 81 99 211 105 133 176 527 94 81 146 335 91
internal_value=-0.00189366 -0.00052786 0.000477285 0.000111579 -0.000205261 0.000211423 -0.000193082 5.59369e-05 0.000451317 0.00169935 0.00402778 0.000193661 -0.00320061 -0.00193396
internal_weight=3512 2382 1734 1653 1554 1343 1238 1157 981 454 175 279 648 313
internal_count=3512 2382 1734 1653 1554 1343 1238 1157 981 454 175 279 648 313
is_linear=0
shrinkage=0.05


Tree=57
num_leaves=15
num_cat=0
split_feature=4 4 10 1 3 11 11 11 11 5 4 1 5 4
split_gain=5.63148 1.9288 1.04838 0.932296 0.743109 0.498956 0.560295 0.801293 0.673124 1.47745 0.635087 0.563931 0.459953 0.707409
threshold=460.7888115652492 974.9526848792317 14.500000000000002 480.50000000000006 286.50000000000006 -0.98523971305672675 -0.92274349529687905 -0.59869031648930193 0.46039464932087154 0.95799304990490997 938.9284187343643 746.50000000000011 1.0722333320854254 869.84385324788059
decision_type=2 2 2 2 2 2 2 2 2 2 2 2 2 2
left_child=3 2 4 -1 5 -2 -7 11 -9 10 -10 -8 13 -11
right_child=1 -3 -4 -5 -6 6 7 8 9 12 -12 -13 -14 -15
leaf_value=-5.4584387719161791 0.14108963467458438 0.55352624672324624 -0.74266172489579751 0.10490691356571269 0.75253716569106788 -0.44219317693691917 0.40073044948180181 -0.31179061644708711 0.36251791167668301 0.063269481483126291 0.16354560182652303 -0.020984230537470019 -0.46897486018247475 -0.071859152142279017
leaf_weight=1188 89 118 565 94 96 108 136 483 84 80 90 117 150 93
leaf_count=1188 89 118 565 94 96 108 136 483 84 80 90 117 150 93
internal_value=-0.0018464 -0.000313913 -0.000670326 -0.00447553 1.30622e-05 -0.000278747 -0.000523775 -0.000214056 -0.000862945 0.000428286 0.00407821 0.00226744 -0.00157012 0.000196628
internal_weight=3491 2209 2091 1282 1526 1430 1341 1233 980 497 174 253 323 173
internal_count=3491 2209 2091 1282 1526 1430 1341 1233 980 497 174 253 323 173
is_linear=0
shrinkage=0.05


Tree=58
num_leaves=15
num_cat=0
split_feature=4 4 10 6 2 4 8 5 8 0 7 8 6 3
split_gain=5.53639 1.38384 1.00317 1.34442 0.894879 0.843575 0.563541 0.506436 0.477606 0.452753 0.437564 0.353969 0.243263 0.62895
threshold=468.92887753841705 971.75484314722951 12.500000000000002 1.0582204066645422 434.00000000000006 675.24262462139598 62.500000000000007 1.0496745283532418 38.500000000000007 605.50000000000011 28.450000000000003 71.500000000000014 0.17755144625076649 93.500000000000014
decision_type=2 2 2 2 2 2 2 2 2 2 2 2 2 2
left_child=4 2 3 5 -1 -2 -7 10 -4 12 -5 -11 -10 -14
right_child=1 -3 8 7 -6 6 -8 -9 9 11 -12 -13 13 -15
leaf_value=-5.3462580039901146 0.86463950740177276 0.46241796528529511 -0.30797855896780013 -0.096438448395639587 -0.040541667439610012 0.13406224215163964 -0.01291370145115054 -0.29000781733764985 -4.121101339821446 -0.080190443969308578 0.19599127344950237 0.16908890378611016 -0.76062199461151081 0.57764789278977613
leaf_weight=1191 111 156 198 86 114 128 286 265 114 157 94 92 400 117
leaf_count=1191 111 156 198 86 114 128 286 265 114 157 94 92 400 117
internal_value=-0.00183409 -0.000303306 -0.000652705 0.000512819 -0.0044084 0.00221698 0.00114558 -0.0015 -0.00169899 -0.00118644 0.000540539 0.000610235 -0.00189466 -0.00140805
internal_weight=3509 2204 2048 970 1305 525 414 445 1078 880 180 249 631 517
internal_count=3509 2204 2048 970 1305 525 414 445 1078 880 180 249 631 517
is_linear=0
shrinkage=0.05


Tree=59
num_leaves=15
num_cat=0
split_feature=4 1 0 10 5 11 8 8 6 2 8 5 11 3
split_gain=5.6478 2.47874 1.30872 0.936852 0.896768 0.962317 0.704212 0.600485 0.770802 0.641167 0.677387 0.767643 0.355475 0.340966
threshold=443.42004991768925 1008.5000000000001 231.50000000000003 12.500000000000002 1.067347926456393 -0.19337636264337835 71.500000000000014 62.500000000000007 1.0397662829984229 681.75000000000011 99.500000000000014 0.59794210131562786 -0.85227431625818906 -96.499999999999986
decision_type=2 2 2 2 2 2 2 2 2 2 2 2 2 2
left_child=-1 2 -2 4 7 -6 13 8 -4 10 -9 -12 -8 -5
right_child=1 -3 3 6 5 -7 12 9 -10 -11 11 -13 -14 -15
leaf_value=-3.8609200371460908 -3.9464997169631695 0.6084240933639864 0.99555542331392566 -0.057104214316813298 0.082560532063155279 -0.429135906321576 -0.67073589843311743 -0.058891934411163339 0.038104551432072996 -0.080976344093725172 0.46311322946212496 0.8988869392421398 0.14437009762888439 -0.29205898015075543
leaf_weight=1142 207 82 80 125 80 199 140 170 150 150 86 81 376 442
leaf_count=1142 207 82 80 125 80 199 140 170 150 150 86 81 376 442
internal_value=-0.00174965 -0.000353983 -0.000667832 -0.00028551 0.00081918 -0.0015669 -0.00130055 0.00175208 0.00382979 0.000741869 0.00194444 0.00415698 3.83865e-05 -0.00250874
internal_weight=3510 2368 2286 2079 996 279 1083 717 230 487 337 167 516 567
internal_count=3510 2368 2286 2079 996 279 1083 717 230 487 337 167 516 567
is_linear=0
shrinkage=0.05


Tree=60
num_leaves=15
num_cat=0
split_feature=4 4 11 10 11 3 0 3 3 6 2 9 1 5
split_gain=5.12014 1.70125 1.15219 0.953013 0.979144 0.75935 1.09205 0.863188 0.602638 0.601788 0.441801 0.488594 0.380029 0.322171
threshold=443.42004991768925 951.13474704150701 -0.59869031648930193 10.500000000000002 -0.83377653105606597 139.50000000000003 513.50000000000011 -118.49999999999999 -34.499999999999993 0.94053119576921762 736.25000000000011 56.500000000000007 443.00000000000006 0.67075761349210505
decision_type=2 2 2 2 2 2 2 2 2 2 2 2 2 2
left_child=12 2 3 -2 -5 7 -7 9 -3 -4 -9 -12 -1 -6
right_child=1 8 5 4 13 6 -8 10 -10 -11 11 -13 -14 -15
leaf_value=-5.0077437064666297 0.41144801646079526 0.13902521472107068 -0.73857246760789763 -0.28266276532401385 -0.058640368409004218 -1.0736048231613637 0.68557620953088172 -0.66537964218812995 0.73104488949857105 0.19882568996546057 -0.16329874272960648 0.028968542983094588 -0.19920676782278987 0.18817425077117381
leaf_weight=1065 145 165 130 334 80 144 80 557 151 132 255 93 80 113
leaf_count=1065 145 165 130 334 80 144 80 557 151 132 255 93 80 113
internal_value=-0.00184755 -0.000522233 -0.00104691 0.000649925 -0.000347746 -0.00186605 0.000786025 -0.00237628 0.00286604 0.000149812 -0.0031044 -0.00167139 -0.00458696 0.00244949
internal_weight=3524 2379 2063 672 527 1391 224 1167 316 262 905 348 1145 193
internal_count=3524 2379 2063 672 527 1391 224 1167 316 262 905 348 1145 193
is_linear=0
shrinkage=0.05


Tree=61
num_leaves=15
num_cat=0
split_feature=0 5 10 7 3 5 2 1 5 8 0 5 11 10
split_gain=5.86169 1.61778 1.94747 1.85468 1.6592 1.56241 1.20874 1.07239 0.717196 0.544554 0.483229 0.523266 0.593514 0.464874
threshold=267.50000000000006 1.2996010590322131 13.500000000000002 37.150000000000013 24.500000000000004 0.9228331806033615 556.50000000000011 534.50000000000011 0.9713766617928371 38.500000000000007 744.50000000000011 1.029871063232725 0.7210268013660811 15.500000000000002
decision_type=2 2 2 2 2 2 2 2 2 2 2 2 2 2
left_child=-1 2 3 4 6 -6 7 -2 -8 -4 -10 -12 -13 -11
right_child=1 -3 9 -5 5 -7 8 -9 10 13 11 12 -14 -15
leaf_value=-7.034709108052744 -0.15776804224969032 -1.4191018669363562 -0.43481649328039673 0.60715654977905098 0.1547667184616846 0.45031771320926545 0.031292990079218867 0.7974925421979302 -0.28031536077404595 -0.037694060602814362 -0.17651320172369311 0.053921558228786221 -0.12680538039212519 -0.95848031709992432
leaf_weight=1118 98 175 196 95 206 87 414 93 165 439 88 89 96 195
leaf_count=1118 98 175 196 95 206 87 414 93 165 439 88 89 96 195
internal_value=-0.00167744 -0.000299059 6.39882e-05 0.00118036 0.000686054 0.00397651 -0.000252864 0.00329082 -0.00106184 -0.00185629 -0.0024605 -0.00113309 0.000394736 -0.00112676
internal_weight=3554 2436 2261 1431 1336 293 1043 191 852 830 438 273 185 634
internal_count=3554 2436 2261 1431 1336 293 1043 191 852 830 438 273 185 634
is_linear=0
shrinkage=0.05


Tree=62
num_leaves=15
num_cat=0
split_feature=0 4 4 7 3 4 11 3 8 3 4 10 6 11
split_gain=5.18337 1.69778 1.27019 1.63756 1.1051 0.907868 0.698473 0.715712 0.692802 0.63958 0.71408 0.407783 0.773517 0.505192
threshold=267.50000000000006 971.75484314722951 342.88633452453058 26.950000000000003 78.500000000000014 775.92057899273459 -0.88622299073327826 -9.4999999999999982 55.500000000000007 -66.499999999999986 657.44905975554786 12.500000000000002 1.0360661403956344 0.9053161325100999
decision_type=2 2 2 2 2 2 2 2 2 2 2 2 2 2
left_child=-1 2 -2 4 6 9 -4 -8 -3 10 -5 12 -7 -13
right_child=1 8 3 5 -6 11 7 -9 -10 -11 -12 13 -14 -15
leaf_value=-6.5884595919233453 -2.6636722196047318 0.51730520187876416 0.3659904991982873 0.21758853607665762 0.50132485699028106 0.86313368496294562 0.073820726649456783 -0.33485606025469622 0.084681338795483063 -0.44551905965236038 -0.092043477043767474 -0.046359558193072664 -0.024495705692847855 -0.26598337908158504
leaf_weight=1103 169 80 82 81 128 173 148 88 81 512 123 464 189 92
leaf_count=1103 169 80 82 81 128 173 148 88 81 512 123 464 189 92
internal_value=-0.00169557 -0.000393376 -0.000751998 -0.000407675 0.00226164 -0.00114094 0.000650154 -0.000746889 0.00448795 -0.00246879 -9.56949e-05 -9.75093e-05 0.00119891 -0.000944743
internal_weight=3513 2410 2249 2080 446 1634 318 236 161 716 204 918 362 556
internal_count=3513 2410 2249 2080 446 1634 318 236 161 716 204 918 362 556
is_linear=0
shrinkage=0.05


Tree=63
num_leaves=15
num_cat=0
split_feature=0 5 10 4 4 7 11 3 4 7 9 10 11 9
split_gain=4.84515 1.53475 1.42637 1.45001 0.70982 0.633975 0.797847 0.517593 0.464439 0.778724 0.62645 0.375162 0.369326 0.334292
threshold=309.50000000000006 1.1926614384787229 9.5000000000000018 971.75484314722951 446.22209089546192 26.950000000000003 -0.58482361983252518 81.500000000000014 861.94786094539438 32.850000000000001 2.5000000000000004 12.500000000000002 0.69676570133721638 12.500000000000002
decision_type=2 2 2 2 2 2 2 2 2 2 2 2 2 2
left_child=4 2 -2 5 -1 6 -4 -6 9 12 -10 -12 13 -7
right_child=1 -3 3 -5 7 8 -8 -9 10 -11 11 -13 -14 -15
leaf_value=-6.5546790255352141 0.36875486408913383 -0.82598477923989666 0.38460086283879824 0.35856615864449837 -2.6111591787898352 0.0054102064793869337 -0.08640341806634827 -0.10117573644736894 -0.11798506390113261 -0.45423311157477464 0.22810990682666868 -0.03489923512251452 0.029457184581327733 -0.30025605341304606
leaf_weight=910 119 242 104 153 218 205 171 136 85 247 173 235 91 432
leaf_count=910 119 242 104 153 218 205 171 136 85 247 173 235 91 432
internal_value=-0.00175979 -0.000369144 8.66325e-05 -0.0002525 -0.00423168 -0.000666477 0.00151786 -0.00228412 -0.00107943 -0.00170918 0.000170682 0.000992735 -0.000873125 -0.00130062
internal_weight=3521 2257 2015 1896 1264 1743 275 354 1468 975 493 408 728 637
internal_count=3521 2257 2015 1896 1264 1743 275 354 1468 975 493 408 728 637
is_linear=0
shrinkage=0.05


Tree=64
num_leaves=15
num_cat=0
split_feature=4 10 4 4 3 3 8 5 11 11 12 3 8 7
split_gain=4.78713 2.82117 1.09878 1.12212 0.60148 0.730239 0.581178 0.579227 0.435493 0.360297 0.368425 0.74307 0.520622 0.882674
threshold=342.88633452453058 15.500000000000002 448.927077744766 951.13474704150701 71.500000000000014 194.50000000000003 39.500000000000007 0.64650459195489018 -0.98214942551678475 0.96904697354198299 0.36447543099728863 -39.499999999999993 72.500000000000014 29.550000000000004
decision_type=2 2 2 2 2 2 2 2 2 2 2 2 2 2
left_child=-1 2 -2 4 8 -6 -5 -7 -4 10 -10 12 13 -12
right_child=1 -3 3 6 5 7 -8 -9 9 -11 11 -13 -14 -15
leaf_value=-4.0051764039673134 0.50075726107315366 -1.9596337865091886 0.096028019882346299 0.44617797755075517 0.43531435311588462 -2.8002936076594005 0.12182585690882855 0.23689537070098654 -0.30980175747608807 0.036977636992034199 0.23267232494459483 -0.16463404634367723 -0.10297905308562889 -0.039694825244545109
leaf_weight=897 96 508 100 84 170 94 234 106 551 81 80 353 83 83
leaf_count=897 96 508 100 84 170 94 234 106 551 81 80 353 83 83
internal_value=-0.00182979 -0.000747718 5.89611e-05 -0.000195159 -0.000706332 0.00106667 0.00250774 -0.000975611 -0.00120135 -0.00146036 -0.00168831 -0.000819538 0.0012749 0.0028869
internal_weight=3520 2623 2115 2019 1701 370 318 200 1331 1231 1150 599 246 163
internal_count=3520 2623 2115 2019 1701 370 318 200 1331 1231 1150 599 246 163
is_linear=0
shrinkage=0.05


Tree=65
num_leaves=15
num_cat=0
split_feature=0 5 10 3 12 5 11 3 9 3 3 8 5 1
split_gain=4.9937 1.41263 1.4931 1.00701 1.5266 1.23263 0.780457 0.59985 0.537328 1.14734 0.686245 0.593736 0.435398 0.518441
threshold=295.50000000000006 1.2996010590322131 12.500000000000002 17.500000000000004 -0.90161545992537195 1.067347926456393 -0.2102246306142678 81.500000000000014 6.5000000000000009 -71.499999999999986 -91.499999999999986 97.500000000000014 0.55266506452320263 836.00000000000011
decision_type=2 2 2 2 2 2 2 2 2 2 2 2 2 2
left_child=7 2 3 5 -5 8 -7 -1 10 11 -2 -10 -4 -14
right_child=1 -3 12 4 -6 6 -8 -9 9 -11 -12 -13 13 -15
leaf_value=-5.8599307335352488 0.30579937058450912 -1.1935184206749025 0.2692170749967453 -0.36400085066503318 0.53649669243102982 0.050040412871721389 -0.39444771600344142 -2.304195367144251 -0.26815958513591975 0.22586024647546901 0.018252906976581166 0.33044614060333932 -0.34944643281037613 0.01700132642537474
leaf_weight=1011 82 153 163 80 143 88 193 197 177 120 103 97 687 233
leaf_count=1011 82 153 163 80 143 88 193 197 177 120 103 97 687 233
internal_value=-0.00163788 -0.00027754 5.52729e-05 0.00136489 0.00432017 0.000578033 -0.00211539 -0.00423743 0.00189212 0.000827066 0.00407895 -0.000967743 -0.0012546 -0.00167568
internal_weight=3527 2319 2166 1083 223 860 281 1208 579 394 185 274 1083 920
internal_count=3527 2319 2166 1083 223 860 281 1208 579 394 185 274 1083 920
is_linear=0
shrinkage=0.05


Tree=66
num_leaves=15
num_cat=0
split_feature=4 4 10 2 3 5 4 7 8 11 1 11 9 11
split_gain=5.01129 1.49377 1.00795 0.682652 0.661295 0.606811 1.13595 0.72282 0.591 0.446409 0.409215 0.38866 0.843314 0.522981
threshold=443.42004991768925 971.75484314722951 14.500000000000002 429.25000000000006 93.500000000000014 1.1019196356142937 664.55562452720642 25.650000000000002 58.500000000000007 0.49065764355977465 153.50000000000003 0.36648264796514479 17.500000000000004 -0.031173458710879235
decision_type=2 2 2 2 2 2 2 2 2 2 2 2 2 2
left_child=3 2 5 -1 -4 6 7 -2 -3 -7 -6 13 -13 -8
right_child=1 8 4 -5 10 9 11 -9 -10 -11 -12 12 -14 -15
leaf_value=-4.3483380252010235 -0.03100048601305512 0.49417808896445781 -0.69429786156278106 -0.13681262772595942 -2.5871576980694346 0.028772066313470415 -0.019604238261303468 0.32275050799152183 0.070075883662056845 -0.42656069000648922 0.58664594751272103 -0.030484387076736747 0.24576555914395734 -0.8085377562190349
leaf_weight=1061 83 80 474 80 89 86 670 100 82 124 83 227 173 115
leaf_count=1061 83 80 474 80 89 86 670 100 82 124 83 227 173 115
internal_value=-0.00173698 -0.000430783 -0.000771648 -0.00445463 -0.00242704 -8.84409e-05 0.000298615 0.00390957 0.00413174 -0.00255814 0.000225988 -0.00027311 0.000987653 -0.000917723
internal_weight=3527 2386 2224 1141 646 1578 1368 183 162 210 172 1185 400 785
internal_count=3527 2386 2224 1141 646 1578 1368 183 162 210 172 1185 400 785
is_linear=0
shrinkage=0.05


Tree=67
num_leaves=15
num_cat=0
split_feature=4 10 4 4 3 10 2 4 0 3 11 11 8 11
split_gain=4.79264 2.68062 1.38246 0.85291 0.700094 0.550287 0.419146 0.394811 0.421658 0.352627 0.585992 0.517942 0.315984 1.69527
threshold=342.88633452453058 15.500000000000002 448.927077744766 974.9526848792317 109.50000000000001 12.500000000000002 299.75000000000006 584.17384410794159 369.50000000000006 -29.499999999999996 -0.77245553105869302 -0.92274349529687905 74.500000000000014 -0.091260668982868151
decision_type=2 2 2 2 2 2 2 2 2 2 2 2 2 2
left_child=-1 2 -2 4 9 6 -6 -3 -9 11 -11 -4 13 -13
right_child=1 7 3 -5 5 -7 -8 8 -10 10 -12 12 -14 -15
leaf_value=-3.5358883086745929 0.51737144390681056 -4.2064628604454795 -0.25193450977242793 0.41515954106196057 0.23251846758802894 -0.075185462721068297 1.1550041233229997 0.15597390755785712 -0.72248457795661214 0.071410630046055135 -0.168191833095373 0.30393974590217926 -0.042992388354331307 -0.0078315525880048188
leaf_weight=858 93 316 186 122 82 198 83 90 116 83 561 86 347 287
leaf_count=858 93 316 186 122 82 198 83 90 116 83 561 86 347 287
internal_value=-0.00167663 -0.00062147 0.000168775 -0.000110295 -0.000372785 0.00158967 0.00367647 -0.00381404 -0.00203792 -0.000836014 -0.00172573 -0.000197586 0.000413792 0.00141534
internal_weight=3508 2650 2128 2035 1913 363 165 522 206 1550 644 906 720 373
internal_count=3508 2650 2128 2035 1913 363 165 522 206 1550 644 906 720 373
is_linear=0
shrinkage=0.05


Tree=68
num_leaves=15
num_cat=0
split_feature=4 4 10 0 2 6 12 7 11 10 5 5 1 2
split_gain=4.81168 1.20051 0.933282 0.796345 0.743772 1.23702 0.507005 0.472071 0.501606 0.410086 0.544952 0.672727 0.516082 0.500343
threshold=443.42004991768925 974.9526848792317 15.500000000000002 418.50000000000006 536.75000000000011 0.85899233508139339 -0.091258822863740666 28.450000000000003 -0.59869031648930193 14.500000000000002 0.95799304990490997 0.78178696567353712 791.50000000000011 834.25000000000011
decision_type=2 2 2 2 2 2 2 2 2 2 2 2 2 2
left_child=3 2 4 -1 5 6 7 8 -2 10 11 -6 -13 -14
right_child=1 -3 -4 -5 9 -7 -8 -9 -10 -11 -12 12 13 -15
leaf_value=-3.9108866879647763 0.48365694268165316 0.41797063089656306 -1.316661432767176 -0.044188479103999957 -0.23425895264213992 0.45107395977136983 -0.40627179461010771 0.76697327307563168 -1.1437014270649646 -0.63360479995320651 -0.08669146899608296 0.27425532996359686 -0.065440410903654891 0.15347369457576626
leaf_weight=1045 124 128 328 85 292 95 102 92 221 140 533 140 97 104
leaf_count=1045 124 128 328 85 292 95 102 92 221 140 533 140 97 104
internal_value=-0.00167941 -0.000408164 -0.00067752 -0.00436123 -0.000257071 0.00114241 0.000193014 0.000938913 7.14274e-05 -0.000938216 -0.0006234 0.000368337 0.00186416 0.000218445
internal_weight=3526 2396 2268 1130 1940 634 539 437 345 1306 1166 633 341 201
internal_count=3526 2396 2268 1130 1940 634 539 437 345 1306 1166 633 341 201
is_linear=0
shrinkage=0.05


Tree=69
num_leaves=15
num_cat=0
split_feature=4 10 0 4 1 4 4 4 9 4 7 12 7 4
split_gain=4.58089 2.47947 0.994725 0.931832 1.0034 0.688012 0.511636 0.458644 0.449463 0.424693 0.647121 0.403256 0.365997 0.495768
threshold=308.01241382439639 15.500000000000002 499.50000000000006 675.24262462139598 534.50000000000011 971.75484314722951 584.17384410794159 658.63833637162031 2.5000000000000004 826.13343345576482 26.250000000000004 -0.42179730054635828 26.350000000000005 775.92057899273459
decision_type=2 2 2 2 2 2 2 2 2 2 2 2 2 2
left_child=-1 2 3 4 11 8 -3 -8 -4 -5 -11 -2 -10 -14
right_child=1 6 5 9 -6 -7 7 -9 12 10 -12 -13 13 -15
leaf_value=-3.5237000898986199 -0.20288818074443937 -3.8511731363096384 -0.10296377480519031 -1.8550170760600235 0.55276264135894004 0.31520314173386249 0.042056613297287805 -1.1516763511700188 0.13336481916604881 -1.841316941900434 0.6038926976103286 0.36181668938264494 -0.16002637439951631 -0.0053288252916111169
leaf_weight=832 101 338 277 97 89 135 108 90 102 111 137 99 318 668
leaf_count=832 101 338 277 97 89 135 108 90 102 111 137 99 318 668
internal_value=-0.00174223 -0.000728973 3.73995e-05 0.00169014 0.0037585 -0.000664453 -0.00375231 -0.00167488 -0.00100365 -7.14297e-05 0.00102767 0.00170732 -0.0005398 -0.000837539
internal_weight=3502 2670 2134 634 289 1500 536 198 1365 345 248 200 1088 986
internal_count=3502 2670 2134 634 289 1500 536 198 1365 345 248 200 1088 986
is_linear=0
shrinkage=0.05


Tree=70
num_leaves=15
num_cat=0
split_feature=4 10 3 5 5 4 4 0 4 12 0 10 7 8
split_gain=4.87725 2.35933 0.75192 1.14842 0.965412 1.05262 0.857011 0.74982 0.610519 0.560125 0.506512 0.466043 0.356401 0.82776
threshold=308.01241382439639 15.500000000000002 75.500000000000014 0.83827525854089024 1.1777316145217032 675.24262462139598 974.9526848792317 478.50000000000006 562.45339941331315 -0.63257203029273779 474.50000000000006 14.500000000000002 27.450000000000003 97.500000000000014
decision_type=2 2 2 2 2 2 2 2 2 2 2 2 2 2
left_child=-1 2 4 9 5 7 11 -2 -3 10 -4 12 -7 -14
right_child=1 8 3 -5 -6 6 -8 -9 -10 -11 -12 -13 13 -15
leaf_value=-3.3086391084190865 0.52512428328469729 -3.9064472206039826 0.011451429276031311 0.66022718552507376 -0.46268243580585955 -0.24925430315726205 0.41205249641820796 0.035942379535562112 -0.29386538269747081 -0.9958893232961965 0.92857448767783868 -0.65726712337444526 -0.025916637091251783 0.15124561291917371
leaf_weight=827 139 320 136 90 145 188 110 192 212 132 94 170 643 128
leaf_count=827 139 320 136 90 145 188 110 192 212 132 94 170 643 128
internal_value=-0.00162277 -0.000589868 0.000145026 0.00194748 -0.000334304 3.17448e-05 -0.000639069 0.00251488 -0.0035568 0.00065395 0.00212766 -0.00105379 -0.000617221 -0.00013531
internal_weight=3526 2699 2167 452 1715 1570 1239 331 532 362 230 1129 959 771
internal_count=3526 2699 2167 452 1715 1570 1239 331 532 362 230 1129 959 771
is_linear=0
shrinkage=0.05


Tree=71
num_leaves=15
num_cat=0
split_feature=0 5 12 12 4 12 5 5 7 11 9 7 12 3
split_gain=4.70438 1.19634 0.883383 1.27266 0.678008 0.461558 0.434784 1.10365 0.672485 0.542073 0.893867 0.419933 0.384019 0.379579
threshold=309.50000000000006 1.1926614384787229 0.47369649395226454 0.36447543099728863 446.22209089546192 0.2499757677084001 1.0044296420256915 1.0722333320854254 37.850000000000001 0.25725141817891134 96.500000000000014 26.450000000000003 -0.8142754349318998 -131.99999999999997
decision_type=2 2 2 2 2 2 2 2 2 2 2 2 2 2
left_child=4 2 3 5 -1 6 8 -8 9 -2 13 -4 -6 -11
right_child=1 -3 11 -5 12 -7 7 -9 -10 10 -12 -13 -14 -15
leaf_value=-4.9661874223263798 -0.011931173835573274 -0.72581753511505487 0.069634364308839306 0.40894946358771778 -3.5340788041696869 -0.31434139292840668 0.75458724796702725 -0.042811343808816071 -0.35235709898421708 0.23762469927066243 0.69201974567530966 -0.11382207596849758 -0.13222151745079766 -0.22953681819792268
leaf_weight=936 595 240 101 90 198 87 87 90 161 80 94 521 149 103
leaf_count=936 595 240 101 90 198 87 87 90 161 80 94 521 149 103
internal_value=-0.00175573 -0.00037489 2.73076e-05 0.000729165 -0.00416537 0.000318739 0.000576131 0.00282967 0.000178226 0.000729759 0.00253546 -0.0015311 -0.00223011 0.000452126
internal_weight=3532 2249 2009 1387 1283 1297 1210 177 1033 872 277 622 347 183
internal_count=3532 2249 2009 1387 1283 1297 1210 177 1033 872 277 622 347 183
is_linear=0
shrinkage=0.05


Tree=72
num_leaves=15
num_cat=0
split_feature=4 10 7 5 0 4 4 10 8 8 5 5 11 2
split_gain=4.98123 1.05954 0.666544 0.673341 0.58825 0.467969 0.658107 0.438831 0.734231 0.513664 0.650085 0.436944 0.420306 0.419597
threshold=446.22209089546192 14.500000000000002 37.050000000000004 0.9713766617928371 356.50000000000006 584.17384410794159 661.16784927685251 12.500000000000002 62.500000000000007 96.500000000000014 0.44591790232202239 0.7369552397534197 -0.19337636264337835 517.25000000000011
decision_type=2 2 2 2 2 2 2 2 2 2 2 2 2 2
left_child=4 2 3 7 -1 -3 11 8 -2 -10 -11 -7 -5 -12
right_child=1 5 -4 12 -6 6 -8 -9 9 10 13 -13 -14 -15
leaf_value=-4.0974152807400506 0.24533273543634301 -2.773266708543491 0.37113889683444284 0.053936795052730552 -0.19561681815336637 0.31491136765766314 -0.81501883782695073 -0.041235212004786498 -0.079318311615464168 -0.88178389614988084 0.73315271531663362 -0.19118909152765581 -0.11705656331872366 0.013393336417896643
leaf_weight=1002 80 125 146 150 159 104 320 474 214 102 102 80 345 94
leaf_count=1002 80 125 146 150 159 104 320 474 214 102 102 80 345 94
internal_value=-0.00170902 -0.000375909 0.000271611 -3.51225e-05 -0.00437822 -0.00212145 -0.00141454 0.000672268 0.00157454 0.000851063 0.00217822 0.00095238 -0.00155 0.00383084
internal_weight=3497 2336 1707 1561 1161 629 504 1066 592 512 298 184 495 196
internal_count=3497 2336 1707 1561 1161 629 504 1066 592 512 298 184 495 196
is_linear=0
shrinkage=0.05


Tree=73
num_leaves=15
num_cat=0
split_feature=4 0 10 1 11 3 3 1 2 2 7 4 0 4
split_gain=5.15886 0.803971 0.595849 0.519718 0.771658 0.567425 0.855254 0.606182 0.480155 0.48648 0.565004 0.379737 0.37203 0.351813
threshold=446.22209089546192 418.50000000000006 15.500000000000002 589.50000000000011 0.25725141817891134 194.50000000000003 126.50000000000001 542.50000000000011 826.75000000000011 886.25000000000011 37.350000000000001 562.45339941331315 788.50000000000011 659.78697703878049
decision_type=2 2 2 2 2 2 2 2 2 2 2 2 2 2
left_child=1 -1 3 4 5 6 7 -2 12 -10 -11 -4 -5 -13
right_child=2 -3 11 8 -6 -7 -8 -9 9 10 -12 13 -14 -15
leaf_value=-3.1360114123193146 -0.065134035927476353 -0.00091965452735058855 -3.0935313368956567 -0.048825633104112427 0.32801961543223007 -0.94978539859071276 1.059132724048151 0.32052104269156262 0.12158931203331094 -0.063350003408226593 0.25952798592343157 0.036490814407015994 -0.24770193123260464 -1.3367895072154603
leaf_weight=1073 233 86 103 842 103 193 80 91 155 167 91 137 90 83
leaf_count=1073 233 86 103 842 103 193 80 91 155 167 91 137 90 83
internal_value=-0.00169451 -0.0044201 -0.000353983 -3.65866e-05 0.00106383 0.000357142 0.00141809 0.00024316 -0.000611112 0.000801434 -0.000532321 -0.00233232 -0.00123799 -0.00111111
internal_weight=3527 1159 2368 2045 700 597 404 324 1345 413 258 323 932 220
internal_count=3527 1159 2368 2045 700 597 404 324 1345 413 258 323 932 220
is_linear=0
shrinkage=0.05


Tree=74
num_leaves=15
num_cat=0
split_feature=4 10 4 4 4 9 5 11 0 10 12 3 4 4
split_gain=4.76556 2.1655 0.756302 0.682233 0.529772 0.393109 0.65602 0.57308 0.495747 0.361893 0.39915 0.638219 0.342791 0.332286
threshold=331.15835355179382 15.500000000000002 443.42004991768925 562.45339941331315 974.9526848792317 55.500000000000007 0.95799304990490997 -0.2102246306142678 802.50000000000011 12.500000000000002 -0.90892157495189674 146.50000000000003 770.01111696319697 797.84571099323705
decision_type=2 2 2 2 2 2 2 2 2 2 2 2 2 2
left_child=-1 2 -2 -3 5 6 13 -8 9 10 -7 -12 -11 -4
right_child=1 3 4 -5 -6 8 7 -9 -10 12 11 -13 -14 -15
leaf_value=-2.7592118621348676 0.2647577046272499 -3.2966231983121732 0.11477939012223082 -0.42091996901544892 0.36959857279503827 -0.42156476831706985 0.056395890917727946 -0.18352663378717265 0.234522016659788 -0.38518983410986085 0.0081856473661278406 0.93755707419064349 -0.046225201416468131 -0.042721202480366025
leaf_weight=857 80 318 147 215 123 169 98 274 82 90 292 83 420 266
leaf_count=857 80 318 147 215 123 169 98 274 82 90 292 83 420 266
internal_value=-0.0016823 -0.000632984 8.45455e-05 -0.00346654 -0.000107371 -0.000314124 -0.00117089 -0.00267905 0.000280455 -1.88869e-05 0.000874316 0.00177631 -0.000970875 0.000203348
internal_weight=3514 2657 2124 533 2044 1921 785 372 1136 1054 544 375 510 413
internal_count=3514 2657 2124 533 2044 1921 785 372 1136 1054 544 375 510 413
is_linear=0
shrinkage=0.05


Tree=75
num_leaves=15
num_cat=0
split_feature=4 10 4 4 4 6 4 4 4 3 3 7 5 2
split_gain=4.29382 1.81518 0.856644 0.742153 0.356313 0.323852 0.517354 0.555289 0.434617 0.482695 0.701375 0.48156 0.374681 0.515502
threshold=308.01241382439639 15.500000000000002 430.54008077988868 562.45339941331315 659.78697703878049 1.1710142978212599 664.55562452720642 490.11647989823825 770.01111696319697 -275.99999999999994 -198.49999999999997 26.550000000000004 1.0044296420256915 922.25000000000011
decision_type=2 2 2 2 2 2 2 2 2 2 2 2 2 2
left_child=-1 2 -2 -3 -5 6 7 -4 11 -10 -11 -8 13 -12
right_child=1 3 5 4 -6 -7 8 -9 9 10 12 -13 -14 -15
leaf_value=-2.7547487234560419 0.357081892521386 -3.1675750116797712 -0.10143604351743736 0.051726491868388159 -1.2503307121551532 -0.26244051434164056 0.15353607124728014 0.2170803638034593 -1.8754802519035647 1.1345128339155337 -0.0043610479238195112 -0.218949645047394 0.077860431320965665 -0.16274286444245833
leaf_weight=836 80 327 92 138 85 179 91 153 101 96 845 257 146 102
leaf_count=836 80 327 92 138 85 179 91 153 101 96 845 257 146 102
internal_value=-0.00185112 -0.000875048 -0.000214254 -0.00342342 -0.00116228 -0.000416063 -0.000219811 0.0019 -0.000541693 -0.000115831 0.000171691 -0.00209632 -0.000195812 -0.000561976
internal_weight=3528 2692 2142 550 223 2062 1883 245 1638 1290 1189 348 1093 947
internal_count=3528 2692 2142 550 223 2062 1883 245 1638 1290 1189 348 1093 947
is_linear=0
shrinkage=0.05


Tree=76
num_leaves=15
num_cat=0
split_feature=4 10 4 4 3 5 11 11 4 11 2 8 4 4
split_gain=4.39488 1.99954 0.838125 0.592081 0.497577 0.392718 0.535041 0.529015 0.509244 0.638244 0.354628 0.368104 0.324404 0.523686
threshold=331.15835355179382 15.500000000000002 448.927077744766 562.45339941331315 286.50000000000006 1.0631587177607453 -0.17647087149565668 0.69676570133721638 839.68203413647791 0.89404822654372251 826.75000000000011 33.500000000000007 665.57586236454915 511.3262256525029
decision_type=2 2 2 2 2 2 2 2 2 2 2 2 2 2
left_child=-1 2 -2 -3 5 7 -7 10 -9 -10 11 -4 13 -13
right_child=1 3 4 -5 -6 6 -8 8 9 -11 -12 12 -14 -15
leaf_value=-2.320595784128149 0.28157235417328935 -2.9861140649973299 -0.21515119718146428 -0.42425825749406121 0.42655975750302355 0.038650081437949763 -0.2981344353430942 0.055851521168769624 0.32225249460250455 -0.094371397019965636 0.060944192096588849 -0.66166383855738675 -0.067432383876248211 0.30644403715468777
leaf_weight=861 108 313 84 215 122 81 198 86 113 195 135 81 820 98
leaf_count=861 108 313 84 215 122 81 198 86 113 195 135 81 820 98
internal_value=-0.00182077 -0.000808215 -0.000119945 -0.00354597 -0.000354312 -0.000556436 -0.00227113 -0.000253557 0.00132832 0.000351437 -0.000768603 -0.00107077 -0.000791834 0.00111413
internal_weight=3510 2649 2121 528 2013 1891 279 1612 394 308 1218 1083 999 179
internal_count=3510 2649 2121 528 2013 1891 279 1612 394 308 1218 1083 999 179
is_linear=0
shrinkage=0.05


Tree=77
num_leaves=15
num_cat=0
split_feature=4 2 5 10 6 11 4 2 2 8 12 4 4 4
split_gain=4.89993 0.714815 1.09134 0.581104 0.945433 1.19648 0.735566 0.443124 0.824802 0.628277 0.422632 0.613432 0.650792 0.368702
threshold=446.22209089546192 336.75000000000006 1.2996010590322131 12.500000000000002 1.0332358426746848 0.29033824002281988 562.45339941331315 581.25000000000011 757.25000000000011 27.500000000000004 0.67007489853957602 661.16784927685251 758.39384974800123 827.3632695465127
decision_type=2 2 2 2 2 2 2 2 2 2 2 2 2 2
left_child=1 -1 -3 4 5 -2 -5 -6 -9 -10 11 -8 -13 -14
right_child=3 2 -4 6 7 -7 10 8 9 -11 -12 12 13 -15
leaf_value=-3.7061754481621989 0.078668255975441456 0.094497960789101956 -0.80506030611352919 -2.3465475881201776 0.13208309777142488 0.94164831095395329 0.24546844520826047 -0.28562871183053601 0.070920198987918862 -0.024583239354271397 -0.23193395324846988 -1.5708823086714103 0.16576490987321907 -0.054888131098085137
leaf_weight=933 401 80 121 110 84 80 137 204 166 162 225 101 112 569
leaf_count=933 401 80 121 110 84 80 137 204 166 162 225 101 112 569
internal_value=-0.00154012 -0.00423178 -0.00148058 -0.00023557 0.000603447 0.00225309 -0.000969024 -0.000692433 -0.00122905 0.000330329 -0.000583117 -0.000102815 -0.000648032 -8.01761e-05
internal_weight=3485 1134 201 2351 1097 481 1254 616 532 328 1144 919 782 681
internal_count=3485 1134 201 2351 1097 481 1254 616 532 328 1144 919 782 681
is_linear=0
shrinkage=0.05


Tree=78
num_leaves=15
num_cat=0
split_feature=4 0 3 10 7 2 4 6 8 1 2 11 11 4
split_gain=4.57574 0.939719 0.573237 0.818966 0.536298 0.556712 0.495973 0.459395 0.535853 0.425773 0.409002 0.357285 0.415275 0.318943
threshold=446.22209089546192 351.50000000000006 75.500000000000014 14.500000000000002 37.150000000000013 581.25000000000011 611.75022193296206 0.45802160203926806 98.500000000000014 99.500000000000014 925.25000000000011 -0.58482361983252518 -0.082689790342551819 671.33066788763733
decision_type=2 2 2 2 2 2 2 2 2 2 2 2 2 2
left_child=1 -1 3 4 5 11 -7 8 -4 -10 13 -2 -13 -8
right_child=2 -3 7 -5 -6 6 10 -9 9 -11 -12 12 -14 -15
leaf_value=-3.186833111698077 0.65702168880363498 -0.10207665473762312 -0.35063988585807626 -0.51995509450009247 0.26963049188371224 -0.39238593936396809 0.071881911348937788 0.42083062893851902 -1.3853259467115295 1.1067335361002513 -0.10446435733962263 -0.76670170384523262 0.095543577938432669 -0.019112961539397125
leaf_weight=987 107 158 184 441 132 99 84 131 108 115 91 82 86 693
leaf_count=987 107 158 184 441 132 99 84 131 108 115 91 82 86 693
internal_value=-0.00156723 -0.00415218 -0.000303224 -0.000728023 -0.000123279 -0.000449079 -0.00101338 0.00112339 0.000279125 0.00190789 -0.000618558 0.00151786 5.78023e-05 -0.000236574
internal_weight=3498 1145 2353 1815 1374 1242 967 538 407 223 868 275 168 777
internal_count=3498 1145 2353 1815 1374 1242 967 538 407 223 868 275 168 777
is_linear=0
shrinkage=0.05


Tree=79
num_leaves=15
num_cat=0
split_feature=4 10 3 5 8 10 5 1 1 7 4 12 1 7
split_gain=4.57838 1.97638 0.682744 0.916115 0.719767 0.683179 0.605528 0.740896 0.742293 0.563548 0.466471 0.442862 0.652468 0.754682
threshold=308.01241382439639 16.500000000000004 75.500000000000014 0.8601055827091747 75.500000000000014 14.500000000000002 1.1838312710837162 637.50000000000011 480.50000000000006 37.150000000000013 661.16784927685251 -0.22700609751797865 715.50000000000011 27.850000000000005
decision_type=2 2 2 2 2 2 2 2 2 2 2 2 2 2
left_child=-1 2 5 4 -4 6 7 8 -2 11 -6 -9 -13 -14
right_child=1 -3 3 -5 10 -7 -8 9 -10 -11 -12 12 13 -15
leaf_value=-2.3309777665281106 -0.36356200472525219 -3.4630597801947935 -0.55025411725334306 0.39963953478362968 0.6108443221222305 -0.47678191513989232 -0.35682418021979068 -0.26488363552329458 0.57254458328817159 0.26475666479520571 0.18540400592108344 -0.2091416578811657 0.095305397052679958 -0.0046164568694092396
leaf_weight=836 98 235 83 83 80 447 127 277 171 128 308 96 105 457
leaf_count=836 98 235 83 83 80 447 127 277 171 128 308 96 105 457
internal_value=-0.00157099 -0.000564816 -0.000141989 0.00139535 0.000514705 -0.000591315 -6.48919e-05 0.000254299 0.00257299 -0.000341761 0.00142494 -0.000771278 -6.0333e-05 0.000599646
internal_weight=3531 2695 2460 554 471 1906 1459 1332 269 1063 388 935 658 562
internal_count=3531 2695 2460 554 471 1906 1459 1332 269 1063 388 935 658 562
is_linear=0
shrinkage=0.05


Tree=80
num_leaves=15
num_cat=0
split_feature=4 10 3 4 3 4 9 7 12 12 4 7 11 11
split_gain=4.44264 1.73784 0.832751 0.88963 0.567751 0.773289 0.656679 0.831606 0.557658 0.685348 0.548505 0.522848 0.48334 0.440533
threshold=308.01241382439639 16.500000000000004 75.500000000000014 605.30785219901134 -68.499999999999986 809.74064721016225 5.5000000000000009 31.850000000000005 -0.5129677127369543 -0.90892157495189674 844.60417606762633 26.450000000000003 -0.85227431625818906 -0.66528616069191593
decision_type=2 2 2 2 2 2 2 2 2 2 2 2 2 2
left_child=-1 2 4 -4 6 11 7 -2 9 -5 -7 -6 -8 -14
right_child=1 -3 3 8 5 10 12 -9 -10 -11 -12 -13 13 -15
leaf_value=-2.3255773941613933 0.46438883994221503 -3.305933190088306 0.38394131933467579 -0.068455332936072227 -0.054234201461209275 0.076022961456654214 -0.22479563087116483 -0.0059826004953779498 -0.10055275977201011 0.91855433672390996 -0.046826581416785557 -0.28207439501548076 0.34815175546377541 -0.057612076743099976
leaf_weight=821 81 223 90 164 157 102 238 114 162 131 289 463 87 383
leaf_count=821 81 223 90 164 157 102 238 114 162 131 289 463 87 383
internal_value=-0.00170228 -0.000714021 -0.000326441 0.00138587 -0.000818136 -0.00162894 9.36111e-05 0.002625 0.000465367 0.00175 0.000113635 -0.00272 -0.000617112 0.000315788
internal_weight=3505 2684 2461 547 1914 1011 903 195 457 295 391 620 708 470
internal_count=3505 2684 2461 547 1914 1011 903 195 457 295 391 620 708 470
is_linear=0
shrinkage=0.05


Tree=81
num_leaves=15
num_cat=0
split_feature=4 0 3 10 5 7 2 11 11 4 7 5 5 4
split_gain=4.36627 0.758468 0.502264 0.732148 0.448887 0.342008 0.38274 0.413901 0.353056 0.400407 0.296546 0.281378 0.635171 0.33681
threshold=446.22209089546192 351.50000000000006 75.500000000000014 14.500000000000002 1.1777316145217032 37.150000000000013 934.25000000000011 0.878110924644389 -0.58482361983252518 755.09420084223336 25.850000000000005 0.83036190283884193 0.72837803631454356 839.68203413647791
decision_type=2 2 2 2 2 2 2 2 2 2 2 2 2 2
left_child=1 -1 3 4 5 6 7 8 9 -2 -3 12 13 -4
right_child=2 10 11 -5 -6 -7 -8 -9 -10 -11 -12 -13 -14 -15
leaf_value=-2.783043197478511 0.14847010392847773 0.035942545408294793 0.41918202122608356 -0.50220384895842585 -0.64054184067047115 0.17393279181465116 -0.09630377151116172 0.10165672489676586 -0.10487165958576083 -0.0030967253595285816 -0.19887010204893246 0.3756564922760014 -1.5547082649618629 -0.113093309804518
leaf_weight=1004 123 80 260 442 87 127 80 131 536 300 82 80 80 132
leaf_count=1004 123 80 260 442 87 127 80 131 536 300 82 80 80 132
internal_value=-0.00166808 -0.00416738 -0.000436426 -0.00083561 -0.00026638 -2.68829e-05 -0.000297874 -4.56633e-05 -0.000409752 0.000665887 -0.000958085 0.000879712 0.000398322 0.00123426
internal_weight=3544 1166 2378 1826 1384 1297 1170 1090 959 423 162 552 472 392
internal_count=3544 1166 2378 1826 1384 1297 1170 1090 959 423 162 552 472 392
is_linear=0
shrinkage=0.05


Tree=82
num_leaves=15
num_cat=0
split_feature=4 10 4 4 6 4 4 3 3 12 5 10 0 0
split_gain=4.05023 1.67502 0.970818 0.812766 0.508989 0.60332 0.642448 0.421604 0.60066 0.453601 0.626964 0.793456 0.387562 0.339275
threshold=308.01241382439639 15.500000000000002 430.54008077988868 550.79589032413548 1.1710142978212599 675.24262462139598 739.94401099497406 -289.49999999999994 -198.49999999999997 -0.48313741114591585 0.57644984009986766 12.500000000000002 369.50000000000006 889.00000000000011
decision_type=2 2 2 2 2 2 2 2 2 2 2 2 2 2
left_child=-1 2 -2 -3 5 -4 -7 -8 -9 10 -10 -12 -5 -11
right_child=1 3 4 12 -6 6 7 8 9 13 11 -13 -14 -15
leaf_value=-1.9224625487955209 0.21436383687818503 -2.4844144702680779 0.17835293481376954 0.12297186865048074 -0.25071581394269915 -0.23918432050041263 -1.8013431773824984 0.83889137725915086 -0.40645203994022189 -0.014929997790118955 0.5326176888053904 0.0053050553161423713 -0.53421561643640803 -0.093413442723193615
leaf_weight=855 82 303 327 102 187 181 95 101 204 581 115 146 120 142
leaf_count=855 82 303 327 102 187 181 95 101 204 581 115 146 120 142
internal_value=-0.00169346 -0.000735787 -0.00011773 -0.00325472 -0.000333494 -8.43449e-05 -0.000493632 -0.000122391 0.000119782 -0.000201175 0.00101064 0.00261278 -0.000925111 -0.000982144
internal_weight=3541 2686 2161 525 2079 1892 1565 1384 1289 1188 465 261 222 723
internal_count=3541 2686 2161 525 2079 1892 1565 1384 1289 1188 465 261 222 723
is_linear=0
shrinkage=0.05


Tree=83
num_leaves=15
num_cat=0
split_feature=4 1 3 3 4 3 9 4 3 10 11 5 11 7
split_gain=4.39974 1.36749 0.508465 0.409922 0.654918 0.670058 0.901477 0.575141 0.527719 0.47563 0.47333 0.697855 0.46304 0.356886
threshold=490.11647989823825 480.50000000000006 78.500000000000014 75.500000000000014 971.75484314722951 -89.499999999999986 9.5000000000000018 805.62652291898473 194.50000000000003 12.500000000000002 -0.099819732675876835 0.69795821884420672 -0.58482361983252518 26.550000000000004
decision_type=2 2 2 2 2 2 2 2 2 2 2 2 2 2
left_child=1 2 -1 4 5 6 7 -2 -5 -10 13 -12 -7 -8
right_child=3 -3 -4 8 -6 12 10 -9 9 -11 11 -13 -14 -15
leaf_value=-1.813516950301467 0.17986972587923758 0.061822640664434651 -0.5428242036176435 0.43131336015892369 0.28217297820849357 0.0081562474559989835 0.17150234424856947 0.0069010845694031202 0.46140962474457076 -0.68663537234391847 0.64560307713054677 -0.20783375761711775 -0.11128059730285267 -0.48263410612186058
leaf_weight=1069 86 117 164 211 141 214 83 82 101 167 88 82 703 233
leaf_count=1069 86 117 164 211 141 214 83 82 101 167 88 82 703 233
internal_value=-0.00152425 -0.00376384 -0.00425283 -0.00013889 -0.000500875 -0.000796321 0.000424885 0.00352601 0.00114669 -0.000329671 -0.000672099 0.00142857 -0.00166486 -0.00180685
internal_weight=3541 1350 1233 2191 1712 1571 654 168 479 268 486 170 917 316
internal_count=3541 1350 1233 2191 1712 1571 654 168 479 268 486 170 917 316
is_linear=0
shrinkage=0.05


Tree=84
num_leaves=15
num_cat=0
split_feature=0 5 10 4 4 0 4 6 8 8 3 4 8 1
split_gain=3.88236 1.39304 1.03391 1.03339 0.847768 0.636054 0.444381 0.37595 0.550396 0.33868 0.407854 0.336679 0.255829 0.28511
threshold=228.50000000000003 1.1603267046974401 12.500000000000002 550.79589032413548 450.52506092882749 369.50000000000006 971.75484314722951 1.0224614940091163 2.5000000000000004 86.500000000000014 -2.4999999999999996 450.79097446815007 38.500000000000007 777.50000000000011
decision_type=2 2 2 2 2 2 2 2 2 2 2 2 2 2
left_child=11 2 4 -4 -2 -5 12 9 -9 -6 -11 -1 13 -7
right_child=1 -3 3 5 7 6 -8 8 -10 10 -12 -13 -14 -15
leaf_value=-4.9990275419748604 0.59657291381391819 -0.36432537612849741 -1.9435442224044917 0.49171296050387459 0.53529530612967169 -0.34704805795658838 0.13614974577700631 0.06806619371677286 -0.012583597870584207 -0.18557895557187526 0.24533529031254245 -2.354565217497659 -0.095922149643904345 -0.043060277299357089
leaf_weight=757 81 357 160 138 129 104 117 99 415 107 141 175 606 102
leaf_count=757 81 357 160 138 129 104 117 99 415 107 141 175 606 102
internal_value=-0.00168623 -0.000675519 -0.000201907 -0.00116477 0.0010133 -0.000592352 -0.00106531 0.000552454 -0.000327554 0.00174084 0.00063241 -0.0044397 -0.00148103 -0.00298578
internal_weight=3488 2556 2199 1227 972 1067 929 891 514 377 248 932 812 206
internal_count=3488 2556 2199 1227 972 1067 929 891 514 377 248 932 812 206
is_linear=0
shrinkage=0.05


Tree=85
num_leaves=15
num_cat=0
split_feature=4 1 11 4 7 5 3 3 8 1 9 7 1 9
split_gain=4.04683 1.25743 0.969406 0.414757 0.474611 0.608852 0.449235 0.484061 0.422485 0.419798 0.446483 0.357367 0.566082 0.441714
threshold=490.11647989823825 400.50000000000006 -0.35846811432664222 971.75484314722951 26.950000000000003 0.26114611959273387 93.500000000000014 -9.4999999999999982 33.500000000000007 769.50000000000011 2.5000000000000004 27.450000000000003 290.50000000000006 5.5000000000000009
decision_type=2 2 2 2 2 2 2 2 2 2 2 2 2 2
left_child=1 -1 -3 4 5 -2 7 -7 9 -6 -11 -10 -13 -14
right_child=3 2 -4 -5 8 6 -8 -9 11 10 -12 12 13 -15
leaf_value=-2.1493456719014192 -2.6970788061621165 0.2475946427320572 -0.19020702353932906 0.18974819718052174 -0.32500833915765787 0.17064130571901956 0.70966590205691593 -0.14155555779333531 -0.51745409052515479 -0.13063084902217631 0.027434565592545829 0.43294947374336712 0.044648122674447538 -0.05978951982409423
leaf_weight=1150 90 82 126 160 139 158 115 82 111 105 136 148 191 720
leaf_count=1150 90 82 126 160 139 158 115 82 111 105 136 148 191 720
internal_value=-0.00163872 -0.00377109 -0.000187795 -0.000289353 -0.000487501 0.000944443 0.001875 0.000612244 -0.000900323 -0.00233766 -0.00103659 -0.000425533 -0.000136279 -0.000605896
internal_weight=3513 1358 208 2155 1995 445 355 240 1550 380 241 1170 1059 911
internal_count=3513 1358 208 2155 1995 445 355 240 1550 380 241 1170 1059 911
is_linear=0
shrinkage=0.05


Tree=86
num_leaves=15
num_cat=0
split_feature=4 10 4 2 11 11 6 4 0 5 4 3 7 3
split_gain=3.96945 2.19811 0.847644 0.579933 0.752804 0.644163 0.686615 0.615072 0.53532 0.490982 0.998027 0.530857 0.310311 0.296052
threshold=243.97116836758357 15.500000000000002 550.79589032413548 399.75000000000006 0.15632249006386423 -0.20180236284700911 0.11455488697608703 971.75484314722951 369.50000000000006 1.1838312710837162 664.55562452720642 -72.499999999999986 26.350000000000005 59.500000000000007
decision_type=2 2 2 2 2 2 2 2 2 2 2 2 2 2
left_child=-1 3 -3 4 5 6 -2 9 -4 10 11 -5 -11 -8
right_child=1 2 8 7 -6 -7 13 -9 -10 12 -12 -13 -14 -15
leaf_value=-2.8530866646845521 -1.8991177728590629 -2.2004612708574025 0.062762741130875141 0.23975579742254283 0.43050850319874301 -0.77040891034584291 0.2093715632008003 0.21367560916744874 -0.82430659994082411 -0.14048391384495548 -0.031688184161894166 0.048509449080438333 -0.60486253873998164 1.0239411521189516
leaf_weight=710 102 349 105 112 80 85 81 148 120 81 1231 122 104 111
leaf_count=710 102 349 105 112 80 85 81 148 120 81 1231 122 104 111
internal_value=-0.00149605 -0.000654091 -0.00340242 5.08388e-05 0.00162715 0.000664061 0.00177257 -0.000354965 -0.000978262 -0.000634442 -0.00032313 0.00263598 -0.00302632 0.00350254
internal_weight=3541 2831 574 2257 459 379 294 1798 225 1650 1465 234 185 192
internal_count=3541 2831 574 2257 459 379 294 1798 225 1650 1465 234 185 192
is_linear=0
shrinkage=0.05


Tree=87
num_leaves=15
num_cat=0
split_feature=0 8 5 4 4 11 4 4 7 0 4 9 3 0
split_gain=4.12881 1.23472 0.811653 0.923451 0.841941 0.494288 0.71097 0.36459 0.319547 0.364813 0.306718 0.534113 0.49631 0.380847
threshold=228.50000000000003 95.500000000000014 1.2996010590322131 426.48855718372482 495.29926811209822 -0.77245553105869302 836.52790670521779 446.22209089546192 27.950000000000003 584.50000000000011 979.94154310313274 2.5000000000000004 -85.499999999999986 828.50000000000011
decision_type=2 2 2 2 2 2 2 2 2 2 2 2 2 2
left_child=7 2 3 -2 -5 6 -3 -1 -7 -10 11 12 -6 -13
right_child=1 5 -4 4 10 8 -8 -9 9 -11 -12 13 -14 -15
leaf_value=-4.53158580581725 0.2096072841561254 0.51732546780146504 -0.66393537819358406 -0.39694627018335721 0.14002905511845665 -0.083096422755995478 0.00050424524911388692 -1.5920508542208793 0.44195282524484319 -0.22767085536565537 0.16292812117049119 -0.050692927995731142 -0.15864885112649696 0.052303405189680456
leaf_weight=747 109 99 199 177 80 256 87 195 112 80 82 931 215 159
leaf_count=747 109 99 199 177 80 256 87 195 112 80 82 931 215 159
internal_value=-0.00156807 -0.000532614 -0.00115483 -0.000804893 -0.0011037 0.00137715 0.00350785 -0.00439282 0.000463575 0.00197969 -0.000703126 -0.000881296 -0.00275 -0.000365298
internal_weight=3528 2586 1952 1753 1644 634 186 942 448 192 1467 1385 295 1090
internal_count=3528 2586 1952 1753 1644 634 186 942 448 192 1467 1385 295 1090
is_linear=0
shrinkage=0.05


Tree=88
num_leaves=15
num_cat=0
split_feature=4 10 11 3 4 3 11 6 4 12 0 11 12 12
split_gain=3.71432 1.95221 0.681356 0.52446 0.698156 0.523411 0.959739 0.794165 0.632033 0.486711 0.660868 0.437379 0.39214 0.881764
threshold=243.97116836758357 16.500000000000004 -0.98803845231459242 75.500000000000014 649.01264003798588 -45.499999999999993 -0.92274349529687905 1.1112265198348354 959.85949551996316 -0.63257203029273779 549.50000000000011 -0.77245553105869302 0.063390085881955341 0.74298546529340237
decision_type=2 2 2 2 2 2 2 2 2 2 2 2 2 2
left_child=-1 2 -2 5 -5 6 -4 12 11 10 -6 -7 -8 -14
right_child=1 -3 3 4 9 8 7 -9 -10 -11 -12 -13 13 -15
leaf_value=-2.8071915969419265 0.27626452894379588 -2.5131721178122692 -0.64814403549843824 0.32873963308285736 -0.23498680132433805 0.068517639877243644 -0.23149256459360112 0.052795156989459059 0.23310552370615831 -0.22684928073854371 1.0089238890610979 -0.16670301589931025 0.18553690767918804 -0.1858051076060396
leaf_weight=704 127 255 129 111 201 90 421 146 80 142 86 751 169 121
leaf_count=704 127 255 129 111 201 90 421 146 80 142 86 751 169 121
internal_value=-0.00158706 -0.000774525 -0.000356729 -0.000544455 0.000825687 -0.000933579 -0.000131182 0.000481437 -0.00178726 -0.000103688 0.00107877 -0.00219267 -0.000216482 0.00118644
internal_weight=3533 2829 2574 2447 540 1907 986 857 921 429 287 841 711 290
internal_count=3533 2829 2574 2447 540 1907 986 857 921 429 287 841 711 290
is_linear=0
shrinkage=0.05


Tree=89
num_leaves=15
num_cat=0
split_feature=10 4 12 12 3 1 3 12 3 12 7 2 8 1
split_gain=3.71848 1.86793 0.812126 2.32405 0.570787 0.707029 0.583508 0.569914 0.629607 0.48424 0.444214 0.431234 0.419019 0.384214
threshold=16.500000000000004 203.5782616702721 0.47369649395226454 0.38043945030393422 -154.49999999999997 687.50000000000011 -9.4999999999999982 -0.90892157495189674 154.50000000000003 -0.6652727025667432 25.250000000000004 336.75000000000006 10.500000000000002 715.50000000000011
decision_type=2 2 2 2 2 2 2 2 2 2 2 2 2 2
left_child=1 -1 3 4 5 -3 12 -8 11 -10 -4 -9 -6 -12
right_child=-2 2 10 -5 6 -7 7 8 9 -11 13 -13 -14 -15
leaf_value=-1.8015731595487314 -3.6935913964334599 0.5816434966844416 0.035741657492957483 0.46470918248635862 0.020089525450825506 -0.042835852619553097 -0.61024394425023809 0.40296568565052909 0.69457806996409222 -0.34413818824784781 -0.23493045057736725 0.11385553722236877 -0.20208990361260382 -0.024567482263568838
leaf_weight=264 635 130 124 85 149 252 268 83 86 133 345 137 556 307
leaf_count=264 635 130 124 85 149 252 268 83 86 133 345 137 556 307
internal_value=-0.00150885 -0.000750685 -0.000347746 0.000214967 -0.000177878 0.00152455 -0.000642203 0.00037219 0.00147522 -0.000424108 -0.00170295 0.00333333 -0.00165493 -0.00222222
internal_weight=3554 2919 2655 1879 1794 382 1412 707 439 219 776 220 705 652
internal_count=3554 2919 2655 1879 1794 382 1412 707 439 219 776 220 705 652
is_linear=0
shrinkage=0.05


Tree=90
num_leaves=15
num_cat=0
split_feature=0 5 10 4 4 0 12 5 5 5 11 4 7 12
split_gain=3.78598 1.0991 1.20298 1.53114 1.0349 0.806095 0.599588 0.513511 0.531263 0.640229 0.557652 0.458848 0.425921 0.397858
threshold=216.50000000000003 1.2996010590322131 11.500000000000002 430.54008077988868 540.10829038171562 319.50000000000006 -0.45273527932988084 0.725230010862014 0.83549800877495783 1.0359015304034458 -0.19337636264337835 446.22209089546192 27.950000000000003 -0.16799793862756093
decision_type=2 2 2 2 2 2 2 2 2 2 2 2 2 2
left_child=11 2 3 -2 -4 -6 12 -5 -9 13 -11 -1 -7 -10
right_child=1 -3 4 7 5 6 -8 8 9 10 -12 -13 -14 -15
leaf_value=-4.6146674505128003 0.47891254397633737 -0.62264159083911608 -1.72027340519764 0.46147485457927112 0.73363161505213981 -0.29077498710633681 -0.087927369832557056 -0.94929716762912197 -0.021153146587765757 0.076157278813187582 -0.18076268745027588 -2.293003767560037 0.23409904044010751 0.15127067573844022
leaf_weight=692 96 204 172 167 94 94 869 86 86 93 242 182 337 105
leaf_count=692 96 204 172 167 94 94 869 86 86 93 242 182 337 105
internal_value=-0.00138905 -0.000443397 -0.000145136 0.00133523 -0.000973903 -0.000514655 -0.000842913 0.000580356 -9.72459e-05 0.000508473 -0.000808825 -0.00423208 0.000676604 0.00278061
internal_weight=3519 2645 2441 875 1566 1394 1300 779 612 526 335 874 431 191
internal_count=3519 2645 2441 875 1566 1394 1300 779 612 526 335 874 431 191
is_linear=0
shrinkage=0.05


Tree=91
num_leaves=15
num_cat=0
split_feature=10 4 4 7 11 5 11 7 7 4 3 2 4 11
split_gain=3.44018 1.72577 0.570891 0.683647 1.09739 1.7983 0.635707 1.00463 1.32473 0.592137 0.463498 0.354475 0.482892 0.453274
threshold=16.500000000000004 199.34390958677727 979.94154310313274 35.95000000000001 0.878110924644389 0.99306990872110956 -0.58482361983252518 25.750000000000004 24.550000000000004 813.39666489539343 150.50000000000003 661.75000000000011 813.39666489539343 -0.85227431625818906
decision_type=2 2 2 2 2 2 2 2 2 2 2 2 2 2
left_child=1 -1 3 4 6 -6 7 8 -3 10 -8 13 -13 -9
right_child=-2 2 -4 -5 5 -7 9 11 -10 -11 -12 12 -14 -15
leaf_value=-2.1201830680387674 -3.4293778325406752 -0.59609913476836718 0.19085333180635272 -0.22696919928971782 0.44816999496915622 -0.013494021898681364 -0.27189323290835515 -0.3614178986246992 0.85753735169018597 0.00059871875987515047 0.21368625630421581 0.10343988768244983 -0.038712534844998203 0.16538018365294505
leaf_weight=234 633 81 95 244 98 143 710 227 104 435 89 90 196 153
leaf_count=234 633 81 95 244 98 143 710 227 104 435 89 90 196 153
internal_value=-0.00155782 -0.000824726 -0.000458803 -0.000601943 -0.000334622 0.0028252 -0.000705743 0.000344625 0.00355263 -0.00142857 -0.00223259 -0.00056632 0.000756013 -0.00155844
internal_weight=3532 2899 2665 2570 2326 241 2085 851 185 1234 799 666 286 380
internal_count=3532 2899 2665 2570 2326 241 2085 851 185 1234 799 666 286 380
is_linear=0
shrinkage=0.05


Tree=92
num_leaves=15
num_cat=0
split_feature=4 10 5 12 1 7 4 8 4 10 8 9 3 12
split_gain=3.86568 1.13855 1.20943 0.816295 1.45458 0.60843 0.328742 0.790374 0.661286 0.662987 0.568423 0.559661 0.440234 0.960201
threshold=540.10829038171562 15.500000000000002 1.2996010590322131 -0.67801649466304881 561.00000000000011 24.650000000000002 661.16784927685251 52.500000000000007 758.39384974800123 11.500000000000002 1.5000000000000002 17.500000000000004 -88.499999999999986 0.063390085881955341
decision_type=2 2 2 2 2 2 2 2 2 2 2 2 2 2
left_child=1 2 3 -1 5 -5 7 -2 9 -8 -10 12 13 -12
right_child=6 -3 -4 4 -6 -7 8 -9 10 -11 11 -13 -14 -15
leaf_value=-0.75500190864441574 -0.04706570314316405 -2.3479434509857411 -0.89499287250958715 0.28018210785967945 -0.2717380538900353 0.46533373214557577 -0.010642465748151107 0.29042929303296422 0.073605732899417062 -0.5123456348378217 -0.47231258857657005 0.03213559425620071 -0.11928699367646377 0.1862708403424628
leaf_weight=158 131 713 351 82 86 84 249 173 109 181 83 864 194 83
leaf_count=158 131 713 351 82 86 84 249 173 109 181 83 864 194 83
internal_value=-0.00151015 -0.0034618 -0.0020953 -0.000240965 0.00151751 0.00421053 -0.000113418 0.00139158 -0.000376132 -0.00206897 0.000175634 -0.000138325 -0.00178082 0.000116958
internal_weight=3541 1474 761 410 252 166 2067 304 1763 430 1333 1224 360 166
internal_count=3541 1474 761 410 252 166 2067 304 1763 430 1333 1224 360 166
is_linear=0
shrinkage=0.05


Tree=93
num_leaves=15
num_cat=0
split_feature=0 5 10 12 4 4 7 4 12 12 3 5 8 9
split_gain=3.54142 0.805644 1.20442 1.37298 1.15971 0.516609 0.494985 0.703302 0.51564 0.537054 0.565923 0.521875 0.480362 0.374421
threshold=219.50000000000003 1.1926614384787229 9.5000000000000018 -0.42179730054635828 611.75022193296206 661.16784927685251 25.950000000000003 746.14255249298924 -0.41399101439218416 -0.57077231802681661 -2.4999999999999996 0.57644984009986766 52.500000000000007 27.500000000000004
decision_type=2 2 2 2 2 2 2 2 2 2 2 2 2 2
left_child=-1 2 3 -2 -4 12 -7 -8 9 10 -9 -12 -6 -3
right_child=1 13 4 -5 5 6 7 8 -10 -11 11 -13 -14 -15
leaf_value=-3.5676138147648722 -0.027360026363915664 -0.50992107479606785 -0.32444227260679731 0.47125061849412281 -0.006617424463671734 0.20753098703271214 -0.18957932331634392 -0.29635030940116674 -0.044423319561590305 0.38697611191901515 -0.16734853341247447 0.75537079739659452 0.27673072122943104 -0.14171473943007076
leaf_weight=910 91 190 289 80 80 108 290 222 749 80 82 108 103 135
leaf_count=910 91 190 289 80 80 108 290 222 749 80 82 108 103 135
internal_value=-0.00158575 -0.000645101 -0.000310452 0.00366477 -0.00064036 -0.000169678 -0.000453164 -0.00068685 -0.000164528 0.00108652 0.00033573 0.00230769 0.00231383 -0.00295455
internal_weight=3517 2607 2282 171 2111 1822 1639 1531 1241 492 412 190 183 325
internal_count=3517 2607 2282 171 2111 1822 1639 1531 1241 492 412 190 183 325
is_linear=0
shrinkage=0.05


Tree=94
num_leaves=15
num_cat=0
split_feature=0 4 3 0 3 4 6 8 3 3 4 4 7 9
split_gain=3.71671 0.879549 1.18365 0.652736 0.573527 0.660127 0.502746 0.497274 0.55379 0.459315 0.319793 0.413778 0.539822 0.387212
threshold=216.50000000000003 611.75022193296206 54.500000000000007 338.50000000000006 -37.499999999999993 447.93390285334215 1.0473735686863634 10.500000000000002 -91.499999999999986 -134.49999999999997 661.16784927685251 752.15590933329418 27.450000000000003 55.500000000000007
decision_type=2 2 2 2 2 2 2 2 2 2 2 2 2 2
left_child=9 2 4 -3 5 -2 10 -8 -9 -1 -5 -12 -13 -14
right_child=1 3 -4 6 -6 -7 7 8 -10 -11 11 12 13 -15
leaf_value=-0.49888845079866012 0.056887830535833885 0.80405451514435244 0.18611415348867905 0.13097753937735079 -0.48760414449011225 -0.30355761812657223 0.082517398057368477 0.04070039260926589 -0.059734932431183878 -3.9336595556736658 -0.26334104043262518 -0.1773558836896518 -0.059511086121223203 0.12752610367775852
leaf_weight=80 141 143 136 125 381 121 134 112 117 806 185 149 403 478
leaf_count=80 141 143 136 125 381 121 134 112 117 806 185 149 403 478
internal_value=-0.00145194 -0.000503803 -0.00190689 9.18411e-05 -0.00280093 -0.000973784 -0.000184427 0.0014538 2.13664e-05 -0.00424243 -0.000631971 -0.000881149 -0.000483093 -5.64453e-06
internal_weight=3511 2625 779 1846 643 262 1703 363 229 886 1340 1215 1030 881
internal_count=3511 2625 779 1846 643 262 1703 363 229 886 1340 1215 1030 881
is_linear=0
shrinkage=0.05


Tree=95
num_leaves=15
num_cat=0
split_feature=0 5 10 0 7 6 5 5 12 7 1 12 6 11
split_gain=3.69477 0.894891 1.22611 0.701809 1.22891 0.422087 0.297319 0.562875 0.523341 0.561905 0.416812 0.531034 0.589844 0.408543
threshold=197.50000000000003 1.1926614384787229 15.500000000000002 319.50000000000006 25.150000000000002 1.2889194131031234 1.0044296420256915 0.96431223889664153 0.45847758937963173 33.150000000000013 706.50000000000011 -0.22700609751797865 1.0037478731454208 -0.17647087149565668
decision_type=2 2 2 2 2 2 2 2 2 2 2 2 2 2
left_child=-1 2 3 4 -2 -3 7 10 9 -8 13 -12 -13 -5
right_child=1 5 -4 6 -6 -7 8 -9 -10 -11 11 12 -14 -15
leaf_value=-4.0516711053298149 -0.27193594151562239 -0.035382830061073005 -0.79823720198695192 -0.21014015481602888 1.124773296327737 -0.48121729957098813 0.2151758930263383 -0.13516880138434764 -0.037876110845272759 0.044900868836657858 -0.072469645257675214 0.03785740668193293 0.1321538179811941 0.13785905557153952
leaf_weight=816 93 88 391 384 85 247 102 130 186 118 241 265 111 263
leaf_count=816 93 88 391 384 85 247 102 130 186 118 241 265 111 263
internal_value=-0.0013617 -0.000468809 -0.000124264 0.000383257 0.00333333 -0.00286765 8.31013e-05 -0.000264476 0.00126521 0.00288889 6.30406e-05 0.000988745 0.00215223 -0.000820553
internal_weight=3520 2704 2369 1978 178 335 1800 1394 406 220 1264 617 376 647
internal_count=3520 2704 2369 1978 178 335 1800 1394 406 220 1264 617 376 647
is_linear=0
shrinkage=0.05


Tree=96
num_leaves=15
num_cat=0
split_feature=0 4 10 0 4 4 7 2 11 11 4 0 3 1
split_gain=3.80157 0.689878 0.736748 1.00775 0.485793 0.701738 0.473182 0.496665 0.49779 0.475022 0.454905 0.62743 0.420309 0.394131
threshold=216.50000000000003 199.34390958677727 14.500000000000002 319.50000000000006 331.15835355179382 446.22209089546192 37.050000000000004 934.25000000000011 0.96687895796550427 -0.98214942551678475 540.10829038171562 369.50000000000006 81.500000000000014 297.50000000000006
decision_type=2 2 2 2 2 2 2 2 2 2 2 2 2 2
left_child=12 -2 3 -3 -5 -6 7 8 9 -7 -4 -12 13 -1
right_child=1 2 10 4 5 6 -8 -9 -10 -11 11 -13 -14 -15
leaf_value=-4.799944203533526 -1.3377083137251802 0.95600658825630325 -1.3234300914613852 -0.37719228553724921 0.14209042379297163 0.03850223987527835 0.16312715180024462 -0.070485569409045559 0.17346205098396283 -0.03563193652817425 0.25921896861163457 -0.26020788861584593 -0.53831501242608093 -0.33295899632576664
leaf_weight=708 85 138 164 102 82 101 144 80 80 1156 107 360 106 80
leaf_count=708 85 138 164 102 82 101 144 80 80 1156 107 360 106 80
internal_value=-0.0013908 -0.000420508 -0.00026598 0.000230401 -0.000100001 0.000112256 -0.000130908 -0.000411394 -0.000175113 -0.000423931 -0.00173742 -0.000921611 -0.00419355 -0.00459017
internal_weight=3493 2599 2514 1883 1745 1643 1561 1417 1337 1257 631 467 894 788
internal_count=3493 2599 2514 1883 1745 1643 1561 1417 1337 1257 631 467 894 788
is_linear=0
shrinkage=0.05


Tree=97
num_leaves=15
num_cat=0
split_feature=10 5 7 4 1 4 9 4 4 10 8 8 2 4
split_gain=3.78568 2.0217 0.408426 0.722819 0.72789 0.468871 0.595257 0.565489 0.518205 0.752569 0.533592 0.51124 0.496776 0.468532
threshold=16.500000000000004 1.2996010590322131 23.450000000000003 452.58552272868201 346.50000000000006 584.17384410794159 99.500000000000014 661.16784927685251 746.14255249298924 13.500000000000002 1.5000000000000002 94.500000000000014 934.25000000000011 632.97374745296804
decision_type=2 2 2 2 2 2 2 2 2 2 2 2 2 2
left_child=1 2 -1 4 -4 6 -5 13 9 11 -10 -9 -12 -7
right_child=-2 -3 3 5 -6 7 -8 8 10 -11 12 -13 -14 -15
leaf_value=-0.6745806781833813 -2.4405187992452859 -0.78603287440077085 -0.043194249744387105 -0.59706914019368684 0.35586719823221624 -0.0092698523995070024 0.012272257148178093 -0.16264302523600971 0.092335572081925554 -1.1788976592479365 0.0021293114989755788 0.33776001254824856 -0.2817664322539834 0.3036796022657835
leaf_weight=93 605 349 130 132 118 107 97 148 111 136 1157 80 88 148
leaf_count=93 605 349 130 132 118 107 97 148 111 136 1157 80 88 148
internal_value=-0.00129709 -0.000541567 -4.90208e-05 7.73289e-05 0.00260869 -0.000212767 -0.00232906 3.78776e-05 -0.000289856 -0.00195122 0.000161645 -0.000171675 -0.000140001 0.00221154
internal_weight=3499 2894 2545 2452 248 2204 229 1975 1720 364 1356 228 1245 255
internal_count=3499 2894 2545 2452 248 2204 229 1975 1720 364 1356 228 1245 255
is_linear=0
shrinkage=0.05


Tree=98
num_leaves=15
num_cat=0
split_feature=0 5 10 11 11 10 12 5 1 11 12 4 12 12
split_gain=3.77951 1.51913 0.796784 0.594664 0.589252 0.518475 1.24775 1.27428 0.701274 0.628218 0.606402 0.539423 0.520546 0.585922
threshold=171.50000000000003 1.2996010590322131 16.500000000000004 -0.98214942551678475 -0.92274349529687905 12.500000000000002 -0.9575230291762723 1.0396620864265309 565.50000000000011 -0.78326540922535159 0.67007489853957602 652.32816890930292 0.18281312110578132 -0.40613878790836594
decision_type=2 2 2 2 2 2 2 2 2 2 2 2 2 2
left_child=-1 2 3 -2 -5 6 -6 9 -9 -8 12 -11 13 -7
right_child=1 -3 -4 4 5 10 7 8 -10 11 -12 -13 -14 -15
leaf_value=-5.3158160494065747 0.12162022735713912 -0.57266429309997291 -1.1398829939809849 -0.50767938415277281 -1.0235289549390636 0.078808041934752646 -0.073260405859200531 0.12225681139417727 -0.12306470955437317 0.83068252162198764 -0.15130401019897705 0.10476481350052372 0.14250607587548542 -1.2115766714110223
leaf_weight=678 158 262 147 180 146 450 80 86 313 88 284 322 186 134
leaf_count=678 158 262 147 180 146 450 80 86 313 88 284 322 186 134
internal_value=-0.001185 -0.000380149 -7.75613e-06 0.000211759 2.19758e-06 0.000241164 0.00103365 0.00173937 -0.000358912 0.00343434 -0.000538245 0.00421687 0.000193547 -0.000543295
internal_weight=3514 2836 2574 2427 2269 2089 1035 889 399 490 1054 410 770 584
internal_count=3514 2836 2574 2427 2269 2089 1035 889 399 490 1054 410 770 584
is_linear=0
shrinkage=0.05


Tree=99
num_leaves=15
num_cat=0
split_feature=4 10 4 7 3 5 11 7 5 5 11 8 4 3
split_gain=3.26517 1.12267 0.54982 0.568162 0.427831 0.721762 0.66238 0.799688 0.614878 0.50827 0.897012 0.438426 0.382829 0.374213
threshold=228.70521935916278 15.500000000000002 431.29735975741153 33.650000000000013 59.500000000000007 0.83827525854089024 0.96904697354198299 35.550000000000004 0.72227309380815741 1.0932198240630997 -0.2102246306142678 2.5000000000000004 550.79589032413548 194.50000000000003
decision_type=2 2 2 2 2 2 2 2 2 2 2 2 2 2
left_child=-1 4 -3 12 6 8 9 -8 13 11 -11 -2 -4 -6
right_child=1 2 3 -5 5 -7 7 -9 -10 10 -12 -13 -14 -15
leaf_value=-2.2029241704166651 0.071320523488308502 -1.5133488429794495 -1.3687209621152094 0.064699251414027603 0.45280840629948377 0.27417095332785146 0.20892732218433491 -0.32470109410547321 -0.6113889007199419 0.010625216640784297 -0.38477168521762728 -0.019098111611627878 -0.2042741761006629 -0.27840665402503911
leaf_weight=678 103 183 142 106 151 113 87 80 84 93 213 1184 145 159
leaf_count=678 103 183 142 106 151 113 87 80 84 93 213 1184 145 159
internal_value=-0.00141946 -0.000672403 -0.00263339 -0.00154523 -0.000169455 0.00110351 -0.000538245 0.00241279 7.51868e-05 -0.000854194 -0.00266881 -0.000414088 -0.00268836 0.00111111
internal_weight=3521 2843 576 393 2267 507 1760 167 394 1593 306 1287 287 310
internal_count=3521 2843 576 393 2267 507 1760 167 394 1593 306 1287 287 310
is_linear=0
shrinkage=0.05


Tree=100
num_leaves=15
num_cat=0
split_feature=0 4 7 11 4 12 3 5 3 12 7 4 10 0
split_gain=3.64138 1.27391 0.725789 0.960951 0.857596 0.61502 0.619513 0.601545 0.427959 0.381837 0.496306 0.37578 0.639397 0.353635
threshold=151.50000000000003 191.8555792283266 26.350000000000005 -0.69057362043749781 511.3262256525029 0.78724360164103002 -275.99999999999994 0.84787801704375165 -76.499999999999986 -0.45273527932988084 37.550000000000004 820.41871979643327 12.500000000000002 259.50000000000006
decision_type=2 2 2 2 2 2 2 2 2 2 2 2 2 2
left_child=-1 -2 3 7 8 6 -6 -3 -4 11 -11 -8 -13 -5
right_child=1 2 4 13 5 -7 9 -9 -10 10 -12 12 -14 -15
leaf_value=-5.7944976006555882 -1.8025120384977271 0.70127405609230398 0.0018384825129799665 -1.0320504080587656 -1.1953035776281218 -0.14582865525997596 -0.040216854828064919 0.012441178204318195 -0.5709368873848939 0.0069449493675502105 -0.99876867303186612 0.67585198806147551 0.15054392203577613 0.015094748106771791
leaf_weight=624 151 98 81 92 90 241 167 88 315 812 87 150 252 274
leaf_count=624 151 98 81 92 90 241 167 88 315 812 87 150 252 274
internal_value=-0.00119365 -0.000444369 -0.000194405 0.00141831 -0.000602274 -0.000135811 0.000230325 0.00429319 -0.00269327 0.000482008 -0.000160399 0.00148955 0.00230958 -8.08637e-05
internal_weight=3522 2898 2747 552 2195 1799 1558 186 396 1468 899 569 402 366
internal_count=3522 2898 2747 552 2195 1799 1558 186 396 1468 899 569 402 366
is_linear=0
shrinkage=0.05


Tree=101
num_leaves=15
num_cat=0
split_feature=0 8 1 3 2 6 11 2 4 0 1 4 11 3
split_gain=3.7893 0.699208 0.819097 0.658816 0.41322 0.391225 0.367884 0.487574 0.58877 0.521066 1.11499 0.414737 0.427328 0.570772
threshold=216.50000000000003 38.500000000000007 760.50000000000011 28.500000000000004 220.75000000000003 1.0304781307553601 -0.98803845231459242 292.75000000000006 661.16784927685251 418.50000000000006 574.50000000000011 715.38149748737612 -0.79384350655589164 -2.4999999999999996
decision_type=2 2 2 2 2 2 2 2 2 2 2 2 2 2
left_child=4 2 3 -2 -1 -4 -3 -8 9 -9 -11 -10 -13 -14
right_child=1 6 5 -5 -6 -7 7 8 11 10 -12 12 13 -15
leaf_value=-3.5007095437449887 -0.34532457962231655 0.13875769783342493 -0.0459725861195176 0.007869171878854676 -0.45029706588043245 0.043218234358330998 -0.45270575184483253 0.018987251694440023 -0.17852660024397404 0.28429382237209433 -0.0035955326653976053 -0.22603101611507972 -0.002256197992947209 0.52327990738067953
leaf_weight=796 346 116 147 80 95 205 298 209 144 95 89 186 481 208
leaf_count=796 346 116 147 80 95 205 298 209 144 95 89 186 481 208
internal_value=-0.00110714 -0.000141818 -0.00139208 -0.00285383 -0.00391183 0.000392156 0.000393227 0.00020408 0.000592801 0.00222362 0.00412698 -4.39465e-05 0.000369317 0.000943803
internal_weight=3495 2604 778 426 891 352 1826 1710 1412 393 184 1019 875 689
internal_count=3495 2604 778 426 891 352 1826 1710 1412 393 184 1019 875 689
is_linear=0
shrinkage=0.05


Tree=102
num_leaves=15
num_cat=0
split_feature=0 5 6 4 0 12 4 7 12 0 10 4 0 5
split_gain=3.54961 1.08223 0.957319 0.65764 0.516528 0.631263 0.500941 0.386224 0.483637 0.371939 0.365867 0.365814 0.337644 0.529246
threshold=174.50000000000003 1.1838312710837162 1.2059296421435446 490.11647989823825 369.50000000000006 -0.57077231802681661 971.75484314722951 35.95000000000001 -0.38243420677835349 859.50000000000011 9.5000000000000018 274.60542568546271 788.50000000000011 0.91427928269150815
decision_type=2 2 2 2 2 2 2 2 2 2 2 2 2 2
left_child=-1 2 3 10 5 -5 7 9 -9 12 -2 -3 13 -6
right_child=1 11 -4 4 6 -7 -8 8 -10 -11 -12 -13 -14 -15
leaf_value=-4.1934377687257154 -0.0050303443658962993 -0.79456109250384577 0.28670801774114091 0.040458436741277103 -0.037689626202204597 0.33672834736879376 0.1463896339718814 -0.029942089169786714 -1.1495526274711014 0.037385330424571463 -1.0115583050360402 -0.08024408268784182 -0.11550596185972201 0.036582718153186526
leaf_weight=703 121 212 101 185 844 94 151 125 103 110 209 165 162 224
leaf_count=703 121 212 101 185 844 94 151 125 103 110 209 165 162 224
internal_value=-0.00116534 -0.000366419 2.25954e-05 -0.0001886 0.000154767 0.00213028 -0.000171115 -0.000438653 -0.0023176 -0.000111525 -0.00223881 -0.00284032 -0.000364374 -3.72798e-05
internal_weight=3509 2806 2429 2328 1998 279 1719 1568 228 1340 330 377 1230 1068
internal_count=3509 2806 2429 2328 1998 279 1719 1568 228 1340 330 377 1230 1068
is_linear=0
shrinkage=0.05


Tree=103
num_leaves=15
num_cat=0
split_feature=0 4 7 12 3 3 4 4 4 5 3 5 8 1
split_gain=3.23267 1.16695 0.974806 0.8206 0.797752 0.964574 0.628992 0.523045 0.5547 0.474795 0.403146 0.39027 0.362992 0.286063
threshold=151.50000000000003 187.04766040366846 26.350000000000005 -0.72694848937061807 52.500000000000007 -65.499999999999986 584.17384410794159 661.16784927685251 775.92057899273459 0.76927127682936891 -76.499999999999986 1.0326626607043157 84.500000000000014 131.50000000000003
decision_type=2 2 2 2 2 2 2 2 2 2 2 2 2 2
left_child=-1 -2 3 13 5 -5 10 9 12 -8 -4 -10 -9 -3
right_child=1 2 6 4 -6 -7 7 8 11 -11 -12 -13 -14 -15
leaf_value=-5.135244245627562 -1.579234999764082 0.64284741668519985 0.045001041206754862 0.31519616300865327 0.8430458837030671 -0.042153031896197013 0.26867998652277153 -0.17784781155988741 -0.015877578807752545 -0.041466443355258016 -0.46060313265540176 0.042894113009813439 -0.02679198400125106 -1.0392662678256455
leaf_weight=614 142 80 89 110 84 183 120 253 1042 111 358 93 95 112
leaf_count=614 142 80 89 110 84 183 120 253 1042 111 358 93 95 112
internal_value=-0.00119737 -0.000490095 -0.000255943 0.00157665 0.00291885 0.00162752 -0.000740998 -0.000302503 -0.000648523 0.00188559 -0.00240044 -0.00010965 -0.0023796 -0.00106599
internal_weight=3486 2872 2730 569 377 293 2161 1714 1483 231 447 1135 348 192
internal_count=3486 2872 2730 569 377 293 2161 1714 1483 231 447 1135 348 192
is_linear=0
shrinkage=0.05


Tree=104
num_leaves=15
num_cat=0
split_feature=10 4 12 12 7 3 3 0 11 8 4 11 11 11
split_gain=3.01471 1.92925 0.511176 0.500441 0.410193 0.397917 0.370344 0.384904 0.354096 1.23136 0.383358 0.409142 0.516127 0.366879
threshold=16.500000000000004 187.04766040366846 0.67007489853957602 0.59003219687534991 34.250000000000007 19.500000000000004 -93.499999999999986 736.50000000000011 -0.98214942551678475 80.500000000000014 974.9526848792317 0.99374995976406788 0.96904697354198299 0.9193901325473397
decision_type=2 2 2 2 2 2 2 2 2 2 2 2 2 2
left_child=1 -1 3 8 -2 6 -4 -8 9 -3 11 12 13 -10
right_child=4 2 5 -5 -6 -7 7 -9 10 -11 -12 -13 -14 -15
leaf_value=-1.8804319569588401 -2.8639970887442652 -0.20976827508414533 0.026685404241595618 0.10671247672464979 -0.74558065646895333 0.060935899162288192 -0.30759065817615461 -0.040759636762691565 -0.024853353936871297 0.32770423322819087 0.13616814470090041 -0.26299142901357397 0.15997064170784148 -0.23862327285973289
leaf_weight=228 511 81 97 89 97 102 248 122 1414 100 126 86 102 113
leaf_count=228 511 81 97 89 97 102 248 122 1414 100 126 86 102 113
internal_value=-0.00120136 -0.000528666 -0.000148977 0.000210301 -0.00438826 -0.00147213 -0.00208687 -0.0028 4.43994e-05 0.00212365 -0.000165223 -0.000363373 -0.00018054 -0.000414492
internal_weight=3516 2908 2680 2111 608 569 467 370 2022 181 1841 1715 1629 1527
internal_count=3516 2908 2680 2111 608 569 467 370 2022 181 1841 1715 1629 1527
is_linear=0
shrinkage=0.05


Tree=105
num_leaves=15
num_cat=0
split_feature=4 10 5 6 0 12 4 11 4 5 4 4 7 7
split_gain=3.43478 0.967466 2.35194 0.668955 0.661656 0.642948 0.591633 0.610662 1.20259 0.541274 0.514704 0.39388 0.421238 0.768151
threshold=432.83596653553667 15.500000000000002 1.1926614384787229 1.1681402414192028 122.50000000000001 0.71952396275653763 661.16784927685251 0.46039464932087154 540.10829038171562 0.929346275329194 274.60542568546271 974.9526848792317 35.95000000000001 31.350000000000005
decision_type=2 2 2 2 2 2 2 2 2 2 2 2 2 2
left_child=1 2 -1 4 -2 6 7 8 -6 -7 -4 12 13 -8
right_child=3 -3 10 -5 5 9 11 -9 -10 -11 -12 -13 -14 -15
leaf_value=0.3353711344262415 -3.4661412180594358 -2.0374829220232624 -0.84362221556277461 -0.18239051467910425 -0.34180867811722859 -0.20481632889083504 -0.017538785972332969 0.22746788662076797 0.23291530376039821 0.020021750739935309 -0.01279068365975205 0.13583553522900516 -0.12190780219881657 0.072512774607494071
leaf_weight=135 80 551 304 191 146 217 865 117 114 178 87 124 204 238
leaf_count=135 80 551 304 191 146 217 865 117 114 178 87 124 204 238
internal_value=-0.00105596 -0.00340573 -0.00184558 -2.82384e-05 0.000211974 0.000378169 0.000777715 0.00252618 0.00113207 -0.0014375 -0.00380051 0.000309887 4.95415e-05 0.000437724
internal_weight=3551 1077 526 2474 2283 2203 1808 377 260 395 391 1431 1307 1103
internal_count=3551 1077 526 2474 2283 2203 1808 377 260 395 391 1431 1307 1103
is_linear=0
shrinkage=0.05


Tree=106
num_leaves=15
num_cat=0
split_feature=10 5 4 4 12 0 7 12 12 12 5 6 5 10
split_gain=3.21508 2.13085 0.980442 0.389773 0.353105 0.404518 0.497083 0.385692 0.427965 0.81038 0.474281 1.0643 0.390244 0.569366
threshold=16.500000000000004 1.1926614384787229 415.23003667520032 274.60542568546271 0.71952396275653763 622.50000000000011 28.050000000000004 0.63089349388778826 0.47369649395226454 0.36447543099728863 1.0044296420256915 1.1278286543236555 0.725230010862014 10.500000000000002
decision_type=2 2 2 2 2 2 2 2 2 2 2 2 2 2
left_child=1 2 -1 -3 7 -6 -7 8 9 10 12 -12 13 -4
right_child=-2 3 4 -5 5 6 -8 -9 -10 -11 11 -13 -14 -15
leaf_value=0.34791108563563206 -1.8508953198179487 -0.88975712940185836 0.5521694162002323 -0.04641092119315926 -0.28675708603098188 0.073231453288483087 -0.15974071273451732 0.044484444194523715 -0.072144314755124089 0.3980076297193369 0.21683927774803158 -0.13530906535276663 -0.10715035980715526 -0.012567295265552834
leaf_weight=133 621 302 123 158 190 115 114 88 133 90 114 85 542 702
leaf_count=133 621 302 123 158 190 115 114 88 133 90 114 85 542 702
internal_value=-0.00115221 -0.000447479 0.000145849 -0.00354839 -9.99577e-05 -0.0014033 2.13664e-05 0.000193941 3.06566e-05 0.000252859 -1.90973e-05 0.00223039 -0.0003535 0.000331324
internal_weight=3510 2889 2429 460 2296 419 229 1877 1789 1656 1566 199 1367 825
internal_count=3510 2889 2429 460 2296 419 229 1877 1789 1656 1566 199 1367 825
is_linear=0
shrinkage=0.05


Tree=107
num_leaves=15
num_cat=0
split_feature=4 3 3 0 5 2 7 12 3 6 4 4 12 12
split_gain=3.25969 0.648934 0.530893 0.464806 0.41848 0.417929 0.356563 0.435551 0.501051 0.511217 0.642179 0.655819 0.507542 0.532462
threshold=331.15835355179382 -65.499999999999986 54.500000000000007 142.50000000000003 0.34966832226972505 299.75000000000006 26.350000000000005 0.71952396275653763 -275.99999999999994 1.1581799768034891 661.16784927685251 715.38149748737612 -0.4755978891912595 0.59003219687534991
decision_type=2 2 2 2 2 2 2 2 2 2 2 2 2 2
left_child=1 -1 -3 -2 -5 -6 -7 8 -8 10 -10 -12 -13 -14
right_child=3 2 -4 4 5 6 7 -9 9 -11 11 12 13 -15
leaf_value=0.042760050876328642 -2.0700099287958293 -1.1441636107600803 -0.036251243510385951 0.93332717123778763 -0.36514880887157375 0.061037476089745128 -1.6726595826106725 -0.096897806031374184 0.087567060287673276 -0.087163471141741666 -0.27538231041271849 0.27291517685791183 -0.030991209920897107 0.080103584457851498
leaf_weight=80 118 692 108 136 320 247 80 330 188 163 104 378 515 81
leaf_count=80 118 692 108 136 320 247 80 330 188 163 104 378 515 81
internal_value=-0.00104372 -0.00367232 -0.00409938 -0.000168857 -2.35583e-05 -0.00017835 8.12996e-05 -0.000159979 0.000201452 0.000421896 0.000763177 0.000286241 0.000694585 -0.000216307
internal_weight=3540 880 800 2660 2542 2406 2086 1839 1509 1429 1266 1078 974 596
internal_count=3540 880 800 2660 2542 2406 2086 1839 1509 1429 1266 1078 974 596
is_linear=0
shrinkage=0.05


Tree=108
num_leaves=15
num_cat=0
split_feature=4 10 0 7 7 4 3 4 12 12 7 11 6 4
split_gain=3.31644 0.62983 1.10162 0.859357 0.843999 0.687966 0.493873 0.410723 0.357621 0.526175 0.332759 0.54 0.449044 0.553971
threshold=270.3506616214292 15.500000000000002 319.50000000000006 33.050000000000004 25.150000000000002 540.10829038171562 -48.499999999999993 974.11333556161719 0.96348459056927072 0.86004965528756494 35.95000000000001 0.96904697354198299 1.2784847402042241 490.11647989823825
decision_type=2 2 2 2 2 2 2 2 2 2 2 2 2 2
left_child=6 2 4 5 -2 -3 -1 8 9 10 11 12 13 -4
right_child=1 3 7 -5 -6 -7 -8 -9 -10 -11 -12 -13 -14 -15
leaf_value=-0.09480078738268527 0.22787298394736247 -1.1447429597773486 0.2744456827608649 0.086324410054822609 1.1429143150465217 -0.028460423897914856 -1.6617759756343127 0.12343541336191657 0.088400832195426271 -0.21654673435045477 -0.12726302015056543 0.15071661191834443 -0.27409305137883233 -0.0074121863995753427
leaf_weight=106 133 250 83 155 82 146 658 133 99 156 186 91 103 1141
leaf_count=106 133 250 83 155 82 146 658 133 99 156 186 91 103 1141
internal_value=-0.00102353 -0.000213537 0.000165008 -0.00171763 0.00352273 -0.00294264 -0.00392718 -0.000205309 -0.000399679 -0.000566573 -0.000292108 -2.81108e-05 -0.00028904 -1.62746e-05
internal_weight=3522 2758 2207 551 215 396 764 1992 1859 1760 1604 1418 1327 1224
internal_count=3522 2758 2207 551 215 396 764 1992 1859 1760 1604 1418 1327 1224
is_linear=0
shrinkage=0.05


Tree=109
num_leaves=15
num_cat=0
split_feature=4 10 4 11 3 4 6 3 11 2 12 11 11 4
split_gain=2.91242 1.59711 0.535126 0.512743 0.294809 1.15707 0.913062 0.767711 0.760567 0.593832 0.566836 0.519391 0.430235 0.521604
threshold=197.26264117775796 16.500000000000004 430.54008077988868 -0.98803845231459242 37.500000000000007 655.14964225509004 0.39281763688160681 -30.499999999999996 -0.76141707087277943 741.00000000000011 0.71952396275653763 -0.92274349529687905 -0.31799228562170639 857.87214530961626
decision_type=2 2 2 2 2 2 2 2 2 2 2 2 2 2
left_child=-1 3 -3 -2 7 6 -6 11 -9 -10 -11 -5 -7 -14
right_child=1 2 -4 4 5 12 -8 8 9 10 -12 -13 13 -15
leaf_value=-2.4154374613472323 0.19030207580149702 -2.0006720723090283 -0.048603924024548578 -0.61313114777279087 0.41035565497934839 -0.27522883579470164 0.30314217012550798 0.07360235305399325 -0.3525154364024457 -0.085202878955599581 0.056501629299525118 0.016066260982620605 -0.068990988245916429 0.87838738467835042
leaf_weight=473 145 259 114 131 96 205 83 84 341 189 102 1039 156 113
leaf_count=473 145 259 114 131 96 205 83 84 341 189 102 1039 156 113
internal_value=-0.00100424 -0.000435991 -0.00347884 -7.4389e-06 -0.000174923 0.000737081 0.00410326 -0.000491804 -0.00177531 -0.00237049 -0.000692569 0.000297871 -0.000563676 0.000748174
internal_weight=3530 3057 373 2684 2539 653 179 1886 716 632 291 1170 474 269
internal_count=3530 3057 373 2684 2539 653 179 1886 716 632 291 1170 474 269
is_linear=0
shrinkage=0.05


Tree=110
num_leaves=15
num_cat=0
split_feature=4 10 4 0 12 10 6 1 1 9 5 4 4 6
split_gain=2.70892 0.9822 0.86222 0.689736 0.967529 0.9956 0.387373 0.337446 1.49478 0.626342 0.572054 0.508927 0.424774 0.343579
threshold=197.26264117775796 16.500000000000004 415.23003667520032 319.50000000000006 -0.79382744783423187 10.500000000000002 0.19130473469695544 504.50000000000006 561.00000000000011 68.500000000000014 0.89445907692451632 584.17384410794159 663.18220107271304 0.81575077033479004
decision_type=2 2 2 2 2 2 2 2 2 2 2 2 2 2
left_child=-1 3 -3 4 6 -6 -2 9 -9 -5 -11 -10 -13 -14
right_child=1 2 -4 7 5 -7 -8 8 11 10 -12 12 13 -15
leaf_value=-2.2418707819241179 0.46785762640104855 -2.298202769173761 -0.010015609355087732 -0.44202259290899204 0.95594598121494512 0.084871972795038622 -0.99138065494914085 0.19337361800907382 -0.14347812338036284 -0.17381943734446864 0.19534745385701358 0.065982141698240238 0.064565024367641319 -0.034976255138073953
leaf_weight=477 101 226 151 119 103 130 118 152 145 410 80 121 116 1063
leaf_count=477 101 226 151 119 103 130 118 152 145 410 80 121 116 1063
internal_value=-0.00115439 -0.00060033 -0.00297121 -0.000259107 0.00150985 0.00371849 -0.000870537 -0.000624153 -0.000240326 -0.00162052 -0.000808082 -0.00074138 -0.000421457 -0.000713684
internal_weight=3512 3035 377 2658 452 233 219 2206 1597 609 490 1445 1300 1179
internal_count=3512 3035 377 2658 452 233 219 2206 1597 609 490 1445 1300 1179
is_linear=0
shrinkage=0.05


Tree=111
num_leaves=15
num_cat=0
split_feature=0 4 10 0 3 12 6 6 4 7 2 6 11 11
split_gain=3.21159 1.26186 0.656407 1.30683 0.861838 0.687633 0.659848 0.626759 0.672946 0.502072 0.534683 0.466186 0.46488 0.437461
threshold=154.50000000000003 174.16054135323111 14.500000000000002 331.50000000000006 -37.499999999999993 -0.048362832084465616 1.1634853610429945 0.44837437778331485 643.46691840824099 37.050000000000004 930.75000000000011 0.84266145411462223 -0.32614396506100213 -0.73866753694953124
decision_type=2 2 2 2 2 2 2 2 2 2 2 2 2 2
left_child=-1 -2 3 4 -3 13 7 -5 -9 10 -10 -7 -8 -4
right_child=1 2 5 6 -6 11 12 8 9 -11 -12 -13 -14 -15
leaf_value=-4.5099324839965806 -1.3262328101004026 0.3442440854977728 0.24912960288379496 -0.32125722789607047 0.21054894841398838 -0.82515095643009451 0.030936048861264411 0.16305706555680488 0.0045926830210855233 0.15987135518516937 -0.072175965032393694 -0.052111403682803037 -0.15644679111627263 -0.066403623182644117
leaf_weight=621 136 109 81 183 151 235 90 94 899 136 83 143 244 297
leaf_count=621 136 109 81 183 151 235 90 94 899 136 83 143 244 297
internal_value=-0.000915313 -0.000209634 2.72715e-05 0.000504011 0.00377358 -0.00122208 2.88232e-06 0.000482142 0.000895644 0.000543187 0.000141843 -0.00271541 -0.0019764 0.000287205
internal_weight=3502 2881 2745 1989 260 756 1729 1395 1212 1118 982 378 334 378
internal_count=3502 2881 2745 1989 260 756 1729 1395 1212 1118 982 378 334 378
is_linear=0
shrinkage=0.05


Tree=112
num_leaves=15
num_cat=0
split_feature=4 3 11 8 7 0 11 0 5 0 0 0 7 6
split_gain=3.52972 0.566834 0.415379 0.888119 1.38646 0.783266 0.471817 0.474533 0.549069 0.388752 0.417463 0.233011 0.649132 0.45518
threshold=228.70521935916278 -48.499999999999993 0.81925054981890411 51.500000000000007 35.850000000000001 830.50000000000011 0.76140650896573492 147.50000000000003 0.34966832226972505 255.50000000000003 309.50000000000006 613.50000000000011 29.250000000000004 1.0582204066645422
decision_type=2 2 2 2 2 2 2 2 2 2 2 2 2 2
left_child=1 -1 6 5 -5 -4 7 -2 -9 -10 -11 -12 13 -13
right_child=2 -3 3 4 -6 -7 -8 8 9 10 11 12 -14 -15
leaf_value=-0.0073474185898754225 -2.0446470763105906 -2.2230137283701024 -0.18671724519852206 0.4039100886531154 -0.045900839521078096 0.052015585738782177 -0.2546310641486923 0.88908568251624054 -0.79622265125081748 0.21585625189656629 -0.043262096575446829 0.086751405405425003 -0.055901925847127255 -0.017742248092304503
leaf_weight=84 164 594 231 104 93 162 95 128 166 97 915 219 372 112
leaf_count=84 164 594 231 104 93 162 95 128 166 97 915 219 372 112
internal_value=-0.000855692 -0.00408492 -8.38293e-05 0.00109244 0.00378713 -0.000288946 -0.000391554 -0.000236457 -2.23448e-05 -0.000241253 -1.45361e-05 -0.00020949 0.000473163 0.00206845
internal_weight=3536 678 2858 590 197 393 2268 2173 2009 1881 1715 1618 703 331
internal_count=3536 678 2858 590 197 393 2268 2173 2009 1881 1715 1618 703 331
is_linear=0
shrinkage=0.05


Tree=113
num_leaves=15
num_cat=0
split_feature=4 11 10 10 7 0 7 4 1 3 5 4 3 3
split_gain=3.2534 0.533515 0.783386 0.490939 0.846514 0.810098 0.799079 0.587241 0.51074 0.425868 1.12841 0.38524 0.334443 0.434871
threshold=228.70521935916278 -0.61237985104942771 16.500000000000004 15.500000000000002 33.050000000000004 319.50000000000006 25.150000000000002 540.10829038171562 217.50000000000003 24.500000000000004 0.9228331806033615 974.11333556161719 -275.99999999999994 -35.499999999999993
decision_type=2 2 2 2 2 2 2 2 2 2 2 2 2 2
left_child=1 2 -1 5 7 6 -2 -5 -7 11 -11 12 -10 -14
right_child=3 -3 -4 4 -6 8 -8 -9 9 10 -12 -13 13 -15
leaf_value=0.19130655025876356 0.1750677595120804 -2.8717542983619992 -6.0134500652275662 -0.97131958050608902 0.071343926940856547 -0.46061214859801647 1.0272628631689664 -0.15348028674032765 -1.6262613525440746 -0.022463604219987734 0.23370880298193067 0.12640041671557053 0.0046363523264554311 -0.062052955231836605
leaf_weight=90 160 485 97 275 159 139 89 142 82 214 91 113 753 617
leaf_count=90 160 485 97 275 159 139 89 142 82 214 91 113 753 617
internal_value=-0.00096269 -0.00407681 -0.00174479 -0.000218388 -0.00151463 0.000114891 0.00277559 -0.00268957 -0.000220955 -1.18891e-09 0.00169355 -0.000334396 -0.000555938 -0.000363638
internal_weight=3506 672 187 2834 576 2258 249 417 2009 1870 305 1565 1452 1370
internal_count=3506 672 187 2834 576 2258 249 417 2009 1870 305 1565 1452 1370
is_linear=0
shrinkage=0.05


Tree=114
num_leaves=15
num_cat=0
split_feature=4 10 4 3 4 12 4 1 0 6 1 1 11 3
split_gain=3.02321 1.24891 0.818774 0.584553 1.32028 0.762516 0.561194 0.509564 0.821922 1.03229 0.721641 0.698548 0.484149 0.526712
threshold=197.26264117775796 16.500000000000004 415.23003667520032 35.500000000000007 661.16784927685251 -0.79382744783423187 820.41871979643327 297.50000000000006 322.50000000000006 0.86913398806880926 500.50000000000006 561.00000000000011 -0.31799228562170639 216.50000000000003
decision_type=2 2 2 2 2 2 2 2 2 2 2 2 2 2
left_child=-1 3 -3 7 5 -5 -6 -2 9 -9 -10 -12 -8 -14
right_child=1 2 -4 4 6 -7 12 8 10 -11 11 -13 13 -15
leaf_value=-1.7830916657477127 -0.74155806816017822 -2.2165767462433026 -0.069956971368009088 0.014228090253704154 -0.23298174328703836 0.33654939169514642 -0.87070368747470328 -0.10631804248618928 -0.34523986732972373 0.36871367159800333 0.14371497841425671 -0.017381424590387141 0.87289247453250352 0.018837698057228371
leaf_weight=477 80 219 155 82 153 150 143 99 207 80 146 1348 83 89
leaf_count=477 80 219 155 82 153 150 143 99 207 80 146 1348 83 89
internal_value=-0.000854666 -0.000269827 -0.00295515 0.000112569 0.00134752 0.00438818 -0.000190276 -0.00033079 -0.000159152 0.0030163 -0.000501174 -0.00011341 0.00101562 0.00276836
internal_weight=3511 3034 374 2660 700 232 468 1960 1880 179 1701 1494 315 172
internal_count=3511 3034 374 2660 700 232 468 1960 1880 179 1701 1494 315 172
is_linear=0
shrinkage=0.05


Tree=115
num_leaves=15
num_cat=0
split_feature=0 4 12 12 0 12 12 0 2 2 2 12 12 10
split_gain=2.97661 1.3365 0.766043 0.727512 0.578093 0.91875 0.790632 0.57033 0.56705 0.501305 0.722823 0.383583 0.486883 0.394943
threshold=151.50000000000003 174.16054135323111 0.45847758937963173 0.38043945030393422 364.50000000000006 -0.73865259438682551 -0.048362832084465616 259.50000000000006 253.25000000000003 814.50000000000011 886.25000000000011 0.5475998096715059 0.67007489853957602 15.500000000000002
decision_type=2 2 2 2 2 2 2 2 2 2 2 2 2 2
left_child=-1 -2 3 4 5 7 8 -3 -7 -6 -11 -4 -13 -14
right_child=1 2 11 -5 9 6 -8 -9 -10 10 -12 12 13 -15
leaf_value=-3.9411751778248445 -1.093382959931388 -0.45687450304475513 -0.50135631516819779 0.32095061350878573 -0.03659325161717801 0.29236819433218547 -0.17021734955928999 0.45920845346558709 0.17882214055687959 0.2625485846780925 -0.0070444814770821212 0.020152099135701623 -0.04992455415876082 -0.89261248813074001
leaf_weight=623 143 145 91 82 961 105 87 127 102 98 216 139 472 99
leaf_count=623 143 145 91 82 961 105 87 127 102 98 216 139 472 99
internal_value=-0.000886983 -0.000203692 4.76353e-05 0.000588692 0.000376489 0.00169877 0.00361204 -0.000397113 0.00525943 -0.000214845 0.0015047 -0.0012469 -0.000839162 -0.00148438
internal_weight=3490 2867 2724 1923 1841 566 294 272 207 1275 314 801 710 571
internal_count=3490 2867 2724 1923 1841 566 294 272 207 1275 314 801 710 571
is_linear=0
shrinkage=0.05


Tree=116
num_leaves=15
num_cat=0
split_feature=0 4 10 0 12 4 5 12 6 7 12 4 2 4
split_gain=3.26286 1.56729 0.768574 1.67909 1.43861 0.747864 0.545928 0.745003 0.3973 0.364237 0.473332 0.321697 0.524748 0.41529
threshold=99.500000000000014 174.16054135323111 15.500000000000002 319.50000000000006 -0.39827153806311183 415.23003667520032 0.55266506452320263 -0.73865259438682551 1.1710142978212599 29.550000000000004 0.42763731121559989 675.24262462139598 480.75000000000006 715.38149748737612
decision_type=2 2 2 2 2 2 2 2 2 2 2 2 2 2
left_child=-1 -2 3 4 -3 -4 7 -7 11 10 -10 12 -5 -13
right_child=1 2 5 8 -6 6 -8 -9 9 -11 -12 13 -14 -15
leaf_value=-5.5580933194579574 -1.2138501367735106 0.38099703605956836 -1.5383583653536934 -0.0070360882913826145 0.80745312921664569 -0.34029518802648451 -0.46621086153170244 0.51735551355484721 0.052592936103895122 -0.17401779363633363 -0.10957499878634212 -0.42724549469323758 0.068939784120445852 0.0088281468983658871
leaf_weight=440 162 230 127 101 89 101 255 91 86 108 131 91 175 1339
leaf_count=440 162 230 127 101 89 101 255 91 86 108 131 91 175 1339
internal_value=-0.000716512 -0.000139115 0.000129736 0.000530784 0.00387346 -0.00150259 -0.000519913 0.00147208 -2.45698e-06 -0.00159091 -0.000382884 0.000303915 0.00185053 -1.18794e-09
internal_weight=3526 3086 2924 2350 319 574 447 192 2031 325 217 1706 276 1430
internal_count=3526 3086 2924 2350 319 574 447 192 2031 325 217 1706 276 1430
is_linear=0
shrinkage=0.05


Tree=117
num_leaves=15
num_cat=0
split_feature=4 1 8 3 12 11 11 11 7 6 3 12 12 7
split_gain=3.46107 0.784294 0.980626 0.567263 0.387711 0.38246 0.4185 0.505576 0.839057 0.390033 0.506823 0.642126 0.630105 0.636053
threshold=388.26226105460415 312.50000000000006 47.500000000000007 54.500000000000007 0.80290535434334509 0.99374995976406788 0.96904697354198299 0.89404822654372251 37.650000000000013 0.063862451121238714 -9.4999999999999982 0.60383265664488517 -0.97874870457683594 29.850000000000005
decision_type=2 2 2 2 2 2 2 2 2 2 2 2 2 2
left_child=1 3 -3 -1 5 6 7 8 9 -2 11 -11 -12 -14
right_child=4 2 -4 -5 -6 -7 -8 -9 -10 10 12 -13 13 -15
leaf_value=-2.0727813980942709 -2.4217400112246206 -0.30058771965685205 0.28310887047604538 -0.11763118316424626 -0.081043449725861763 -0.15094161120946717 0.17031751464335773 -0.050945665679569777 0.27804689105567187 -0.061352403673048485 -0.7493442316007326 0.094147556166802676 0.041299734573255156 0.36185278027442519
leaf_weight=641 82 113 80 107 364 106 133 193 118 823 122 131 385 135
leaf_count=641 82 113 80 107 364 106 133 193 118 823 122 131 385 135
internal_value=-0.000852178 -0.0034408 -0.000580809 -0.00416999 9.24131e-05 0.000340348 0.00048895 0.000303409 0.000566351 0.00027332 0.000449718 -0.000281544 0.00153014 0.00228571
internal_weight=3533 941 193 748 2592 2228 2122 1989 1796 1678 1596 954 642 520
internal_count=3533 941 193 748 2592 2228 2122 1989 1796 1678 1596 954 642 520
is_linear=0
shrinkage=0.05


Tree=118
num_leaves=15
num_cat=0
split_feature=4 1 10 0 0 4 8 4 1 4 12 6 11 4
split_gain=3.41972 0.939662 0.483845 0.780994 0.753746 0.711998 0.545894 0.727912 0.790725 0.456599 0.427512 0.496193 0.814287 0.640705
threshold=260.35460148311648 297.50000000000006 14.500000000000002 335.50000000000006 263.50000000000006 430.54008077988868 38.500000000000007 661.16784927685251 324.50000000000006 758.39384974800123 -0.90892157495189674 1.1710142978212599 -0.2102246306142678 669.66763864660913
decision_type=2 2 2 2 2 2 2 2 2 2 2 2 2 2
left_child=1 -1 3 4 -2 -4 -7 8 -8 -9 -5 13 -13 -12
right_child=2 -3 5 10 -6 6 7 9 -10 -11 11 12 -14 -15
leaf_value=-2.3088202756918998 0.13272316372025572 0.037723435374619335 -0.73248704349631533 -0.27027318681272827 0.8406254666462627 -0.26534281081537925 -0.27943129252597299 -1.4304212459305297 0.25028004297009726 -0.0014623136479398947 0.058571285969609782 0.1267306911923074 -0.14759383965395742 0.0032519106928633186
leaf_weight=647 121 92 156 178 86 107 165 110 156 175 157 84 199 1061
leaf_count=647 121 92 156 178 86 107 165 110 156 175 157 84 199 1061
internal_value=-0.000748787 -0.00375672 6.34046e-05 0.000512955 0.00337264 -0.000909612 -0.000229806 0.000360064 0.00197853 -0.00146552 0.000151424 0.000428286 -0.00144097 0.00086672
internal_weight=3494 739 2755 1886 207 869 713 606 321 285 1679 1501 283 1218
internal_count=3494 739 2755 1886 207 869 713 606 321 285 1679 1501 283 1218
is_linear=0
shrinkage=0.05


Tree=119
num_leaves=15
num_cat=0
split_feature=10 4 4 0 12 7 7 10 5 5 7 11 5 5
split_gain=2.74293 1.8443 0.872752 0.727862 0.893455 0.883188 0.497885 0.552965 0.460723 0.880094 0.515405 0.291871 0.275895 0.583627
threshold=16.500000000000004 159.05116759260088 430.54008077988868 319.50000000000006 -0.39827153806311183 26.550000000000004 23.850000000000005 14.500000000000002 1.0631587177607453 1.0044296420256915 27.450000000000003 0.92602006027323147 0.96431223889664153 0.9228331806033615
decision_type=2 2 2 2 2 2 2 2 2 2 2 2 2 2
left_child=1 -1 -2 4 6 -6 -3 -8 9 12 -10 -12 13 -5
right_child=2 3 -4 8 5 -7 7 -9 10 -11 11 -13 -14 -15
leaf_value=-1.4798334888693179 -2.2565022376086299 -1.3924882037760593 -0.0099828956444857238 -0.046543970505740877 0.80199206439897963 0.042808115772657709 0.71449494722546014 -0.8287004984310592 0.0033125463024304205 0.088431477637326394 -0.22146887359243231 -0.008948231685395042 -0.11424389296394831 0.15444899748171953
leaf_weight=196 493 82 124 1324 84 83 142 90 214 162 174 81 138 128
leaf_count=196 493 82 124 1324 84 83 142 90 214 162 174 81 138 128
internal_value=-0.00090199 -0.00025491 -0.00391479 8.86578e-05 0.00184156 0.00473837 0.000250783 0.0014346 -0.000294251 7.96801e-05 -0.00167722 -0.00317308 -0.000282133 -7.54988e-05
internal_weight=3515 2898 617 2702 481 167 314 232 2221 1752 469 255 1590 1452
internal_count=3515 2898 617 2702 481 167 314 232 2221 1752 469 255 1590 1452
is_linear=0
shrinkage=0.05


Tree=120
num_leaves=15
num_cat=0
split_feature=4 0 9 2 5 6 5 12 5 12 5 11 11 11
split_gain=3.36318 0.958761 0.598071 0.700943 0.664064 0.563088 0.549328 1.02344 0.964137 1.38459 0.6188 0.618246 0.68668 0.567367
threshold=199.34390958677727 99.500000000000014 22.500000000000004 480.75000000000006 0.83036190283884193 1.0414745252296445 0.83549800877495783 0.26659387353423869 0.96431223889664153 0.3484035575467645 0.72837803631454356 0.25725141817891134 0.54940630780725741 -0.031173458710879235
decision_type=2 2 2 2 2 2 2 2 2 2 2 2 2 2
left_child=-1 -2 3 -3 -5 -6 7 10 9 -8 11 13 -13 -4
right_child=1 2 6 4 5 -7 8 -9 -10 -11 -12 12 -14 -15
leaf_value=-1.4172812401096291 -3.2306157884335862 -0.23774928058882649 0.077419690105137995 0.15168062164408422 -0.10802423129731359 0.0044057360277484931 0.005890337844037568 -0.74444459418071318 0.0032059033013499536 0.36836817717601134 -0.15143185166365039 0.63914505944197952 0.10136488362259136 -1.2913442713467302
leaf_weight=489 158 195 607 166 245 378 134 233 358 95 185 80 94 101
leaf_count=489 158 195 607 166 245 378 134 233 358 95 185 80 94 101
internal_value=-0.000820325 -0.000196112 1.56455e-05 -0.00098079 -0.000308565 -0.00105892 0.000536468 -3.83154e-05 0.00179899 0.00429487 0.000620335 0.00117249 0.00379888 0.000504908
internal_weight=3518 3029 2871 984 789 623 1887 1300 587 229 1067 882 174 708
internal_count=3518 3029 2871 984 789 623 1887 1300 587 229 1067 882 174 708
is_linear=0
shrinkage=0.05


Tree=121
num_leaves=15
num_cat=0
split_feature=4 10 4 7 11 5 5 5 12 7 12 6 12 5
split_gain=3.03166 1.40326 1.20516 0.823862 0.915534 0.495071 0.417705 0.422288 0.428594 0.378256 0.45135 0.354831 0.360177 0.593612
threshold=187.04766040366846 16.500000000000004 415.23003667520032 25.550000000000004 -0.90893996196865023 1.0631587177607453 0.28445533020185682 0.62266956590464706 0.84658398682345093 29.450000000000003 0.59003219687534991 1.1112265198348354 -0.4755978891912595 0.89445907692451632
decision_type=2 2 2 2 2 2 2 2 2 2 2 2 2 2
left_child=-1 3 -3 4 -2 11 -6 -8 -9 10 -7 12 13 -5
right_child=1 2 -4 5 6 9 7 8 -10 -11 -12 -13 -14 -15
leaf_value=-1.4643024841347732 0.6750516489774504 -1.7181461501946071 0.016444959814934542 0.046710802326272255 -2.3178779665199793 0.037854709173396478 1.3765713171817768 -0.22366356024583817 0.11230834534579744 -0.1716711973342383 -0.2636539322240033 0.039970053235666395 -0.020498623523237797 0.23273760901440654
leaf_weight=442 88 263 149 548 96 99 84 112 90 177 80 83 1135 92
leaf_count=442 88 263 149 548 96 99 84 112 90 177 80 83 1135 92
internal_value=-0.000759245 -0.000203161 -0.00290168 0.000215692 0.00210526 -0.000189276 0.00100775 0.00195876 0.000676327 -0.00188366 -0.000244566 0.000139559 -1.40461e-05 0.000930231
internal_weight=3538 3096 412 2684 470 2214 382 286 202 356 179 1858 1775 640
internal_count=3538 3096 412 2684 470 2214 382 286 202 356 179 1858 1775 640
is_linear=0
shrinkage=0.05


Tree=122
num_leaves=15
num_cat=0
split_feature=4 10 4 4 8 12 11 11 11 11 8 3 12 3
split_gain=2.60457 1.57726 1.12539 0.892307 0.760445 0.902432 0.358285 0.416324 0.305166 0.709033 0.6384 1.32773 0.561853 0.798865
threshold=174.16054135323111 15.500000000000002 415.23003667520032 212.95699913937014 78.500000000000014 -0.73865259438682551 -0.97509794945709805 -0.92274349529687905 -0.031173458710879235 -0.24372957273992746 54.500000000000007 -14.499999999999998 -0.96234030595689413 -166.49999999999997
decision_type=2 2 2 2 2 2 2 2 2 2 2 2 2 2
left_child=-1 3 -3 -2 -4 -6 -5 -8 9 10 11 -9 -10 -14
right_child=1 2 4 6 5 -7 7 8 12 -11 -12 -13 13 -15
leaf_value=-1.6263944555379706 0.21299372484486759 -1.6920593253227176 -0.53880803200810157 0.05029049109458035 -0.60996051357513237 0.33593999011314724 -0.61412406425743093 0.21724247205926683 -1.0832481985708993 0.41647947843459932 -0.045102121667629495 -0.049530976379649747 0.22171456228238495 -0.016574892420873042
leaf_weight=388 88 287 214 158 129 112 128 86 126 168 492 119 113 883
leaf_count=388 88 287 214 158 129 112 128 86 126 168 492 119 113 883
internal_value=-0.000973971 -0.000487453 -0.00248996 0.000145815 -0.000923914 0.000995934 -5.04841e-05 -0.000224058 -4.26719e-05 0.000660918 -4.98587e-05 0.0022619 -0.000585627 -0.000179821
internal_weight=3491 3103 742 2361 455 241 2273 2115 1987 865 697 205 1122 996
internal_count=3491 3103 742 2361 455 241 2273 2115 1987 865 697 205 1122 996
is_linear=0
shrinkage=0.05


Tree=123
num_leaves=15
num_cat=0
split_feature=0 5 11 7 12 10 12 2 12 9 11 8 0 2
split_gain=2.64958 0.923745 0.754498 0.605856 0.862222 0.392177 0.469155 0.741123 0.620706 0.655873 0.860815 0.576432 0.524328 0.462976
threshold=136.50000000000003 1.2193489123995356 -0.49813634056773481 25.550000000000004 -0.15950993297387572 9.5000000000000018 -0.45273527932988084 480.75000000000006 -0.56369940867848845 16.500000000000004 0.41398981800788198 91.500000000000014 510.50000000000006 661.75000000000011
decision_type=2 2 2 2 2 2 2 2 2 2 2 2 2 2
left_child=-1 3 -3 4 -2 -5 8 11 9 -7 -11 -8 -9 -14
right_child=1 2 -4 5 -6 6 7 12 -10 10 -12 -13 13 -15
leaf_value=-3.8688207525023866 -0.019592331120418995 0.030474982002891067 -0.42491903859454538 0.11968736705093488 0.45207230678578797 -0.27322479027356616 -0.50041654887565279 0.18282058256523245 0.16856786641466059 -0.047336664055897648 0.50816660289339599 0.030262110002376337 -0.26036494873331367 -0.0015378865785080017
leaf_weight=579 188 95 277 109 117 90 265 95 80 426 133 88 185 750
leaf_count=579 188 95 277 109 117 90 265 95 80 426 133 88 185 750
internal_value=-0.000857267 -0.000237686 -0.00254642 0.000106676 0.00217742 -0.000181942 -0.000335381 -0.000875361 0.00068801 0.000160549 0.000806736 -0.0028352 -0.000193238 -0.000558512
internal_weight=3477 2898 372 2526 305 2221 2112 1383 729 649 559 353 1030 935
internal_count=3477 2898 372 2526 305 2221 2112 1383 729 649 559 353 1030 935
is_linear=0
shrinkage=0.05


Tree=124
num_leaves=15
num_cat=0
split_feature=4 0 7 8 4 3 4 0 10 9 9 2 7 2
split_gain=2.86705 1.33579 0.915267 0.540367 0.554417 0.639605 0.727172 0.689577 0.491136 0.482538 0.420171 1.01621 0.415965 0.415152
threshold=174.16054135323111 99.500000000000014 24.250000000000004 99.500000000000014 805.62652291898473 -57.499999999999993 663.18220107271304 418.50000000000006 10.500000000000002 72.500000000000014 17.500000000000004 816.75000000000011 28.450000000000003 275.50000000000006
decision_type=2 2 2 2 2 2 2 2 2 2 2 2 2 2
left_child=-1 -2 13 4 5 6 7 -4 -5 -10 -6 -12 -11 -3
right_child=1 2 3 8 10 -7 -8 -9 9 12 11 -13 -14 -15
leaf_value=-1.4036783985238863 -3.9395985207657946 0.12294521161411583 -0.041438754822661829 0.41682911456115185 -0.043899446282742477 -0.1282761058271652 -0.015892338576035794 0.17976904283959066 -0.41151816892910942 -0.0060931395581102941 -0.0036485874997794761 0.17432419871507923 0.20371341767699944 0.25598068306729244
leaf_weight=385 218 105 134 123 362 862 149 94 84 309 314 119 176 85
leaf_count=385 218 105 134 123 362 862 149 94 84 309 314 119 176 85
internal_value=-0.000764757 -0.000261231 2.39632e-05 -0.000212378 -0.000622856 -0.00128216 0.000431936 0.00218884 0.000989956 0.000357142 0.000406249 0.00144977 0.000969387 0.00333333
internal_weight=3519 3134 2916 2726 2034 1239 377 228 692 569 795 433 485 190
internal_count=3519 3134 2916 2726 2034 1239 377 228 692 569 795 433 485 190
is_linear=0
shrinkage=0.05


Tree=125
num_leaves=15
num_cat=0
split_feature=0 4 0 11 3 8 6 10 2 8 8 0 0 7
split_gain=2.29547 1.09758 0.671919 0.644438 0.854564 0.578911 0.514199 0.505638 0.32458 0.489306 0.616889 0.55631 0.436587 0.641778
threshold=136.50000000000003 143.31634992101704 319.50000000000006 -0.73866753694953124 -91.499999999999986 95.500000000000014 0.18435890546796221 14.500000000000002 757.25000000000011 38.500000000000007 58.500000000000007 642.50000000000011 788.50000000000011 29.450000000000003
decision_type=2 2 2 2 2 2 2 2 2 2 2 2 2 2
left_child=7 -2 3 5 -5 -3 -6 -1 9 -4 -11 -12 13 -10
right_child=1 2 8 4 6 -7 -8 -9 12 10 11 -13 -14 -15
leaf_value=-1.1547325076564432 -1.2163247799585657 -0.0010005571521549614 -0.15290091593540767 0.08101299153193102 0.38478418901099309 0.68925785694773134 -0.27245955315298392 -3.945082513860878 0.20857376330361196 0.11823096294053277 -0.024495948509805687 -0.16806815722416005 -0.02780661191530558 0.0014898405400992827
leaf_weight=108 134 82 368 89 102 101 220 468 85 229 778 132 454 160
leaf_count=108 134 82 368 89 102 101 220 468 85 229 778 132 454 160
internal_value=-0.00105263 -0.000483159 -0.000267381 0.0012187 0.000108172 0.00364362 -0.00110092 -0.00392427 -0.000669382 -0.00108135 -0.000563812 -0.00114754 0.000220169 0.0019
internal_weight=3510 2934 2800 594 411 183 322 576 2206 1507 1139 910 699 245
internal_count=3510 2934 2800 594 411 183 322 576 2206 1507 1139 910 699 245
is_linear=0
shrinkage=0.05


Tree=126
num_leaves=15
num_cat=0
split_feature=4 0 3 3 3 4 3 8 0 0 11 3 4 5
split_gain=2.6307 0.892121 0.463079 0.654297 0.452027 0.453361 1.4075 0.451768 0.437076 0.435425 0.508251 0.356601 0.419778 0.340967
threshold=187.04766040366846 122.50000000000001 39.500000000000007 194.50000000000003 -21.499999999999996 443.42004991768925 -76.499999999999986 11.500000000000002 557.50000000000011 444.50000000000006 -0.49813634056773481 136.50000000000003 655.79504460063447 1.0722333320854254
decision_type=2 2 2 2 2 2 2 2 2 2 2 2 2 2
left_child=-1 -2 4 11 5 6 -3 -7 -5 -6 -11 12 -4 -12
right_child=1 2 3 8 9 7 -8 -9 -10 10 13 -13 -14 -15
leaf_value=-1.2984918502676408 -2.5923806344564984 0.23918990514305793 0.20277570276497958 -0.49559692854228399 -0.39638020428988968 0.11191758059809508 -0.027236887391633637 -0.037149619470242611 0.28995788625597119 0.020941510323829141 -0.05544789346430902 0.45457342163251574 -0.086845957165951962 -0.18314627129250846
leaf_weight=435 263 80 125 201 177 95 150 1155 112 133 190 126 158 137
leaf_count=435 263 80 125 201 177 95 150 1155 112 133 190 126 158 137
internal_value=-0.000983909 -0.000469908 -0.000209214 0.000880329 -0.000581999 -0.000101011 0.00191489 -0.000478089 -0.000833335 -0.00169003 -0.000860216 0.00218599 0.00116319 -0.00191265
internal_weight=3537 3102 2839 722 2117 1480 230 1250 313 637 460 409 283 327
internal_count=3537 3102 2839 722 2117 1480 230 1250 313 637 460 409 283 327
is_linear=0
shrinkage=0.05


Tree=127
num_leaves=15
num_cat=0
split_feature=4 1 11 12 6 11 11 11 5 11 5 9 12 0
split_gain=2.60939 1.50969 0.526382 0.487504 0.50089 0.79824 0.964259 0.567468 0.567876 0.53426 1.43523 0.845519 0.837521 0.640428
threshold=228.70521935916278 293.50000000000006 0.98522604642031408 0.86004965528756494 1.1581799768034891 -0.85227431625818906 -0.73866753694953124 -0.90163369914317015 0.81711767155384474 0.25725141817891134 0.52174864670411647 95.500000000000014 0.69521084835931835 626.50000000000011
decision_type=2 2 2 2 2 2 2 2 2 2 2 2 2 2
left_child=1 -1 3 4 5 7 -7 8 -2 12 -11 -12 -8 -13
right_child=2 -3 -4 -5 -6 6 9 -9 -10 10 11 13 -14 -15
leaf_value=-2.1463533090794686 -0.21317107931258938 0.045968939897573148 -0.20730790669521407 -0.078156131417053284 -0.085564716299904864 0.28284471232307501 -0.2457696174414212 -1.2582332112931998 0.16204327374357949 0.72855789811148153 -0.0088004243478973076 0.27091081406776552 0.08467119922767874 0.052658321076523774
leaf_weight=609 294 83 166 337 285 156 536 88 84 85 543 93 94 96
leaf_count=609 294 83 166 337 285 156 536 88 84 85 543 93 94 96
internal_value=-0.000786439 -0.00352941 -0.000117052 5.37822e-05 0.000309452 0.000581002 0.00111007 -0.00123142 -0.000365536 0.000699035 0.00153893 0.000800542 -0.000393702 0.00363402
internal_weight=3549 692 2857 2691 2354 2069 1603 466 378 1447 817 732 630 189
internal_count=3549 692 2857 2691 2354 2069 1603 466 378 1447 817 732 630 189
is_linear=0
shrinkage=0.05


Tree=128
num_leaves=15
num_cat=0
split_feature=4 11 7 3 2 3 2 10 1 8 5 8 7 9
split_gain=2.7312 1.20973 1.49588 0.341027 0.621265 0.525034 0.808818 0.705025 0.626431 0.482438 0.414346 0.534753 0.698699 0.366386
threshold=228.70521935916278 -0.69057362043749781 24.850000000000005 -170.49999999999997 466.75000000000006 52.500000000000007 480.75000000000006 9.5000000000000018 565.50000000000011 75.500000000000014 1.0582240780072418 2.5000000000000004 35.250000000000007 86.500000000000014
decision_type=2 2 2 2 2 2 2 2 2 2 2 2 2 2
left_child=1 2 -1 4 -2 6 13 -7 -8 -6 11 -10 -13 -5
right_child=3 -3 -4 5 9 7 8 -9 10 -11 -12 12 -14 -15
leaf_value=0.22032828253104084 0.41057097656882996 -1.6068420224161259 -3.4496238345718271 -0.24555920128764122 0.20951496820390517 0.67340194855708169 0.063989706457628012 0.023958326238067037 0.067992949060696903 -0.22198101286433519 -0.085032967982434274 0.011719199698697254 -0.2555383708885649 -0.23290748504894215
leaf_weight=88 90 517 82 259 84 96 127 594 99 202 270 536 185 288
leaf_count=88 90 517 82 259 84 96 127 594 99 202 270 536 185 288
internal_value=-0.000847531 -0.0036633 -1.15803e-09 -0.000158731 0.00123359 -0.000374137 -0.000830979 0.000791366 -0.000110476 6.87274e-05 -0.000502284 6.06049e-05 -0.000420111 -0.00241848
internal_weight=3517 687 170 2830 376 2454 1764 690 1217 286 1090 820 721 547
internal_count=3517 687 170 2830 376 2454 1764 690 1217 286 1090 820 721 547
is_linear=0
shrinkage=0.05


Tree=129
num_leaves=15
num_cat=0
split_feature=4 10 4 4 9 3 11 5 2 5 5 12 11 5
split_gain=2.46607 1.26254 1.22604 1.16327 0.376341 0.561312 0.419247 0.584449 0.481314 0.422086 0.823933 0.5771 0.556573 0.511499
threshold=174.16054135323111 16.500000000000004 236.07310870342761 415.23003667520032 22.500000000000004 -170.49999999999997 0.25725141817891134 0.69484679302347108 816.75000000000011 0.81279094712619593 0.725230010862014 0.063390085881955341 -0.32614396506100213 0.27866080577904079
decision_type=2 2 2 2 2 2 2 2 2 2 2 2 2 2
left_child=-1 2 -2 -3 5 -4 9 -8 -9 10 11 13 -11 -6
right_child=1 3 4 -5 6 -7 7 8 -10 12 -12 -13 -14 -15
leaf_value=-1.1202125346270482 0.19059307281510357 -1.5411700514135764 0.15178132012087064 0.12764708011219258 -1.9457457173159138 -0.048536319525514168 0.43895333087788657 -0.019937301470814864 0.15836720707416613 0.15451360271655701 -0.79679194773604922 -1.1777103094890911 -0.11651765308385849 0.062293809459098418
leaf_weight=395 126 283 99 149 94 833 120 268 108 180 147 134 83 490
leaf_count=395 126 283 99 149 94 833 120 268 108 180 147 134 83 490
internal_value=-0.000866535 -0.000391152 1.48853e-05 -0.0028833 -0.000226475 -0.00102455 0.000233271 0.00143712 0.000446193 -0.000300089 -0.000833335 -0.000124483 0.00143657 0.00056027
internal_weight=3509 3114 2682 432 2556 932 1624 496 376 1128 865 718 263 584
internal_count=3509 3114 2682 432 2556 932 1624 496 376 1128 865 718 263 584
is_linear=0
shrinkage=0.05


Tree=130
num_leaves=15
num_cat=0
split_feature=2 4 3 0 5 5 12 4 9 4 5 4 7 3
split_gain=2.97729 0.86753 0.758489 0.502281 0.754938 0.912485 0.509474 0.379825 0.512893 0.391962 0.876564 0.387907 0.798521 0.553337
threshold=176.25000000000003 143.31634992101704 81.500000000000014 319.50000000000006 0.7980773516213896 0.52174864670411647 -0.67168186667784702 584.17384410794159 99.500000000000014 662.11125035791213 0.76927127682936891 775.92057899273459 27.750000000000004 -275.99999999999994
decision_type=2 2 2 2 2 2 2 2 2 2 2 2 2 2
left_child=2 -2 -1 4 5 6 -3 8 -5 10 -9 12 -11 -13
right_child=1 3 -4 7 -6 -7 -8 9 -10 11 -12 13 -14 -15
leaf_value=-2.9778221819241537 -0.70667227459338888 0.039111317260414662 -0.26799154500059841 -0.13283381692234383 0.2103540032483211 -0.25153598538293487 0.29580805749816114 0.24010199568224741 0.10509283109187538 0.060723005600148705 -0.043740616204951871 -1.4975863944092183 -0.19118048284328445 0.023514597401889558
leaf_weight=565 88 110 172 310 104 153 88 103 139 137 128 80 235 1086
leaf_count=565 88 110 172 310 104 153 88 103 139 137 128 80 235 1086
internal_value=-0.000739367 1.62678e-05 -0.00355121 0.000181104 0.00168478 0.000547752 0.00275862 -0.000130456 -0.00142071 0.000200112 0.00209746 -9.07335e-05 -0.00148541 0.000358667
internal_weight=3498 2761 737 2673 455 351 198 2218 449 1769 231 1538 372 1166
internal_count=3498 2761 737 2673 455 351 198 2218 449 1769 231 1538 372 1166
is_linear=0
shrinkage=0.05


Tree=131
num_leaves=15
num_cat=0
split_feature=2 4 10 5 11 7 11 5 3 11 7 4 4 4
split_gain=2.80024 1.08136 0.662893 0.639161 0.591367 0.845607 0.538831 0.622811 0.503893 0.63253 0.7841 0.631488 0.531578 0.493662
threshold=149.25000000000003 143.31634992101704 15.500000000000002 0.5393914364871446 -0.72696319516528884 26.450000000000003 -0.85227431625818906 0.81037120034089083 -89.499999999999986 0.49065764355977465 33.250000000000007 805.62652291898473 839.68203413647791 951.13474704150701
decision_type=2 2 2 2 2 2 2 2 2 2 2 2 2 2
left_child=2 -2 3 -1 5 -3 7 -7 9 -6 -11 -10 -13 -14
right_child=1 4 -4 -5 8 6 -8 -9 11 10 -12 12 13 -15
leaf_value=1.0236036946903859 -0.81468067237278685 0.18859220811955793 -3.2201028338523248 -2.2580223698641873 -0.039446955992042509 -0.37817461392425644 0.20436253987214328 0.063205915114241895 -0.10259303953833972 0.24043979802310556 0.020794385711989868 0.083216117040942672 -0.054442729800032647 0.12896524995025901
leaf_weight=83 112 209 481 95 294 259 131 98 936 83 164 139 271 169
leaf_count=83 112 209 481 95 294 259 131 98 936 83 164 139 271 169
internal_value=-0.000756589 -7.83984e-05 -0.00368223 -0.00103825 0.000121464 0.00137464 0.000223123 -0.000787294 -0.000305678 0.000998167 0.0028373 -0.000773028 0.000522259 -0.00033708
internal_weight=3524 2865 659 178 2753 697 488 357 2056 541 247 1515 579 440
internal_count=3524 2865 659 178 2753 697 488 357 2056 541 247 1515 579 440
is_linear=0
shrinkage=0.05


Tree=132
num_leaves=15
num_cat=0
split_feature=4 10 4 0 4 11 12 4 5 5 2 2 8 1
split_gain=2.61691 1.14952 1.32753 1.20641 0.963828 1.07754 1.1141 0.663824 0.473943 0.574708 0.521849 0.526885 0.466369 0.446373
threshold=406.95194037383743 16.500000000000004 143.31634992101704 269.50000000000006 443.42004991768925 -0.97509794945709805 -0.039769286347669845 511.3262256525029 1.0631587177607453 1.0095707932955773 942.25000000000011 814.50000000000011 64.500000000000014 396.50000000000006
decision_type=2 2 2 2 2 2 2 2 2 2 2 2 2 2
left_child=1 2 -1 -4 12 6 -6 -7 9 10 11 -9 -2 -5
right_child=4 -3 3 13 5 7 -8 8 -10 -11 -12 -13 -14 -15
leaf_value=-0.91145365725608141 0.013470238941915437 -2.4028087141630903 0.28258887868484589 0.010840988164583754 0.67011843176192398 -0.23062965795797954 -0.0058236147019380307 -0.020037561599197409 -0.12004198053179005 0.073102507937930147 -0.38080040642719803 0.097632756196878959 0.51516095274163276 -0.20413194787880201
leaf_weight=176 92 451 113 96 81 272 104 1291 194 135 80 206 83 109
leaf_count=176 92 451 113 96 81 272 104 1291 194 135 80 206 83 109
internal_value=-0.000893063 -0.00313158 -0.00144289 0.000495355 -5.50543e-05 -0.000323059 0.00328947 -0.00063674 -0.000303507 -3.49459e-05 -0.000306575 -8.98813e-05 0.00347222 -0.00178572
internal_weight=3483 945 494 318 2538 2363 185 2178 1906 1712 1577 1497 175 205
internal_count=3483 945 494 318 2538 2363 185 2178 1906 1712 1577 1497 175 205
is_linear=0
shrinkage=0.05


Tree=133
num_leaves=15
num_cat=0
split_feature=4 1 8 7 8 12 11 11 6 8 1 1 1 8
split_gain=2.81744 1.06261 0.455298 0.559375 0.521157 0.396277 0.379109 0.488556 0.376457 0.341811 0.744506 0.50779 0.910607 0.566263
threshold=228.70521935916278 293.50000000000006 95.500000000000014 28.450000000000003 86.500000000000014 -0.6391983530350368 -0.70291267844185523 -0.86976336936302323 0.1269807634677956 78.500000000000014 443.00000000000006 504.50000000000006 594.50000000000011 40.500000000000007
decision_type=2 2 2 2 2 2 2 2 2 2 2 2 2 2
left_child=1 -1 4 6 9 -5 7 -4 -8 11 -11 -2 13 -13
right_child=2 -3 3 5 -6 -7 8 -9 -10 10 -12 12 -14 -15
leaf_value=-1.8767809202459593 -0.11130781812289024 0.061299715723495629 -0.006258348993353785 0.13686691553803018 -0.70392636735732705 0.21188943889622608 0.32343684691329982 0.9926117202043736 -0.24697351556329777 0.6604275854807834 -0.037801746589076479 0.0034552137522686835 -0.012640333753897696 0.29994943422297227
leaf_weight=596 442 82 151 155 153 107 122 80 309 81 94 85 977 94
leaf_count=596 442 82 151 155 153 107 122 80 309 81 94 85 977 94
internal_value=-0.000761394 -0.00364568 -7.00537e-05 0.000839611 -0.00050751 0.00277153 5.99688e-05 0.00167373 -0.000814221 -0.000261531 0.00180555 -0.000492827 6.02917e-05 0.00328804
internal_weight=3528 678 2850 924 1926 262 662 231 431 1773 175 1598 1156 179
internal_count=3528 678 2850 924 1926 262 662 231 431 1773 175 1598 1156 179
is_linear=0
shrinkage=0.05


Tree=134
num_leaves=15
num_cat=0
split_feature=0 4 10 0 12 7 1 4 0 6 8 5 7 11
split_gain=2.64824 1.39775 0.557252 1.02541 1.05005 1.06797 0.768446 0.52783 0.301315 0.228341 0.194226 0.628124 0.405996 1.36314
threshold=90.500000000000014 143.31634992101704 16.500000000000004 319.50000000000006 -0.28519997588938989 26.250000000000004 135.50000000000003 354.69925914502841 225.50000000000003 0.16874515023216496 36.500000000000007 0.90681610810317648 35.550000000000004 0.878110924644389
decision_type=2 2 2 2 2 2 2 2 2 2 2 2 2 2
left_child=-1 -2 3 4 6 -6 -3 -4 -9 -5 11 -11 13 -12
right_child=1 2 7 9 5 -7 -8 8 -10 10 12 -13 -14 -15
leaf_value=-3.3763916046296281 -0.63497221249043334 0.84236853200915851 -1.414421467167104 -0.53783965391707789 0.63802208204082045 0.04968780657824079 -0.10040249487219373 0.054550639240134473 -0.36004437865497002 -0.48264451776568174 4.2251752531494678e-05 -0.0015246966716273723 -0.056892437362918206 0.24821815564568778
leaf_weight=404 155 130 109 91 80 85 169 90 84 105 1130 572 209 103
leaf_count=404 155 130 109 91 80 85 169 90 84 105 1130 572 209 103
internal_value=-0.00078955 -0.000291949 -4.55785e-05 0.00017917 0.00230277 0.00544118 0.000509867 -0.00213542 -0.000391063 -0.000270882 -0.000162431 -0.000857772 0.000165859 0.000512923
internal_weight=3516 3112 2957 2674 464 165 299 283 174 2210 2119 677 1442 1233
internal_count=3516 3112 2957 2674 464 165 299 283 174 2210 2119 677 1442 1233
is_linear=0
shrinkage=0.05


Tree=135
num_leaves=15
num_cat=0
split_feature=4 1 3 3 3 12 0 6 7 2 11 7 6 7
split_gain=2.82717 1.04607 0.47604 0.420317 0.431754 0.395895 0.475889 0.392674 0.373518 0.495561 0.468936 0.407043 0.715299 0.591071
threshold=228.70521935916278 293.50000000000006 37.500000000000007 194.50000000000003 136.50000000000003 -0.73865259438682551 427.50000000000006 0.72805142035386416 38.350000000000001 942.25000000000011 0.96904697354198299 26.450000000000003 1.1581799768034891 27.450000000000003
decision_type=2 2 2 2 2 2 2 2 2 2 2 2 2 2
left_child=1 -1 7 4 5 -4 -7 -2 9 10 11 -9 13 -13
right_child=2 -3 3 -5 -6 6 -8 8 -10 -11 -12 12 -14 -15
leaf_value=-1.6966661835927874 -0.41829993987862057 0.053469424362871693 -0.10279452821649504 -0.016257020870784365 0.68240375162448208 0.19922119716924885 -0.0011032617069909598 0.027718820902637633 0.14200894100807046 -0.16356264086456374 0.10879493337355917 -0.11111507804825214 -0.23304267874862786 0.0034958861862653141
leaf_weight=596 324 83 156 296 125 80 81 286 102 95 144 132 156 839
leaf_count=596 324 83 156 296 125 80 81 286 102 95 144 132 156 839
internal_value=-0.000764287 -0.00364766 -6.38084e-05 0.00102288 0.00199105 0.00097826 0.00268072 -0.000451273 -0.000153497 -0.000337961 -0.000118439 -0.00039845 -0.000825973 -0.000312501
internal_weight=3495 679 2816 738 442 317 161 2078 1754 1652 1557 1413 1127 971
internal_count=3495 679 2816 738 442 317 161 2078 1754 1652 1557 1413 1127 971
is_linear=0
shrinkage=0.05


Tree=136
num_leaves=15
num_cat=0
split_feature=4 10 12 4 0 11 11 4 11 12 8 12 10 6
split_gain=2.61228 1.13902 0.609838 0.787611 0.566668 0.643709 0.555517 0.733074 0.774371 0.655712 0.538769 0.77236 0.626851 0.498731
threshold=174.16054135323111 17.500000000000004 0.45847758937963173 443.42004991768925 263.50000000000006 -0.074117382312902977 -0.97509794945709805 477.79006764440709 -0.92274349529687905 -0.022575793296316496 57.500000000000007 -0.69676771491221523 16.500000000000004 1.1543111745446297
decision_type=2 2 2 2 2 2 2 2 2 2 2 2 2 2
left_child=-1 2 3 10 -4 -6 9 -8 -9 -5 -2 -12 -13 -10
right_child=1 -3 4 6 5 -7 7 8 13 -11 11 12 -14 -15
leaf_value=-0.83889314802444503 -0.0076839568226503953 -3.015476903619188 -1.110104697044634 0.49844760402059596 0.012800151700520923 -0.094806255765485403 -0.46495091577074477 -0.87276218628016311 0.018909068546863663 -0.0060960073079703338 -0.040102719003874812 0.37917473298313165 0.21959867717059575 -0.077655110007680064
leaf_weight=382 120 130 117 82 406 364 141 129 1169 105 92 86 87 104
leaf_count=382 120 130 117 82 406 364 141 129 1169 105 92 86 87 104
internal_value=-0.000801365 -0.000321965 -0.000119722 0.00034198 -0.00121637 -0.000709679 -0.000115275 -0.000429588 -7.81817e-05 0.00242187 0.00237179 0.00361111 0.00553371 0.000301251
internal_weight=3514 3132 3002 2115 887 770 1730 1543 1402 187 385 265 173 1273
internal_count=3514 3132 3002 2115 887 770 1730 1543 1402 187 385 265 173 1273
is_linear=0
shrinkage=0.05


Tree=137
num_leaves=15
num_cat=0
split_feature=4 10 8 10 0 11 4 5 4 7 7 7 11 11
split_gain=2.8489 1.10473 0.516968 0.606083 0.597992 0.562334 0.507315 0.38444 0.555258 0.517521 0.429887 0.380427 0.340514 0.689267
threshold=174.16054135323111 17.500000000000004 95.500000000000014 15.500000000000002 327.50000000000006 -0.98214942551678475 443.42004991768925 1.1777316145217032 663.18220107271304 27.550000000000004 27.950000000000003 29.650000000000002 -0.85227431625818906 -0.71504373327588355
decision_type=2 2 2 2 2 2 2 2 2 2 2 2 2 2
left_child=-1 2 3 4 -2 -4 -7 8 10 -9 -6 -5 -8 -14
right_child=1 -3 5 11 7 6 12 9 -10 -11 -12 -13 13 -15
leaf_value=-0.79694849062322248 0.18508278938755598 -2.7545368180908723 0.49363199926195506 -0.71945600709408697 0.0071569208080208523 0.26945596731785504 -0.86523452252949973 -0.0018840564560135685 -0.0059560104291295881 -0.36528153295370719 0.090249032107175595 -0.033962951413782451 0.73811986475976465 -0.010113420469378935
leaf_weight=382 80 117 91 181 126 143 105 142 1108 96 87 222 80 564
leaf_count=382 80 117 91 181 126 143 105 142 1108 96 87 222 80 564
internal_value=-0.000629075 -0.000130284 5.77546e-05 -0.000395702 3.34538e-05 0.000996962 0.000602006 -0.00018862 0.000147058 -0.00201646 0.00245413 -0.0021201 7.29431e-05 0.000508473
internal_weight=3524 3142 3025 2042 1639 983 892 1559 1321 238 213 403 749 644
internal_count=3524 3142 3025 2042 1639 983 892 1559 1321 238 213 403 749 644
is_linear=0
shrinkage=0.05


Tree=138
num_leaves=15
num_cat=0
split_feature=4 10 7 11 3 0 5 3 1 7 12 1 7 2
split_gain=2.36801 1.53869 0.500514 0.754051 0.811602 0.761111 1.03545 0.728911 0.723335 0.581493 0.434159 0.685937 0.580354 0.532652
threshold=143.31634992101704 17.500000000000004 26.950000000000003 -0.72696319516528884 88.500000000000014 397.50000000000006 0.38941361770299376 182.50000000000003 534.50000000000011 27.450000000000003 -0.52765736634565841 191.50000000000003 37.650000000000013 480.75000000000006
decision_type=2 2 2 2 2 2 2 2 2 2 2 2 2 2
left_child=-1 2 3 5 8 6 -2 -6 -5 -4 11 -11 -13 -12
right_child=1 -3 9 4 7 -7 -8 -9 -10 10 13 12 -14 -15
leaf_value=-1.3998859973971478 0.079414876762901362 -2.8732663197380952 -0.14981218555688014 -0.22785831849355376 1.0438749020045022 -0.02901148703145966 0.37008481663082771 -0.3916820302540498 0.029879539462070705 0.5894261930242819 -0.14361403520315125 -0.015397631552033567 0.23086848692343676 -0.00050416106173727787
leaf_weight=305 87 173 177 314 84 105 133 80 160 83 352 414 90 947
leaf_count=305 87 173 177 314 84 105 133 80 160 83 352 414 90 947
internal_value=-0.000746653 -0.000341761 -7.58837e-05 0.000862602 -0.00013997 0.00280303 0.00444444 0.00284024 -0.00118998 -0.000514992 -0.000253835 0.000869931 0.00015717 -0.000763038
internal_weight=3504 3199 3026 963 638 325 220 164 474 2063 1886 587 504 1299
internal_count=3504 3199 3026 963 638 325 220 164 474 2063 1886 587 504 1299
is_linear=0
shrinkage=0.05


Tree=139
num_leaves=15
num_cat=0
split_feature=4 2 8 6 5 11 11 5 5 8 9 3 8 2
split_gain=2.44014 1.35566 0.715338 0.3377 0.710148 0.638181 0.688063 0.523269 0.65647 0.797416 0.509851 0.356637 0.33249 0.302836
threshold=260.35460148311648 201.25000000000003 55.500000000000007 1.0867740407037265 1.0044296420256915 0.94425825643485939 -0.2102246306142678 0.9713766617928371 0.91427928269150815 38.500000000000007 16.500000000000004 -275.99999999999994 47.500000000000007 449.25000000000006
decision_type=2 2 2 2 2 2 2 2 2 2 2 2 2 2
left_child=1 -1 -3 4 7 6 12 8 9 -2 -10 -11 -5 -8
right_child=3 2 -4 5 -6 -7 13 -9 10 11 -12 -13 -14 -15
leaf_value=-2.2118156703592473 -0.22697487566123759 -0.065759435031567837 0.033943157812659018 0.055117025950425613 0.093197391578973512 0.037809636884459243 -0.02277689395265849 -0.14454584601722051 0.0054197569997792017 -0.57561437637393342 0.19445453753940134 0.022855305986125868 -0.036997351753786961 -0.19873089923257856
leaf_weight=557 164 84 82 89 180 89 80 88 91 118 80 1525 99 218
leaf_count=557 164 84 82 89 180 89 80 88 91 118 80 1525 99 218
internal_value=-0.000667795 -0.00324863 0.000701753 -1.77048e-06 0.000275432 -0.00107759 -0.00179226 9.65598e-06 0.000181542 -0.000102098 0.00309659 0.000233615 0.000569947 -0.00326733
internal_weight=3544 723 166 2821 2246 575 486 2066 1978 1807 171 1643 188 298
internal_count=3544 723 166 2821 2246 575 486 2066 1978 1807 171 1643 188 298
is_linear=0
shrinkage=0.05


Tree=140
num_leaves=15
num_cat=0
split_feature=0 4 7 12 12 0 4 12 12 2 5 2 2 2
split_gain=2.39886 1.33225 0.571893 0.927921 0.593458 1.46683 0.748522 0.612898 0.474624 1.04683 0.706645 0.53601 0.535025 0.463311
threshold=99.500000000000014 134.25571581260175 26.450000000000003 -0.52765736634565841 -0.23537842981696178 295.50000000000006 562.45339941331315 -0.94137724084408114 -0.90161545992537195 346.75000000000006 0.6640862044216066 405.75000000000006 772.25000000000011 480.75000000000006
decision_type=2 2 2 2 2 2 2 2 2 2 2 2 2 2
left_child=-1 -2 4 8 7 -6 -7 -3 10 -10 11 -4 -11 -5
right_child=1 2 3 13 5 6 -8 -9 9 12 -12 -13 -14 -15
leaf_value=-2.6334130506722331 -0.52915766027079347 0.4715564306536828 -0.5172119167160133 -0.14916459568108803 0.30097679677208022 -0.019039505887393553 0.10092713111062453 -0.17680715021057516 0.40341247712000455 -0.095407456928184489 -0.67971068826078684 0.7190061628323452 0.21157901543124824 -0.014967887735164845
leaf_weight=438 144 106 106 409 89 196 80 250 103 234 87 80 132 1080
leaf_count=438 144 106 106 409 89 196 80 250 103 234 87 80 132 1080
internal_value=-0.000712067 -0.000219285 1.3526e-05 -0.00038238 0.00123278 0.00263513 0.000782917 -0.000221608 0.00105756 0.00201477 -0.000593526 0.00115183 0.000727762 -0.00110107
internal_weight=3534 3096 2952 2231 721 365 276 356 742 469 273 186 366 1489
internal_count=3534 3096 2952 2231 721 365 276 356 742 469 273 186 366 1489
is_linear=0
shrinkage=0.05


Tree=141
num_leaves=15
num_cat=0
split_feature=10 10 8 0 3 1 0 6 3 12 11 6 7 2
split_gain=2.43588 0.820395 0.703566 0.763549 0.429047 0.908913 0.948608 0.568181 0.594114 0.545958 0.903152 0.593838 0.410249 0.594037
threshold=17.500000000000004 7.5000000000000009 38.500000000000007 540.50000000000011 2.5000000000000004 290.50000000000006 269.50000000000006 0.063862451121238714 194.50000000000003 -0.091258822863740666 -0.67803021058859214 0.24378532369894157 27.850000000000005 857.75000000000011
decision_type=2 2 2 2 2 2 2 2 2 2 2 2 2 2
left_child=1 -1 3 -3 5 -4 -7 -6 9 10 -9 -12 -5 -14
right_child=-2 2 4 12 7 6 -8 8 -10 -11 11 -13 13 -15
leaf_value=-2.2818430757747876 -2.880576690448311 -0.13878209978925724 -0.35416151559485526 0.043732384141603201 -0.96955504731284636 0.25817348362292303 -0.0028829189768851244 0.99492553795536309 -0.0070167156148944997 0.0012622621849140302 0.98705508325532054 0.047667643978558639 -0.10628368624766271 0.033415837911652028
leaf_weight=93 300 274 176 123 96 155 1117 84 260 137 82 171 238 188
leaf_count=93 300 274 176 123 96 155 1117 84 260 137 82 171 238 188
internal_value=-0.000648758 -0.000240701 -9.81982e-05 -0.00134662 0.000354795 -0.000165177 0.000305402 0.00125748 0.00173207 0.00277662 0.00384503 0.00226744 -0.000261734 -0.000997681
internal_weight=3494 3194 3101 823 2278 1448 1272 830 734 474 337 253 549 426
internal_count=3494 3194 3101 823 2278 1448 1272 830 734 474 337 253 549 426
is_linear=0
shrinkage=0.05


Tree=142
num_leaves=15
num_cat=0
split_feature=10 10 12 0 1 12 11 12 5 11 5 10 11 7
split_gain=2.43609 0.747644 0.423654 0.767288 0.617334 0.480512 0.331139 0.352102 0.58151 0.3548 0.325063 1.03272 0.918512 0.616653
threshold=17.500000000000004 7.5000000000000009 0.78724360164103002 263.50000000000006 427.50000000000006 0.96348459056927072 0.99374995976406788 -0.9575230291762723 0.6640862044216066 -0.031173458710879235 1.1926614384787229 9.5000000000000018 0.534952257794027 24.150000000000002
decision_type=2 2 2 2 2 2 2 2 2 2 2 2 2 2
left_child=1 -1 6 -4 -5 -6 7 8 9 -3 11 13 -12 -9
right_child=-2 2 3 4 5 -7 -8 10 -10 -11 12 -13 -14 -15
leaf_value=-2.1218964484427079 -2.7384992858101667 0.66070848443850005 -0.89151897263928359 0.16453266739395198 -0.10164317043888696 0.068577501020162177 -0.12805436664275036 0.034249518900916098 -0.96262401355736305 -0.67857932766259021 0.049922210540368557 0.0075175576720792441 -0.22218005375131469 0.46328072786132268
leaf_weight=88 310 112 125 90 221 90 121 81 104 89 99 1724 155 123
leaf_count=88 310 112 125 90 221 90 121 81 104 89 99 1724 155 123
internal_value=-0.000723778 -0.000312985 -0.000181588 -0.00146893 -0.000381775 -0.00143987 8.03662e-05 0.00020666 -0.00137097 0.000218445 0.000429811 0.000651835 -0.00123552 0.00397129
internal_weight=3532 3222 3134 526 401 311 2608 2487 305 201 2182 1928 254 204
internal_count=3532 3222 3134 526 401 311 2608 2487 305 201 2182 1928 254 204
is_linear=0
shrinkage=0.05


Tree=143
num_leaves=15
num_cat=0
split_feature=4 11 10 11 5 12 11 11 4 3 8 8 11 6
split_gain=2.45765 0.710641 1.15987 0.292905 0.467155 0.419631 0.643906 0.35119 0.334365 0.586175 0.458167 0.345872 0.348189 0.327889
threshold=228.70521935916278 -0.70291267844185523 16.500000000000004 -0.84315017450793706 0.87974322459881626 -0.039769286347669845 -0.94705910369513524 -0.72696319516528884 805.62652291898473 -181.49999999999997 1.5000000000000002 7.5000000000000009 0.95752911693909493 1.0522305271177661
decision_type=2 2 2 2 2 2 2 2 2 2 2 2 2 2
left_child=1 2 -1 4 5 6 -2 -5 9 -9 -10 -11 13 -13
right_child=3 -3 -4 7 -6 -7 -8 8 10 11 -12 12 -14 -15
leaf_value=0.24737974873870472 0.26135557525453806 -0.93884765429201034 -3.2003990649201577 0.16071721136102704 0.010579172888827907 -0.38300084363304987 -1.3787391292736266 0.24205003437817385 0.085691714099479108 -0.10667393934883183 0.0061152869017704189 -0.0046926203692766169 0.028894653219847001 -0.11428475995727334
leaf_weight=80 108 507 81 164 93 212 109 82 94 236 775 626 94 234
leaf_count=80 108 507 81 164 93 212 109 82 94 236 775 626 94 234
internal_value=-0.000835715 -0.00355126 -0.000632531 -0.000188914 -0.00125237 -0.00194701 -0.000382884 5.41114e-05 -0.000118827 -0.0006343 0.00063501 -0.000920503 -0.000490095 -0.00080925
internal_weight=3495 668 161 2827 522 429 217 2305 2141 1272 869 1190 954 860
internal_count=3495 668 161 2827 522 429 217 2305 2141 1272 869 1190 954 860
is_linear=0
shrinkage=0.05


Tree=144
num_leaves=15
num_cat=0
split_feature=0 4 8 4 5 0 7 6 6 5 7 12 12 12
split_gain=2.64873 1.01026 0.58103 0.871138 0.559327 0.391125 0.606233 0.398014 0.329362 0.749095 0.747463 0.36057 0.354512 0.786471
threshold=99.500000000000014 84.352046173810464 33.500000000000007 212.95699913937014 0.90681610810317648 513.50000000000011 28.050000000000004 1.0867740407037265 1.0332358426746848 0.86743499350656872 29.950000000000003 -0.18493013702746822 -0.52765736634565841 -0.7614016681079937
decision_type=2 2 2 2 2 2 2 2 2 2 2 2 2 2
left_child=-1 -2 4 -4 -3 -6 -7 -8 9 12 -11 -10 13 -5
right_child=1 2 3 8 5 6 7 -9 11 10 -12 -13 -14 -15
leaf_value=-2.3461216834764285 -1.4347890825786633 -0.40343081081127674 0.10120137049864689 -0.010098786148507594 -0.086749651264715205 0.052020643901186304 0.0061093741934672846 -0.071542630624541595 -0.099352221299608912 0.24533772067566756 0.0057911990677539001 0.0038168719916737248 -0.037747683656825362 0.39947359364922902
leaf_weight=423 109 150 112 538 126 137 191 134 194 105 105 237 780 182
leaf_count=423 109 150 112 538 126 137 191 134 194 105 105 237 780 182
internal_value=-0.000670353 -0.000161032 1.50188e-05 0.000414082 -0.00119785 -0.00048904 0.000192718 -0.00098485 0.000184062 0.000495626 0.00325581 -0.00104358 9.96666e-05 0.000896551
internal_weight=3523 3100 2991 2253 738 588 462 325 2141 1710 210 431 1500 720
internal_count=3523 3100 2991 2253 738 588 462 325 2141 1710 210 431 1500 720
is_linear=0
shrinkage=0.05


Tree=145
num_leaves=15
num_cat=0
split_feature=10 4 3 3 11 4 10 12 6 4 11 11 11 9
split_gain=2.2255 1.15677 0.466034 0.655836 0.569498 0.454117 0.905249 0.66221 0.376879 0.583153 0.324759 0.403415 0.261281 0.3459
threshold=17.500000000000004 84.352046173810464 17.500000000000004 -21.499999999999996 -0.63921128368950708 662.11125035791213 16.500000000000004 -0.34234976856068178 0.72805142035386416 443.42004991768925 -0.31799228562170639 -0.031173458710879235 0.98372640911059162 1.0000000180025095e-35
decision_type=2 2 2 2 2 2 2 2 2 2 2 2 2 2
left_child=1 -1 3 8 -5 6 7 -4 -3 -10 -7 -12 13 -11
right_child=-2 2 5 4 -6 10 -8 -9 9 12 11 -13 -14 -15
leaf_value=-1.4378538012128488 -2.4375426624253791 -0.30676698089667437 0.16227227305092948 0.027061207417798758 -0.14406634749051678 -0.18210166789991469 -0.25210083126595439 0.14891238688086286 0.052984288211026354 0.014105678174737589 0.58032986086799754 -0.00801559916595301 -0.1302387221896438 -0.0086119889210752067
leaf_weight=139 300 206 159 161 472 248 102 123 224 213 84 175 93 797
leaf_count=139 300 206 159 161 472 248 102 123 224 213 84 175 93 797
internal_value=-0.000836905 -0.000446737 -0.00024004 -0.000635653 -0.00198276 0.000719865 0.00200514 0.00344948 -7.47736e-05 0.000236485 -0.000263673 0.000965908 -0.000239171 -1.18622e-09
internal_weight=3496 3196 3057 2166 633 891 384 282 1533 1327 507 259 1103 1010
internal_count=3496 3196 3057 2166 633 891 384 282 1533 1327 507 259 1103 1010
is_linear=0
shrinkage=0.05


Tree=146
num_leaves=15
num_cat=0
split_feature=10 4 12 0 10 7 12 5 11 11 11 11 4 9
split_gain=2.67837 1.51709 0.387579 0.432091 0.315112 0.464321 0.755208 0.671385 0.987904 0.920571 0.651977 0.464801 0.400417 0.400721
threshold=17.500000000000004 84.352046173810464 0.86004965528756494 617.50000000000011 12.500000000000002 24.250000000000004 -0.15950993297387572 1.0582240780072418 0.36648264796514479 0.88220160189607266 0.94978112945126536 -0.031173458710879235 415.23003667520032 36.500000000000007
decision_type=2 2 2 2 2 2 2 2 2 2 2 2 2 2
left_child=1 -1 4 -4 5 6 -3 8 11 -10 -9 -7 -6 -14
right_child=-2 2 3 -5 12 7 -8 10 9 -11 -12 -13 13 -15
leaf_value=-1.3837084282816019 -2.3426373281276511 0.019747395298617954 -0.23172170197025027 0.027070532491955214 -0.22849681756735465 0.023007441592687833 0.25904316370460656 -0.053516859757448666 0.2168216482057701 0.0049756179777021743 0.022152479938061673 -0.54986124870800657 -0.071728853309681581 0.050873434734416592
leaf_weight=152 304 112 245 112 121 399 89 328 122 119 90 86 404 851
leaf_count=152 304 112 245 112 121 399 89 328 122 119 90 86 404 851
internal_value=-0.000471886 -4.6369e-05 0.000197858 -0.00133978 0.000401686 0.000944443 0.00313107 0.000548302 0.00146375 0.00404471 -0.00104019 0.00015306 -0.000130342 0.000138888
internal_weight=3534 3230 3078 357 2721 1345 201 1144 726 241 418 485 1376 1255
internal_count=3534 3230 3078 357 2721 1345 201 1144 726 241 418 485 1376 1255
is_linear=0
shrinkage=0.05


Tree=147
num_leaves=15
num_cat=0
split_feature=0 8 7 12 5 5 6 7 0 11 9 5 5 10
split_gain=2.86772 0.47186 0.82454 0.383228 0.760619 0.541922 0.511132 0.534248 0.897103 0.493302 0.578386 0.544037 0.620115 0.446512
threshold=122.50000000000001 33.500000000000007 36.95000000000001 -0.15950993297387572 0.64650459195489018 0.5393914364871446 1.0282496167110626 28.450000000000003 369.50000000000006 0.88220160189607266 68.500000000000014 0.81711767155384474 0.95250546508705092 11.500000000000002
decision_type=2 2 2 2 2 2 2 2 2 2 2 2 2 2
left_child=-1 2 -2 6 5 -5 7 13 -9 10 -6 -12 -13 -3
right_child=1 3 -4 4 9 -7 -8 8 -10 -11 11 12 -14 -15
leaf_value=-1.9324244102442769 -0.051624543682407348 0.11363333685943139 0.092897954018378512 0.02645485762762011 -0.0015513919847524428 -0.55810577649796567 -0.088258934249743667 0.34170189509336213 0.013366764667016657 0.15206177322229564 -0.010099926425749872 0.33089642091863458 0.038645282124043355 -0.25346310182557502
leaf_weight=534 684 212 80 115 360 124 258 96 358 141 93 80 90 297
leaf_count=534 684 212 80 115 360 124 258 96 358 141 93 80 90 297
internal_value=-0.000669125 -6.34826e-05 -0.00113134 0.000305068 0.00102678 -0.00141394 -0.000289561 0.000242767 0.00148148 0.00179454 0.00117038 0.0029291 0.00457143 -0.00086576
internal_weight=3522 2988 764 2224 1003 239 1221 963 454 764 623 263 170 509
internal_count=3522 2988 764 2224 1003 239 1221 963 454 764 623 263 170 509
is_linear=0
shrinkage=0.05


Tree=148
num_leaves=15
num_cat=0
split_feature=10 10 8 10 11 0 7 9 3 11 5 5 12 9
split_gain=2.36742 0.734945 0.681047 0.452828 0.881535 0.427537 0.487359 0.398108 0.70681 0.60442 1.05738 0.526302 0.469199 0.456225
threshold=17.500000000000004 7.5000000000000009 33.500000000000007 9.5000000000000018 -0.69057362043749781 427.50000000000006 28.050000000000004 51.500000000000007 -43.499999999999993 0.22386011952790016 0.55266506452320263 0.81279094712619593 0.2332836900311728 1.0000000180025095e-35
decision_type=2 2 2 2 2 2 2 2 2 2 2 2 2 2
left_child=1 -1 5 4 -4 -3 -7 8 13 11 -11 12 -9 -5
right_child=-2 2 3 7 -6 6 -8 9 -10 10 -12 -13 -14 -15
leaf_value=-1.7436361834011689 -2.0997442047070991 -0.18566656520504704 0.28604262062155578 0.065158986890319279 0.0018593200536361416 0.0083586062174948288 -0.047567870370395282 -0.015176245581350873 -0.30811130465903519 0.82925690377371408 0.017636610618779486 0.12708518367334129 -1.2798326652365626 -0.044895448095197917
leaf_weight=87 302 185 126 148 290 181 392 716 124 86 269 96 146 383
leaf_count=87 302 185 126 148 290 181 392 716 124 86 269 96 146 383
internal_value=-0.000722569 -0.00032313 -0.000193837 0.000221849 0.00171021 -0.0014941 -0.000804499 -9.63012e-05 -0.00109849 0.000405917 0.00215278 -0.000249222 -0.000645907 -0.00028918
internal_weight=3531 3229 3142 2384 416 758 573 1968 655 1313 355 958 862 531
internal_count=3531 3229 3142 2384 416 758 573 1968 655 1313 355 958 862 531
is_linear=0
shrinkage=0.05


Tree=149
num_leaves=15
num_cat=0
split_feature=10 4 10 2 7 12 4 7 3 4 11 9 0 0
split_gain=2.41124 1.17488 0.378305 0.750172 0.655761 0.581307 0.551178 0.497949 0.378102 0.585047 0.411709 0.559099 0.315881 0.434355
threshold=17.500000000000004 75.384457071920934 15.500000000000002 225.75000000000003 23.850000000000005 0.2499757677084001 659.78697703878049 31.150000000000002 -21.499999999999996 443.42004991768925 0.7090011537757156 23.500000000000004 605.50000000000011 531.50000000000011
decision_type=2 2 2 2 2 2 2 2 2 2 2 2 2 2
left_child=1 -1 3 4 -3 6 7 -4 9 -5 -10 -12 13 -11
right_child=-2 2 5 8 -6 -7 -8 -9 10 12 11 -13 -14 -15
leaf_value=-1.475129850527293 -2.0496094330267574 -0.034846028689071593 -0.028198886270009129 0.064054248303255137 0.96891035557603011 -0.44379678687725072 -0.48229428060386487 0.15365311734605294 -0.0065478648176511087 0.0047192848150784152 -0.20112047169937833 0.0042309474171843024 0.011130530562429386 -0.39108607873526219
leaf_weight=134 308 82 201 140 145 244 81 108 747 337 147 105 629 129
leaf_count=134 308 82 201 140 145 244 81 108 747 337 147 105 629 129
internal_value=-0.000729815 -0.00032313 -0.000120969 0.000160177 0.00286638 -0.00120501 -1.177e-09 0.000971336 -0.000120591 0.000463708 -0.000841635 -0.00256809 6.81806e-05 -0.000912952
internal_weight=3537 3229 3095 2461 227 634 390 309 2234 1235 999 252 1095 466
internal_count=3537 3229 3095 2461 227 634 390 309 2234 1235 999 252 1095 466
is_linear=0
shrinkage=0.05


Tree=150
num_leaves=15
num_cat=0
split_feature=4 0 8 3 3 3 7 3 11 7 11 11 1 1
split_gain=2.55549 0.813378 0.476292 0.330934 0.554147 0.606874 0.493092 0.468752 0.693724 0.479578 0.680188 0.434864 0.434129 0.646418
threshold=228.70521935916278 187.50000000000003 45.500000000000007 39.500000000000007 194.50000000000003 139.50000000000003 38.95000000000001 -145.49999999999997 0.49065764355977465 33.850000000000001 0.89017062131308955 0.19020386523577326 696.50000000000011 800.50000000000011
decision_type=2 2 2 2 2 2 2 2 2 2 2 2 2 2
left_child=1 -1 -3 6 5 -5 7 8 -2 10 12 -6 -9 -14
right_child=3 2 -4 4 11 -7 -8 9 -10 -11 -12 -13 13 -15
leaf_value=-1.6991580080584698 -0.012451809077979435 -0.078719487944493849 0.031448941220282793 0.047472325260788137 -1.0080132207781931 0.62681680858906064 0.10525666192512029 -0.13041888793186307 0.20856498804490015 -0.17007639693787968 0.048532601222929871 0.28582816348440282 0.063726303666156572 -0.038980463140571561
leaf_weight=522 386 80 80 314 206 111 82 714 112 294 116 100 192 214
leaf_count=522 386 80 80 314 206 111 82 714 112 294 116 100 192 214
internal_value=-0.000698697 -0.00343523 -0.000303031 -3.68951e-05 0.000876358 0.00203488 -0.000354611 -0.00051156 0.000815108 -0.000944627 -0.000507656 -0.000739551 -0.00088889 0.000413624
internal_weight=3523 682 160 2841 731 425 2110 2028 498 1530 1236 306 1120 406
internal_count=3523 682 160 2841 731 425 2110 2028 498 1530 1236 306 1120 406
is_linear=0
shrinkage=0.05


Tree=151
num_leaves=15
num_cat=0
split_feature=10 4 8 2 5 2 7 12 8 11 2 10 11 12
split_gain=2.62354 1.3181 0.271537 0.914555 0.61684 0.432078 0.368021 0.599603 0.359869 0.378531 0.867938 0.507563 0.405758 0.871852
threshold=17.500000000000004 75.384457071920934 38.500000000000007 678.75000000000011 1.2996010590322131 872.25000000000011 28.050000000000004 -0.33426211444629356 45.500000000000007 0.22386011952790016 405.75000000000006 16.500000000000004 -0.031173458710879235 -0.97111920233974802
decision_type=2 2 2 2 2 2 2 2 2 2 2 2 2 2
left_child=1 -1 3 -3 5 8 -5 -8 -4 12 11 -11 13 -10
right_child=-2 2 4 6 -6 -7 7 -9 9 10 -12 -13 -14 -15
leaf_value=-1.2787565146376729 -1.8090532279652707 -0.070452843904906845 0.11928747183826137 0.063643712586551077 0.080016610913662328 -0.08576608716971483 0.080807052756817405 -0.031035534910204707 0.7179227246884281 0.83085854900096823 -0.0023560393204488457 0.071836779920981808 -0.35978300730612595 -0.01529013846058969
leaf_weight=134 299 397 108 82 81 113 83 250 104 103 384 95 150 1123
leaf_count=134 299 397 108 82 81 113 83 250 104 103 384 95 150 1123
internal_value=-0.000478497 -5.75977e-05 0.000157569 -0.000624236 0.000439099 0.000274598 0.0010119 0.000251478 0.000441601 0.000282585 0.00134583 0.00399015 -0.000170045 0.000133927
internal_weight=3506 3207 3073 812 2261 2180 415 333 2067 1959 582 198 1377 1227
internal_count=3506 3207 3073 812 2261 2180 415 333 2067 1959 582 198 1377 1227
is_linear=0
shrinkage=0.05


Tree=152
num_leaves=15
num_cat=0
split_feature=10 4 7 5 8 4 10 2 1 4 8 4 7 4
split_gain=2.36071 1.18083 0.572551 0.823179 0.902019 0.594244 0.341075 0.316487 0.471894 0.333935 0.430743 0.4125 0.486889 0.50535
threshold=17.500000000000004 75.384457071920934 24.250000000000004 0.45139924598838294 38.500000000000007 342.88633452453058 8.5000000000000018 942.25000000000011 926.50000000000011 443.42004991768925 64.500000000000014 511.3262256525029 36.050000000000004 663.18220107271304
decision_type=2 2 2 2 2 2 2 2 2 2 2 2 2 2
left_child=1 -1 3 -3 -5 6 -4 8 9 10 -7 -11 13 -13
right_child=-2 2 5 4 -6 7 -8 -9 -10 11 -12 12 -14 -15
leaf_value=-1.1500072934679595 -1.7188173903865431 -1.1819795024294233 -0.034683813023255225 -0.012717063268735446 0.2103231012281202 -0.004534031279912653 -0.58171634165802411 -0.19067874891744463 0.059747320938964614 -0.16110411671125688 0.2699978047568905 0.053503422134583659 -0.064806952786586741 -0.0089654454826056159
leaf_weight=134 300 88 131 80 133 145 125 125 155 243 97 324 158 1252
leaf_count=134 300 88 131 80 133 145 125 125 155 243 97 324 158 1252
internal_value=-0.000715309 -0.00031299 -0.000107809 0.00194444 0.00360092 -0.000335146 -0.00260537 -9.78446e-05 3.36264e-05 -0.000155127 0.00157895 -0.000370839 -9.77585e-05 0.000170777
internal_weight=3490 3190 3056 301 213 2755 256 2499 2374 2219 242 1977 1734 1576
internal_count=3490 3190 3056 301 213 2755 256 2499 2374 2219 242 1977 1734 1576
is_linear=0
shrinkage=0.05


Tree=153
num_leaves=15
num_cat=0
split_feature=10 4 7 7 2 9 11 3 3 8 12 2 5 12
split_gain=2.17424 1.12662 0.570218 0.889922 0.503805 0.750857 0.604732 0.709602 0.532208 0.391467 0.433974 0.668642 0.606105 0.544355
threshold=17.500000000000004 75.384457071920934 24.250000000000004 23.650000000000002 757.25000000000011 48.500000000000007 0.67802080537253961 24.500000000000004 -65.499999999999986 2.5000000000000004 0.67007489853957602 886.25000000000011 0.9228331806033615 0.011826144619637555
decision_type=2 2 2 2 2 2 2 2 2 2 2 2 2 2
left_child=1 -1 3 -3 5 8 -7 -8 -4 -6 11 12 13 -11
right_child=-2 2 4 -5 9 6 7 -9 -10 10 -12 -13 -14 -15
leaf_value=-1.1550763348987259 -1.6737870319102546 -0.0043693409740158586 -0.011673812820095712 0.39220060760971648 0.048816254959167693 -0.038927714947391855 0.38853619775314008 -0.019454925885864081 -0.1827707276279058 -0.18408968279506821 -0.097669330303115295 -0.046635299461641022 0.2878085896278465 0.16497838064507908
leaf_weight=138 298 203 301 90 143 1237 81 99 377 110 87 183 88 87
leaf_count=138 298 203 301 90 143 1237 81 99 377 110 87 183 88 87
internal_value=-0.000867594 -0.00048622 -0.000284699 0.0017953 -0.00050572 -0.000892858 -0.000235585 0.00243243 -0.00225476 0.000654337 4.46417e-05 0.00065539 0.00215517 0.000569306
internal_weight=3522 3224 3086 293 2793 2095 1417 180 678 698 555 468 285 197
internal_count=3522 3224 3086 293 2793 2095 1417 180 678 698 555 468 285 197
is_linear=0
shrinkage=0.05


Tree=154
num_leaves=15
num_cat=0
split_feature=10 4 10 2 12 12 1 5 8 11 9 4 11 12
split_gain=2.46147 1.21247 0.387426 0.786101 0.777244 0.721558 0.555015 0.320605 0.5632 0.550065 0.616123 0.547861 0.495136 0.487239
threshold=17.500000000000004 75.384457071920934 15.500000000000002 225.75000000000003 -0.11692317777808843 -0.79382744783423187 261.50000000000006 1.0631587177607453 2.5000000000000004 -0.03977009085991149 12.500000000000002 666.31874329003165 0.94978112945126536 0.78192542922038288
decision_type=2 2 2 2 2 2 2 2 2 2 2 2 2 2
left_child=1 -1 3 5 6 -3 -4 8 -5 10 -9 -10 -11 -13
right_child=-2 2 4 7 -6 -7 -8 9 11 12 -12 13 -14 -15
leaf_value=-1.109162167926941 -1.5491871697886521 0.038778707923203794 -0.038780722049342901 0.059196261209084847 -0.42040899863320247 0.84101817086696173 0.064488322615771601 0.062157840991565086 0.12550497811757652 -0.20287503657898279 -0.018509308720638044 -0.0045575384256853948 0.0094407786318027771 -0.097104558635831159
leaf_weight=136 310 129 190 100 317 102 112 94 242 275 116 1141 93 169
leaf_count=136 310 129 190 100 317 102 112 94 242 275 116 1141 93 169
internal_value=-0.000702352 -0.000288731 -8.10385e-05 0.000200729 -0.00119391 0.00294491 0.000618891 -8.94866e-05 0.000265539 -0.00109777 0.000930231 2.56892e-05 -0.00225201 -0.000380229
internal_weight=3526 3216 3080 2461 619 231 302 2230 1652 578 210 1552 368 1310
internal_count=3526 3216 3080 2461 619 231 302 2230 1652 578 210 1552 368 1310
is_linear=0
shrinkage=0.05


Tree=155
num_leaves=15
num_cat=0
split_feature=4 1 9 7 2 2 4 1 4 12 12 12 12 0
split_gain=2.51027 0.900632 0.420971 0.43542 0.390491 0.397499 0.385658 0.404606 0.402155 0.340859 0.843905 0.426299 0.974967 0.631202
threshold=228.70521935916278 234.50000000000003 72.500000000000014 38.750000000000007 670.25000000000011 942.25000000000011 450.79097446815007 346.50000000000006 378.08774989870648 0.86004965528756494 0.39629089145655322 -0.61915584096709908 -0.73865259438682551 397.50000000000006
decision_type=2 2 2 2 2 2 2 2 2 2 2 2 2 2
left_child=1 -1 3 4 6 -6 7 -2 -9 10 11 12 -4 -13
right_child=2 -3 9 -5 5 -7 -8 8 -10 -11 -12 13 -14 -15
leaf_value=-1.0349191000619085 -0.16991584141267776 0.024831667322067999 0.016984715210685012 0.10731592154687158 0.0041721494737948974 -0.19312634171939105 -0.14713252162099563 -0.087327912156972359 0.09138825945935157 -0.1158752242974561 0.13296152183164461 0.084569677558035961 0.6881376339682731 -0.06381322571780676
leaf_weight=554 100 116 626 82 583 88 312 83 80 174 148 195 108 281
leaf_count=554 100 116 626 82 583 88 312 83 80 174 148 195 108 281
internal_value=-0.000664782 -0.00340741 -1.74532e-05 -0.000667668 -0.000903279 -8.13621e-05 -0.00185345 -0.000429106 0.00110119 0.000546518 0.000814379 0.000370369 0.00112314 -0.000790022
internal_weight=3530 670 2860 1328 1246 671 575 263 163 1532 1358 1210 734 476
internal_count=3530 670 2860 1328 1246 671 575 263 163 1532 1358 1210 734 476
is_linear=0
shrinkage=0.05


Tree=156
num_leaves=15
num_cat=0
split_feature=4 10 4 0 2 2 9 3 7 6 5 1 7 8
split_gain=2.85455 0.474897 0.677992 0.564925 0.342541 0.497776 0.494769 0.467578 0.574766 0.369403 0.547354 0.707103 0.348678 0.328201
threshold=228.70521935916278 16.500000000000004 75.384457071920934 231.50000000000003 846.25000000000011 886.25000000000011 85.500000000000014 -35.499999999999993 26.950000000000003 0.063862451121238714 0.34966832226972505 131.50000000000003 37.350000000000001 42.500000000000007
decision_type=2 2 2 2 2 2 2 2 2 2 2 2 2 2
left_child=1 2 -1 -4 6 -6 7 13 -9 -8 11 -11 -7 -2
right_child=4 -3 3 -5 5 12 9 8 -10 10 -12 -13 -14 -15
leaf_value=-0.99839006371978012 0.094185388587157776 -1.4471705038082852 0.12301634698109123 -0.016799675638590191 0.097049533382026001 -0.040869237512847732 -1.4870365826710465 0.014762325807511176 -0.14888634400117506 1.0780398584043476 0.0073230223572413964 -0.019363945347185454 0.08169818166442433 -0.01154935805547712
leaf_weight=132 83 354 81 93 100 170 90 110 349 80 1100 96 98 570
leaf_count=132 83 354 81 93 100 170 90 110 349 80 1100 96 98 570
internal_value=-0.000734835 -0.00368421 -0.0021865 -0.000111733 -4.55992e-05 0.00136729 -0.000257754 -0.0010385 -0.00225216 0.000379284 0.000601092 0.00314917 0.000219779 -0.000174773
internal_weight=3506 660 306 174 2846 368 2478 1112 459 1366 1276 176 268 653
internal_count=3506 660 306 174 2846 368 2478 1112 459 1366 1276 176 268 653
is_linear=0
shrinkage=0.05


Tree=157
num_leaves=15
num_cat=0
split_feature=4 1 12 12 3 3 0 3 3 10 4 0 12 3
split_gain=2.39405 0.900632 0.343784 0.516122 0.547983 1.46619 0.555531 0.520902 0.488083 0.407459 0.408322 0.744774 0.52546 0.574441
threshold=228.70521935916278 234.50000000000003 -0.5129677127369543 -0.58481178939031186 123.50000000000001 182.50000000000003 474.50000000000006 -114.49999999999999 -261.49999999999994 9.5000000000000018 529.42609833433551 391.50000000000006 -0.22700609751797865 -21.499999999999996
decision_type=2 2 2 2 2 2 2 2 2 2 2 2 2 2
left_child=1 -1 3 4 7 -6 -7 8 -2 -4 -11 -12 -13 -14
right_child=2 -3 9 -5 5 6 -8 -9 -10 10 11 12 13 -15
leaf_value=-0.911093803870897 -0.17260243617315957 0.019987830314973552 0.022737179153837661 0.14205080945385701 0.79085896477428252 -1.1297694483902323 0.61004702625896945 -0.083335660567939604 0.20159457518301238 -0.191681237023197 0.28981936889809934 -0.23658092852089216 0.010299672894234491 -0.037560835916173929
leaf_weight=554 89 116 223 84 86 110 83 433 154 270 111 180 590 442
leaf_count=554 89 116 223 84 86 110 83 433 154 270 111 180 590 442
internal_value=-0.000729463 -0.00340741 -9.6155e-05 0.000627393 0.000286457 0.00213028 -0.000328284 -0.000484583 0.00135081 -0.00051071 -0.000791616 -0.000425453 -0.000788826 -0.000347156
internal_weight=3525 670 2855 1039 955 279 193 676 243 1816 1593 1323 1212 1032
internal_count=3525 670 2855 1039 955 279 193 676 243 1816 1593 1323 1212 1032
is_linear=0
shrinkage=0.05


Tree=158
num_leaves=15
num_cat=0
split_feature=4 1 0 4 4 7 5 11 5 3 7 11 5 1
split_gain=2.40906 0.749195 0.389357 0.403999 0.491762 0.404199 0.394946 0.367523 0.332091 0.314196 0.311357 0.733075 0.385152 0.417264
threshold=228.70521935916278 234.50000000000003 907.50000000000011 443.42004991768925 406.95194037383743 27.550000000000004 1.0582240780072418 -0.19337636264337835 1.0044296420256915 37.500000000000007 35.750000000000007 0.878110924644389 0.929346275329194 843.50000000000011
decision_type=2 2 2 2 2 2 2 2 2 2 2 2 2 2
left_child=1 9 3 4 5 -2 10 -8 -4 -1 11 12 13 -5
right_child=2 -3 8 6 -6 -7 7 -9 -10 -11 -12 -13 -14 -15
leaf_value=-1.160705459471427 0.029123522942566905 0.011200150038210458 -0.13691486738924116 -0.006514779560929807 0.12759624730288197 -0.15631211599402825 0.034116826253130943 -0.11387060239895114 0.066356864649849717 -0.15707477404157447 -0.19663189065767861 0.25805992288236101 0.038208360474715625 -0.17932052867962156
leaf_weight=451 183 113 81 1225 176 107 82 182 83 105 233 104 208 171
leaf_count=451 183 113 81 1225 176 107 82 182 83 105 233 104 208 171
internal_value=-0.000718155 -0.00340505 -7.92265e-05 -0.000226085 0.00110403 -0.000169493 -0.000509051 -0.00230483 0.00224852 -0.0041533 -0.000259508 -2.3352e-05 -0.000292108 -0.000592435
internal_weight=3504 669 2835 2671 466 290 2205 264 164 556 1941 1708 1604 1396
internal_count=3504 669 2835 2671 466 290 2205 264 164 556 1941 1708 1604 1396
is_linear=0
shrinkage=0.05


Tree=159
num_leaves=15
num_cat=0
split_feature=10 4 4 8 2 4 11 11 11 1 3 11 11 11
split_gain=2.37593 1.0236 0.42017 0.480863 0.624151 0.425078 0.292247 1.0808 0.420809 0.446699 0.447438 0.282876 0.237886 0.334744
threshold=17.500000000000004 75.384457071920934 974.11333556161719 33.500000000000007 857.75000000000011 202.25304896276327 -0.79384350655589164 -0.72696319516528884 -0.98803845231459242 217.50000000000003 -82.499999999999986 -0.63921128368950708 0.98522604642031408 0.88621069759564464
decision_type=2 2 2 2 2 2 2 2 2 2 2 2 2 2
left_child=1 -1 3 4 11 -5 8 -8 -7 -10 -11 -3 13 -9
right_child=-2 2 -4 5 -6 6 7 12 9 10 -12 -13 -14 -15
leaf_value=-0.88057717027491078 -1.2676308193182744 -0.0073935750327013133 0.091564749849975577 0.1055763424232727 0.011723197629144099 0.023034203806748282 0.82962177105864188 -0.0030276062816584799 -1.4777408984042404 -0.12795839594773914 0.077197270123892048 -0.054948421125389335 -0.053281894264465272 0.21152260158664329
leaf_weight=137 303 119 138 87 125 141 81 1271 115 190 131 441 85 156
leaf_count=137 303 119 138 87 125 141 81 1271 115 190 131 441 85 156
internal_value=-0.000723405 -0.00032123 -0.000129661 -0.000257891 -0.00141304 9.50474e-05 -4.59782e-05 0.000303503 -0.00100516 -0.00176871 -0.00078221 -0.00212389 -6.59315e-06 0.000150138
internal_weight=3520 3217 3080 2942 685 2257 2170 1593 577 436 321 560 1512 1427
internal_count=3520 3217 3080 2942 685 2257 2170 1593 577 436 321 560 1512 1427
is_linear=0
shrinkage=0.05


Tree=160
num_leaves=15
num_cat=0
split_feature=10 4 9 11 0 11 7 10 8 11 11 8 11 11
split_gain=2.3343 0.996126 0.504947 0.769733 0.97292 0.529386 0.481398 0.46483 0.398945 0.463611 0.842168 0.581196 0.425852 0.340923
threshold=17.500000000000004 75.384457071920934 55.500000000000007 0.49065764355977465 468.50000000000006 -0.97509794945709805 37.850000000000001 13.500000000000002 26.500000000000004 -0.85227431625818906 -0.67803021058859214 86.500000000000014 -0.159513159777915 1.0000000180025095e-35
decision_type=2 2 2 2 2 2 2 2 2 2 2 2 2 2
left_child=1 -1 6 5 -5 -4 13 -6 -7 -10 -11 12 -12 -3
right_child=-2 2 3 4 7 8 -8 -9 9 10 11 -13 -14 -15
leaf_value=-0.77061301346582634 -1.1802181793336071 -0.0063843786933894947 0.19988000791545296 0.39755087824200858 0.039703684038229908 -0.10031757800262645 0.077868594773922759 -0.28661557904953056 -0.39884452930696657 1.0277831880192059 0.17947428044227226 -0.15803893594312221 -0.016110897526895224 -0.047458624062950788
leaf_weight=138 308 459 141 108 116 103 120 100 259 147 95 588 132 709
leaf_count=138 308 459 141 108 116 103 120 100 259 147 95 588 132 709
internal_value=-0.000797904 -0.000395964 -0.000206036 0.000337234 0.0025228 -0.000153062 -0.000959011 0.000542985 -0.000466517 -0.000207995 0.000299895 -0.000335367 0.00178879 -0.00127025
internal_weight=3523 3215 3077 1789 324 1465 1288 216 1324 1221 962 815 227 1168
internal_count=3523 3215 3077 1789 324 1465 1288 216 1324 1221 962 815 227 1168
is_linear=0
shrinkage=0.05


Tree=161
num_leaves=15
num_cat=0
split_feature=10 4 10 0 12 7 12 3 6 8 4 11 0 12
split_gain=2.36291 1.00646 0.507144 0.527592 0.626186 0.959008 0.519456 0.760926 0.484273 0.447949 0.444667 0.373769 0.287101 0.671694
threshold=17.500000000000004 75.384457071920934 15.500000000000002 319.50000000000006 -0.79382744783423187 23.650000000000002 -0.14250536273956091 -74.499999999999986 1.078476276026008 2.5000000000000004 643.46691840824099 -0.23537230790205757 605.50000000000011 -0.52765736634565841
decision_type=2 2 2 2 2 2 2 2 2 2 2 2 2 2
left_child=1 -1 3 4 11 -6 7 -4 9 -5 -11 -3 13 -12
right_child=-2 2 6 8 5 -7 -8 -9 -10 10 12 -13 -14 -15
leaf_value=-0.74114118729625522 -1.1721245858435765 -0.92874503520208007 0.12702980020049628 0.055653909755995726 -0.013190612262824454 0.42108243832647507 -0.38827443451969407 -0.10848803684262905 -0.025591357128413796 0.14788701591592154 0.14114587723219632 0.64701452837023909 0.0061185596263347696 -0.75400147427279318
leaf_weight=139 312 102 81 106 98 138 314 218 588 103 261 85 734 225
leaf_count=139 312 102 81 106 98 138 314 218 588 103 261 85 734 225
internal_value=-0.000803649 -0.000394121 -0.000201113 0.000122698 0.00171729 0.00340249 -0.00148058 1.64462e-05 -0.000215135 0.000282426 2.63542e-05 -0.000442709 -0.000244899 -0.00118126
internal_weight=3504 3192 3053 2440 423 236 613 299 2017 1429 1323 187 1220 486
internal_count=3504 3192 3053 2440 423 236 613 299 2017 1429 1323 187 1220 486
is_linear=0
shrinkage=0.05


Tree=162
num_leaves=15
num_cat=0
split_feature=4 3 1 4 12 0 4 8 12 3 3 9 4 2
split_gain=2.83057 0.651195 0.462688 0.460473 0.586741 0.865921 0.570679 0.373371 0.304062 0.267125 0.416768 0.363726 0.684627 0.657465
threshold=270.3506616214292 49.500000000000007 201.50000000000003 443.42004991768925 -0.31800055644052067 259.50000000000006 511.3262256525029 28.500000000000004 0.16587474750015932 -275.99999999999994 -221.49999999999997 22.500000000000004 662.11125035791213 652.00000000000011
decision_type=2 2 2 2 2 2 2 2 2 2 2 2 2 2
left_child=1 2 -1 4 -2 -6 -5 -7 -4 -8 -11 -12 -13 -14
right_child=3 -3 8 6 5 7 9 -9 -10 10 11 12 13 -15
leaf_value=-1.1285915489393266 0.14506212015182848 0.14318273063154288 -0.073017566637912507 -0.22948726249434817 -0.29463350461690163 -0.0070200524618784736 -0.25542555023323066 0.26084651882206655 0.0069588332839201827 0.58996482590349797 -0.01496827356741981 0.17659820174354601 -0.13886513733168951 0.023407617327195887
leaf_weight=469 98 102 106 290 95 88 123 97 80 85 689 204 613 395
leaf_count=469 98 102 106 290 95 88 123 97 80 85 689 204 613 395
internal_value=-0.000627297 -0.00332677 -0.00390152 0.000113227 0.00172324 0.000526315 -0.000143512 0.0025 -0.00172775 0.000144275 0.000286287 0.00012854 0.000649136 0.000108587
internal_weight=3534 757 655 2777 378 280 2399 185 186 2109 1986 1901 1212 1008
internal_count=3534 757 655 2777 378 280 2399 185 186 2109 1986 1901 1212 1008
is_linear=0
shrinkage=0.05


Tree=163
num_leaves=15
num_cat=0
split_feature=4 7 11 4 11 4 12 4 4 7 4 7 4 7
split_gain=2.51163 0.72224 0.84243 0.524734 0.465094 0.303845 0.739906 0.44572 0.305924 0.523622 0.302335 0.213215 0.211082 0.2445
threshold=270.3506616214292 24.850000000000005 -0.65234524191686594 974.11333556161719 0.98522604642031408 443.42004991768925 0.45847758937963173 415.23003667520032 511.3262256525029 24.950000000000003 616.50885354454545 26.250000000000004 656.60053055237688 27.950000000000003
decision_type=2 2 2 2 2 2 2 2 2 2 2 2 2 2
left_child=1 2 -1 4 5 6 7 -2 9 -7 -10 -8 -12 -14
right_child=3 -3 -4 -5 -6 8 11 -9 10 -11 12 -13 13 -15
leaf_value=0.089350466391323519 0.008388541241040829 -0.69615764670318114 -0.35604107060529394 0.091404221548598508 -0.17680632523136183 0.072027361559466443 0.018416374270737428 0.24629710944170968 0.045339469064039524 -0.22323647211431169 -0.032028668689219969 -0.14430357499154164 -0.050571543773343275 0.0055506905835297363
leaf_weight=94 86 440 230 132 139 87 90 90 158 192 131 80 554 973
leaf_count=94 86 440 230 132 139 87 90 90 158 192 131 80 554 973
internal_value=-0.000884804 -0.00340702 -0.00158055 -0.000169306 -0.000328821 -0.000165578 0.00119658 0.00342541 -0.000392858 -0.00191902 -0.000153763 -0.00114286 -0.000354782 -0.000186033
internal_weight=3476 764 324 2712 2580 2441 346 176 2095 279 1816 170 1658 1527
internal_count=3476 764 324 2712 2580 2441 346 176 2095 279 1816 170 1658 1527
is_linear=0
shrinkage=0.05


Tree=164
num_leaves=15
num_cat=0
split_feature=4 2 8 3 3 2 0 5 9 11 4 11 7 5
split_gain=2.55366 0.529319 0.606039 0.457547 0.453205 0.292427 0.317923 0.399778 0.292413 0.735173 1.21931 0.398558 0.426075 0.374879
threshold=260.35460148311648 190.25000000000003 56.500000000000007 -145.49999999999997 30.500000000000004 399.75000000000006 660.50000000000011 0.541939617416066 41.500000000000007 0.64579916509010216 838.81076757066432 -0.074117382312902977 37.95000000000001 1.029871063232725
decision_type=2 2 2 2 2 2 2 2 2 2 2 2 2 2
left_child=1 4 -3 5 -1 -2 7 -7 11 -10 -11 13 -13 -5
right_child=3 2 -4 8 -6 6 -8 -9 9 10 -12 12 -14 -15
leaf_value=-1.0706595110943262 0.50036771411247682 -0.078858762693554518 0.027910055308042817 -0.011685596072365793 -0.14643247784957839 0.32768825127433326 0.13073432333049007 -0.03449140323222414 -0.023558029387332952 0.24402581632827217 -0.046014838198073116 -0.058497967953574148 0.0077789178712658188 0.045279764628429843
leaf_weight=432 81 105 82 156 125 89 110 223 1160 139 102 553 82 90
leaf_count=432 81 105 82 156 125 89 110 223 1160 139 102 553 82 90
internal_value=-0.000706 -0.00329773 -0.000963543 -8.96176e-06 -0.00406584 0.00134842 0.000796252 -3.15469e-05 -0.000310452 0.00013869 0.00262195 -0.00102145 -0.00167969 0.00067729
internal_weight=3529 744 187 2785 557 503 422 312 2282 1401 241 881 635 246
internal_count=3529 744 187 2785 557 503 422 312 2282 1401 241 881 635 246
is_linear=0
shrinkage=0.05


Tree=165
num_leaves=15
num_cat=0
split_feature=0 5 11 10 8 8 0 12 6 3 11 11 6 8
split_gain=1.81758 0.615458 0.825311 0.71221 0.801582 0.484528 0.445914 0.423473 0.448589 0.41487 0.410698 0.606847 0.321678 0.291007
threshold=72.500000000000014 1.0631587177607453 -0.35846811432664222 15.500000000000002 78.500000000000014 2.5000000000000004 319.50000000000006 -0.67801649466304881 0.24378532369894157 -19.499999999999996 0.02042587909481499 -0.76141707087277943 1.2784847402042241 34.500000000000007
decision_type=2 2 2 2 2 2 2 2 2 2 2 2 2 2
left_child=-1 3 12 5 -5 -2 7 8 -7 13 11 -6 -3 -4
right_child=1 2 9 4 10 6 -8 -9 -10 -11 -12 -13 -14 -15
leaf_value=-1.3772844345877662 0.053417733254273049 0.15976712565569529 0.035783240843779721 -0.30268006129952285 0.089093302291445547 0.99168843545348562 0.00021532082731617384 0.73994928886561717 -0.26510417744563902 -0.18028748134722655 0.12861430890286776 -0.67673152887234655 -0.0087346357143231138 -0.018514000984415076
leaf_weight=309 99 80 84 363 90 91 1470 94 83 341 112 103 103 87
leaf_count=309 99 80 84 363 90 91 1470 94 83 341 112 103 103 87
internal_value=-0.000653103 -0.000296413 -0.00160714 6.97199e-05 -0.00132244 0.000578175 0.000378656 0.00223443 0.000726256 -0.00263056 0.000564515 -0.000833334 0.00125 -0.000596592
internal_weight=3509 3200 695 2505 668 1837 1738 268 174 512 305 193 183 171
internal_count=3509 3200 695 2505 668 1837 1738 268 174 512 305 193 183 171
is_linear=0
shrinkage=0.05


Tree=166
num_leaves=15
num_cat=0
split_feature=0 4 7 6 2 5 0 4 4 7 12 1 4 1
split_gain=2.05217 0.822949 0.311618 0.660041 0.555465 0.46284 0.374336 0.365547 0.604302 0.512511 0.393369 0.540511 0.767344 0.375055
threshold=72.500000000000014 75.384457071920934 24.250000000000004 1.2992369832805601 149.25000000000003 0.39579247412862889 225.50000000000003 584.17384410794159 662.11125035791213 31.450000000000003 0.41202506375868281 354.50000000000006 443.42004991768925 706.50000000000011
decision_type=2 2 2 2 2 2 2 2 2 2 2 2 2 2
left_child=-1 -2 3 -3 5 -4 -6 10 9 -9 11 -8 -13 -10
right_child=1 2 4 -5 6 -7 7 8 13 -11 -12 12 -14 -15
leaf_value=-1.4703360684132021 -0.51280632910923396 0.37238667841872231 -0.011369694848057471 -0.01538128743137188 0.056650949961977698 -1.002434796891823 -0.096513141481816556 0.13356113247237753 -0.11645945345654085 -0.052656771549713426 -0.12788308053033401 0.090682953157333379 -0.03316567467924169 0.0058349257934700513
leaf_weight=320 114 156 100 113 157 134 163 158 631 83 195 91 113 977
leaf_count=320 114 156 100 113 157 134 163 158 631 83 195 91 113 977
internal_value=-0.000676639 -0.00028997 -0.000131666 0.0014781 -0.000288565 -0.00259414 -7.3845e-05 -0.00022972 0.000110571 0.0024187 -0.00134039 -0.000362904 0.00133971 -0.000241787
internal_weight=3505 3185 3071 269 2802 234 2568 2411 1849 241 562 367 204 1608
internal_count=3505 3185 3071 269 2802 234 2568 2411 1849 241 562 367 204 1608
is_linear=0
shrinkage=0.05


Tree=167
num_leaves=15
num_cat=0
split_feature=4 1 11 11 11 11 7 11 5 1 8 11 2 8
split_gain=2.09878 0.878047 0.506886 1.68012 0.58191 0.898684 0.592686 0.291261 0.740515 0.484763 0.570918 0.529167 0.898419 0.620784
threshold=199.34390958677727 222.50000000000003 0.98522604642031408 0.96687895796550427 0.9193901325473397 0.82414472752956958 35.95000000000001 0.54940630780725741 0.75557668270374123 346.50000000000006 71.500000000000014 -0.26037633224328088 540.25000000000011 54.500000000000007
decision_type=2 2 2 2 2 2 2 2 2 2 2 2 2 2
left_child=1 -1 3 4 5 7 -7 9 -9 10 -2 13 -13 -11
right_child=2 -3 -4 -5 -6 6 -8 8 -10 11 -12 12 -14 -15
leaf_value=-0.92805985028819693 -0.46980072111317839 0.025051477135794056 -0.061702596585408866 0.24690549285703667 -0.085242538792945272 0.011967742682836062 0.11244473705720026 0.13132847657225097 -0.072617011060183534 0.040534920836784609 -0.016676821795646279 0.17729437022275452 0.00036154524080050042 -0.072141693672562276
leaf_weight=407 124 82 164 87 147 119 81 106 284 246 697 159 285 544
leaf_count=407 124 82 164 87 147 119 81 106 284 246 697 159 285 544
internal_value=-0.000610688 -0.0036336 -0.000119752 3.64066e-05 -0.000182339 -9.43515e-06 0.00317073 -0.000275511 -0.00151899 -3.6409e-05 -0.000974577 0.000589184 0.00195991 -0.00018868
internal_weight=3532 489 3043 2879 2792 2645 200 2445 390 2055 821 1234 444 790
internal_count=3532 489 3043 2879 2792 2645 200 2445 390 2055 821 1234 444 790
is_linear=0
shrinkage=0.05


Tree=168
num_leaves=15
num_cat=0
split_feature=4 1 3 10 3 5 2 1 5 12 12 11 9 8
split_gain=1.54223 0.920501 0.46869 0.414191 0.575986 0.454378 0.534579 0.361987 0.593067 0.385704 0.37716 0.520986 0.804674 0.976216
threshold=199.34390958677727 201.50000000000003 -145.49999999999997 10.500000000000002 -275.99999999999994 0.5453632474052047 804.25000000000011 47.500000000000007 0.3100572196806145 -0.96687281075841669 -0.41399101439218416 0.82414472752956958 92.500000000000014 84.500000000000014
decision_type=2 2 2 2 2 2 2 2 2 2 2 2 2 2
left_child=1 -1 3 -2 -5 -6 -7 8 -4 -9 11 12 -11 -14
right_child=2 -3 7 4 5 6 -8 9 -10 10 -12 -13 13 -15
leaf_value=-1.0501836782955054 0.21964861337715347 0.024464238480614207 -0.53703397798549146 -1.0648743195057999 1.1723612192203519 -0.10952129472221424 0.21322038965914114 -0.45276399326662981 1.1647519506385748 -0.27132806021394279 -0.013135509729544515 0.052035096132477809 0.41173774854346745 -0.012575444925710248
leaf_weight=384 92 101 92 111 81 154 80 208 81 160 1468 80 93 316
leaf_count=384 92 101 92 111 81 154 80 208 81 160 1468 80 93 316
internal_value=-0.000714491 -0.00331633 -0.000291295 0.00107074 0.00039443 0.00148437 0.000334727 -0.000575311 0.00160112 -0.000740345 -0.000534874 0.00046636 -7.83984e-05 0.00109903
internal_weight=3501 485 3016 518 426 315 234 2498 173 2325 2117 649 569 409
internal_count=3501 485 3016 518 426 315 234 2498 173 2325 2117 649 569 409
is_linear=0
shrinkage=0.05


Tree=169
num_leaves=15
num_cat=0
split_feature=0 4 7 12 4 10 11 12 4 4 4 4 0 1
split_gain=1.84299 0.880743 0.705146 0.675958 0.605384 0.473326 0.293711 0.611967 0.343037 1.12158 0.634826 0.57555 0.436784 0.398944
threshold=72.500000000000014 75.384457071920934 24.250000000000004 -0.21022037796396451 342.88633452453058 8.5000000000000018 -0.97509794945709805 -0.022575793296316496 443.42004991768925 584.17384410794159 662.11125035791213 715.38149748737612 489.50000000000006 346.50000000000006
decision_type=2 2 2 2 2 2 2 2 2 2 2 2 2 2
left_child=-1 -2 3 -3 5 -4 7 -6 13 -10 -11 12 -12 -8
right_child=1 2 4 -5 6 -7 8 -9 9 10 11 -13 -14 -15
leaf_value=-1.1846276780783984 -0.45599598429000121 -0.040836102259323742 -0.0029131677332566051 0.15296569906432017 0.23763204757750944 -0.42326206194122523 -0.0043816714958483192 -0.015791838469985747 -0.14741273120840212 0.073831565999882817 -0.0046300320252194924 0.0029201784297520007 -0.24281645985115885 0.086384268739707046
leaf_weight=319 116 113 132 156 83 174 166 105 291 256 102 1319 129 84
leaf_count=319 116 113 132 156 83 174 166 105 291 256 102 1319 129 84
internal_value=-0.000556339 -0.000194987 -3.21039e-05 0.00239051 -0.000265286 -0.00234727 -9.84371e-06 0.00186528 -0.000163692 -0.000373455 9.38696e-05 -0.00028939 -0.00256356 0.00156863
internal_weight=3545 3226 3110 269 2841 306 2535 188 2347 2097 1806 1550 231 250
internal_count=3545 3226 3110 269 2841 306 2535 188 2347 2097 1806 1550 231 250
is_linear=0
shrinkage=0.05


Tree=170
num_leaves=15
num_cat=0
split_feature=4 7 4 4 11 11 6 2 4 10 12 11 3 11
split_gain=1.69515 0.800822 0.890387 0.360886 0.285169 0.803107 0.42027 0.525316 0.680417 0.493328 0.556495 0.428728 0.563727 0.526261
threshold=199.34390958677727 24.650000000000002 75.384457071920934 974.11333556161719 0.98522604642031408 0.96465729447553372 1.0282496167110626 480.75000000000006 675.24262462139598 9.5000000000000018 0.04621408538533487 0.08804500090241206 41.500000000000007 -0.90893996196865023
decision_type=2 2 2 2 2 2 2 2 2 2 2 2 2 2
left_child=1 2 -1 4 5 6 7 9 -9 -2 11 13 -13 -11
right_child=3 -3 -4 -5 -6 -7 -8 8 -10 10 -12 12 -14 -15
leaf_value=-0.6469440929274719 0.56531026120956895 -0.67134834702305035 0.050160583982948183 0.07664230551860457 -0.039251958046643047 0.15672000430596914 -0.028630578350130387 0.14358825208892187 0.013912087433860408 0.15655134838702228 -0.4037437509226407 0.17662091751405573 -0.014564600978142429 -0.20884278076110485
leaf_weight=102 148 298 87 135 141 81 737 106 695 95 287 86 106 409
leaf_count=102 148 298 87 135 141 81 737 106 695 95 287 86 106 409
internal_value=-0.000601195 -0.00332317 -0.000747424 -0.000158365 -0.000277971 -0.000163341 -0.000316007 7.22755e-05 0.00104839 -0.0006206 -0.00102733 -0.000256777 0.00172589 -0.00102161
internal_weight=3513 487 189 3026 2891 2750 2669 1932 801 1131 983 696 192 504
internal_count=3513 487 189 3026 2891 2750 2669 1932 801 1131 983 696 192 504
is_linear=0
shrinkage=0.05


Tree=171
num_leaves=15
num_cat=0
split_feature=0 4 4 4 11 4 11 11 6 6 2 6 2 4
split_gain=1.40716 0.66533 1.1113 0.569214 0.411972 0.315274 0.383641 0.502141 0.395341 0.433205 0.254569 0.563094 0.418625 0.275261
threshold=136.50000000000003 75.384457071920934 191.8555792283266 201.12507087711228 -0.23537230790205757 979.94154310313274 0.98522604642031408 0.96465729447553372 1.0194549859629467 0.99376522253662469 592.75000000000011 0.89702459328352291 536.75000000000011 933.83857959934278
decision_type=2 2 2 2 2 2 2 2 2 2 2 2 2 2
left_child=3 -2 -3 -1 -5 6 7 8 9 10 12 -12 13 -4
right_child=1 2 5 4 -6 -7 -8 -9 -10 -11 11 -13 -14 -15
leaf_value=-1.3033352979142816 -0.42932108888458465 0.058365044592627695 -0.0087153001507273096 -0.56750337022199282 0.065665315774204078 0.11157241230004877 -0.042281720738481215 0.096868688379505519 -0.024310332998622893 0.1524823222880986 0.17737684352216196 -0.031303507620779332 -0.19770911060704358 -0.18437290955134167
leaf_weight=301 82 86 903 169 96 94 153 82 767 82 136 339 113 112
leaf_count=301 82 86 903 169 96 94 153 82 767 82 136 339 113 112
internal_value=-0.000845172 -0.000404537 -0.00027333 -0.00311734 -0.00138889 -0.000450468 -0.000551636 -0.000401734 -0.000533172 -0.000103551 -0.00028918 0.000677082 -0.000697265 -0.000367648
internal_weight=3515 2949 2867 566 265 2781 2687 2534 2452 1685 1603 475 1128 1015
internal_count=3515 2949 2867 566 265 2781 2687 2534 2452 1685 1603 475 1128 1015
is_linear=0
shrinkage=0.05


Tree=172
num_leaves=15
num_cat=0
split_feature=0 3 2 10 5 10 11 9 5 8 6 8 8 7
split_gain=1.52869 0.506228 1.11588 0.614867 0.711156 0.442195 0.430095 0.429574 0.533682 0.420121 0.397918 0.38642 0.407319 0.478201
threshold=59.500000000000007 -68.499999999999986 275.50000000000006 16.500000000000004 1.0631587177607453 11.500000000000002 -0.082689790342551819 10.500000000000002 0.83036190283884193 1.0000000180025095e-35 0.30902229627620609 42.500000000000007 81.500000000000014 30.150000000000002
decision_type=2 2 2 2 2 2 2 2 2 2 2 2 2 2
left_child=-1 2 -2 4 5 -3 -6 8 -4 -7 -5 -11 13 -13
right_child=1 3 7 10 6 9 -8 -9 -10 11 -12 12 -14 -15
leaf_value=-1.1764771935291101 0.094147251697130549 0.18110929457412112 0.15738940660876999 -0.0046226815264790739 -0.00089540241368782554 0.052850125958999232 -0.1089848426321807 -0.016453484785077705 -0.002309667686553355 -0.096068719827789292 -0.50976334268818835 0.15881024616561687 -0.059491997601641949 -0.021552498926006105
leaf_weight=248 96 315 139 118 225 101 438 620 152 252 210 100 387 127
leaf_count=248 96 315 139 118 225 101 438 620 152 252 210 100 387 127
internal_value=-0.000563262 -0.000273974 0.000657113 -0.000687007 -0.000346155 0.000341879 -0.00166916 0.000103711 0.0016723 -0.00019033 -0.00267267 -0.000551092 0.00012924 0.00178879
internal_weight=3528 3280 1007 2273 1945 1282 663 911 291 967 328 866 614 227
internal_count=3528 3280 1007 2273 1945 1282 663 911 291 967 328 866 614 227
is_linear=0
shrinkage=0.05


Tree=173
num_leaves=15
num_cat=0
split_feature=0 4 10 0 4 4 12 4 5 7 11 5 3 8
split_gain=1.69568 0.720151 0.446052 0.864901 0.769428 0.344421 0.334692 0.322054 0.390179 0.448373 0.285814 0.285626 0.278379 0.673417
threshold=75.500000000000014 75.384457071920934 8.5000000000000018 228.50000000000003 274.60542568546271 207.20338916788958 0.96348459056927072 974.11333556161719 0.34966832226972505 25.350000000000005 0.534952257794027 0.42359313112041536 -35.499999999999993 43.500000000000007
decision_type=2 2 2 2 2 2 2 2 2 2 2 2 2 2
left_child=5 -2 3 -3 -4 -1 7 8 9 -6 -5 -10 13 -13
right_child=1 2 4 10 6 -7 -8 -9 11 -11 -12 12 -14 -15
leaf_value=-1.6633209530924171 -0.33739503301040552 0.39158002150947441 -0.7166852629908389 0.011960790004267653 -0.14271358277237464 -0.14225479218491596 0.019041726239226495 0.074133242191417453 -0.2609906048213253 0.57957995175682731 -0.059598750804296399 0.074818005216798364 -0.01804486281898051 -0.0088792425008438255
leaf_weight=243 100 91 124 89 97 96 119 131 107 119 80 134 1164 821
leaf_count=243 100 91 124 89 97 96 119 131 107 119 80 134 1164 821
internal_value=-0.000575285 -0.00021377 -7.46523e-05 0.00188679 -0.000258775 -0.00390988 -7.78655e-05 -0.000199768 -0.000331019 0.00167421 -0.000258622 -0.000528912 -0.000397835 0.000234374
internal_weight=3515 3176 3076 260 2816 339 2692 2573 2442 216 169 2226 2119 955
internal_count=3515 3176 3076 260 2816 339 2692 2573 2442 216 169 2226 2119 955
is_linear=0
shrinkage=0.05


Tree=174
num_leaves=15
num_cat=0
split_feature=4 2 12 7 3 3 12 11 11 2 4 4 5 7
split_gain=1.54304 0.726889 0.311562 0.765016 0.546522 0.63235 0.472968 0.455834 0.458191 0.652176 0.361653 0.396153 0.376656 0.36042
threshold=199.34390958677727 210.75000000000003 -0.48313741114591585 26.350000000000005 17.500000000000004 -16.499999999999996 -0.56369940867848845 -0.72696319516528884 -0.31799228562170639 104.75000000000001 354.69925914502841 443.42004991768925 1.0396620864265309 28.350000000000005
decision_type=2 2 2 2 2 2 2 2 2 2 2 2 2 2
left_child=1 -1 6 4 5 -4 7 -2 -9 -10 -5 -12 -13 -11
right_child=2 -3 3 10 -6 -7 -8 8 9 13 11 12 -14 -15
leaf_value=-0.78897918968960257 0.96201337131127418 0.0067779178560511723 0.036968692249378536 -0.21706551344713412 0.2178011912232527 -0.093829197149104981 0.058222292058489493 -0.22435335545709725 0.3134937609177455 -0.18933452034731393 0.023135485727129361 -0.013429560405685041 -0.046980669092481372 0.02164374687149213
leaf_weight=400 93 95 139 103 96 107 102 275 81 247 142 1040 210 408
leaf_count=400 93 95 139 103 96 107 102 275 81 247 142 1040 210 408
internal_value=-0.000575784 -0.00315 -0.00015256 -0.00056189 0.00155619 0.000278883 0.000470684 0.000162307 -0.00015256 0.000499324 -0.00105 -0.000830352 -0.00111554 -3.788e-05
internal_weight=3538 495 3043 1837 342 246 1206 1104 1011 736 1495 1392 1250 655
internal_count=3538 495 3043 1837 342 246 1206 1104 1011 736 1495 1392 1250 655
is_linear=0
shrinkage=0.05


Tree=175
num_leaves=15
num_cat=0
split_feature=0 4 7 12 12 3 4 9 8 3 3 5 1 3
split_gain=1.63649 0.556255 0.398361 0.62912 0.551074 0.500063 0.482665 0.420887 0.912194 0.532848 0.403922 0.9126 0.823777 0.452628
threshold=59.500000000000007 75.384457071920934 26.950000000000003 -0.45273527932988084 -0.56369940867848845 136.50000000000003 191.8555792283266 92.500000000000014 86.500000000000014 -72.499999999999986 -46.499999999999993 0.63768909922923467 594.50000000000011 -141.49999999999997
decision_type=2 2 2 2 2 2 2 2 2 2 2 2 2 2
left_child=-1 -2 5 4 7 6 -3 9 -9 -4 11 -5 -13 -14
right_child=1 2 3 10 -6 -7 -8 8 -10 -11 -12 12 13 -15
leaf_value=-1.201283531967547 -0.31433929835947422 0.048305899469484839 0.010695167806771362 -0.45224895938755305 0.041786883413600588 0.33988661701712497 -0.0070082413800386231 0.1768739828382293 -0.074923195595593101 -0.31620488683793008 -0.056191852666645607 0.13112710874806877 0.058090034486409182 -0.0090228748330739485
leaf_weight=260 117 84 128 133 90 148 758 136 280 127 788 86 149 231
leaf_count=260 117 84 128 133 90 148 758 136 280 127 788 86 149 231
internal_value=-0.000561081 -0.000253069 -0.000124086 -0.000506272 0.000646213 0.000703516 0.00022432 0.000140531 0.00111639 -0.00144231 -0.00113865 -0.000157286 0.000891719 -0.000129871
internal_weight=3515 3255 3138 2148 761 990 842 671 416 255 1387 599 466 380
internal_count=3515 3255 3138 2148 761 990 842 671 416 255 1387 599 466 380
is_linear=0
shrinkage=0.05


Tree=176
num_leaves=15
num_cat=0
split_feature=0 4 11 11 7 12 7 7 4 4 12 4 4 12
split_gain=1.62714 0.587447 0.511754 0.609605 0.601107 0.54126 0.440154 0.545275 0.364975 0.363929 0.348694 0.330449 0.882577 0.588357
threshold=72.500000000000014 75.384457071920934 0.92922379131507438 0.82414472752956958 34.650000000000013 0.16587474750015932 24.550000000000004 23.850000000000005 252.27534445162021 202.25304896276327 0.28313308994381592 443.42004991768925 511.3262256525029 0.67007489853957602
decision_type=2 2 2 2 2 2 2 2 2 2 2 2 2 2
left_child=9 -2 3 6 -5 -4 7 10 -8 -1 -3 13 -13 -10
right_child=1 2 5 4 -6 -7 8 -9 11 -11 -12 12 -14 -15
leaf_value=-1.3993887853197255 -0.25559806438277755 -0.068798759104810592 -0.065502915080966825 0.0093141434089474614 0.036474143625362332 0.047738697475609874 -0.1875598024085392 0.23714661038941798 0.075179714071597473 -0.13356584617230266 0.049927976841590678 -0.27699346501920152 0.0041674631508953376 -0.16746918802016966
leaf_weight=229 116 87 308 138 103 109 122 94 167 91 111 199 1613 81
leaf_count=229 116 87 308 138 103 109 122 94 167 91 111 199 1613 81
internal_value=-0.000472993 -0.000135261 -3.18895e-06 0.000248161 0.00262195 -0.00162322 1.21005e-05 0.00181818 -0.000233197 -0.00384616 0.000295565 -7.26404e-05 -0.000308202 0.00162055
internal_weight=3568 3248 3132 2715 241 417 2474 292 2182 320 198 2060 1812 248
internal_count=3568 3248 3132 2715 241 417 2474 292 2182 320 198 2060 1812 248
is_linear=0
shrinkage=0.05


Tree=177
num_leaves=15
num_cat=0
split_feature=4 0 4 11 7 11 11 6 5 1 6 1 8 7
split_gain=1.56554 0.848124 0.88556 0.573325 1.03824 0.547961 0.816828 0.404085 0.395647 0.455368 0.666416 0.489214 0.405902 0.364855
threshold=199.34390958677727 118.50000000000001 75.384457071920934 0.96904697354198299 35.250000000000007 0.92922379131507438 0.8697513045430848 0.063862451121238714 0.34966832226972505 715.50000000000011 0.92299130641422844 574.50000000000011 2.5000000000000004 29.050000000000004
decision_type=2 2 2 2 2 2 2 2 2 2 2 2 2 2
left_child=1 -1 -3 5 -5 6 7 -2 -9 11 -11 13 -12 -10
right_child=3 2 -4 4 -6 -7 -8 8 9 10 12 -13 -14 -15
leaf_value=-1.339522785839335 -0.82666576144230097 -0.24769880163277624 0.024510278362993337 0.19993199922778637 -0.23450763682682718 -0.1366406889937751 0.061193713811004573 0.20006386207167967 -0.04122261772593671 0.17818233178677334 0.052369731776301713 -0.10958780221504977 -0.0086148950342298785 0.03531320411977909
leaf_weight=283 112 98 102 114 121 127 143 240 786 91 98 337 504 326
leaf_count=283 112 98 102 114 121 127 143 240 786 91 98 337 504 326
internal_value=-0.000375682 -0.00300205 -0.000487806 5.15967e-05 0.00239583 -0.00015168 5.67633e-06 -0.000208084 -6.70309e-05 -0.000284119 0.000766474 -0.000787484 0.000148269 -0.00027753
internal_weight=3482 483 200 2999 235 2764 2637 2494 2382 2142 693 1449 602 1112
internal_count=3482 483 200 2999 235 2764 2637 2494 2382 2142 693 1449 602 1112
is_linear=0
shrinkage=0.05


Tree=178
num_leaves=15
num_cat=0
split_feature=2 4 10 0 4 5 7 0 6 2 0 2 0 5
split_gain=1.88491 0.756947 0.502042 0.66832 0.501327 0.48508 0.833248 0.50032 0.347393 0.343282 1.34765 0.808929 0.988537 0.600654
threshold=58.750000000000007 75.384457071920934 11.500000000000002 177.50000000000003 202.25304896276327 0.33439687487903008 25.950000000000003 183.50000000000003 0.17755144625076649 573.25000000000011 513.50000000000011 757.25000000000011 788.50000000000011 0.95799304990490997
decision_type=2 2 2 2 2 2 2 2 2 2 2 2 2 2
left_child=-1 -2 3 -3 -4 6 -6 -7 -9 10 -5 13 -13 -11
right_child=1 2 4 9 5 7 -8 8 -10 11 -12 12 -14 -15
leaf_value=-1.3271069258868284 -0.29400575272922785 1.1093339903152917 -0.90342277042536812 0.0027420946776779776 -0.23067680550285102 -0.40672976313939535 0.64897834148900779 -2.2371777790316432 -0.0065092109824796676 0.010744736802022573 0.15557993552462712 0.176129215491274 -0.0095164577016991891 -0.23036419073503739
leaf_weight=267 121 83 86 544 98 107 103 80 1471 105 86 86 119 177
leaf_count=267 121 83 86 544 98 107 103 80 1471 105 86 86 119 177
internal_value=-0.000541267 -0.000207889 -5.55567e-05 0.000746887 -0.000551283 -0.000372855 0.00191747 -0.000655443 -0.000420952 0.000414437 0.0011811 -0.000579269 0.00178571 -0.00229965
internal_weight=3533 3266 3145 1200 1945 1859 201 1658 1551 1117 630 487 205 282
internal_count=3533 3266 3145 1200 1945 1859 201 1658 1551 1117 630 487 205 282
is_linear=0
shrinkage=0.05


Tree=179
num_leaves=15
num_cat=0
split_feature=4 1 11 8 11 11 5 12 9 8 12 1 6 5
split_gain=1.82131 0.501821 0.253173 0.380842 0.283524 0.702196 0.638499 0.427593 0.372411 0.503074 0.589263 0.509503 0.667914 0.551515
threshold=182.17786409726793 197.50000000000003 -0.98803845231459242 94.500000000000014 -0.79384350655589164 -0.73866753694953124 0.81037120034089083 0.2499757677084001 36.500000000000007 86.500000000000014 -0.83375966452616657 240.50000000000003 1.0332358426746848 0.88173899687427848
decision_type=2 2 2 2 2 2 2 2 2 2 2 2 2 2
left_child=1 -1 3 -2 6 -6 -4 -8 -7 10 -10 -12 13 -13
right_child=2 -3 4 -5 5 8 7 -9 9 -11 11 12 -14 -15
leaf_value=-0.8552034759843784 -0.02605580073905869 -0.019877429748035729 -0.24330552563238364 0.49110958623736151 0.68866933900030713 -0.017250278036548435 -0.048587476870183818 0.086861792491808976 0.33410926206220187 -0.025455212947741002 -0.1676732714511574 0.048054592678647881 -0.049849005338632742 0.24489111799495711
leaf_weight=333 81 82 346 80 90 938 83 85 106 771 102 168 149 118
leaf_count=333 81 82 346 80 90 938 83 85 106 771 102 168 149 118
internal_value=-0.000540007 -0.00363095 -0.00012332 0.00177711 -0.000229653 -4.08783e-06 -0.00129095 0.00121387 -0.000173951 0.000338265 0.00136574 0.000673431 0.00142045 0.00281787
internal_weight=3532 415 3117 161 2956 2442 514 168 2352 1414 643 537 435 286
internal_count=3532 415 3117 161 2956 2442 514 168 2352 1414 643 537 435 286
is_linear=0
shrinkage=0.05


Tree=180
num_leaves=15
num_cat=0
split_feature=2 4 7 3 3 3 4 2 9 3 9 12 9 9
split_gain=1.44078 0.545132 0.633859 0.894935 0.55232 0.407472 0.387544 0.318356 0.272534 0.264063 0.622502 0.563435 0.302179 0.288555
threshold=58.750000000000007 75.384457071920934 24.250000000000004 8.5000000000000018 -19.499999999999996 -47.499999999999993 260.35460148311648 275.50000000000006 93.500000000000014 -71.499999999999986 5.5000000000000009 0.063390085881955341 55.500000000000007 25.500000000000004
decision_type=2 2 2 2 2 2 2 2 2 2 2 2 2 2
left_child=-1 -2 3 4 -3 7 8 -4 -7 10 11 -9 -12 -11
right_child=1 2 5 -5 -6 6 -8 9 -10 13 12 -13 -14 -15
leaf_value=-1.1747228666636136 -0.34215232421917469 0.088818209093788625 0.092712176776550581 0.68067859279205489 -0.07373658311543492 -0.43016676266814735 -0.010507655350479038 -0.0035497619711591989 -0.025480590665477344 -0.0037984242201382599 -0.14302673922387585 0.29752170650713705 -0.0086415425625868177 0.10340948058575544
leaf_weight=273 116 91 113 99 81 117 1533 85 80 92 263 108 400 82
leaf_count=273 116 91 113 99 81 117 1533 85 80 92 263 108 400 82
internal_value=-0.0005554 -0.000260338 -0.000133377 0.0021558 -5.64983e-05 -0.000352677 -0.000835736 0.000378919 -0.00289604 9.66172e-05 -0.000267132 0.00219697 -0.00099551 0.00184357
internal_weight=3533 3260 3144 271 172 2873 1730 1143 197 1030 856 193 663 174
internal_count=3533 3260 3144 271 172 2873 1730 1143 197 1030 856 193 663 174
is_linear=0
shrinkage=0.05


Tree=181
num_leaves=15
num_cat=0
split_feature=4 2 11 2 4 2 8 11 11 10 11 2 4 2
split_gain=1.33177 0.524981 0.727755 0.321239 0.661969 0.573241 0.218881 0.211185 0.590815 0.483483 0.445356 0.350308 0.233499 0.425817
threshold=182.17786409726793 111.75000000000001 0.38243310158943505 101.75000000000001 260.35460148311648 58.750000000000007 77.500000000000014 0.9193901325473397 0.95242846126021108 14.500000000000002 0.88220160189607266 881.25000000000011 443.42004991768925 359.25000000000006
decision_type=2 2 2 2 2 2 2 2 2 2 2 2 2 2
left_child=1 -1 -3 5 6 -2 -5 10 -9 11 12 -10 13 -6
right_child=3 2 -4 4 7 -7 -8 8 9 -11 -12 -13 -14 -15
leaf_value=-1.5659963670438839 -0.25459311770186149 0.032309656650158766 -0.21232672812038761 -0.2003092721358023 0.074308852913947246 0.093466123147585178 -0.060085259002381132 -0.13561591353689562 0.088857164911505734 -0.48977562097630811 0.10133213321591578 -0.025640246483066849 -0.008787973992623016 -0.048333648611604829
leaf_weight=247 87 80 103 102 182 124 81 89 102 89 80 99 1950 119
leaf_count=247 87 80 103 102 182 124 81 89 102 89 80 99 1950 119
internal_value=-0.000627297 -0.00321839 -0.00114362 -0.000263752 -0.000402003 0.00159722 -0.00327128 -0.000202579 -0.00128906 -0.000169493 -2.35457e-05 0.00118932 -0.000157359 0.00112745
internal_weight=3534 430 183 3104 2893 211 183 2710 379 290 2331 201 2251 301
internal_count=3534 430 183 3104 2893 211 183 2710 379 290 2331 201 2251 301
is_linear=0
shrinkage=0.05


Tree=182
num_leaves=15
num_cat=0
split_feature=4 2 8 12 2 1 12 4 6 1 8 11 2 2
split_gain=1.27239 0.691497 0.601605 0.370031 0.573026 0.568021 0.507909 0.405992 0.681432 0.657348 0.401819 0.3783 0.459259 0.558021
threshold=182.17786409726793 111.75000000000001 36.500000000000007 0.45847758937963173 225.75000000000003 396.50000000000006 0.38043945030393422 443.42004991768925 0.29482476643440764 354.50000000000006 99.500000000000014 -0.98803845231459242 790.25000000000011 942.25000000000011
decision_type=2 2 2 2 2 2 2 2 2 2 2 2 2 2
left_child=1 -1 -3 6 -5 -6 7 8 -2 10 -10 -9 -13 -14
right_child=3 2 -4 4 5 -7 -8 11 9 -11 -12 12 13 -15
leaf_value=-1.6481761469371758 0.1266474747754405 -0.13611142633476644 0.034297613134857727 -0.86003719021438574 0.13458954809106013 -0.028728469776274829 0.25935622848934281 0.15597133501588428 -0.096000317200250262 0.026181825762893469 0.019607584090224003 -0.051629183495947174 0.083782670449713756 -0.042443998925568417
leaf_weight=246 131 81 88 86 125 670 81 129 134 98 97 1189 223 120
leaf_count=246 131 81 88 86 125 670 81 129 134 98 97 1189 223 120
internal_value=-0.000453898 -0.00303572 -0.000545978 -0.000102009 -0.000965012 -0.000531251 0.000244675 9.17204e-05 0.00139785 0.000164669 -0.00129237 -0.00027311 -0.000494471 0.00110632
internal_weight=3498 415 169 3083 881 795 2202 2121 460 329 231 1661 1532 343
internal_count=3498 415 169 3083 881 795 2202 2121 460 329 231 1661 1532 343
is_linear=0
shrinkage=0.05


Tree=183
num_leaves=15
num_cat=0
split_feature=4 3 3 12 4 4 0 1 0 2 0 2 11 3
split_gain=1.37371 0.590084 0.52331 0.351949 0.617355 0.7029 0.465858 0.548529 0.378983 0.649361 0.386338 0.354468 0.506382 0.353599
threshold=205.00715163286449 7.5000000000000009 -30.499999999999996 0.45847758937963173 443.42004991768925 485.08023836700096 114.50000000000001 354.50000000000006 263.50000000000006 381.75000000000006 617.50000000000011 794.50000000000011 -0.19337636264337835 -9.4999999999999982
decision_type=2 2 2 2 2 2 2 2 2 2 2 2 2 2
left_child=1 2 -1 4 6 -6 -2 13 -5 -10 -11 12 -12 -8
right_child=3 -3 -4 8 5 -7 7 -9 9 10 11 -13 -14 -15
leaf_value=-0.01902162131580299 0.23606547595471461 -0.0044682721965029404 -0.38296629811784144 -0.56988335465478757 -0.17228447497876306 0.0019966045494882799 -0.19940700816098997 0.030256416863752564 0.164197548642248 -0.12978899173080097 0.044888209972591374 -0.044587776297035954 -0.031127624071846605 0.058556128730425719
leaf_weight=86 104 155 305 97 183 1548 82 99 87 280 116 160 117 102
leaf_count=86 104 155 305 97 183 1548 82 99 87 280 116 160 117 102
internal_value=-0.000483552 -0.00277677 -0.00380051 -5.8726e-05 0.000287328 -0.000118089 0.00207908 0.000989582 -0.000910674 -0.000522877 -0.00105457 -3.76896e-05 0.00119748 -0.000634922
internal_weight=3521 546 391 2975 2118 1731 387 283 857 760 673 393 233 184
internal_count=3521 546 391 2975 2118 1731 387 283 857 760 673 393 233 184
is_linear=0
shrinkage=0.05


Tree=184
num_leaves=15
num_cat=0
split_feature=0 4 4 10 0 4 4 3 4 5 4 8 7 2
split_gain=1.75962 0.671474 0.506944 0.231997 0.517108 0.475465 0.471337 0.678531 0.502042 0.39707 0.363827 0.333366 0.208167 0.521316
threshold=82.500000000000014 75.384457071920934 207.20338916788958 14.500000000000002 177.50000000000003 354.69925914502841 661.16784927685251 -48.499999999999993 758.39384974800123 0.60603205315380937 550.79589032413548 75.500000000000014 37.050000000000004 892.50000000000011
decision_type=2 2 2 2 2 2 2 2 2 2 2 2 2 2
left_child=2 -2 -1 4 -3 -5 7 9 -8 -7 -9 -10 13 -6
right_child=1 3 -4 5 12 6 8 10 11 -11 -12 -13 -14 -15
leaf_value=-0.96406939139556835 -0.27389129473143559 1.0420250330491105 -0.011827437785060449 -0.52701537184353442 0.0072720037563501847 0.021933338598330219 -0.89227292432107397 -0.23436768198640101 -0.22099735573509594 0.096715871679965246 0.0094279471686514599 0.057179037357987142 0.061904081196645422 -0.069881592624608121
leaf_weight=267 103 85 102 126 1732 97 119 169 92 80 121 117 147 152
leaf_count=267 103 85 102 126 1732 97 119 169 92 80 121 117 147 152
internal_value=-0.000354298 3.17953e-05 -0.00359626 0.000169295 0.00045733 -0.000491362 -3.12512e-05 0.000985168 -0.00147147 0.00337912 -0.000508476 2.33633e-05 0.000292238 0.000148225
internal_weight=3509 3140 369 3037 2116 921 795 467 328 177 290 209 2031 1884
internal_count=3509 3140 369 3037 2116 921 795 467 328 177 290 209 2031 1884
is_linear=0
shrinkage=0.05


Tree=185
num_leaves=15
num_cat=0
split_feature=4 5 11 3 4 1 5 5 5 6 8 1 11 5
split_gain=1.21095 0.727102 0.61822 0.264603 0.481513 0.477406 0.392113 0.679496 0.320203 0.428253 0.317814 0.410598 0.3369 0.283938
threshold=182.17786409726793 1.2996010590322131 0.3504237462291826 22.500000000000004 236.07310870342761 212.50000000000003 1.0582240780072418 1.0218408483104133 0.9228331806033615 0.50207725669882775 71.500000000000014 212.50000000000003 -0.01397611846945947 0.34476810934614927
decision_type=2 2 2 2 2 2 2 2 2 2 2 2 2 2
left_child=1 -1 -3 5 -5 -2 7 13 9 10 -6 12 -12 -7
right_child=3 2 -4 4 8 6 -8 -9 -10 -11 11 -13 -14 -15
leaf_value=-1.5466169719092351 -0.31646002775478432 0.035081337660786388 -0.14864064873304134 0.096308406427365961 -0.43522896917403564 0.69821302321712642 -0.020951492412312617 0.050402439033805951 0.12638349534289756 -0.18986281771960936 -0.15284958685010272 0.093861390212502657 0.45070703149099156 -0.0060061452832548094
leaf_weight=215 183 97 101 92 81 82 447 102 108 106 275 124 82 1402
leaf_count=215 183 97 101 92 81 82 447 102 108 106 275 124 82 1402
internal_value=-0.000381212 -0.0029067 -0.000689656 -3.88487e-05 0.000698739 -0.000328682 -0.000105497 0.000263984 0.000281689 -0.000133731 0.000423279 0.000915637 4.14353e-05 -1.3433e-05
internal_weight=3497 413 198 3084 868 2216 2033 1586 776 668 562 481 357 1484
internal_count=3497 413 198 3084 868 2216 2033 1586 776 668 562 481 357 1484
is_linear=0
shrinkage=0.05


Tree=186
num_leaves=15
num_cat=0
split_feature=4 5 11 1 2 2 0 11 11 3 4 11 6 11
split_gain=1.3404 0.543792 0.667676 0.309262 0.689534 0.64966 0.329757 0.883622 0.473971 0.554275 0.380826 0.504699 0.356444 0.329508
threshold=182.17786409726793 1.2996010590322131 0.3342611484689354 24.500000000000004 101.75000000000001 138.25000000000003 319.50000000000006 0.63257020223555627 -0.16799356919963607 57.500000000000007 974.11333556161719 0.98522604642031408 0.7937773494604925 0.95752911693909493
decision_type=2 2 2 2 2 2 2 2 2 2 2 2 2 2
left_child=1 -1 -3 -2 -5 -6 7 8 9 12 11 13 -7 -8
right_child=3 2 -4 4 5 6 10 -9 -10 -11 -12 -13 -14 -15
leaf_value=-1.6636463953434781 -0.4795513399637229 0.030037850165580211 -0.14610685183650954 0.088756208289655636 -0.61686850425315309 -0.16315064231964316 -0.01374235931080304 0.068828768695199605 -0.25164563985685401 0.2010947094457862 0.05003566701626512 -0.12184571385104213 0.12411614602151427 0.091411018785477485
leaf_weight=216 85 95 107 136 127 130 1884 108 138 82 130 120 81 83
leaf_count=216 85 95 107 136 127 130 1884 108 138 82 130 120 81 83
internal_value=-0.000527362 -0.00316785 -0.00125604 -0.000167258 -8.10197e-05 -0.000247577 -8.33043e-05 0.00102022 -1.14691e-05 0.00112416 -0.000353287 -0.000518644 -0.000254631 -0.000322009
internal_weight=3522 418 202 3104 3019 2883 2756 539 431 293 2217 2087 211 1967
internal_count=3522 418 202 3104 3019 2883 2756 539 431 293 2217 2087 211 1967
is_linear=0
shrinkage=0.05


Tree=187
num_leaves=15
num_cat=0
split_feature=4 2 12 4 0 6 1 7 3 1 6 1 2 9
split_gain=1.45551 0.371774 1.27348 0.590213 0.473185 0.842 0.57992 0.652119 0.348628 0.294157 1.14696 0.574803 0.743418 0.509013
threshold=134.25571581260175 149.25000000000003 -0.61915584096709908 437.68571835237339 319.50000000000006 0.85148356553625348 135.50000000000003 29.750000000000004 6.5000000000000009 702.50000000000011 0.89925378539721901 574.50000000000011 480.75000000000006 94.500000000000014
decision_type=2 2 2 2 2 2 2 2 2 2 2 2 2 2
left_child=8 2 3 -2 5 6 -3 -8 -1 11 -11 12 -6 -13
right_child=1 4 -4 -5 9 -7 7 -9 -10 10 -12 13 -14 -15
leaf_value=-0.5712720450925558 0.086304287409015967 0.46462356244117403 -0.81695346979467021 -0.52542549627747781 -0.051107270055814662 0.094303658602514009 -0.14711636042090201 0.048120552176129427 -0.036673150683096747 0.26638184253981961 0.00049713169185288688 -0.27732991210585595 0.05729739565673117 0.0032623012546093865
leaf_weight=226 133 80 228 101 582 145 222 102 80 83 958 242 254 130
leaf_count=226 133 80 228 101 582 145 222 102 80 83 958 242 254 130
internal_value=-0.000204426 0.000107196 -0.00119914 0.00138075 0.000324651 0.00163357 0.000440097 -0.000516718 -0.00347267 2.21709e-06 0.000616634 -0.000527619 0.000202139 -0.00214854
internal_weight=3566 3260 462 234 2798 549 404 324 306 2249 1041 1208 836 372
internal_count=3566 3260 462 234 2798 549 404 324 306 2249 1041 1208 836 372
is_linear=0
shrinkage=0.05


Tree=188
num_leaves=15
num_cat=0
split_feature=4 5 11 7 5 7 7 2 2 8 3 5 12 5
split_gain=1.32176 0.600928 0.543508 0.388828 0.938269 0.632795 0.384747 0.336667 0.463848 0.247375 0.39681 0.284933 0.465349 0.287142
threshold=182.17786409726793 1.2996010590322131 0.3342611484689354 23.850000000000005 0.21873887630812677 24.550000000000004 24.950000000000003 157.25000000000003 92.750000000000014 2.5000000000000004 -14.499999999999998 0.96102704813553574 0.2499757677084001 0.89445907692451632
decision_type=2 2 2 2 2 2 2 2 2 2 2 2 2 2
left_child=1 -1 -3 -2 -5 -6 -7 8 -8 10 -9 13 -13 -11
right_child=3 2 -4 4 5 6 7 9 -10 11 -12 12 -14 -15
leaf_value=-1.5425462970525601 -0.14772649710267835 0.036228697263117497 -0.12234467038650326 0.55461562523917352 0.27287650359898147 -0.23179833301739131 0.015418874343214437 0.027097895184894652 -0.57282116460745269 -0.0007063495204833604 -0.0024091361542404877 0.00046616049710150061 -0.062856509386775117 0.040630402797613145
leaf_weight=208 184 97 107 80 86 94 83 120 132 1522 138 268 201 207
leaf_count=208 184 97 107 80 86 94 83 120 132 1522 138 268 201 207
internal_value=-0.000377974 -0.00302158 -0.00105263 -2.40397e-05 0.000117506 -3.67659e-05 -0.000171481 -5.79235e-05 -0.00193182 0.00010971 0.00155893 -6.35509e-05 -0.00114979 0.000233563
internal_weight=3527 412 204 3115 2931 2851 2765 2671 215 2456 258 2198 469 1729
internal_count=3527 412 204 3115 2931 2851 2765 2671 215 2456 258 2198 469 1729
is_linear=0
shrinkage=0.05


Tree=189
num_leaves=15
num_cat=0
split_feature=4 12 0 0 7 6 11 7 0 0 1 1 12 11
split_gain=1.38958 0.361777 1.3524 0.926234 0.319499 0.677927 0.430031 0.312761 0.451498 0.74418 0.257508 0.510322 0.417204 0.22269
threshold=124.39368274531448 -0.52765736634565841 174.50000000000003 228.50000000000003 26.350000000000005 1.0522305271177661 -0.2102246306142678 26.350000000000005 571.50000000000011 724.50000000000011 138.50000000000003 332.50000000000006 -0.94137724084408114 -0.97509794945709805
decision_type=2 2 2 2 2 2 2 2 2 2 2 2 2 2
left_child=-1 7 -3 -4 5 -5 -7 10 -9 -10 12 -12 -2 -6
right_child=1 2 3 4 13 6 -8 8 9 -11 11 -13 -14 -15
leaf_value=-0.35146555700251758 0.60839020225074025 -0.97428742024948167 0.09777525232368299 0.63771173906709822 0.0072276326750844505 0.024499125148209615 -0.086714121458242269 0.083890940621438856 -0.30014917101797589 0.025424960643958484 -0.21285495063807458 0.092894003292794541 -0.46946456120076663 -0.0088670557872094664
leaf_weight=296 82 227 82 90 142 158 84 487 155 143 80 87 130 1276
leaf_count=296 82 227 82 90 142 158 84 487 155 143 80 87 130 1276
internal_value=-0.000339104 -3.5627e-05 -0.000433625 2.17734e-05 -0.000227921 0.00115727 -0.000242916 0.000667236 0.00123418 -0.000297031 -0.000507814 -0.00194768 0.00064516 -0.000555166
internal_weight=3519 3223 2059 1832 1750 332 242 1164 785 298 379 167 212 1418
internal_count=3519 3223 2059 1832 1750 332 242 1164 785 298 379 167 212 1418
is_linear=0
shrinkage=0.05


Tree=190
num_leaves=15
num_cat=0
split_feature=0 4 12 5 0 12 2 2 1 4 11 0 10 9
split_gain=1.25922 0.309005 0.243833 0.433288 1.22202 0.39206 0.262905 0.722438 0.477416 0.393301 0.456024 0.341939 0.278036 0.249165
threshold=59.500000000000007 57.089627456397757 0.45847758937963173 0.64650459195489018 295.50000000000006 0.38043945030393422 814.50000000000011 886.25000000000011 829.50000000000011 933.83857959934278 0.9893236546938301 103.50000000000001 16.500000000000004 8.5000000000000018
decision_type=2 2 2 2 2 2 2 2 2 2 2 2 2 2
left_child=-1 -2 5 -4 -5 6 8 -8 9 10 11 -3 -13 -6
right_child=1 2 3 4 13 -7 7 -9 -10 -11 -12 12 -14 -15
leaf_value=-0.76814494320589122 -0.29334174636119115 0.19748880426780771 -0.55373258973874906 0.095742069581388506 0.0069583181297775826 0.23714130169319009 0.18853560388305976 -0.017782392265693014 -0.45948123812955788 -0.32910797587068469 -0.029040406518227549 0.014043126829132084 -0.071188649034543749 -0.026630617780850831
leaf_weight=254 98 122 160 85 299 94 99 219 102 189 99 1091 162 399
leaf_count=254 98 122 160 85 299 94 99 219 102 189 99 1091 162 399
internal_value=-0.000391143 -0.000121006 -3.20012e-05 -0.000701478 -0.000209392 0.000258936 0.000112547 0.00142415 -0.00012712 8.09341e-05 0.000358349 0.000597825 0.000345786 -0.000910385
internal_weight=3472 3218 3120 943 783 2177 2083 318 1765 1663 1474 1375 1253 698
internal_count=3472 3218 3120 943 783 2177 2083 318 1765 1663 1474 1375 1253 698
is_linear=0
shrinkage=0.05


Tree=191
num_leaves=15
num_cat=0
split_feature=0 3 9 0 4 7 6 3 7 12 7 6 11 12
split_gain=0.997706 0.410294 0.707414 1.19099 0.639951 0.850739 0.410142 0.442419 0.460471 0.898051 0.692236 0.481548 0.323625 0.678418
threshold=46.500000000000007 -48.499999999999993 96.500000000000014 676.50000000000011 443.42004991768925 25.550000000000004 0.063862451121238714 -9.4999999999999982 30.550000000000004 -0.65883892954715351 25.550000000000004 0.60633403370552375 -0.85227431625818906 -0.79382744783423187
decision_type=2 2 2 2 2 2 2 2 2 2 2 2 2 2
left_child=-1 4 3 -3 5 -2 -4 -8 10 -10 -9 12 -12 -14
right_child=1 2 6 -5 -6 -7 7 8 9 -11 11 -13 13 -15
leaf_value=-1.2451126887989798 -0.0049676545975674054 -0.12540813927481484 -0.51628058864661486 0.011698671425885524 0.00071957347237125197 0.089640532889481706 -0.11972448667400502 0.20642745113213473 0.37894641104088644 -0.0142941032984802 -0.92124417741468823 -0.064885370114932311 -0.065135921722015655 0.13656225065543784
leaf_weight=206 83 538 96 424 968 118 138 226 87 87 105 124 185 99
leaf_count=206 83 538 96 424 968 118 138 226 87 87 105 124 185 99
internal_value=-0.000364002 -0.000149255 -0.00056528 -0.00156153 0.00060051 0.00313107 0.000273436 0.000563446 0.000964051 0.00324022 0.000409945 -0.000608109 0.000266496 0.00114187
internal_weight=3484 3278 2109 962 1169 201 1147 1051 913 174 739 513 389 284
internal_count=3484 3278 2109 962 1169 201 1147 1051 913 174 739 513 389 284
is_linear=0
shrinkage=0.05


Tree=192
num_leaves=15
num_cat=0
split_feature=4 12 3 11 12 10 3 7 11 12 7 9 11 7
split_gain=0.958658 0.401502 0.476274 0.313681 0.473447 0.449608 0.487174 0.403814 0.72414 0.300822 0.294756 0.271726 1.02821 0.512448
threshold=124.39368274531448 0.79253265336324141 13.500000000000002 0.9193901325473397 0.14888728888808328 13.500000000000002 -31.499999999999996 37.150000000000013 0.81428061195174062 0.73136292505298039 24.850000000000005 55.500000000000007 0.70290292807158605 28.550000000000004
decision_type=2 2 2 2 2 2 2 2 2 2 2 2 2 2
left_child=10 3 -3 7 5 6 -5 9 -9 11 -1 13 -13 -2
right_child=1 2 -4 4 -6 -7 -8 8 -10 -11 -12 12 -14 -15
leaf_value=-0.063093633371959904 0.011804804935414954 -0.070543822677941223 0.050818193624627507 0.012124842044224598 0.013028620407497233 -1.1075159824743313 -0.11041127741380255 -0.0672535035398239 0.40725098913580954 0.06459124052636521 -0.81065059381823734 -0.0033808650218517485 0.32875098543521036 -0.072688002528648391
leaf_weight=148 216 369 110 91 144 148 86 90 80 95 139 1340 89 389
leaf_count=148 216 369 110 91 144 148 86 90 80 95 139 1340 89 389
internal_value=-0.000457758 -0.000210641 -0.00153926 2.1636e-05 -0.00114979 -0.00219697 -0.000467034 0.000262586 0.00257143 7.26324e-05 -0.00320206 -5.88536e-05 0.000317293 -0.000942624
internal_weight=3534 3247 479 2768 469 325 177 2299 170 2129 287 2034 1429 605
internal_count=3534 3247 479 2768 469 325 177 2299 170 2129 287 2034 1429 605
is_linear=0
shrinkage=0.05


Tree=193
num_leaves=15
num_cat=0
split_feature=4 0 10 10 4 1 11 8 9 1 11 0 2 2
split_gain=1.19212 0.943985 0.419848 0.344166 0.703969 0.818382 0.592511 1.31588 0.426762 0.280129 0.357517 0.3579 0.836622 0.698398
threshold=187.04766040366846 205.50000000000003 17.500000000000004 14.500000000000002 331.15835355179382 565.50000000000011 0.63257020223555627 57.500000000000007 35.500000000000007 987.00000000000011 0.95242846126021108 676.50000000000011 794.50000000000011 826.75000000000011
decision_type=2 2 2 2 2 2 2 2 2 2 2 2 2 2
left_child=1 -1 3 9 -5 6 8 -8 -6 10 11 -2 -13 -14
right_child=2 -3 -4 4 5 -7 7 -9 -10 -11 -12 12 13 -15
leaf_value=-0.54876345496040035 -0.010107736895690701 0.034783981664374221 0.061421280535816442 -0.90818388746206224 0.078057008651918086 -0.2708338820886641 -0.068120495210437268 0.33737080295555655 -0.063651793703544887 -0.050661383978064828 0.054463510696047802 0.057157579539263453 -0.14252112645839418 0.012456753637402708
leaf_weight=356 1176 85 95 97 82 183 80 95 411 131 153 246 124 228
leaf_count=356 1176 85 95 97 82 183 80 95 411 131 153 246 124 228
internal_value=-0.000284749 -0.00270179 6.27805e-05 -4.31762e-05 -0.000828962 -0.00035631 0.000460623 0.00291667 -0.000431728 0.000319921 0.000473601 0.000269813 0.00126036 -0.000308124
internal_weight=3542 441 3101 3006 948 851 668 175 493 2058 1927 1774 598 352
internal_count=3542 441 3101 3006 948 851 668 175 493 2058 1927 1774 598 352
is_linear=0
shrinkage=0.05


Tree=194
num_leaves=15
num_cat=0
split_feature=4 12 0 1 4 3 7 0 8 7 9 4 4 5
split_gain=0.876708 0.327277 1.34208 0.88721 1.24529 0.50921 0.65913 0.46316 0.562429 0.374683 0.452316 0.404394 0.412564 0.354793
threshold=46.070920322609858 -0.61915584096709908 136.50000000000003 138.50000000000003 449.96964266492893 -21.499999999999996 25.050000000000004 391.50000000000006 61.500000000000007 27.050000000000004 82.500000000000014 933.83857959934278 826.13343345576482 0.63768909922923467
decision_type=2 2 2 2 2 2 2 2 2 2 2 2 2 2
left_child=-1 3 -3 4 -2 6 -4 8 -7 -5 -11 12 -12 -8
right_child=1 2 5 9 -6 7 13 -9 -10 10 11 -13 -14 -15
leaf_value=-1.0555999734706736 0.18419907370874627 -0.77115373532260678 0.055082081701190048 -0.22265908688663041 -0.032225642484588528 -0.025109186550314761 -0.039464579089738008 -0.02444311254028847 0.13451596435412141 -0.16592691955246697 0.049371754650727614 -0.063479079098409302 0.62195077194128778 0.012418993513450324
leaf_weight=125 161 273 92 219 181 145 197 656 145 174 130 115 86 818
leaf_count=125 161 273 92 219 181 145 197 656 145 174 130 115 86 818
internal_value=-0.000393244 -0.000238447 -0.000570572 0.000485526 0.00256484 -0.000128767 0.00059802 -0.000977919 0.000677965 -0.000507546 0.000245097 0.0013244 0.00257918 0.000220587
internal_weight=3517 3392 2326 1066 342 2053 1107 946 290 724 505 331 216 1015
internal_count=3517 3392 2326 1066 342 2053 1107 946 290 724 505 331 216 1015
is_linear=0
shrinkage=0.05


Tree=195
num_leaves=15
num_cat=0
split_feature=0 12 1 10 2 4 11 9 5 5 3 10 3 3
split_gain=0.864876 0.404944 0.998421 0.761425 0.60956 0.618758 0.508762 0.632915 0.526379 0.483083 0.435087 0.406509 0.395517 0.493295
threshold=25.500000000000004 -0.61915584096709908 201.50000000000003 17.500000000000004 323.25000000000006 974.11333556161719 0.15632249006386423 96.500000000000014 0.62838499970808825 0.531044557318337 -72.499999999999986 10.500000000000002 -2.4999999999999996 -9.4999999999999982
decision_type=2 2 2 2 2 2 2 2 2 2 2 2 2 2
left_child=-1 3 11 6 -4 12 8 10 9 -2 -8 -3 13 -6
right_child=1 2 4 -5 5 -7 7 -9 -10 -11 -12 -13 -14 -15
leaf_value=-2.8881582289036181 -0.17363157930204598 -0.035027531548891565 0.034071162345243711 0.054721953240826376 -0.0084715619401813224 0.15868264193013476 0.057491098198648276 0.23277952496810872 -0.14156362286055921 0.6472672641006626 -0.2962724778709766 -0.73801074005112166 -0.057189977341916276 0.056530357139972745
leaf_weight=108 305 119 254 90 1105 87 96 225 201 80 102 310 310 133
leaf_count=108 305 119 254 90 1105 87 96 225 201 80 102 310 310 133
internal_value=-0.000474505 -0.000331679 -0.000705985 0.000457426 -0.000208555 -0.000564026 5.42394e-05 0.00136682 -0.000896786 0.000192307 -0.000689656 -0.00286866 -0.000798456 -0.000394209
internal_weight=3525 3417 2318 1099 1889 1635 1009 423 586 385 198 429 1548 1238
internal_count=3525 3417 2318 1099 1889 1635 1009 423 586 385 198 429 1548 1238
is_linear=0
shrinkage=0.05


Tree=196
num_leaves=15
num_cat=0
split_feature=0 5 10 12 1 11 0 5 8 7 3 11 3 1
split_gain=0.864267 0.350702 0.660141 0.550094 0.395519 0.347871 0.757482 0.601386 0.406662 0.37724 0.864929 0.756452 0.748301 0.536085
threshold=25.500000000000004 0.19212309275615216 16.500000000000004 -0.31800055644052067 201.50000000000003 -0.96235977360714686 387.50000000000006 0.81711767155384474 86.500000000000014 28.350000000000005 -20.499999999999996 -0.2102246306142678 -98.499999999999986 391.50000000000006
decision_type=2 2 2 2 2 2 2 2 2 2 2 2 2 2
left_child=-1 -2 5 -4 -5 6 -3 -8 9 10 12 13 -7 -12
right_child=1 2 3 4 -6 8 7 -9 -10 -11 11 -13 -14 -15
leaf_value=-2.739876108978244 0.31083581459994475 0.26058723470637246 -0.0076305747970191219 -0.99497422553237347 -0.0017840063262116708 -0.033181775628692796 -0.10089466929867071 0.019222434691783603 -0.072584737344887573 -0.0087344672925754683 0.111244040350504 -0.10750123680148144 0.13896992366665625 -0.0040430974903114718
leaf_weight=106 97 84 207 182 81 82 98 81 904 1072 84 197 135 126
leaf_count=106 97 84 207 182 81 82 98 81 904 1072 84 197 135 126
internal_value=-0.000432083 -0.000291122 -0.000378971 -0.00210526 -0.00360075 -9.24001e-05 0.00162313 -0.000244566 -0.000268715 0.000188123 0.00116057 -0.000206312 0.00367117 0.00186046
internal_weight=3536 3430 3333 470 263 2863 263 179 2600 1696 624 407 217 210
internal_count=3536 3430 3333 470 263 2863 263 179 2600 1696 624 407 217 210
is_linear=0
shrinkage=0.05


Tree=197
num_leaves=15
num_cat=0
split_feature=0 12 11 6 3 4 7 0 12 12 12 12 9 11
split_gain=0.884028 0.39028 0.954538 0.655483 0.354183 0.318418 0.693244 0.520158 0.409969 0.359461 0.312931 0.371959 0.245895 0.241004
threshold=25.500000000000004 0.67007489853957602 -0.074117382312902977 1.1581799768034891 13.500000000000002 187.04766040366846 27.650000000000002 103.50000000000001 -0.90161545992537195 0.57605713708605399 0.45847758937963173 0.38043945030393422 54.500000000000007 0.22386011952790016
decision_type=2 2 2 2 2 2 2 2 2 2 2 2 2 2
left_child=-1 5 3 4 12 6 -2 8 -7 10 11 13 -3 -9
right_child=1 2 -4 -5 -6 7 -8 9 -10 -11 -12 -13 -14 -15
leaf_value=-2.4819130506962752 0.013742294086057302 -0.0049111394159243073 -0.21004882153372822 0.046340067166980345 0.03974191627168374 0.0094016469468227223 -0.49928277101935853 -0.0084868396457852876 0.15192562132703835 0.024035991640094748 -0.10290294855389089 0.22980852630098345 -0.16429052734244884 0.0089405297445032013
leaf_weight=104 142 124 335 92 84 85 98 1056 92 107 124 83 105 887
leaf_count=104 142 124 335 92 84 85 98 1056 92 107 124 83 105 887
internal_value=-0.000337781 -0.000195965 -0.00120805 0.000426828 -0.000676102 8.58517e-05 -0.00163265 0.000258301 0.00282967 5.08388e-05 -9.28086e-05 5.9083e-05 -0.00168804 -8.47034e-05
internal_weight=3518 3414 740 405 313 2674 240 2434 177 2257 2150 2026 229 1943
internal_count=3518 3414 740 405 313 2674 240 2434 177 2257 2150 2026 229 1943
is_linear=0
shrinkage=0.05


Tree=198
num_leaves=15
num_cat=0
split_feature=4 1 6 9 6 11 0 0 8 11 0 2 7 2
split_gain=0.874076 0.352789 0.672795 0.534954 0.789536 0.667321 0.651155 0.444169 0.802385 0.712348 0.5336 0.474145 0.447778 0.379898
threshold=66.612717836087782 702.50000000000011 0.89925378539721901 92.500000000000014 0.70856783184489747 0.72695311118111527 269.50000000000006 788.50000000000011 43.500000000000007 0.49065764355977465 824.50000000000011 892.50000000000011 37.150000000000013 573.25000000000011
decision_type=2 2 2 2 2 2 2 2 2 2 2 2 2 2
left_child=-1 3 -3 4 -2 -5 -6 8 -4 -10 -9 -12 -13 -8
right_child=1 2 7 5 6 -7 13 10 9 -11 11 12 -14 -15
leaf_value=-0.54205212095514799 -0.42942687589380002 0.17664951082890742 0.0688316436045701 -0.0071867309094943103 0.042736889140867068 0.091979892372125172 -0.0088941892265915531 -0.14561349517700239 -0.035294311193494285 0.14265487466332274 0.027956211075203654 -0.06896215805926327 0.0088186713558983613 -0.50435681245049124
leaf_weight=190 224 81 133 1259 119 117 415 118 287 108 86 150 92 138
leaf_count=190 224 81 133 1259 119 117 415 118 287 108 86 150 92 138
internal_value=-0.000591994 -0.000400661 0.000353772 -0.000750989 -0.00169811 -0.000130342 -0.00082718 -2.04302e-05 0.000956847 -0.000187501 -0.00117517 -0.000120121 -0.00125506 -0.00155018
internal_weight=3517 3327 1055 2272 896 1376 672 974 528 395 446 328 242 553
internal_count=3517 3327 1055 2272 896 1376 672 974 528 395 446 328 242 553
is_linear=0
shrinkage=0.05


Tree=199
num_leaves=15
num_cat=0
split_feature=0 11 12 12 12 5 9 8 11 9 3 8 1 12
split_gain=0.840427 0.326868 0.67063 0.596107 0.922755 0.961747 0.658643 0.718217 0.502636 0.481638 0.71051 0.743674 0.584272 0.45907
threshold=46.500000000000007 -0.61237985104942771 -0.61236746317008228 -0.22700609751797865 -0.074115882986646633 0.64282682671436675 6.5000000000000009 79.500000000000014 -0.52766804058324157 96.500000000000014 -21.499999999999996 11.500000000000002 83.500000000000014 -0.97874870457683594
decision_type=2 2 2 2 2 2 2 2 2 2 2 2 2 2
left_child=-1 2 -2 -4 -5 -6 -7 -8 -3 10 11 -10 -11 -14
right_child=1 8 3 4 5 6 7 -9 9 12 -12 -13 13 -15
leaf_value=-0.97435311688386017 0.32345538938550039 -0.16763969177943258 -0.18082760997151395 0.60402004703108858 -0.62422975382464951 0.075803518591576288 -0.054396527021626499 0.12723504211970774 0.051807969714504944 -0.1368070778898795 -0.11777945874086791 -0.010709302376018659 -0.065919414348602434 0.070344110035368362
leaf_weight=199 145 109 226 84 132 132 177 81 94 235 474 746 161 545
leaf_count=199 145 109 226 84 132 132 177 81 94 235 474 746 161 545
internal_value=-0.000535967 -0.000345189 0.000422606 -0.000131423 0.000687397 -0.000113853 0.00113924 -0.000342206 -0.000662728 -0.000497789 -0.00111448 -0.000236688 0.000364692 0.00108298
internal_weight=3540 3341 977 832 606 522 390 258 2364 2255 1314 840 941 706
internal_count=3540 3341 977 832 606 522 390 258 2364 2255 1314 840 941 706
is_linear=0
shrinkage=0.05


Tree=200
num_leaves=15
num_cat=0
split_feature=10 4 0 11 9 1 11 11 7 6 11 11 12 11
split_gain=0.931267 0.661304 0.990716 0.276964 0.401044 0.25548 0.250601 0.675159 0.60788 0.490247 0.384815 0.324865 0.251762 0.776195
threshold=16.500000000000004 191.8555792283266 90.500000000000014 -0.98214942551678475 98.500000000000014 255.50000000000003 -0.85227431625818906 -0.58482361983252518 28.350000000000005 1.1112265198348354 -0.51297808981038739 -0.90163369914317015 0.67007489853957602 1.0000000180025095e-35
decision_type=2 2 2 2 2 2 2 2 2 2 2 2 2 2
left_child=3 -2 -3 4 -1 -4 11 8 9 -8 -9 -5 -12 -14
right_child=1 2 5 6 -6 -7 7 10 -10 -11 12 -13 13 -15
leaf_value=0.075576121290049661 -0.84511338216955767 0.14272875250455727 -0.49512835751054551 -0.0094295930819257353 -0.021419052157403289 -0.004256949771225634 0.49824248631181994 -0.18394506516404852 -0.14535343657706168 -0.00025093565760641391 0.0023570581772672417 -0.28293412123458922 0.013520593762674378 -0.17528523171735236
leaf_weight=92 214 112 189 242 91 85 151 84 131 84 1430 99 253 236
leaf_count=92 214 112 189 242 91 85 151 84 131 84 1430 99 253 236
internal_value=-0.0004474 -0.00223141 -0.000971868 -7.41903e-05 0.00178191 -0.00258065 -0.000202579 -1.89565e-05 0.0019407 0.0034375 -0.000380977 -0.00145954 -0.00023129 -0.00120445
internal_weight=3493 600 386 2893 183 274 2710 2369 366 235 2003 341 1919 489
internal_count=3493 600 386 2893 183 274 2710 2369 366 235 2003 341 1919 489
is_linear=0
shrinkage=0.05


Tree=201
num_leaves=15
num_cat=0
split_feature=0 5 7 10 12 2 0 12 7 12 3 11 2 11
split_gain=0.833352 0.246919 1.01563 0.534654 0.75887 0.685126 0.287779 0.238666 0.528182 0.419237 0.569834 0.273365 0.527915 0.428371
threshold=25.500000000000004 0.28894119168400551 24.450000000000003 16.500000000000004 -0.31800055644052067 133.25000000000003 183.50000000000003 -0.19337245081799007 25.450000000000003 -0.52765736634565841 -20.499999999999996 -0.159513159777915 292.75000000000006 0.96904697354198299
decision_type=2 2 2 2 2 2 2 2 2 2 2 2 2 2
left_child=-1 2 -2 5 -5 -3 -6 8 -7 -10 -11 12 -9 -13
right_child=1 3 -4 4 6 7 -8 11 9 10 -12 13 -14 -15
leaf_value=-2.3319983263211053 -0.54286954355077788 0.5171664086962412 0.4794129875209695 0.018597765562408199 -0.90373025039697874 -0.19833541871355739 -0.024701251318640753 0.096027552552852849 0.003990844548527518 -0.12642957338593072 0.0026539441906853595 -0.035587989854045092 0.0031538935998858819 0.028494875083315319
leaf_weight=105 86 101 156 149 178 137 80 104 730 166 129 549 628 205
leaf_count=105 86 101 156 149 178 137 80 104 730 166 129 549 628 205
internal_value=-0.000488884 -0.000349693 0.00117409 -0.000468207 -0.00214806 -0.000216051 -0.00376426 -0.000373164 -0.000908313 -0.00050971 -0.00208333 4.69472e-05 0.000732699 -0.000619237
internal_weight=3503 3398 242 3156 407 2749 258 2648 1162 1025 295 1486 732 754
internal_count=3503 3398 242 3156 407 2749 258 2648 1162 1025 295 1486 732 754
is_linear=0
shrinkage=0.05


Tree=202
num_leaves=15
num_cat=0
split_feature=4 10 12 4 4 4 11 11 11 3 5 5 6 2
split_gain=0.88949 0.26505 0.953139 0.86755 0.431808 0.376806 0.232381 0.318435 0.285482 0.379266 0.272832 0.476109 0.397815 0.425794
threshold=46.070920322609858 16.500000000000004 -0.61915584096709908 331.15835355179382 426.48855718372482 191.8555792283266 -0.98803845231459242 -0.84315017450793706 -0.90163369914317015 -82.499999999999986 1.0631587177607453 1.0095707932955773 0.98551886860533089 804.25000000000011
decision_type=2 2 2 2 2 2 2 2 2 2 2 2 2 2
left_child=-1 5 4 -4 -3 -2 -7 8 9 -8 11 12 13 -9
right_child=1 2 3 -5 -6 6 7 10 -10 -11 -12 -13 -14 -15
leaf_value=-0.93939981459964716 0.027669267747764143 0.067991734429741588 -0.6693766489527454 0.012352447455761995 -0.04383030637807038 0.076410423369727962 -0.27814205686992166 0.0020917790978999939 -0.54483512754465246 0.068770450561365312 -0.022161771328979025 0.020377165190172936 -0.017627134644962284 0.16035107100595725
leaf_weight=129 157 101 240 124 88 149 120 1086 104 142 449 152 362 99
leaf_count=129 157 101 240 124 88 149 120 1086 104 142 449 152 362 99
internal_value=-0.000444826 -0.000285673 -0.00128136 -0.00276423 0.00157216 -8.84968e-05 -0.000230511 -0.000345376 -0.00169811 -0.000786518 -0.000111474 0.000178989 -8.69857e-05 0.000357142
internal_weight=3502 3373 553 364 189 2820 2663 2514 366 262 2148 1699 1547 1185
internal_count=3502 3373 553 364 189 2820 2663 2514 366 262 2148 1699 1547 1185
is_linear=0
shrinkage=0.05


Tree=203
num_leaves=15
num_cat=0
split_feature=0 1 8 11 11 12 12 4 3 8 3 8 8 0
split_gain=0.89862 0.478857 1.32061 0.661697 0.447987 0.329663 0.540314 0.294279 0.278854 0.243785 0.222389 0.427222 0.318306 0.360286
threshold=25.500000000000004 217.50000000000003 74.500000000000014 0.08804500090241206 -0.13398594226331254 -0.94703994556331683 -0.32613736746952143 448.927077744766 109.50000000000001 84.500000000000014 -2.4999999999999996 79.500000000000014 10.500000000000002 785.50000000000011
decision_type=2 2 2 2 2 2 2 2 2 2 2 2 2 2
left_child=-1 2 -2 4 5 -4 7 -7 10 -10 12 -12 -3 -14
right_child=1 8 3 -5 -6 6 -8 -9 9 -11 11 -13 13 -15
leaf_value=-2.2279600986915571 -0.38654353751076642 0.027841695890073383 0.44137251831128216 0.17820315029724296 -0.6607087183812439 -0.019260486921702669 0.11886537791330738 -1.4368914453172665 0.2892140885077194 -0.009745865484028355 -0.074599893287073601 0.006124861228218887 0.0009433999290416376 -0.046076364962599897
leaf_weight=112 306 330 85 151 82 88 96 147 105 83 214 113 1355 260
leaf_count=112 306 330 85 151 82 88 96 147 105 83 214 113 1355 260
internal_value=-0.000477068 -0.000328949 -0.00127604 7.64408e-06 -0.000874753 -0.000190025 -0.000907739 -0.0021875 4.05668e-05 0.00186528 -0.000114187 -0.00131024 8.97424e-05 -0.000200618
internal_weight=3527 3415 955 649 498 416 331 235 2460 188 2272 327 1945 1615
internal_count=3527 3415 955 649 498 416 331 235 2460 188 2272 327 1945 1615
is_linear=0
shrinkage=0.05


Tree=204
num_leaves=15
num_cat=0
split_feature=4 2 12 3 0 12 3 3 5 3 2 2 1 3
split_gain=0.986084 0.447251 1.062 1.02446 0.506713 0.609078 0.472343 0.381265 0.481484 0.317208 0.227981 0.222244 0.578528 0.545714
threshold=53.785123853016863 146.25000000000003 -0.61915584096709908 41.500000000000007 305.50000000000006 -0.95242240592625282 41.500000000000007 -35.499999999999993 0.64650459195489018 8.5000000000000018 275.50000000000006 757.25000000000011 826.50000000000011 -14.499999999999998
decision_type=2 2 2 2 2 2 2 2 2 2 2 2 2 2
left_child=-1 2 3 -2 5 -3 7 8 10 -4 -7 -6 13 -13
right_child=1 4 9 -5 11 6 -8 -9 -10 -11 -12 12 -14 -15
leaf_value=-0.66120012162995045 0.079993486099167455 -0.66370145497765753 -0.75546638846418979 -0.20433681078155286 -0.012710257952796237 0.31685551313483717 0.11620477253461554 -0.049083635290559202 0.098226702222322285 -0.10894336263166392 -0.08541632415310374 0.04418485815517055 -0.0071413944867582306 -0.0018380831797274776
leaf_weight=169 117 83 170 115 1555 90 96 134 84 112 96 80 542 86
leaf_count=169 117 83 170 115 1555 90 96 134 84 112 96 80 542 86
internal_value=-0.000323997 -0.000133731 -0.00148362 0.00101266 0.00011224 0.00142007 0.00207921 0.00129584 0.00236364 -0.00351916 0.000890051 -0.000227073 0.000504908 0.00304093
internal_weight=3529 3360 514 232 2846 583 500 404 270 282 186 2263 708 166
internal_count=3529 3360 514 232 2846 583 500 404 270 282 186 2263 708 166
is_linear=0
shrinkage=0.05


Tree=205
num_leaves=15
num_cat=0
split_feature=0 2 12 2 3 2 0 0 0 12 8 0 11 6
split_gain=0.908713 0.263631 0.83016 0.44885 0.30909 0.20442 0.836615 0.550287 0.553765 0.544419 0.425773 0.437087 0.56134 0.723094
threshold=25.500000000000004 149.25000000000003 -0.61915584096709908 101.75000000000001 8.5000000000000018 881.25000000000011 828.50000000000011 788.50000000000011 676.50000000000011 0.31595530242620651 36.500000000000007 369.50000000000006 -0.90893996196865023 0.85148356553625348
decision_type=2 2 2 2 2 2 2 2 2 2 2 2 2 2
left_child=-1 2 3 -2 -4 6 7 8 10 -10 -3 12 -12 -14
right_child=1 5 4 -5 -6 -7 -8 -9 9 -11 11 -13 13 -15
leaf_value=-2.1078823808447322 0.059506487379735185 -0.052006351059250527 -0.68408400459006014 -0.17069772027580998 -0.13863667638500121 -0.027498689767575885 0.10870059725700992 -0.13819639881626286 -8.9632493248104428e-05 0.042294241218960527 0.10449055009402025 -0.016455186708683754 -0.023451011505250877 0.040526714063808485
leaf_weight=110 181 387 161 90 118 276 84 125 210 188 105 925 402 179
leaf_count=110 181 387 161 90 118 276 84 125 210 188 105 925 402 179
internal_value=-0.000410323 -0.000263389 -0.00126126 0.000706521 -0.00315141 -7.10338e-05 6.70486e-05 -0.000100951 7.08026e-05 0.00176179 -0.000269597 8.97265e-05 0.00104197 0.000418088
internal_weight=3541 3431 550 271 279 2881 2605 2521 2396 398 1998 1611 686 581
internal_count=3541 3431 550 271 279 2881 2605 2521 2396 398 1998 1611 686 581
is_linear=0
shrinkage=0.05


Tree=206
num_leaves=15
num_cat=0
split_feature=4 10 4 2 12 6 4 3 3 5 4 4 12 4
split_gain=0.752134 0.41409 1.05948 0.396747 0.600338 1.00322 0.410196 0.285929 0.477196 0.304593 0.845499 0.512964 0.534532 0.510852
threshold=46.070920322609858 9.5000000000000018 191.8555792283266 169.75000000000003 -0.30164489695395946 1.2992369832805601 177.58562550969802 -275.99999999999994 -221.49999999999997 0.32923078203581813 455.02429612844099 511.3262256525029 -0.31800055644052067 652.32816890930292
decision_type=2 2 2 2 2 2 2 2 2 2 2 2 2 2
left_child=-1 3 -3 -2 -5 -6 -7 -4 -9 10 -10 12 -11 -13
right_child=1 2 7 4 5 6 -8 8 9 11 -12 13 -14 -15
leaf_value=-0.82709009626190244 0.3733471236812379 -0.44182860313263839 -0.2734966534868532 -0.090355092140497972 0.11869173931636655 0.0057210933262300022 -0.0064401069327774899 0.60281846476062706 0.50266265181396508 0.015889692978293481 -0.089988248315733932 0.046587404036802935 -0.29375389494260318 -0.0057430290734476266
leaf_weight=124 107 163 123 220 80 89 145 86 91 110 146 220 264 1531
leaf_count=124 107 163 123 220 80 89 145 86 91 110 146 220 264 1531
internal_value=-0.000283962 -0.000140534 -0.00040891 0.000998451 0.000426715 0.00181818 0.000125522 -0.000157222 -3.6691e-05 -0.000173216 0.00150826 -0.000363851 -0.00203166 -2.84857e-06
internal_weight=3499 3375 2734 641 534 314 234 2571 2448 2362 237 2125 374 1751
internal_count=3499 3375 2734 641 534 314 234 2571 2448 2362 237 2125 374 1751
is_linear=0
shrinkage=0.05


Tree=207
num_leaves=15
num_cat=0
split_feature=4 10 3 1 2 5 4 8 11 3 11 7 3 4
split_gain=0.881509 0.709202 0.395181 0.329605 0.452996 0.400197 0.324127 0.494123 0.315957 0.516563 0.304689 0.288157 0.280942 0.439758
threshold=203.5782616702721 16.500000000000004 22.500000000000004 261.50000000000006 289.75000000000006 0.29379811085212176 662.11125035791213 74.500000000000014 -0.78326540922535159 302.50000000000006 0.31799963745711152 26.650000000000002 176.50000000000003 827.3632695465127
decision_type=2 2 2 2 2 2 2 2 2 2 2 2 2 2
left_child=1 10 3 5 -5 -2 7 -4 -8 12 -1 -9 13 -10
right_child=2 -3 6 4 -6 -7 8 11 9 -11 -12 -13 -14 -15
leaf_value=0.012256472985619103 -0.035361386557944317 -0.4364895302946401 -0.027569240155543406 0.14967238759462384 -0.0051222503966653716 -0.31997020728670789 -0.94972871344558563 0.51359433376611541 -0.05552815579393118 0.69358701264497824 -0.045626791844915457 0.30689608095291288 -0.8849367055904912 0.51907309897552989
leaf_weight=148 83 255 124 90 1852 124 101 121 90 80 116 111 112 96
leaf_count=148 83 255 124 90 1852 124 101 121 90 80 116 111 112 96
internal_value=-0.000389112 -0.00228054 -5.68764e-05 -0.000415507 -0.000210582 -0.00228774 0.000863094 0.00199446 1.03294e-05 0.00067885 -0.000446098 0.00333333 -0.000297031 0.000890051
internal_weight=3503 519 2984 2149 1942 207 835 356 479 378 264 232 298 186
internal_count=3503 519 2984 2149 1942 207 835 356 479 378 264 232 298 186
is_linear=0
shrinkage=0.05


Tree=208
num_leaves=15
num_cat=0
split_feature=0 12 0 5 12 4 4 12 9 4 4 11 9 8
split_gain=0.90311 0.433198 0.955941 0.808926 0.594634 0.543597 0.707442 0.606677 0.451827 0.398203 0.565497 0.45726 0.927892 0.860217
threshold=25.500000000000004 -0.61915584096709908 142.50000000000003 0.4780600409877504 0.18281312110578132 933.09381345604208 833.85917298483071 -0.69676771491221523 77.500000000000014 809.74064721016225 846.3125449997633 -0.074117382312902977 8.5000000000000018 57.500000000000007
decision_type=2 2 2 2 2 2 2 2 2 2 2 2 2 2
left_child=-1 5 -3 -4 8 6 7 -2 -5 11 -11 12 -6 -13
right_child=1 2 3 4 9 -7 -8 -9 -10 10 -12 13 -14 -15
leaf_value=-1.9002675100617883 0.0013866057437022876 -0.38158304948432403 0.31731877723684127 -0.0051540396895888461 0.057534385344884802 -0.17611169892314005 0.59477361288649955 0.65352836040433759 -0.09285608606083158 0.07925536468457231 0.0012944721403548574 -0.1504108890786558 -0.014801447472810942 0.042708161884784018
leaf_weight=107 700 247 104 481 141 233 103 81 279 100 184 296 357 110
leaf_count=107 700 247 104 481 141 233 103 81 279 100 184 296 357 110
internal_value=-0.000358561 -0.000213389 -0.00060547 -0.000247935 -0.000481312 0.00059269 0.0011586 0.00062977 -0.00156863 0.000217937 0.00183391 -0.000297031 0.000715705 -0.00153285
internal_weight=3523 3416 2299 2052 1948 1117 884 781 760 1188 284 904 498 406
internal_count=3523 3416 2299 2052 1948 1117 884 781 760 1188 284 904 498 406
is_linear=0
shrinkage=0.05


Tree=209
num_leaves=15
num_cat=0
split_feature=0 12 2 11 1 11 1 5 5 0 1 4 2 4
split_gain=0.819011 0.497701 0.749571 0.611788 0.844727 0.607712 0.631423 0.348288 0.521765 0.640693 0.830645 0.438811 0.376886 0.64447
threshold=25.500000000000004 -0.52765736634565841 111.75000000000001 -0.61237985104942771 273.50000000000006 -0.31799228562170639 45.500000000000007 0.45987198156718362 0.63197022919065338 290.50000000000006 504.50000000000006 124.39368274531448 942.25000000000011 917.70635636308759
decision_type=2 2 2 2 2 2 2 2 2 2 2 2 2 2
left_child=-1 3 -3 4 -2 -5 -7 -4 -9 11 -11 -10 13 -12
right_child=1 2 7 5 -6 6 -8 8 9 10 12 -13 -14 -15
leaf_value=-1.7736989299350396 0.78245378073467897 -0.40204272074775188 0.12515693470084438 -0.84428737261725895 0.00051754974748032532 0.48858877044121196 0.00040109607935678811 -0.35316885482115429 -0.0093582645468991924 -0.099646796091669029 -0.0038112479399102939 0.050856371749396771 -0.14188544811774303 0.099640093524108145
leaf_weight=103 83 184 93 190 124 81 759 237 84 320 949 96 88 128
leaf_count=103 83 184 93 190 124 81 759 237 84 320 949 96 88 128
internal_value=-0.000480989 -0.00034493 -0.000798994 0.00045491 0.00290094 -4.83104e-05 0.000532543 -0.000512501 -0.000660725 -0.000344313 -0.000687921 0.00243243 -6.41038e-05 0.000198705
internal_weight=3519 3416 2179 1237 207 1030 840 1995 1902 1665 1485 180 1165 1077
internal_count=3519 3416 2179 1237 207 1030 840 1995 1902 1665 1485 180 1165 1077
is_linear=0
shrinkage=0.05


Tree=210
num_leaves=15
num_cat=0
split_feature=0 3 9 1 7 0 8 0 11 7 12 3 4 12
split_gain=0.923189 0.429081 0.560764 1.22908 0.919533 0.795071 0.512962 0.445939 0.683675 0.561108 0.484522 0.461588 0.325783 0.319425
threshold=25.500000000000004 -35.499999999999993 95.500000000000014 365.50000000000006 27.250000000000004 834.50000000000011 43.500000000000007 489.50000000000006 -0.108376950152639 32.250000000000007 0.011826144619637555 -145.49999999999997 805.62652291898473 -0.90161545992537195
decision_type=2 2 2 2 2 2 2 2 2 2 2 2 2 2
left_child=-1 6 3 -3 -5 -6 12 8 -8 13 -9 -12 -2 -10
right_child=1 2 -4 4 5 -7 7 10 9 -11 11 -13 -14 -15
leaf_value=-1.669236399934821 0.062161702782139519 -0.21002390458970874 0.00048943611074572725 0.021716493195786127 -0.14565296998383068 0.01463970778525754 -0.012845806016563594 -0.17120773245288737 0.50164979464914949 -0.030212278393945372 0.13682012600489291 -0.0096135925144880258 0.0083960472320288911 0.28932297703338061
leaf_weight=111 81 277 1167 123 297 174 334 300 89 95 102 175 86 88
leaf_count=111 81 277 1167 123 297 174 334 300 89 95 102 175 86 88
internal_value=-0.000398118 -0.00024757 -0.000704847 -0.00166096 -0.00036728 -0.00137605 0.000442803 7.15476e-05 0.00101473 0.00285198 -0.000919245 0.000585105 0.00299418 0.00447802
internal_weight=3499 3388 2038 871 594 471 1350 1183 606 272 577 277 167 177
internal_count=3499 3388 2038 871 594 471 1350 1183 606 272 577 277 167 177
is_linear=0
shrinkage=0.05


Tree=211
num_leaves=15
num_cat=0
split_feature=0 12 12 6 11 3 4 12 4 12 12 11 8 11
split_gain=0.884387 0.473491 0.51719 0.513679 0.418577 0.330106 0.519848 0.511357 0.403343 0.779717 0.446613 0.344564 0.328277 0.309861
threshold=25.500000000000004 0.90438663683299525 0.78724360164103002 0.87261249103051186 -0.98803845231459242 -29.499999999999996 177.58562550969802 0.59003219687534991 437.68571835237339 -0.61915584096709908 0.16587474750015932 0.60555468348150676 34.500000000000007 -0.92274349529687905
decision_type=2 2 2 2 2 2 2 2 2 2 2 2 2 2
left_child=-1 2 4 -3 -2 7 11 12 9 -8 -11 -7 -6 -14
right_child=1 3 -4 -5 5 6 8 -9 -10 10 -12 -13 13 -15
leaf_value=-1.5657744994079323 0.043542468085014989 -0.23654096273489014 -0.091821766241307431 0.016208773922342067 0.013682275020172083 -0.034629112601834169 0.12165554748853669 0.040864003723630533 -0.03899345487703975 -0.11504675478235285 0.025142415446289049 -0.50239233094547342 -0.4780558871627455 -0.0018914222168695694
leaf_weight=107 158 98 254 212 97 80 141 104 993 87 96 124 144 852
leaf_count=107 158 98 254 212 97 80 141 104 993 87 96 124 144 852
internal_value=-0.000403999 -0.000261249 -0.000446572 0.0015873 -0.000253385 -0.000400295 -0.000887944 0.000220465 -0.000518155 0.00100304 -0.00114362 -0.00320574 -0.000104737 -0.000379622
internal_weight=3547 3440 3130 310 2876 2718 1521 1197 1317 324 183 204 1093 996
internal_count=3547 3440 3130 310 2876 2718 1521 1197 1317 324 183 204 1093 996
is_linear=0
shrinkage=0.05


Tree=212
num_leaves=15
num_cat=0
split_feature=0 1 3 1 1 3 10 12 12 1 11 10 2 1
split_gain=0.895417 0.346112 0.708126 0.436129 0.694584 0.381005 0.672582 0.35888 0.401415 0.52033 0.364209 0.400909 0.360595 0.257436
threshold=25.500000000000004 201.50000000000003 8.5000000000000018 127.50000000000001 89.500000000000014 41.500000000000007 10.500000000000002 0.96348459056927072 0.78724360164103002 427.50000000000006 0.98522604642031408 16.500000000000004 712.75000000000011 480.50000000000006
decision_type=2 2 2 2 2 2 2 2 2 2 2 2 2 2
left_child=-1 2 -2 4 5 -4 -7 8 10 -10 11 13 -11 -3
right_child=1 7 3 -5 -6 6 -8 -9 9 12 -12 -13 -14 -15
leaf_value=-1.6160956584038715 -0.26645567439892215 -0.022216654195355307 0.12724183506778911 -0.18110736333935162 0.24171742850606923 0.66062974361133253 -0.31734185310495189 0.015296849456743727 0.033967796315612191 -0.20497451592929733 -0.062765063555411352 0.071302685207991545 -0.010838920421717635 0.0078863008939580852
leaf_weight=111 285 524 86 147 95 109 188 124 95 126 161 93 94 1268
leaf_count=111 285 524 86 147 95 109 188 124 95 126 161 93 94 1268
internal_value=-0.000464256 -0.000316178 -0.00114754 -0.000198414 0.000538301 -0.000425259 -0.00127484 -1.00414e-05 -0.000150043 -0.00179688 0.000107264 0.000304232 -0.00311111 0.000133555
internal_weight=3506 3395 910 625 478 383 297 2485 2361 315 2046 1885 220 1792
internal_count=3506 3395 910 625 478 383 297 2485 2361 315 2046 1885 220 1792
is_linear=0
shrinkage=0.05


Tree=213
num_leaves=15
num_cat=0
split_feature=2 4 1 8 4 4 12 11 11 6 5 0 2 12
split_gain=0.931475 0.327862 0.246857 0.808506 0.376395 0.292588 0.265204 0.286409 0.244927 0.266357 0.244153 0.349882 0.473076 0.217068
threshold=58.750000000000007 191.8555792283266 201.50000000000003 57.500000000000007 191.8555792283266 270.3506616214292 -0.32613736746952143 0.08804500090241206 -0.20180236284700911 0.097774902087783042 0.34476810934614927 259.50000000000006 323.25000000000006 0.96348459056927072
decision_type=2 2 2 2 2 2 2 2 2 2 2 2 2 2
left_child=1 -1 3 -2 -4 -6 7 8 9 -5 -7 -12 -13 -14
right_child=2 -3 4 6 5 10 -8 -9 -10 -11 11 12 13 -15
leaf_value=-0.72685104082576169 -0.41765913673336441 -0.045214916171904242 0.02512116766121222 -0.61395733947257236 -0.055703786156125694 0.57089964536303073 0.048822401655379641 0.030758862341019502 -0.34938760880810693 0.21756205076322141 -0.1162446900096184 0.10139762853425974 0.0014203213284770056 0.01429748803152551
leaf_weight=184 151 86 86 86 99 87 141 139 81 143 105 95 1921 107
leaf_count=184 151 86 86 86 99 87 141 139 81 143 105 95 1921 107
internal_value=-0.000115189 -0.00290909 0.000121687 -0.000676945 0.00035928 0.000239767 0.000168066 -0.000429517 -0.00126984 -0.000405984 0.000355602 0.000250783 0.000392386 0.000226265
internal_weight=3511 270 3241 741 2500 2414 590 449 310 229 2315 2228 2123 2028
internal_count=3511 270 3241 741 2500 2414 590 449 310 229 2315 2228 2123 2028
is_linear=0
shrinkage=0.05


Tree=214
num_leaves=15
num_cat=0
split_feature=2 12 3 9 1 8 7 5 8 4 12 12 0 0
split_gain=0.861494 0.333165 0.443147 0.474562 0.709925 0.675338 0.765777 0.433879 0.407607 0.369994 0.470456 0.847916 0.351814 0.385543
threshold=49.750000000000007 0.90438663683299525 -35.499999999999993 95.500000000000014 425.50000000000006 18.500000000000004 30.450000000000003 0.9325723075080532 43.500000000000007 933.83857959934278 -0.7614016681079937 -0.5129677127369543 705.50000000000011 653.50000000000011
decision_type=2 2 2 2 2 2 2 2 2 2 2 2 2 2
left_child=-1 2 8 4 -4 6 -6 -3 -2 10 -5 -12 13 -10
right_child=1 7 3 9 5 -7 -8 -9 12 -11 11 -13 -14 -15
leaf_value=-0.53272115041234458 0.032104860430866945 -0.0099067826678581501 -0.11339554252901063 -0.071117245304026702 0.045085276671991845 -0.13657105203274342 -0.036401145033243952 0.024690072836758434 0.001925172212177723 -0.10788830644182722 0.56789048744028414 0.005444743795375598 -0.05289767152908055 0.082583121950088142
leaf_weight=220 152 160 248 375 141 172 195 133 823 140 86 375 204 85
leaf_count=220 152 160 248 375 141 172 195 133 823 140 86 375 204 85
internal_value=-0.000340069 -0.000135095 -0.000293237 -0.000811746 -0.0017477 -0.000662769 0.00064516 0.00145973 0.000417651 -8.15506e-05 0.000321045 0.00138412 8.05718e-05 0.000503832
internal_weight=3509 3289 2996 1732 756 508 336 293 1264 976 836 461 1112 908
internal_count=3509 3289 2996 1732 756 508 336 293 1264 976 836 461 1112 908
is_linear=0
shrinkage=0.05


Tree=215
num_leaves=15
num_cat=0
split_feature=0 5 8 11 12 7 5 8 5 3 11 11 5 12
split_gain=0.759669 0.424634 0.531489 0.433508 0.774054 1.03607 0.54619 0.757044 0.545949 0.471832 0.366506 0.363264 0.336823 0.397428
threshold=19.000000000000004 0.8601055827091747 38.500000000000007 -0.20180236284700911 1.0000000180025095e-35 24.250000000000004 1.0631587177607453 57.500000000000007 0.95799304990490997 -40.499999999999993 0.8697513045430848 0.94425825643485939 1.0020851213790058 0.28313308994381592
decision_type=2 2 2 2 2 2 2 2 2 2 2 2 2 2
left_child=-1 2 -2 4 -3 -6 9 11 -7 10 -5 -8 13 -11
right_child=1 3 -4 6 5 8 7 -9 -10 12 -12 -13 -14 -15
leaf_value=-1.8369590434761383 -0.27913355820439234 -0.0745000886177766 -0.014925641886089108 -0.058791623811795923 0.10783531866580816 0.05282562049383846 -0.21272859337464245 0.011429519863419382 -0.0024382112518934618 -0.23193117798995988 0.0034608070116485938 0.0035433520482074949 0.061681571570551402 0.037848349911686452
leaf_weight=91 164 94 1888 99 91 98 291 118 162 84 92 81 95 81
leaf_count=91 164 94 1888 99 91 98 291 118 162 84 92 81 95 81
internal_value=-0.000352293 -0.000229452 -0.000685465 0.000445721 0.00172222 0.00279494 -0.000163849 -0.00131313 0.00113207 0.00108553 -0.000790817 -0.00241379 0.00245283 0.00102941
internal_weight=3529 3438 2052 1386 445 351 941 490 260 451 191 372 260 165
internal_count=3529 3438 2052 1386 445 351 941 490 260 451 191 372 260 165
is_linear=0
shrinkage=0.05


Tree=216
num_leaves=15
num_cat=0
split_feature=10 4 5 2 2 12 2 4 7 11 11 11 0 7
split_gain=0.881898 0.879063 0.724874 0.523 0.392404 0.289138 0.615435 0.446198 0.439613 0.354617 0.359745 0.515316 0.430338 0.343378
threshold=16.500000000000004 177.58562550969802 0.2986716652203224 225.75000000000003 947.75000000000011 -0.19337245081799007 257.25000000000006 922.98397333077685 24.150000000000002 -0.23537230790205757 -0.031173458710879235 0.15632249006386423 369.50000000000006 23.950000000000003
decision_type=2 2 2 2 2 2 2 2 2 2 2 2 2 2
left_child=4 -2 -3 -4 5 9 -7 8 -8 13 -11 -12 -13 -1
right_child=1 2 3 -5 -6 6 7 -9 -10 10 11 12 -14 -15
leaf_value=-0.45721302492260185 -0.92432237072418122 0.07066909755974804 -0.16449128668924062 0.010613665306148363 -0.17182721133784029 0.07151017561346458 0.075828071548335332 0.15637638562880771 -0.00085917398118070989 0.60118811346817946 -0.74143963212310449 0.31156741315807313 -0.0032960337784121172 -0.041244796676872676
leaf_weight=100 197 106 221 95 113 153 94 97 1142 103 97 144 430 446
leaf_count=100 197 106 221 95 113 153 94 97 1142 103 97 144 430 446
internal_value=-0.000208864 -0.00191507 -0.0006089 -0.00180685 0.000155608 0.000273923 0.000751173 0.000399849 0.000136985 -0.000264152 0.000423619 -7.39763e-06 0.000569947 -0.00123412
internal_weight=3538 619 422 316 2919 2806 1486 1333 1236 1320 774 671 574 546
internal_count=3538 619 422 316 2919 2806 1486 1333 1236 1320 774 671 574 546
is_linear=0
shrinkage=0.05


Tree=217
num_leaves=15
num_cat=0
split_feature=0 4 0 8 4 2 0 11 8 11 3 8 11 10
split_gain=0.79342 0.340691 0.215303 0.555133 0.519212 0.471924 1.16323 0.411292 0.668453 0.38493 0.48017 0.678896 0.401685 0.367191
threshold=46.500000000000007 114.17365714260659 676.50000000000011 7.5000000000000009 662.11125035791213 570.75000000000011 444.50000000000006 -0.73866753694953124 98.500000000000014 -0.51297808981038739 -22.499999999999996 71.500000000000014 0.08804500090241206 11.500000000000002
decision_type=2 2 2 2 2 2 2 2 2 2 2 2 2 2
left_child=1 -1 3 -2 5 6 7 8 -5 -9 -11 -12 -13 -6
right_child=2 -3 -4 4 13 -7 -8 9 -10 10 11 12 -14 -15
leaf_value=-1.6409471810924394 -0.040410020154133752 -0.019015647805031788 0.0056108251576395835 -0.0050209151057285491 0.014551321096191699 -0.086556426249957075 0.06649808713678701 -0.092815502172301154 0.49974033864979017 0.015296491574846619 -0.18926974492731199 -0.38025839826990809 0.33226631013802388 -0.16347158097729042
leaf_weight=121 242 80 869 147 231 80 154 92 115 317 179 109 112 681
leaf_count=121 242 80 869 147 231 80 154 92 115 317 179 109 112 681
internal_value=-0.000168366 -0.00317961 1.80006e-05 -0.000221186 2.92517e-05 0.000667938 0.000914633 0.000320631 0.00202247 -0.000239559 0.000159279 -0.000987655 0.000862831 -0.000883316
internal_weight=3529 201 3328 2459 2217 1305 1225 1071 262 809 717 400 221 912
internal_count=3529 201 3328 2459 2217 1305 1225 1071 262 809 717 400 221 912
is_linear=0
shrinkage=0.05


Tree=218
num_leaves=15
num_cat=0
split_feature=0 5 3 5 3 2 8 8 1 12 12 12 12 12
split_gain=0.777273 0.314616 0.266572 0.611947 0.571389 0.740667 0.582521 1.17522 0.64906 0.411312 0.554406 0.478648 0.48833 0.843471
threshold=46.500000000000007 0.19212309275615216 -21.499999999999996 1.2996010590322131 -10.499999999999998 809.25000000000011 74.500000000000014 84.500000000000014 354.50000000000006 -0.32613736746952143 -0.61236746317008228 -0.80417042486635371 -0.94703994556331683 -0.99052477729077237
decision_type=2 2 2 2 2 2 2 2 2 2 2 2 2 2
left_child=1 -1 3 -2 -4 6 8 -8 -6 10 11 12 13 -9
right_child=2 -3 4 -5 5 -7 7 9 -10 -11 -12 -13 -14 -15
leaf_value=-0.025001808259878622 0.0058840810805319372 -1.0979083132761505 -0.068272013452735314 0.056690086958496214 -0.11247079617964702 0.071979975869963922 0.31301523941943987 -0.82372674961616643 0.0035301578222993028 0.13542588470007486 -0.5531795518870295 0.82038992998392057 -0.8472282635015248 0.56826945205779167
leaf_weight=82 1552 111 286 80 315 81 82 89 288 124 85 88 159 112
leaf_count=82 1552 111 286 80 315 81 82 89 288 124 85 88 159 112
internal_value=-6.21656e-05 -0.00310606 0.00011805 0.00057422 -0.000317971 9.45366e-05 -0.000193023 0.000745967 -0.00134046 2.26574e-05 -0.000585503 0.000132449 -0.000684933 0.000946601
internal_weight=3534 193 3341 1632 1709 1423 1342 739 603 657 533 448 360 201
internal_count=3534 193 3341 1632 1709 1423 1342 739 603 657 533 448 360 201
is_linear=0
shrinkage=0.05


Tree=219
num_leaves=15
num_cat=0
split_feature=0 11 12 11 11 4 0 9 11 0 12 5 4 3
split_gain=0.922579 0.362085 1.2474 0.413484 0.546008 0.635747 0.426821 0.489415 0.828612 0.487704 0.445775 0.360095 0.335348 0.296928
threshold=46.500000000000007 -0.97509794945709805 -0.039769286347669845 -0.85227431625818906 -0.73866753694953124 658.63833637162031 676.50000000000011 36.500000000000007 0.8697513045430848 716.50000000000011 0.94066717844141279 0.81037120034089083 114.17365714260659 -31.499999999999996
decision_type=2 2 2 2 2 2 2 2 2 2 2 2 2 2
left_child=12 2 -2 11 5 -5 7 10 -9 -8 13 -3 -1 -6
right_child=1 3 -4 4 6 -7 9 8 -10 -11 -12 -13 -14 -15
leaf_value=-1.4694382776415258 0.31828197908583911 -0.8430828397582284 -0.050252164482289086 0.26425943035208865 -0.022944420465861065 -0.0060367409106922678 0.02147976397808446 -0.0098529663126140088 0.11218809121594996 0.0052518760118778068 0.006668360661041893 0.040034548516646437 -0.030540291052986571 -0.22515306097290508
leaf_weight=132 96 234 133 99 267 104 110 1099 114 624 81 105 83 242
leaf_count=132 96 234 133 99 267 104 110 1099 114 624 81 105 83 242
internal_value=-0.000160149 4.82934e-05 0.00194444 -9.56562e-05 0.000109288 0.00257211 -9.24481e-05 -0.000506085 6.97853e-05 0.000920161 -0.00168067 -0.00172965 -0.00329546 -0.00222763
internal_weight=3523 3308 229 3079 2740 203 2537 1803 1213 734 590 339 215 509
internal_count=3523 3308 229 3079 2740 203 2537 1803 1213 734 590 339 215 509
is_linear=0
shrinkage=0.05


Tree=220
num_leaves=15
num_cat=0
split_feature=10 4 5 12 4 12 6 11 6 9 9 8 8 2
split_gain=0.856842 1.00198 0.883193 0.447437 0.357456 0.310082 0.267354 0.479812 0.478622 0.667281 0.624336 0.802785 0.598634 0.422722
threshold=16.500000000000004 216.00745080517268 0.39579247412862889 0.90438663683299525 662.11125035791213 0.86439018870140905 1.1543111745446297 0.54940630780725741 1.0522305271177661 34.500000000000007 41.500000000000007 62.500000000000007 41.500000000000007 453.25000000000006
decision_type=2 2 2 2 2 2 2 2 2 2 2 2 2 2
left_child=3 -2 -3 5 -5 6 8 13 10 -10 -1 12 -12 -8
right_child=1 2 -4 4 -6 -7 7 -9 9 -11 11 -13 -14 -15
leaf_value=-0.055147918244713927 -0.21849859304769584 0.078515183474814607 -0.070502051210733316 0.061020823147747427 -0.0049947463459832355 -0.36204831084017791 0.042621949511135057 -0.030997422573819284 0.037415674356638416 -0.016996144600605927 0.0086233002021411966 -0.0033406204170032764 0.29961270709934107 -0.024562834628807019
leaf_weight=466 301 125 190 155 112 82 158 285 182 93 115 1024 114 99
leaf_count=466 301 125 190 155 112 82 158 285 182 93 115 1024 114 99
internal_value=-0.000215346 -0.00190016 7.81238e-05 0.000147058 0.0020772 -5.33752e-05 4.72243e-05 -0.000932359 0.000315156 0.00223214 2.89904e-06 0.00058426 0.00322649 0.00062977
internal_weight=3501 616 315 2885 267 2618 2536 542 1994 275 1719 1253 229 257
internal_count=3501 616 315 2885 267 2618 2536 542 1994 275 1719 1253 229 257
is_linear=0
shrinkage=0.05


Tree=221
num_leaves=15
num_cat=0
split_feature=4 3 3 2 4 4 2 6 6 8 12 7 12 11
split_gain=0.690181 0.322088 0.613734 0.885692 0.533395 0.516246 0.599143 0.465793 0.590538 0.413805 0.391643 0.380193 0.351249 0.420761
threshold=42.746199289519943 -35.499999999999993 8.5000000000000018 355.25000000000006 443.42004991768925 490.11647989823825 678.75000000000011 1.0332358426746848 1.0037478731454208 10.500000000000002 0.38043945030393422 30.350000000000005 -0.99052477729077237 -0.8041866928211282
decision_type=2 2 2 2 2 2 2 2 2 2 2 2 2 2
left_child=-1 4 3 -3 10 -5 -7 8 -6 11 -2 -8 -4 -14
right_child=1 2 12 5 7 6 9 -9 -10 -11 -12 -13 13 -15
leaf_value=-0.74059130931579475 0.010782753363164263 -0.14926656371308794 -0.58098911403538722 0.020411307546630855 0.0090027292475464635 -0.32313832177983048 0.058677685276209327 -0.011610983025599335 0.051279201628288362 -0.059711791760917503 0.11185954374280914 -0.012590830080900547 -0.1033431381156488 0.029649896200794768
leaf_weight=117 197 372 89 107 685 134 80 317 82 160 87 143 208 729
leaf_count=117 197 372 89 107 685 134 80 317 82 160 87 143 208 729
internal_value=-0.000280468 -0.000147277 -0.000547608 -0.00142857 0.000444281 -0.000270271 -0.00092912 -6.42803e-05 0.00060233 9.0205e-05 0.00235294 0.0014693 0.000310377 0.000599787
internal_weight=3507 3390 2022 996 1368 624 517 1084 767 383 284 223 1026 937
internal_count=3507 3390 2022 996 1368 624 517 1084 767 383 284 223 1026 937
is_linear=0
shrinkage=0.05


Tree=222
num_leaves=15
num_cat=0
split_feature=4 5 11 10 5 11 9 7 6 2 2 2 10 11
split_gain=0.732957 0.599541 0.540801 0.436548 0.299475 0.55943 0.556005 1.02626 0.90841 0.470892 0.795216 0.449997 0.384014 0.364245
threshold=174.16054135323111 1.0844629192942341 0.36648264796514479 17.500000000000004 1.0631587177607453 0.25725141817891134 95.500000000000014 35.750000000000007 1.0522305271177661 573.25000000000011 419.25000000000006 411.25000000000006 16.500000000000004 -0.98523971305672675
decision_type=2 2 2 2 2 2 2 2 2 2 2 2 2 2
left_child=1 -1 -3 4 5 12 8 11 -7 10 -6 -8 13 -2
right_child=3 2 -4 -5 9 6 7 -9 -10 -11 -12 -13 -14 -15
leaf_value=-0.92033059935494499 0.075924274190093538 0.019048227117815033 -0.054283516668080657 0.035477046641801548 -0.025632329440507931 -0.034272432826572746 1.0849247801749369 -0.096001261036462907 0.018616197484162902 -0.11203587360063361 0.060283347073954476 0.081583611626970531 -0.2617719339769482 -0.018040191708786926
leaf_weight=186 147 95 101 119 145 553 80 80 133 253 112 110 178 1218
leaf_count=186 147 95 101 119 145 553 80 80 133 253 112 110 178 1218
internal_value=-0.000298721 -0.00235142 -0.000398011 -4.46868e-05 -0.000164235 6.18998e-05 0.00100936 0.00290909 0.000246019 -0.00126214 0.00024809 0.00487179 -0.000526487 -0.000237227
internal_weight=3510 382 196 3128 3009 2499 956 270 686 510 257 190 1543 1365
internal_count=3510 382 196 3128 3009 2499 956 270 686 510 257 190 1543 1365
is_linear=0
shrinkage=0.05


Tree=223
num_leaves=15
num_cat=0
split_feature=4 12 2 2 2 5 7 11 2 4 6 2 12 4
split_gain=0.772806 0.286236 0.784388 0.525739 0.457068 0.560195 0.41118 0.65424 0.620361 0.423529 0.409331 0.344113 0.579821 0.43397
threshold=42.746199289519943 -0.5129677127369543 146.25000000000003 92.750000000000014 757.25000000000011 0.72837803631454356 26.950000000000003 -0.2102246306142678 292.75000000000006 284.0885623890436 1.2992369832805601 314.25000000000006 -0.78324956448884031 931.36555740307074
decision_type=2 2 2 2 2 2 2 2 2 2 2 2 2 2
left_child=-1 3 -3 -2 5 11 7 8 -4 -9 -7 12 -5 -13
right_child=1 2 6 4 -6 10 -8 9 -10 -11 -12 13 -14 -15
leaf_value=-0.7678425267700133 0.073818512400274233 -0.33163600084304545 0.1022389454857424 -0.13284841202719541 0.055626069283282842 -0.10432145312870977 -0.0063533417804334889 -0.062743306869032386 0.0073862320212727921 0.0019195535395189183 0.013755790502046346 0.26901087806814522 0.21165478053090775 -0.054076749838833149
leaf_weight=111 160 281 98 246 160 203 1334 80 280 85 89 175 81 126
leaf_count=111 160 281 98 246 160 203 1334 80 280 85 89 175 81 126
internal_value=-0.000340069 -0.000202763 -0.000550163 0.000401605 -1.1866e-09 -0.000432434 -0.000178003 0.000976276 0.00211488 -0.00161765 -0.00222222 0.000410741 -0.000707832 0.00161765
internal_weight=3509 3398 2158 1240 1080 920 1877 543 378 165 292 628 327 301
internal_count=3509 3398 2158 1240 1080 920 1877 543 378 165 292 628 327 301
is_linear=0
shrinkage=0.05


Tree=224
num_leaves=15
num_cat=0
split_feature=10 3 2 0 2 3 0 2 1 11 3 8 3 9
split_gain=0.895006 0.621307 0.266928 0.534519 0.618149 0.316451 0.426606 0.417297 0.990817 0.39009 0.815718 0.465332 0.912448 0.444841
threshold=16.500000000000004 -47.499999999999993 934.25000000000011 824.50000000000011 886.25000000000011 194.50000000000003 788.50000000000011 757.25000000000011 843.50000000000011 0.534952257794027 -36.499999999999993 86.500000000000014 81.500000000000014 10.500000000000002
decision_type=2 2 2 2 2 2 2 2 2 2 2 2 2 2
left_child=2 -2 3 5 -5 6 7 9 -9 11 13 -1 -13 -11
right_child=1 -3 -4 4 -6 -7 -8 8 -10 10 -12 12 -14 -15
leaf_value=0.011329047380677297 0.013106989114038129 -0.21408123914682126 -0.061554701659861523 0.094341314387106662 -0.011712856159507821 -0.20516977598455599 -0.1038794243732562 0.088153483229381296 -0.040571060538419787 -0.019573254311113328 -0.13924648811918452 -0.080377838687897607 0.51984057451899157 0.053633733089965135
leaf_weight=668 112 501 142 107 106 276 119 118 133 104 279 576 183 98
leaf_count=668 112 501 142 107 106 276 119 118 133 104 279 576 183 98
internal_value=-0.000399774 -0.00212783 -3.26024e-05 7.75601e-05 0.00245413 -0.00012505 7.0082e-05 0.000233363 0.00212891 -2.09108e-05 -0.00124486 0.000394552 -0.000451572 0.00115942
internal_weight=3522 613 2909 2767 213 2554 2278 2159 251 1908 481 1427 759 202
internal_count=3522 613 2909 2767 213 2554 2278 2159 251 1908 481 1427 759 202
is_linear=0
shrinkage=0.05


Tree=225
num_leaves=15
num_cat=0
split_feature=0 2 6 8 7 0 6 5 10 11 3 5 6 9
split_gain=0.640489 0.500454 0.636634 0.505521 0.636069 0.670338 0.448007 0.594171 0.420309 0.475221 0.396403 0.804103 0.675386 0.392852
threshold=19.000000000000004 670.25000000000011 0.92011576126970551 99.500000000000014 23.750000000000004 103.50000000000001 1.0455335861961383 1.0631587177607453 11.500000000000002 -0.048361574224334618 -22.499999999999996 1.25138494947973 1.0522305271177661 96.500000000000014
decision_type=2 2 2 2 2 2 2 2 2 2 2 2 2 2
left_child=-1 3 -3 10 -5 -6 -4 -8 -7 -10 11 12 -2 -12
right_child=1 2 6 4 5 8 7 -9 9 -11 13 -13 -14 -15
leaf_value=-1.4017896854559593 0.0081864948380000954 0.20740877300250721 -0.01873351419220793 -0.42551202646089853 0.10713096097736768 0.24695704792314671 0.017221973258561136 -0.0057709376498448501 -0.10054620422192023 0.12454753494339377 -0.10176226986609922 0.034885674470251322 -0.083185697090486094 -0.022379527758600446
leaf_weight=92 394 117 520 109 135 193 190 166 303 138 387 83 151 537
leaf_count=92 394 117 520 109 135 193 190 166 303 138 387 83 151 537
internal_value=-0.000220172 -0.000106477 0.000836672 -0.000492814 0.000464325 0.000975451 0.000363222 0.00171745 0.000281689 -0.00057175 -0.00103404 -6.31923e-05 -0.000772728 -0.00168999
internal_weight=3515 3423 993 2430 878 769 876 356 634 441 1552 628 545 924
internal_count=3515 3423 993 2430 878 769 876 356 634 441 1552 628 545 924
is_linear=0
shrinkage=0.05


Tree=226
num_leaves=15
num_cat=0
split_feature=4 1 2 7 8 7 2 5 7 4 3 7 9 0
split_gain=0.957892 0.370601 0.326611 0.390747 0.386793 0.386281 0.396174 0.317322 0.833964 0.663393 0.453742 0.333446 0.410586 0.639621
threshold=159.05116759260088 92.500000000000014 757.25000000000011 29.250000000000004 1.0000000180025095e-35 31.150000000000002 886.25000000000011 0.3735833751564151 23.950000000000003 658.63833637162031 6.5000000000000009 33.250000000000007 5.5000000000000009 566.50000000000011
decision_type=2 2 2 2 2 2 2 2 2 2 2 2 2 2
left_child=1 -1 7 -4 -5 -6 -7 8 -2 10 -10 12 13 -9
right_child=2 -3 3 4 5 6 -8 11 9 -11 -12 -13 -14 -15
leaf_value=-1.0752241068410817 -0.49004429376583786 -0.013583138367276036 0.040873202250850581 0.027717436422241316 -0.11983706741848731 0.13294187370246183 -0.064247615839095426 0.05419088679922679 0.016581089315654492 -0.10115513723315935 0.46184385443861364 -0.097141604014045035 -0.012264269231287941 -0.013942240274370993
leaf_weight=181 80 149 152 113 105 166 173 158 107 147 95 296 1511 83
leaf_count=181 80 149 152 113 105 166 173 158 107 147 95 296 1511 83
internal_value=-0.000292532 -0.00283582 -2.50717e-05 0.000917366 0.000293593 -0.00037862 0.00045058 -0.000296133 0.000933179 0.00199152 0.00381642 -0.000555286 -0.000290269 0.00160569
internal_weight=3516 330 3186 709 557 444 339 2477 429 349 202 2048 1752 241
internal_count=3516 330 3186 709 557 444 339 2477 429 349 202 2048 1752 241
is_linear=0
shrinkage=0.05


Tree=227
num_leaves=15
num_cat=0
split_feature=4 0 7 11 12 2 11 3 4 3 1 12 12 12
split_gain=0.622465 0.27163 0.531626 0.594779 0.393932 0.810362 0.398884 0.331219 0.631365 0.383178 0.483985 0.41188 0.976818 0.463348
threshold=42.746199289519943 676.50000000000011 29.650000000000002 -0.67803021058859214 -0.94703994556331683 133.25000000000003 -0.031173458710879235 -23.499999999999996 443.42004991768925 8.5000000000000018 217.50000000000003 -0.7614016681079937 -0.61915584096709908 -0.32613736746952143
decision_type=2 2 2 2 2 2 2 2 2 2 2 2 2 2
left_child=-1 4 3 -3 5 -2 -7 8 -6 10 -9 -11 -13 -14
right_child=1 2 -4 -5 7 6 -8 9 -10 11 -12 12 13 -15
leaf_value=-0.64362412073587327 0.29531621059137531 -0.0040938390829258209 -0.0039428194549510943 0.018049192675414872 0.019570438184769945 0.54442668920547155 -0.45040208440501361 -0.43530739275779884 -0.028518082440750703 -0.134829408476521 -0.018094217264579968 0.65703197758470444 -0.17846742972888702 0.01212998383657779
leaf_weight=113 80 110 607 153 318 114 162 188 691 213 297 82 124 269
leaf_count=113 80 110 607 153 318 114 162 188 691 213 297 82 124 269
internal_value=-0.000370109 -0.000246119 0.000514285 0.0023694 -0.000507276 0.00102493 -0.000284699 -0.000759032 -9.36895e-05 -0.00132852 -0.00239796 -0.000562772 0.000260415 -0.000791458
internal_weight=3521 3408 870 263 2538 356 276 2182 1009 1173 485 688 475 393
internal_count=3521 3408 870 263 2538 356 276 2182 1009 1173 485 688 475 393
is_linear=0
shrinkage=0.05


Tree=228
num_leaves=15
num_cat=0
split_feature=4 10 5 0 2 9 7 4 4 4 11 3 8 7
split_gain=0.772695 0.222243 0.686767 0.561618 0.447361 0.516047 0.372577 0.266117 0.716954 0.372456 0.365797 0.331507 0.241119 0.751399
threshold=42.746199289519943 15.500000000000002 0.2986716652203224 174.50000000000003 236.75000000000003 75.500000000000014 26.050000000000004 540.10829038171562 452.58552272868201 415.23003667520032 0.534952257794027 -4.4999999999999991 86.500000000000014 28.250000000000004
decision_type=2 2 2 2 2 2 2 2 2 2 2 2 2 2
left_child=-1 3 6 -2 -4 -6 -3 8 9 10 11 -5 13 -9
right_child=1 2 4 7 5 -7 -8 12 -10 -11 -12 -13 -14 -15
leaf_value=-0.65997164284203091 0.28010026619757206 -0.025933412365893329 -0.17162417212377826 0.029045748665868135 -0.088256048871528728 0.026364889755290163 0.42611964918802708 0.049914380334382134 -0.16171489801462516 0.074894700675501011 -0.027770690714097893 -0.017627194310023266 -0.039475292220142177 -0.002449551604608198
leaf_weight=115 151 99 364 116 185 125 87 252 144 90 156 93 631 884
leaf_count=115 151 99 364 116 185 125 87 252 144 90 156 93 631 884
internal_value=-0.0004318 -0.000291249 -0.00098266 -5.35301e-05 -0.00172312 -0.000317461 0.00167539 -0.000244624 -0.00115066 -0.000163045 -0.00087838 0.000490653 6.48972e-05 0.000499561
internal_weight=3492 3377 860 2517 674 310 186 2366 599 455 365 209 1767 1136
internal_count=3492 3377 860 2517 674 310 186 2366 599 455 365 209 1767 1136
is_linear=0
shrinkage=0.05


Tree=229
num_leaves=15
num_cat=0
split_feature=4 5 5 4 5 8 5 8 8 2 6 6 12 3
split_gain=0.729648 0.619298 0.472184 0.37401 0.358211 0.324774 0.284275 0.254713 0.386562 0.558419 0.345178 0.561628 0.487799 0.332526
threshold=151.49477087462358 1.0844629192942341 0.34966832226972505 622.15429809287718 0.25625270220440505 51.500000000000007 0.2326118632813807 86.500000000000014 78.500000000000014 434.00000000000006 0.30289608035882937 0.63641552910736487 -0.80417042486635371 -31.499999999999996
decision_type=2 2 2 2 2 2 2 2 2 2 2 2 2 2
left_child=1 -1 3 6 -5 -3 -2 8 13 -10 12 -12 -9 -4
right_child=2 5 7 4 -6 -7 -8 10 9 -11 11 -13 -14 -15
leaf_value=-1.0902268391096228 0.14122319318823559 -0.057614116075847377 0.0072224311954909477 -0.33512391501066391 0.51001404568253672 0.023199025707776929 0.017051001198967426 -0.20574595421548467 0.34690428877031521 -0.040953623342690149 -0.27957034449519302 -0.010349254008839293 0.8486574968472802 -0.0096915092035561382
leaf_weight=149 86 88 737 92 81 90 110 131 81 97 237 452 85 994
leaf_count=149 86 88 737 92 81 90 110 131 81 97 237 452 85 994
internal_value=-0.000284496 -0.00251506 -5.17578e-05 0.00161765 -8.42708e-05 -0.000491804 0.00308458 -0.000273148 5.48577e-05 0.00224044 -0.00096154 -0.00150576 0.00076923 -0.000175692
internal_weight=3510 327 3183 369 173 178 196 2814 1909 178 905 689 216 1731
internal_count=3510 327 3183 369 173 178 196 2814 1909 178 905 689 216 1731
is_linear=0
shrinkage=0.05


Tree=230
num_leaves=15
num_cat=0
split_feature=4 3 4 11 11 11 8 12 2 12 5 11 2 12
split_gain=0.698987 0.287091 0.525751 0.616032 0.609779 0.533338 0.434307 0.569878 0.421137 0.40644 0.406867 0.385545 0.435957 0.356431
threshold=42.746199289519943 -25.499999999999996 201.12507087711228 -0.94705910369513524 -0.79384350655589164 0.31799963745711152 43.500000000000007 0.2499757677084001 81.750000000000014 0.38043945030393422 0.58456467473079077 -0.63921128368950708 821.25000000000011 0.71952396275653763
decision_type=2 2 2 2 2 2 2 2 2 2 2 2 2 2
left_child=-1 6 5 -4 -5 -3 7 -2 -6 10 -8 -10 -13 -11
right_child=1 2 3 4 8 -7 9 -9 11 13 -12 12 -14 -15
leaf_value=-0.57811679934929627 0.037110453883245013 -0.0013316651054881452 0.20056825048833629 -0.14078251239121004 0.12883664673903575 -0.2480463531824301 0.014185672008723636 -0.014562779413690358 0.042825300877633782 0.054610132178141896 -0.028817718631270695 -0.026172378634826621 0.0099438657982041916 -0.0014972898728402946
leaf_weight=116 157 144 104 157 90 166 332 112 113 180 598 927 152 176
leaf_count=116 157 144 104 157 90 166 332 112 113 180 598 927 152 176
internal_value=-0.000232362 -9.96203e-05 -0.000519377 -0.00013889 -0.000412051 -0.00238095 0.00040064 0.00220803 -4.66212e-05 1.54907e-05 -0.000534761 -0.000300753 -0.00059502 0.00144044
internal_weight=3524 3408 1853 1543 1439 310 1555 269 1282 1286 930 1192 1079 356
internal_count=3524 3408 1853 1543 1439 310 1555 269 1282 1286 930 1192 1079 356
is_linear=0
shrinkage=0.05


Tree=231
num_leaves=15
num_cat=0
split_feature=4 11 3 5 8 3 0 3 12 4 4 12 12 5
split_gain=0.765274 0.316747 0.327723 0.520432 0.479969 0.463976 0.894726 0.355228 0.353308 0.704808 0.968504 0.310316 0.852953 0.462776
threshold=42.746199289519943 0.99761913169647187 -19.499999999999996 0.27866080577904079 12.500000000000002 8.5000000000000018 159.50000000000003 -15.499999999999998 0.79253265336324141 388.26226105460415 739.94401099497406 0.60383265664488517 0.71952396275653763 0.79474888166048918
decision_type=2 2 2 2 2 2 2 2 2 2 2 2 2 2
left_child=-1 2 3 -2 -5 6 -4 -8 9 -9 -11 -6 -13 -14
right_child=1 -3 5 4 11 -7 7 8 -10 10 -12 12 13 -15
leaf_value=-0.60747041777491906 0.4428580829421222 -0.28999001845369826 -0.65054299833498996 0.051407326336661945 -0.0065922047558738929 0.0087396023041662104 -0.10899642572347348 -0.080696620140672082 -0.085863212326624236 0.059431298398897638 -0.010125023799188761 0.056961226336795151 -0.21649764400506097 0.0033387110887610257
leaf_weight=118 90 81 143 117 1080 1040 91 97 133 94 110 81 125 117
leaf_count=118 90 81 143 117 1080 1040 91 97 133 94 110 81 125 117
internal_value=-0.000109314 3.08449e-05 0.000108335 0.000619194 0.000393441 -0.000373615 -0.00139673 -0.000424529 0.000182231 0.00112745 0.00277512 0.000131391 0.00147866 -4.0487e-05
internal_weight=3517 3399 3318 1610 1520 1708 668 525 434 301 204 1403 323 242
internal_count=3517 3399 3318 1610 1520 1708 668 525 434 301 204 1403 323 242
is_linear=0
shrinkage=0.05


Tree=232
num_leaves=15
num_cat=0
split_feature=4 5 4 4 12 0 2 8 7 6 0 7 11 0
split_gain=0.687114 0.508591 0.374313 0.623755 0.4475 0.658539 0.985709 0.35155 0.320259 0.399273 0.245323 0.554184 0.395689 0.317935
threshold=151.49477087462358 1.2996010590322131 443.42004991768925 415.23003667520032 -0.20180761162458913 190.50000000000003 359.25000000000006 51.500000000000007 28.150000000000002 0.62285007470951992 676.50000000000011 27.750000000000004 -0.97509794945709805 571.50000000000011
decision_type=2 2 2 2 2 2 2 2 2 2 2 2 2 2
left_child=1 -1 3 4 8 -6 -7 -3 9 -2 12 -12 -4 -14
right_child=2 7 10 -5 5 6 -8 -9 -10 -11 11 -13 13 -15
leaf_value=-1.0348449966114264 0.12110391209692038 -0.048071640215940001 0.044230668195400884 0.06037272677416821 -0.47055499438234877 0.036435001839727497 -0.0873873435494259 0.021360519943259725 -0.0071527097927114496 -0.013557120180244027 0.018992511838474072 -0.00012474087648284233 -0.017816538438839746 -0.14511113878989043
leaf_weight=145 124 91 137 158 143 108 95 89 94 80 100 760 1039 331
leaf_count=145 124 91 137 158 143 108 95 89 94 80 100 760 1039 331
internal_value=-0.000177195 -0.00234849 4.88331e-05 0.000978933 0.000277349 -0.000940172 0.000889422 -0.000540542 0.00168317 0.00277512 -0.000267708 0.000404623 -0.000651456 -0.000909092
internal_weight=3494 325 3169 802 644 346 203 180 298 204 2367 860 1507 1370
internal_count=3494 325 3169 802 644 346 203 180 298 204 2367 860 1507 1370
is_linear=0
shrinkage=0.05


Tree=233
num_leaves=15
num_cat=0
split_feature=0 4 11 11 2 6 11 11 0 0 11 11 4 0
split_gain=0.657161 0.459491 0.315685 0.391796 0.294118 0.289119 0.339472 0.611168 0.353083 0.257536 0.241403 0.348105 0.331285 0.813777
threshold=46.500000000000007 114.17365714260659 0.9893236546938301 0.96904697354198299 741.00000000000011 0.056359808918195274 0.9193901325473397 0.88621069759564464 103.50000000000001 75.500000000000014 -0.99467753128998015 -0.97509794945709805 715.38149748737612 465.50000000000006
decision_type=2 2 2 2 2 2 2 2 2 2 2 2 2 2
left_child=1 -1 3 5 -4 -2 7 8 9 -7 -10 -12 13 -13
right_child=2 -3 4 -5 -6 6 -8 -9 10 -11 11 12 -14 -15
leaf_value=-1.0836321752240881 -0.39006873975438588 -0.01340338896607003 -0.22896251195971018 0.066025759805462464 -0.011009560998864347 0.0013412375592612047 -0.074190715533185903 0.19416972461734319 -0.043838730487071854 0.23396260962025114 0.049084049170505566 0.00041460715415340878 0.0037599067323513084 -0.04873257034317946
leaf_weight=126 81 80 85 121 80 87 177 85 104 87 118 882 1047 347
leaf_count=126 81 80 85 121 80 87 177 85 104 87 118 882 1047 347
internal_value=-0.000280468 -0.00298578 -0.000107382 6.36621e-06 -0.00220588 -0.000107617 -2.38188e-05 0.000114047 -2.24143e-05 0.0021229 -0.00017579 -7.0864e-05 -0.000210435 -0.000765803
internal_weight=3507 206 3301 3136 165 3015 2934 2757 2672 174 2498 2394 2276 1229
internal_count=3507 206 3301 3136 165 3015 2934 2757 2672 174 2498 2394 2276 1229
is_linear=0
shrinkage=0.05


Tree=234
num_leaves=15
num_cat=0
split_feature=4 3 3 0 7 9 7 8 5 9 2 7 7 11
split_gain=0.667991 0.547557 0.815143 0.402277 0.311322 0.252994 0.557017 0.373274 1.06536 0.329173 0.377825 0.364229 0.380219 0.359772
threshold=201.12507087711228 -25.499999999999996 8.5000000000000018 103.50000000000001 25.250000000000004 8.5000000000000018 32.550000000000004 19.500000000000004 0.83036190283884193 22.500000000000004 814.50000000000011 35.750000000000007 31.850000000000005 -0.96235977360714686
decision_type=2 2 2 2 2 2 2 2 2 2 2 2 2 2
left_child=1 -1 -3 4 -2 6 7 -5 -9 -7 11 12 13 -11
right_child=3 2 -4 5 -6 9 -8 8 -10 10 -12 -13 -14 -15
leaf_value=0.025047479656922 0.086615601797213171 -0.21360476544334173 0.011640063814908237 0.051827660378463869 0.048917684367372545 -0.086827224102356507 -0.02133235231003007 0.291292189085542 -0.016738778619958074 0.038770968179856709 0.038983713843875056 -0.074511280345238393 0.065604484177624642 -0.021504373273218556
leaf_weight=87 91 294 128 154 80 234 336 106 165 190 139 120 107 1292
leaf_count=87 91 294 128 154 80 234 336 106 165 190 139 120 107 1292
internal_value=-7.51146e-05 -0.00174125 -0.00248244 0.000208677 0.00252841 6.49567e-05 0.000842035 0.00203488 0.00088768 -0.000220413 5.39547e-06 -0.000201285 3.13557e-06 -0.000208475
internal_weight=3523 509 422 3014 171 2843 761 425 271 2082 1848 1709 1589 1482
internal_count=3523 509 422 3014 171 2843 761 425 271 2082 1848 1709 1589 1482
is_linear=0
shrinkage=0.05


Tree=235
num_leaves=15
num_cat=0
split_feature=5 4 5 3 3 8 11 4 5 8 11 6 0 2
split_gain=0.680402 0.864706 0.435207 0.279554 0.564106 0.470372 0.597566 0.534423 0.284011 0.271729 0.249503 0.243769 0.24346 0.244459
threshold=0.78178696567353712 134.25571581260175 0.7527735760002553 -275.99999999999994 -198.49999999999997 71.500000000000014 0.22386011952790016 236.07310870342761 0.44591790232202239 86.500000000000014 0.89404822654372251 0.70856783184489747 513.50000000000011 205.25000000000003
decision_type=2 2 2 2 2 2 2 2 2 2 2 2 2 2
left_child=1 -1 3 -3 -5 10 7 -7 -8 -9 11 -6 13 -11
right_child=-2 2 -4 4 5 6 8 9 -10 12 -12 -13 -14 -15
leaf_value=-1.0187703281907166 0.0034891194662291514 -0.34466802884528969 -0.43554684859047693 0.73885419167578736 -0.31570733796612666 0.048073804070872174 0.33857229645408959 0.032375145612986225 0.010238750062102023 -0.08442557210685861 -0.13355022575642034 0.022473137765518892 0.14869590589495391 -0.40476537938581192
leaf_weight=129 1689 130 115 116 146 110 80 103 111 236 93 107 94 256
leaf_count=129 1689 130 115 116 146 110 80 103 111 236 93 107 94 256
internal_value=-0.00027699 -0.00094484 -0.000637486 -0.00041588 -0.000212767 -0.000507085 5.02501e-05 -0.000553484 0.00252551 -0.00107349 -0.00207977 -0.00122093 -0.001489 -0.00193159
internal_weight=3515 1826 1697 1582 1452 1336 990 799 191 689 346 253 586 492
internal_count=3515 1826 1697 1582 1452 1336 990 799 191 689 346 253 586 492
is_linear=0
shrinkage=0.05


Tree=236
num_leaves=15
num_cat=0
split_feature=4 5 5 3 11 8 2 2 2 12 9 3 7 5
split_gain=0.771895 0.61053 0.248059 0.469795 0.363272 0.471198 0.310531 0.603125 0.374112 0.715902 0.340614 0.408715 0.3892 0.440615
threshold=124.39368274531448 1.2996010590322131 1.2996010590322131 -11.499999999999998 -0.98523971305672675 97.500000000000014 480.75000000000006 556.50000000000011 661.75000000000011 0.84199059757024453 88.500000000000014 -14.499999999999998 23.750000000000004 0.22435201981972189
decision_type=2 2 2 2 2 2 2 2 2 2 2 2 2 2
left_child=1 -1 4 -4 5 -2 10 -8 -9 -10 11 -6 -12 -14
right_child=2 -3 3 -5 6 -7 7 8 9 -11 12 -13 13 -15
leaf_value=-0.96783181178118061 -0.0012666175730109272 -0.0023355024135342864 0.034446826661462052 -0.019903110506604441 -0.011689921623479139 0.37937373991331325 0.045078269611120027 -0.10007343022664161 0.0017141248495415138 0.012300540521140785 -0.35603728812806285 -0.41311853562963635 0.38760944728623281 -0.0024855124711444395
leaf_weight=134 93 159 86 106 279 83 220 331 849 118 102 87 85 783
leaf_count=134 93 159 86 106 279 83 220 331 849 118 102 87 85 783
internal_value=3.55102e-05 -0.00239933 0.000260302 0.00197969 0.000148269 0.00232044 1.0492e-05 0.000499014 8.44194e-05 0.000581275 -0.000544371 -0.00183289 -5.12832e-05 0.000297822
internal_weight=3515 293 3222 192 3030 176 2854 1518 1298 967 1336 366 970 868
internal_count=3515 293 3222 192 3030 176 2854 1518 1298 967 1336 366 970 868
is_linear=0
shrinkage=0.05


Tree=237
num_leaves=15
num_cat=0
split_feature=2 5 10 11 11 0 11 0 0 0 2 4 4 3
split_gain=0.827418 0.522453 0.336302 0.657676 0.502463 0.586183 0.71462 0.475308 0.415519 0.594261 0.413627 0.395521 0.370418 0.389111
threshold=55.500000000000007 0.16819470692411273 12.500000000000002 0.98049069993378934 0.7090011537757156 656.50000000000011 -0.67803021058859214 772.50000000000011 319.50000000000006 259.50000000000006 169.75000000000003 354.69925914502841 933.83857959934278 -129.49999999999997
decision_type=2 2 2 2 2 2 2 2 2 2 2 2 2 2
left_child=1 -1 3 4 5 8 -7 -8 9 10 -2 -4 -13 -14
right_child=2 -3 11 -5 -6 6 7 -9 -10 -11 -12 12 13 -15
leaf_value=0.019536197623597401 0.26701446552498509 -0.50629622368320859 -0.064576923064218347 0.023495134278092564 -0.016512145251823641 -0.00042168097096399694 0.048864333294578129 0.046527148674495922 -0.02645017324894729 0.089565856968026838 -0.092637855901962038 0.0038717461277125095 0.045121395104476138 -0.22972602981568727
leaf_weight=82 128 178 216 105 334 118 82 97 529 82 145 1113 90 212
leaf_count=82 128 178 216 105 334 118 82 97 529 82 145 1113 90 212
internal_value=-0.00014363 -0.00283019 7.52445e-05 0.000584614 0.000312499 0.000796795 0.00269867 0.00464674 0.000146231 0.00145833 0.000305754 -0.00043093 -0.000123241 -0.00166124
internal_weight=3511 260 3251 1620 1515 1181 297 179 884 355 273 1631 1415 302
internal_count=3511 260 3251 1620 1515 1181 297 179 884 355 273 1631 1415 302
is_linear=0
shrinkage=0.05


Tree=238
num_leaves=15
num_cat=0
split_feature=4 0 0 5 12 12 7 7 2 7 4 6 12 5
split_gain=0.863925 0.477502 0.348752 0.266581 0.63858 0.448236 0.379392 0.707948 0.483073 0.524166 0.736543 0.691277 0.321295 0.413739
threshold=134.25571581260175 46.500000000000007 171.50000000000003 0.86743499350656872 -0.54940789553007929 0.67007489853957602 24.250000000000004 25.450000000000003 581.25000000000011 29.650000000000002 907.45210904753264 1.0642362707676447 0.51849435583340198 0.36509842859593994
decision_type=2 2 2 2 2 2 2 2 2 2 2 2 2 2
left_child=1 -1 -3 5 -5 12 -6 -8 -9 11 -11 -10 13 -2
right_child=3 2 -4 4 6 -7 7 8 9 10 -12 -13 -14 -15
leaf_value=-0.8941254100079612 0.036598793720789259 0.017347705248498182 -0.070582764923537614 -0.055749096207992468 0.031413452088931919 -0.21926453636036103 -0.079409984511613407 0.035096500742647585 0.021398104097955714 -0.052788298624029187 0.024331043042085245 -0.00058454102430040148 0.03745708865222222 -0.020674159519777524
leaf_weight=134 404 85 84 216 116 277 91 143 127 251 130 124 86 1244
leaf_count=134 404 85 84 216 116 277 91 143 127 251 130 124 86 1244
internal_value=-0.000116578 -0.00264611 -0.000833334 0.00012601 0.000714878 -0.000225696 0.00125633 0.00088404 0.0013782 0.00076923 -0.000401556 0.00251953 7.47544e-05 -8.46957e-05
internal_weight=3512 303 169 3209 1198 2011 982 866 775 632 381 251 1734 1648
internal_count=3512 303 169 3209 1198 2011 982 866 775 632 381 251 1734 1648
is_linear=0
shrinkage=0.05


Tree=239
num_leaves=15
num_cat=0
split_feature=1 3 1 11 3 10 2 0 0 1 11 4 11 0
split_gain=0.902366 0.842525 0.381519 0.365788 0.348953 0.319867 0.300763 0.634105 0.662539 0.570471 0.293095 0.28178 0.320324 0.296685
threshold=212.50000000000003 8.5000000000000018 135.50000000000003 0.08804500090241206 -20.499999999999996 15.500000000000002 323.25000000000006 263.50000000000006 225.50000000000003 354.50000000000006 -0.41398024697495356 443.42004991768925 0.534952257794027 824.50000000000011
decision_type=2 2 2 2 2 2 2 2 2 2 2 2 2 2
left_child=1 4 3 5 -1 10 7 8 -2 -8 -3 12 -11 -13
right_child=6 2 -4 -5 -6 -7 9 -9 -10 11 -12 13 -14 -15
leaf_value=-0.010820092483327857 0.049345066476075505 0.28969498695561008 -0.092377916994983753 0.035296677480248811 -0.44848064074429816 -0.51713912802587769 -0.044922071918875484 0.032606095936870513 -0.060930745842559579 0.092360638922097268 -0.15826258893262971 -0.00032278839487662534 0.00050657614144910201 0.012025708370250628
leaf_weight=139 142 101 153 135 259 143 154 122 87 95 120 1441 88 340
leaf_count=139 142 101 153 135 259 143 154 122 87 95 120 1441 88 340
internal_value=-5.5336e-05 -0.00127962 -0.000167429 0.000505951 -0.00307692 -0.000325204 0.000466854 0.0018118 0.000235042 0.000240225 0.000862831 0.00047232 0.00231383 0.000277154
internal_weight=3519 1050 652 499 398 364 2469 351 229 2118 221 1964 183 1781
internal_count=3519 1050 652 499 398 364 2469 351 229 2118 221 1964 183 1781
is_linear=0
shrinkage=0.05


Tree=240
num_leaves=15
num_cat=0
split_feature=4 1 12 12 3 2 10 3 3 11 12 9 11 4
split_gain=1.02137 0.379044 0.378574 0.359891 0.775472 0.36931 0.333162 0.325348 0.399088 0.307308 0.983532 0.536412 0.546038 0.497815
threshold=134.25571581260175 83.500000000000014 0.79253265336324141 0.60383265664488517 -35.499999999999993 62.250000000000007 16.500000000000004 17.500000000000004 -65.499999999999986 0.83376496542330847 -0.38243420677835349 22.500000000000004 0.96904697354198299 933.83857959934278
decision_type=2 2 2 2 2 2 2 2 2 2 2 2 2 2
left_child=1 -1 3 5 -5 -2 9 8 -4 13 -11 12 -12 -7
right_child=2 -3 7 4 -6 6 -8 -9 -10 10 11 -13 -14 -15
leaf_value=-0.7838410688496108 0.044875808179451422 -0.014352510906398481 0.010806885026137013 0.10370693437746009 0.0011719070199794326 0.0057646954975661014 -0.036825882673696658 0.023610442393883449 -0.1002120158157369 0.041489118658722735 -0.16240237141356112 0.052568798244407147 0.0087998327485464042 -0.094309754847677202
leaf_weight=155 134 135 114 90 174 1212 299 101 261 82 138 145 162 304
leaf_count=155 134 135 114 90 174 1212 299 101 261 82 138 145 162 304
internal_value=-6.55096e-05 -0.00288136 0.000192486 0.000418942 0.00215613 0.000229745 8.09532e-05 -0.00110187 -0.00177632 0.000310057 0.00134398 0.000388888 -0.000819673 -5.25982e-05
internal_weight=3506 290 3216 2740 264 2476 2342 476 375 2043 527 445 300 1516
internal_count=3506 290 3216 2740 264 2476 2342 476 375 2043 527 445 300 1516
is_linear=0
shrinkage=0.05


Tree=241
num_leaves=15
num_cat=0
split_feature=4 8 12 8 7 2 2 5 12 8 5 12 4 7
split_gain=0.858173 0.287389 0.605091 0.476196 0.449128 0.583457 0.490023 0.505814 0.370711 0.330705 0.350317 0.58353 0.547708 0.714532
threshold=51.734672429331361 86.500000000000014 -0.83375966452616657 95.500000000000014 24.150000000000002 489.75000000000006 573.25000000000011 1.0722333320854254 0.31595530242620651 2.5000000000000004 0.96431223889664153 -0.11692317777808843 879.51118954065089 30.150000000000002
decision_type=2 2 2 2 2 2 2 2 2 2 2 2 2 2
left_child=-1 2 -2 -3 -4 -6 8 9 -7 -8 11 -11 13 -13
right_child=1 3 4 -5 5 6 7 -9 -10 10 -12 12 -14 -15
leaf_value=-0.42816143269982715 0.059914353802494824 -0.38140882461712489 0.03620070301732746 -0.011366830979149686 -0.039532085504533368 0.048832513582446294 0.051464338306145385 -0.066959242169962838 0.023086491563572814 -0.13976289284034521 -0.0057106911998719466 0.011944110325809276 0.15713414627247407 -0.42513503125039781
leaf_weight=165 155 180 148 1079 600 80 94 198 103 151 191 146 115 93
leaf_count=165 155 180 148 1079 600 80 94 198 103 151 191 146 115 93
internal_value=-0.000211249 -3.4453e-05 0.000327079 -0.000628957 8.05601e-05 -0.000143582 0.000505951 6.04218e-05 0.00284574 0.00062893 0.00024251 0.000931371 0.00203343 0.000635245
internal_weight=3498 3333 2074 1259 1919 1771 1171 988 183 790 696 505 354 239
internal_count=3498 3333 2074 1259 1919 1771 1171 988 183 790 696 505 354 239
is_linear=0
shrinkage=0.05


Tree=242
num_leaves=15
num_cat=0
split_feature=0 4 6 2 11 7 9 9 11 5 8 8 8 7
split_gain=0.841681 0.451223 0.245495 0.442012 0.228763 0.350073 0.311711 0.64441 0.54942 0.469741 1.14657 0.429345 0.61333 0.417769
threshold=46.500000000000007 124.39368274531448 0.056359808918195274 70.250000000000014 0.9193901325473397 35.750000000000007 6.5000000000000009 47.500000000000007 0.69676570133721638 0.81711767155384474 2.5000000000000004 54.500000000000007 35.500000000000007 28.850000000000005
decision_type=2 2 2 2 2 2 2 2 2 2 2 2 2 2
left_child=1 -1 -2 -4 6 -6 9 -8 11 -5 -11 12 -9 -12
right_child=2 -3 3 4 5 -7 7 8 -10 10 13 -13 -14 -15
leaf_value=-0.78653058531272557 -0.30502591270025708 -0.0034635589308684555 0.32674191111855716 0.079053760350739105 0.0011621196367601998 -0.36199287558984722 -0.017931588632963076 0.0012478495828696339 0.19536525141184435 0.058537548380853011 0.0046735591132548221 -0.0071412108133351018 0.060265040915103867 -0.13218914432940423
leaf_weight=126 81 81 90 145 274 170 407 192 132 154 106 1317 83 170
leaf_count=126 81 81 90 145 274 170 407 192 132 154 106 1317 83 170
internal_value=5.94384e-05 -0.00299528 0.000254058 0.000323574 0.000221869 -0.000824055 0.000394687 0.000114699 0.000537882 0.00142241 0.000574711 0.000275515 0.00205357 -0.00135231
internal_weight=3528 207 3321 3240 3150 444 2706 2131 1724 575 430 1592 275 276
internal_count=3528 207 3321 3240 3150 444 2706 2131 1724 575 430 1592 275 276
is_linear=0
shrinkage=0.05


Tree=243
num_leaves=15
num_cat=0
split_feature=4 5 8 5 9 12 3 1 3 12 12 6 12 4
split_gain=0.708495 0.336124 0.517771 0.517233 0.572642 0.865873 0.435479 0.398201 0.376113 0.329418 0.547198 0.32434 0.310803 0.763064
threshold=42.746199289519943 0.80694919970917744 38.500000000000007 0.96431223889664153 23.500000000000004 1.0000000180025095e-35 22.500000000000004 760.50000000000011 -72.499999999999986 0.77652048701313048 0.56191161272202661 1.0037478731454208 -0.099822328936730861 933.83857959934278
decision_type=2 2 2 2 2 2 2 2 2 2 2 2 2 2
left_child=-1 2 -2 4 7 -6 8 -3 -5 10 12 -9 13 -4
right_child=1 3 9 6 5 -7 -8 11 -10 -11 -12 -13 -14 -15
leaf_value=-0.44993611748310669 -0.34465024177031878 -0.092162638802028893 0.038149390889516743 0.0060580522655950368 0.012265447509591907 0.15466686418190581 0.02698264862974219 -0.10081717350802699 -0.0029514957386834952 -0.26158407438261932 0.061500990988497477 0.013248101476950781 -0.22512436134980129 -0.206218548333927
leaf_weight=108 129 86 916 92 144 153 146 108 757 164 81 84 314 237
leaf_count=108 129 86 916 92 144 153 146 108 757 164 81 84 314 237
internal_value=1.41765e-06 0.000130268 -0.000327737 0.000666665 0.00185345 0.00336093 -2.50012e-05 0.000212013 -0.00046253 -9.3187e-05 0.000135221 0.00147208 -9.17131e-05 0.000289291
internal_weight=3519 3411 1841 1570 575 297 995 278 849 1712 1548 192 1467 1153
internal_count=3519 3411 1841 1570 575 297 995 278 849 1712 1548 192 1467 1153
is_linear=0
shrinkage=0.05


Tree=244
num_leaves=15
num_cat=0
split_feature=0 4 11 0 2 11 8 4 5 12 4 3 4 2
split_gain=0.856924 0.427693 0.330824 0.276605 0.756397 0.524807 0.423164 0.53365 0.375902 0.427343 0.485805 0.626811 0.483637 0.456703
threshold=46.500000000000007 114.17365714260659 0.99761913169647187 824.50000000000011 886.25000000000011 0.83376496542330847 36.500000000000007 191.8555792283266 1.0932198240630997 -0.79382744783423187 831.29122746486269 -141.49999999999997 930.41410571168501 667.75000000000011
decision_type=2 2 2 2 2 2 2 2 2 2 2 2 2 2
left_child=1 -1 3 6 -5 -6 -2 -8 9 -9 13 12 -12 -11
right_child=2 -3 -4 4 5 -7 7 8 -10 10 11 -13 -14 -15
leaf_value=-0.7352437067843427 -0.0064287725730109773 -0.014549767866832548 -0.26756837645041243 0.049549989657293736 -0.087631284504023257 0.037417372473045517 0.03658623394263099 -0.025015116641328519 -0.051265812427814188 0.013180426646734224 -0.069261145946151126 -0.16573553788083598 0.58364257391385033 0.030681789306634229
leaf_weight=131 616 85 80 102 85 138 173 644 136 782 98 217 85 162
leaf_count=131 616 85 80 102 85 138 173 644 136 782 98 217 85 162
internal_value=-6.21656e-05 -0.00307692 0.000138428 0.000218932 0.00159091 -6.57906e-05 6.33984e-05 0.000375759 0.000155001 0.000331158 0.000837656 -0.000617285 0.00151596 0.00145416
internal_weight=3534 216 3318 3238 325 223 2913 2297 2124 1988 1344 400 183 944
internal_count=3534 216 3318 3238 325 223 2913 2297 2124 1988 1344 400 183 944
is_linear=0
shrinkage=0.05


Tree=245
num_leaves=15
num_cat=0
split_feature=0 3 9 5 12 11 8 8 8 8 12 0 11 1
split_gain=0.734537 0.379204 0.594934 0.587205 0.353039 0.686282 0.717149 0.452669 0.414632 0.466281 0.423571 0.328259 0.663334 0.302005
threshold=19.000000000000004 -20.499999999999996 95.500000000000014 0.81711767155384474 0.38043945030393422 -0.074117382312902977 74.500000000000014 59.500000000000007 46.500000000000007 54.500000000000007 -0.048362832084465616 834.50000000000011 -0.0053757284505435614 926.50000000000011
decision_type=2 2 2 2 2 2 2 2 2 2 2 2 2 2
left_child=-1 4 3 -3 8 6 -6 -7 10 -10 -2 12 -5 -11
right_child=1 2 -4 11 5 7 -8 -9 9 13 -12 -13 -14 -15
leaf_value=-0.71631209196507384 0.042251872976274973 -0.37493980458714105 0.0045283328736606312 0.009318781501606959 0.088223309861567581 -0.044604678381232214 -0.028870336162770877 0.024245892121014648 -0.06826404918364247 -0.0071698359816607079 -0.0019186031310271985 0.013756591980937339 -0.17625623702304621 0.17674278844663191
leaf_weight=93 155 154 1135 157 151 162 81 88 87 764 101 112 208 88
leaf_count=93 155 154 1135 157 151 162 81 88 87 764 101 112 208 88
internal_value=3.38875e-05 0.000155161 -0.000355732 -0.00158019 0.000692627 0.00182751 0.00375527 -1.16872e-09 0.000229165 -0.000259535 0.00199234 -0.000695022 -0.00141892 0.000105016
internal_weight=3536 3443 1766 631 1677 482 232 250 1195 939 256 477 365 852
internal_count=3536 3443 1766 631 1677 482 232 250 1195 939 256 477 365 852
is_linear=0
shrinkage=0.05


Tree=246
num_leaves=15
num_cat=0
split_feature=0 4 3 12 3 11 8 8 0 11 9 9 6 1
split_gain=0.933203 0.319482 0.258385 0.540505 0.539618 0.425931 0.423042 0.793533 0.562612 0.453823 0.403684 0.379739 0.83492 0.40379
threshold=46.500000000000007 104.00414500727807 -35.499999999999993 0.38043945030393422 -49.499999999999993 -0.082689790342551819 73.500000000000014 82.500000000000014 834.50000000000011 -0.93545489084327571 98.500000000000014 38.500000000000007 1.0522305271177661 724.50000000000011
decision_type=2 2 2 2 2 2 2 2 2 2 2 2 2 2
left_child=1 -1 3 5 -5 10 8 -8 -4 -9 -2 12 -7 -13
right_child=2 -3 6 4 -6 11 7 9 -10 -11 -12 13 -14 -15
leaf_value=-0.75037394799157786 0.007247757895717616 -0.032427580429519189 -0.014000999411275286 0.023419401274151274 0.10842658447350667 -0.086767782438835594 0.19150969083905817 0.16338065949049124 0.015755431358435126 -0.0057856290565382884 -0.18442748816222146 0.1297915771109947 0.025254398355755017 0.09060480322990852
leaf_weight=119 214 83 921 321 80 199 86 86 193 643 234 117 119 87
leaf_count=119 214 83 921 321 80 199 86 86 193 643 234 117 119 87
internal_value=6.84334e-05 -0.00318841 0.000272313 0.000795784 0.00232759 0.000153845 -0.000100828 0.000762194 -0.000732798 0.00021117 -0.000971304 0.00111954 3.09586e-05 0.00277512
internal_weight=3502 202 3300 1371 401 970 1929 815 1114 729 448 522 318 204
internal_count=3502 202 3300 1371 401 970 1929 815 1114 729 448 522 318 204
is_linear=0
shrinkage=0.05


Tree=247
num_leaves=15
num_cat=0
split_feature=0 11 5 8 7 4 4 5 11 11 7 5 5 11
split_gain=0.55156 0.253899 0.30353 0.435724 0.421716 0.381724 0.616906 0.876279 0.510283 0.98417 0.357507 0.357321 0.384391 0.368095
threshold=19.000000000000004 -0.98803845231459242 0.89445907692451632 38.500000000000007 23.850000000000005 665.57586236454915 584.17384410794159 0.25625270220440505 -0.34235669412071207 -0.8041866928211282 31.850000000000005 0.94078858537810939 1.0020851213790058 0.67167992559793654
decision_type=2 2 2 2 2 2 2 2 2 2 2 2 2 2
left_child=-1 -2 3 -3 -5 6 7 -6 9 -9 -10 -4 -13 -14
right_child=1 2 11 4 5 -7 -8 8 10 -11 -12 12 13 -15
leaf_value=-0.65805348673003627 0.01021921301199032 -0.17389209408673495 0.073148369311459779 -0.54259695388934459 0.31612904879476594 -0.0079132760365735137 0.096666796488444354 -0.41058791155948554 -0.13945973120533445 0.040883966296893157 -0.0011709544296912677 -0.0090994558238309195 0.017240583922919606 -0.0057983346671080785
leaf_weight=91 170 191 150 95 80 921 220 86 190 96 116 207 527 362
leaf_count=91 170 191 150 95 80 921 220 86 190 96 116 207 527 362
internal_value=3.9919e-05 0.000144905 4.46692e-05 -0.000337501 -9.39758e-05 9.04306e-05 0.000895333 1.74508e-05 -0.000791076 0.00128342 -0.00202572 0.000655474 0.000336057 0.000788589
internal_weight=3502 3411 3241 1995 1804 1709 788 568 488 182 306 1246 1096 889
internal_count=3502 3411 3241 1995 1804 1709 788 568 488 182 306 1246 1096 889
is_linear=0
shrinkage=0.05


Tree=248
num_leaves=15
num_cat=0
split_feature=0 5 10 12 3 12 5 5 0 11 2 2 12 1
split_gain=0.500431 0.295936 0.362382 0.655888 0.406123 0.374238 0.673505 0.464822 0.377495 0.875337 0.356369 0.607214 0.743615 0.732373
threshold=19.000000000000004 0.16819470692411273 16.500000000000004 -0.34234976856068178 33.500000000000007 -0.57782411410281842 0.51296182768521004 0.63768909922923467 309.50000000000006 -0.14250824554987665 422.25000000000006 573.25000000000011 0.26659387353423869 692.50000000000011
decision_type=2 2 2 2 2 2 2 2 2 2 2 2 2 2
left_child=-1 -2 5 4 -4 -3 -7 -8 9 -9 -10 12 -12 -13
right_child=1 2 3 -5 -6 6 7 8 10 -11 11 13 -14 -15
leaf_value=-0.66564101793686181 0.14462781832012425 -0.018159186065311406 0.031589156100370649 -0.245082899347565 -0.10426389235354594 0.17003304406357261 -0.40815824414876101 0.074131935836387206 -0.068422244998652793 -0.018418149866111021 0.043105595383104656 -0.35535773694120176 0.010617717843316696 0.0048566252004770072
leaf_weight=89 80 952 133 271 84 111 151 99 163 104 103 187 178 805
leaf_count=89 80 952 133 271 84 111 151 99 163 104 103 187 178 805
internal_value=-7.11249e-05 2.77279e-05 -4.63252e-05 -0.00129818 0.000743242 0.000169698 0.0005745 0.000334261 0.000580899 0.00257211 0.000291463 0.000575116 0.00260489 -1.00313e-05
internal_weight=3510 3421 3341 488 217 2853 1901 1790 1639 203 1436 1273 281 992
internal_count=3510 3421 3341 488 217 2853 1901 1790 1639 203 1436 1273 281 992
is_linear=0
shrinkage=0.05


Tree=249
num_leaves=15
num_cat=0
split_feature=4 5 0 6 6 4 6 2 2 1 1 8 0 11
split_gain=0.617383 0.262457 0.481735 0.239439 0.480987 0.84454 0.384551 0.414984 0.871899 0.540801 0.366817 0.594125 0.347366 0.356547
threshold=42.746199289519943 0.16819470692411273 46.500000000000007 0.10535756317045564 0.32796824828367593 449.96964266492893 0.72805142035386416 581.25000000000011 552.75000000000011 651.50000000000011 240.50000000000003 84.500000000000014 319.50000000000006 -0.51297808981038739
decision_type=2 2 2 2 2 2 2 2 2 2 2 2 2 2
left_child=-1 -2 -3 -4 5 -5 10 8 12 -9 -6 -12 -8 -14
right_child=1 2 3 4 6 -7 7 9 -10 -11 11 -13 13 -15
leaf_value=-0.49393826146918585 0.14146976103743336 -0.33342897917016689 -0.1219097246444758 0.45778478456957022 -0.13134225615855827 0.0080555147831645798 0.017574620104970667 -0.56003188704687024 0.075125102771673835 0.00040423326077002655 0.12907671784361668 -0.17318353887342644 -0.07503196438795956 0.0046209385470756112
leaf_weight=115 89 84 168 106 249 236 379 96 85 1117 139 237 139 263
leaf_count=115 89 84 168 106 249 236 379 96 85 1117 139 237 139 263
internal_value=-1.71098e-05 0.000107605 3.33019e-05 0.000133581 0.000235987 0.00198847 1.1073e-05 0.000338291 0.00117107 -0.000258622 -0.00107143 -7.87413e-05 0.00062977 -0.000393122
internal_weight=3502 3387 3298 3214 3046 342 2704 2079 866 1213 625 376 781 402
internal_count=3502 3387 3298 3214 3046 342 2704 2079 866 1213 625 376 781 402
is_linear=0
shrinkage=0.05


end of trees

feature_importances:
Column_4=589
Column_11=389
Column_0=294
Column_5=279
Column_12=279
Column_3=272
Column_2=250
Column_7=227
Column_10=218
Column_1=211
Column_8=203
Column_6=128
Column_9=108

parameters:
[boosting: gbdt]
[objective: quantile]
[metric: quantile]
[tree_learner: serial]
[device_type: cpu]
[data_sample_strategy: bagging]
[data: ]
[valid: ]
[num_iterations: 250]
[learning_rate: 0.05]
[num_leaves: 15]
[num_threads: 0]
[seed: 7]
[deterministic: 0]
[force_col_wise: 0]
[force_row_wise: 0]
[histogram_pool_size: -1]
[max_depth: -1]
[min_data_in_leaf: 80]
[min_sum_hessian_in_leaf: 0.001]
[bagging_fraction: 0.9]
[pos_bagging_fraction: 1]
[neg_bagging_fraction: 1]
[bagging_freq: 1]
[bagging_seed: 17422]
[bagging_by_query: 0]
[feature_fraction: 0.9]
[feature_fraction_bynode: 1]
[feature_fraction_seed: 7040]
[extra_trees: 0]
[extra_seed: 6516]
[early_stopping_round: 0]
[early_stopping_min_delta: 0]
[first_metric_only: 0]
[max_delta_step: 0]
[lambda_l1: 0]
[lambda_l2: 5]
[linear_lambda: 0]
[min_gain_to_split: 0]
[drop_rate: 0.1]
[max_drop: 50]
[skip_drop: 0.5]
[xgboost_dart_mode: 0]
[uniform_drop: 0]
[drop_seed: 15215]
[top_rate: 0.2]
[other_rate: 0.1]
[min_data_per_group: 100]
[max_cat_threshold: 32]
[cat_l2: 10]
[cat_smooth: 10]
[max_cat_to_onehot: 4]
[top_k: 20]
[monotone_constraints: ]
[monotone_constraints_method: basic]
[monotone_penalty: 0]
[feature_contri: ]
[forcedsplits_filename: ]
[refit_decay_rate: 0.9]
[cegb_tradeoff: 1]
[cegb_penalty_split: 0]
[cegb_penalty_feature_lazy: ]
[cegb_penalty_feature_coupled: ]
[path_smooth: 0]
[interaction_constraints: ]
[verbosity: -1]
[saved_feature_importance_type: 0]
[use_quantized_grad: 0]
[num_grad_quant_bins: 4]
[quant_train_renew_leaf: 0]
[stochastic_rounding: 1]
[linear_tree: 0]
[max_bin: 255]
[max_bin_by_feature: ]
[min_data_in_bin: 3]
[bin_construct_sample_cnt: 200000]
[data_random_seed: 61]
[is_enable_sparse: 1]
[enable_bundle: 1]
[use_missing: 1]
[zero_as_missing: 0]
[feature_pre_filter: 1]
[pre_partition: 0]
[two_round: 0]
[header: 0]
[label_column: ]
[weight_column: ]
[group_column: ]
[ignore_column: ]
[categorical_feature: ]
[forcedbins_filename: ]
[precise_float_parser: 0]
[parser_config_file: ]
[objective_seed: 15521]
[num_class: 1]
[is_unbalance: 0]
[scale_pos_weight: 1]
[sigmoid: 1]
[boost_from_average: 1]
[reg_sqrt: 0]
[alpha: 0.9]
[fair_c: 1]
[poisson_max_delta_step: 0.7]
[tweedie_variance_power: 1.5]
[lambdarank_truncation_level: 30]
[lambdarank_norm: 1]
[label_gain: ]
[lambdarank_position_bias_regularization: 0]
[eval_at: ]
[multi_error_top_k: 1]
[auc_mu_weights: ]
[num_machines: 1]
[local_listen_port: 12400]
[time_out: 120]
[machine_list_filename: ]
[machines: ]
[gpu_platform_id: -1]
[gpu_device_id: -1]
[gpu_device_id_list: ]
[gpu_use_dp: 0]
[num_gpu: 1]

end of parameters

pandas_categorical:null
