tree
version=v4
num_class=1
num_tree_per_iteration=1
label_index=0
max_feature_idx=12
objective=quantile
feature_names=Column_0 Column_1 Column_2 Column_3 Column_4 Column_5 Column_6 Column_7 Column_8 Column_9 Column_10 Column_11 Column_12
feature_infos=[1:1035] [0:1064] [0.5:1048.5] [-835:799] [20.020621767519373:1011.2374798422712] [0.026352785036242474:1.3] [0:1.3] [15.1:41.5] [0:100] [0:101] [7:19] [-0.9999994220246925:0.99998555065071859] [-0.99997919295908233:0.9999907524084426]
tree_sizes=794 830 906 995 1003 1254 999 1077 1258 1260 1252 1434 1424 1430 1423 1427 1431 1428 1428 1426 1429 1425 1432 1437 1425 1432 1435 1448 1441 1440 1434 1438 1433 1445 1442 1437 1443 1450 1447 1453 1445 1448 1455 1441 1455 1441 1453 1461 1452 1447 1464 1457 1453 1441 1457 1453 1457 1457 1449 1456 1459 1460 1462 1450 1454 1455 1445 1462 1462 1448 1459 1454 1449 1446 1462 1462 1457 1457 1461 1451 1452 1461 1468 1452 1448 1457 1452 1464 1452 1468 1468 1461 1468 1466 1469 1473 1450 1454 1474 1451 1454 1476 1453 1477 1459 1448 1464 1467 1453 1459 1471 1455 1472 1468 1461 1467 1468 1454 1473 1466 1455 1473 1469 1463 1473 1469 1459 1471 1470 1464 1465 1455 1474 1471 1474 1470 1468 1480 1462 1455 1467 1471 1475 1463 1465 1460 1469 1471 1480 1454 1467 1471 1463 1475 1467 1457 1471 1468 1453 1475 1478 1464 1463 1461 1478 1464 1472 1471 1469 1465 1470 1464 1462 1481 1479 1478 1471 1458 1457 1473 1478 1476 1480 1466 1474 1478 1459 1443 1471 1475 1468 1466 1485 1497 1475 1501 1465 1479 1473 1462 1473 1460 1477 1484 1461 1481 1481 1476 1477 1473 1494 1475 1475 1463 1471 1472 1484 1455 1465 1474 1467 1473 1474 1476 1473 1479 1470 1472 1479 1476 1467 1479 1468 1491 1475 1468 1473 1470 1486 1480 1474 1485 1479 1480 1478 1458 1487 1489 1485 1469

Tree=0
num_leaves=8
num_cat=0
split_feature=0 4 0 11 0 12 2
split_gain=210.147 18.6164 6.67449 0.834949 0.390302 0.163875 0.0488258
threshold=86.500000000000014 197.26264117775796 130.50000000000003 -0.26866367175705824 187.50000000000003 -0.61236746317008228 176.25000000000003
decision_type=2 2 2 2 2 2 2
left_child=1 -1 3 -2 5 -4 -6
right_child=2 -3 4 -5 6 -7 -8
leaf_value=89.599999999999994 93.400000044703489 91.080000010132792 94.700000000000003 92.450000035762784 95.810000032186508 95.985000007972118 102.3
leaf_weight=258 101 137 103 81 109 108 2637
leaf_count=258 101 137 103 81 109 108 2637
internal_value=93.9998 93.9657 94.0042 93.995 94.0047 94.0026 94.0049
internal_weight=3534 395 3139 182 2957 211 2746
internal_count=3534 395 3139 182 2957 211 2746
is_linear=0
shrinkage=1


Tree=1
num_leaves=8
num_cat=0
split_feature=0 4 0 2 2 0 2
split_gain=190.654 20.883 5.29701 0.530889 0.284364 0.069596 0.0108529
threshold=86.500000000000014 191.8555792283266 130.50000000000003 111.75000000000001 138.25000000000003 187.50000000000003 176.25000000000003
decision_type=2 2 2 2 2 2 2
left_child=1 -1 3 -2 -4 -6 -7
right_child=2 -3 4 -5 5 6 -8
leaf_value=-4.1799999999999997 -1.7157499800585214 -2.7639999902248387 0.63000000767409792 -0.27000000223517445 1.9950000101327896 2.4595000490546228 7.7349999999999994
leaf_weight=242 98 139 104 83 137 86 2635
leaf_count=242 98 139 104 83 137 86 2635
internal_value=0.000147351 -0.0330181 0.00421379 -0.00400538 0.00472194 0.00481663 0.00488078
internal_weight=3524 381 3143 181 2962 2858 2721
internal_count=3524 381 3143 181 2962 2858 2721
is_linear=0
shrinkage=0.05


Tree=2
num_leaves=9
num_cat=0
split_feature=2 4 0 0 2 8 5 12
split_gain=182.214 24.6784 3.22917 3.0673 0.7626 0.42129 0.318473 0.112325
threshold=88.750000000000014 191.8555792283266 103.50000000000001 72.500000000000014 239.25000000000003 95.500000000000014 0.34966832226972505 -0.52034141052533245
decision_type=2 2 2 2 2 2 2 2
left_child=1 -1 -2 -3 5 7 -7 -4
right_child=2 3 4 -5 -6 6 -8 -9
leaf_value=-3.9709999999999996 -0.91556374840520316 -2.8657999890744694 0.58350000557675941 -1.6605299527472266 8.4982500000000005 1.638351258778274 0.03812501742318234 0.85464375346619592
leaf_weight=240 88 81 81 89 2517 104 156 186
leaf_count=240 88 81 81 89 2517 104 156 186
internal_value=0.000171977 -0.0309639 0.00429072 -0.0157143 0.00456543 0.00279135 0.00132075 0.00417279
internal_weight=3542 410 3132 170 3044 527 260 267
internal_count=3542 410 3132 170 3044 527 260 267
is_linear=0
shrinkage=0.05


Tree=3
num_leaves=10
num_cat=0
split_feature=0 4 0 11 5 4 12 4 4
split_gain=182.056 22.0348 4.3814 0.628379 0.402284 0.181764 0.0949768 0.346043 0.0178671
threshold=86.500000000000014 191.8555792283266 130.50000000000003 -0.33425342068356556 0.40072166389854835 669.66763864660913 -0.89404254237865755 657.44905975554786 75.384457071920934
decision_type=2 2 2 2 2 2 2 2 2
left_child=1 -1 3 -2 5 -4 7 -6 -8
right_child=2 -3 4 -5 6 -7 8 -9 -10
leaf_value=-3.7724499999999992 -0.21072177963466385 -2.5325099912598734 0.9597099713922832 -1.3894074831607304 0.23658937316603068 2.7279965034001927 1.943267887938908 8.4307800292206547 6.6706382193986444
leaf_weight=247 91 139 96 85 92 129 80 207 2350
leaf_count=247 91 139 96 85 92 129 80 207 2350
internal_value=0.000150526 -0.0320205 0.00416268 -0.00342541 0.0046198 0.0025 0.00478969 0.00376645 0.0049076
internal_weight=3516 386 3130 176 2954 225 2729 299 2430
internal_count=3516 386 3130 176 2954 225 2729 299 2430
is_linear=0
shrinkage=0.05


Tree=4
num_leaves=10
num_cat=0
split_feature=0 4 0 2 12 10 12 1 0
split_gain=166.295 24.3863 4.24765 0.726281 0.606611 0.185851 0.17413 0.0130295 0.00309928
threshold=86.500000000000014 187.04766040366846 118.50000000000001 264.75000000000006 -0.50557503990954278 10.500000000000002 -0.92272482904738262 187.50000000000003 171.50000000000003
decision_type=2 2 2 2 2 2 2 2 2
left_child=1 -1 -2 4 5 -4 -7 -5 -6
right_child=2 -3 3 7 8 6 -8 -9 -10
leaf_value=-3.5838274999999999 -1.1389834814407782 -2.395884501978681 0.070140348229896982 6.3167985665627686 0.76980017041754445 4.4029124011971934 0.53054838254598857 8.8398055890300693 2.6888794267147254
leaf_weight=243 126 139 127 84 80 97 95 2352 204
leaf_count=243 126 139 127 84 80 97 95 2352 204
internal_value=0.000347692 -0.0305943 0.00412461 0.00449901 0.00290296 0.00137346 0.00233503 0.00488734 0.00456747
internal_weight=3547 382 3165 3039 603 319 192 2436 284
internal_count=3547 382 3165 3039 603 319 192 2436 284
is_linear=0
shrinkage=0.05


Tree=5
num_leaves=13
num_cat=0
split_feature=2 4 0 0 2 8 2 12 6 12 4 5
split_gain=149.476 27.0698 4.31459 1.91102 1.00973 0.594902 0.260132 0.285802 0.152768 0.0426797 0.0181579 0.000571676
threshold=84.750000000000014 177.58562550969802 103.50000000000001 72.500000000000014 149.25000000000003 95.500000000000014 320.75000000000006 -0.57782411410281842 0.34178374516207394 -0.92272482904738262 274.60542568546271 0.55266506452320263
decision_type=2 2 2 2 2 2 2 2 2 2 2 2
left_child=1 -1 -2 -3 5 -4 7 8 9 -6 -8 -9
right_child=2 3 4 -5 6 -7 10 11 -10 -11 -12 -13
leaf_value=-3.4046361249999997 -0.85065849219126555 -2.5060902624256203 0.39824455312939055 -1.6363537475124703 4.8621120891344738 -0.39589616816664736 7.197815315539029 2.8106190537046021 0.57630482024077456 1.2429021234482258 11.94021401086688 2.475446636203273
leaf_weight=207 96 98 93 81 95 104 81 89 132 80 2109 278
leaf_count=207 96 98 93 81 95 104 81 89 132 80 2109 278
internal_value=0.000469279 -0.0286957 0.00407495 -0.0138859 0.00440476 0.000915842 0.00464273 0.00371134 0.00251603 0.00347222 0.00492027 0.00466398
internal_weight=3543 386 3157 179 3061 197 2864 674 307 175 2190 367
internal_count=3543 386 3157 179 3061 197 2864 674 307 175 2190 367
is_linear=0
shrinkage=0.05


Tree=6
num_leaves=10
num_cat=0
split_feature=0 4 0 2 1 8 12 2 12
split_gain=139.736 24.562 4.857 1.5293 0.426372 0.261442 0.15377 0.367548 0.129054
threshold=78.500000000000014 174.16054135323111 130.50000000000003 92.750000000000014 153.50000000000003 95.500000000000014 -0.88620506325989179 336.75000000000006 -0.92272482904738262
decision_type=2 2 2 2 2 2 2 2 2
left_child=1 -1 3 -2 5 -4 7 -6 -7
right_child=2 -3 4 -5 6 8 -8 -9 -10
leaf_value=-3.2344043187500002 -1.2635855126161193 -2.1407857524335832 1.4327586681648601 0.037360943752796173 0.98060642565846268 3.4915394854410269 5.7469616104901196 7.290642645559906 0.14171846250351375
leaf_weight=201 83 153 140 126 80 102 2309 198 110
leaf_count=201 83 153 140 126 80 102 2309 198 110
internal_value=0.000644426 -0.0289136 0.00400888 -0.00329439 0.00453295 0.00282913 0.00475887 0.00349823 0.00165899
internal_weight=3502 354 3148 209 2939 352 2587 278 212
internal_count=3502 354 3148 209 2939 352 2587 278 212
is_linear=0
shrinkage=0.05


Tree=7
num_leaves=11
num_cat=0
split_feature=0 4 2 0 2 8 5 7 4 2
split_gain=131.027 26.3868 4.95301 1.53105 0.33677 0.352686 0.205191 0.23043 0.19569 0.0520672
threshold=78.500000000000014 174.16054135323111 149.25000000000003 118.50000000000001 329.75000000000006 98.500000000000014 0.33439687487903008 26.450000000000003 378.08774989870648 190.25000000000003
decision_type=2 2 2 2 2 2 2 2 2 2
left_child=1 -1 3 -2 5 9 -7 -8 -5 -4
right_child=2 -3 4 8 -6 6 7 -9 -10 -11
leaf_value=-3.0726841028125005 -1.026429825430506 -1.9841214886703189 1.6155400377292226 0.49390176414803344 10.456495251701504 2.1220745451738594 -0.10422580157731412 2.3361906070676435 -0.096094159257821291 3.0966949488019111
leaf_weight=204 134 142 81 89 2159 84 100 100 88 347
leaf_count=204 134 142 81 89 2159 84 100 100 88 347
internal_value=0.000733088 -0.0282621 0.00392532 -0.00204114 0.00457406 0.00357043 0.00214533 0.00121951 0.00101648 0.00448037
internal_weight=3528 346 3182 311 2871 712 284 200 177 428
internal_count=3528 346 3182 311 2871 712 284 200 177 428
is_linear=0
shrinkage=0.05


Tree=8
num_leaves=13
num_cat=0
split_feature=0 0 4 4 0 2 12 7 11 11 1 6
split_gain=127.2 11.2924 10.4641 5.63441 1.41136 0.454027 0.503889 0.335728 0.152459 0.0810754 0.0775056 0.131284
threshold=56.500000000000007 103.50000000000001 159.05116759260088 195.54558252196924 159.50000000000003 346.75000000000006 -0.57782411410281842 25.050000000000004 -0.24372957273992746 -0.92274349529687905 181.50000000000003 0.13704014980071685
decision_type=2 2 2 2 2 2 2 2 2 2 2 2
left_child=2 3 -1 -2 8 6 7 -6 -3 -8 11 -9
right_child=1 4 -4 -5 5 -7 9 10 -10 -11 -12 -13
leaf_value=-2.9690498976718751 -1.1912547919709906 -0.1156797455531605 -2.2495403958173115 -0.13688925879562783 -0.13176715338967024 10.785479779100649 2.2894064997483996 0.94109424052729629 0.22312264325384731 2.1676062996859486 1.9325818452112267 2.7906121281850833
leaf_weight=159 83 102 80 126 87 2047 111 82 87 342 106 92
leaf_count=159 83 102 80 126 87 2047 111 82 87 342 106 92
internal_value=0.000789399 0.00338685 -0.0340369 -0.00773364 0.00415877 0.00443419 0.00339394 0.00197581 -2.5773e-05 0.00450873 0.00280702 0.00346369
internal_weight=3504 3265 239 209 3056 2867 820 367 189 453 280 174
internal_count=3504 3265 239 209 3056 2867 820 367 189 453 280 174
is_linear=0
shrinkage=0.05


Tree=9
num_leaves=13
num_cat=0
split_feature=0 0 2 2 5 2 12 11 12 3 5 0
split_gain=128.426 10.7519 3.12292 1.84688 1.14453 0.801634 0.594438 0.334288 0.141288 0.176242 0.0321002 0.0119402
threshold=56.500000000000007 130.50000000000003 35.500000000000007 92.750000000000014 0.38303747198648336 329.75000000000006 -0.88620506325989179 -0.21861968191509915 -0.34234976856068178 52.500000000000007 0.55785562786058451 322.50000000000006
decision_type=2 2 2 2 2 2 2 2 2 2 2 2
left_child=2 3 -1 4 -2 6 7 -3 9 -8 -10 -7
right_child=1 5 -4 -5 -6 11 8 -9 10 -11 -12 -13
leaf_value=-2.8205974027882816 -1.4414462529144629 -0.1635574666062517 -1.4605973966788053 -0.036447243891411643 -0.94868187478899668 3.2619732716693424 0.45831890317448587 1.7524058870125883 1.7278263937196472 2.1569179232746278 1.8823804372353603 10.201357776970607
leaf_weight=154 91 80 83 144 92 82 104 145 91 117 284 2054
leaf_count=154 91 80 83 144 92 82 104 145 91 117 284 2054
internal_value=0.000795519 0.00338097 -0.0343595 -0.00516566 -0.00843085 0.00433322 0.00297216 0.00076087 0.00379368 0.00267699 0.00440789 0.0048482
internal_weight=3521 3284 237 327 183 2957 821 225 596 221 375 2136
internal_count=3521 3284 237 327 183 2957 821 225 596 221 375 2136
is_linear=0
shrinkage=0.05


Tree=10
num_leaves=13
num_cat=0
split_feature=0 0 4 4 1 2 8 1 11 4 11 11
split_gain=113.739 11.2329 10.1571 5.66171 0.872292 0.686024 0.315482 0.175859 0.220835 0.137589 0.189133 0.135887
threshold=56.500000000000007 130.50000000000003 159.05116759260088 191.8555792283266 83.500000000000014 346.75000000000006 98.500000000000014 135.50000000000003 -0.37447345805034543 75.384457071920934 -0.67803021058859214 -0.46038400545438724
decision_type=2 2 2 2 2 2 2 2 2 2 2 2
left_child=2 3 -1 -2 -5 6 9 8 -8 -3 -11 -9
right_child=1 5 -4 4 -6 -7 7 11 -10 10 -12 -13
leaf_value=-2.6795675326488677 -1.1477419263113828 0.37396692072967747 -2.0410335058125262 -1.0459560893222204 0.1932994830322545 9.8773128981804845 -0.27074716914603048 2.0698391187284999 2.4582185424493868 1.6582531278455459 2.9533349049207227 1.76778520115239
leaf_weight=150 86 81 81 108 119 2060 80 94 82 152 312 103
leaf_count=150 86 81 81 108 119 2060 80 94 82 152 312 103
internal_value=0.000922289 0.00333181 -0.0326059 -0.00561321 -0.00135776 0.00428427 0.00310231 0.00190934 0.000658683 0.00386364 0.00420043 0.00289604
internal_weight=3508 3277 231 313 227 2964 904 359 162 545 464 197
internal_count=3508 3277 231 313 227 2964 904 359 162 545 464 197
is_linear=0
shrinkage=0.05


Tree=11
num_leaves=15
num_cat=0
split_feature=2 4 2 4 8 2 12 11 3 6 1 4 11 1
split_gain=113.935 18.2653 8.31693 2.64671 0.951751 0.468486 0.478146 0.479667 0.209799 0.199777 0.166846 0.0239033 0.00849599 0.00792671
threshold=58.750000000000007 174.16054135323111 149.25000000000003 191.8555792283266 99.500000000000014 370.25000000000006 -0.79382744783423187 -0.25205528343633254 75.500000000000014 0.34178374516207394 354.50000000000006 643.46691840824099 -0.97113884758256674 177.50000000000003
decision_type=2 2 2 2 2 2 2 2 2 2 2 2 2 2
left_child=1 -1 3 -2 -5 6 7 -4 -6 -9 11 13 -7 -8
right_child=2 -3 5 4 8 12 10 9 -10 -11 -12 -13 -14 -15
leaf_value=-2.5455891560164243 -0.70496167816947874 -1.7233818247521704 -0.10715268929566323 0.37684175243727036 -0.90569023644565849 10.377424254835958 1.3912337889766295 4.8934816831633663 -0.53631169862950423 0.76272817132652693 3.1111425909176824 3.9928155994739605 9.9474242432130513 2.1526106087132839
leaf_weight=165 113 99 95 106 86 157 82 87 89 81 84 100 1840 340
leaf_count=165 113 99 95 106 86 157 82 87 89 81 84 100 1840 340
internal_value=0.000869935 -0.0304089 0.00344564 -0.00333333 -0.000681818 0.00438175 0.00336957 0.00154851 -0.00291667 0.00312139 0.00414075 0.00447818 0.00481269 0.00470726
internal_weight=3524 264 3260 394 281 2866 869 263 175 168 606 522 1997 422
internal_count=3524 264 3260 394 281 2866 869 263 175 168 606 522 1997 422
is_linear=0
shrinkage=0.05


Tree=12
num_leaves=15
num_cat=0
split_feature=0 0 4 4 2 1 8 4 5 4 11 11 8 11
split_gain=102.865 11.9841 9.87488 3.73027 1.12247 0.77161 0.573408 0.349095 0.202172 0.196308 0.266538 0.147167 0.141425 0.00772923
threshold=51.500000000000007 118.50000000000001 134.25571581260175 191.8555792283266 370.25000000000006 83.500000000000014 99.500000000000014 477.79006764440709 0.55266506452320263 75.384457071920934 -0.67803021058859214 -0.23537230790205757 73.500000000000014 -0.97113884758256674
decision_type=2 2 2 2 2 2 2 2 2 2 2 2 2 2
left_child=2 3 -1 -2 6 -5 9 8 -8 -3 12 -9 -11 -6
right_child=1 4 -4 5 13 -7 7 11 -10 10 -12 -13 -14 -15
leaf_value=-2.4183096982156029 -1.0436578383989776 0.32224944519021226 -1.8074618291269837 -1.0237496796128485 9.1585530644459006 0.18132650358999378 -0.65196564968096227 0.76460218790822665 0.15089087982221303 1.4423497268229948 2.3340635910692242 4.6635725130634684 1.4102795791401304 9.4250531677705531
leaf_weight=132 90 83 88 97 153 94 81 157 80 87 362 80 83 1836
leaf_count=132 90 83 88 97 153 94 81 157 80 87 362 80 83 1836
internal_value=0.00093073 0.00316758 -0.0317778 -0.00662587 0.00409378 -0.00252551 0.00271611 0.00121588 -0.000572289 0.00366935 0.00402235 0.00241736 0.00228571 0.00478686
internal_weight=3503 3283 220 281 3002 191 1013 398 161 615 532 237 170 1989
internal_count=3503 3283 220 281 3002 191 1013 398 161 615 532 237 170 1989
is_linear=0
shrinkage=0.05


Tree=13
num_leaves=15
num_cat=0
split_feature=0 2 4 6 2 3 2 12 7 5 5 11 10 12
split_gain=102.459 13.0035 5.42643 1.86576 1.79736 1.02306 0.525252 0.576293 0.435404 0.139417 0.12512 0.13872 0.0642118 0.155325
threshold=46.500000000000007 88.750000000000014 114.17365714260659 0.10165580251479352 149.25000000000003 -7.4999999999999991 370.25000000000006 -0.53495380374625956 25.050000000000004 0.55785562786058451 0.531044557318337 -0.23537230790205757 9.5000000000000018 -0.54219087765047058
decision_type=2 2 2 2 2 2 2 2 2 2 2 2 2 2
left_child=2 3 -1 -2 5 -3 7 8 -6 -9 11 -10 13 -8
right_child=1 4 -4 -5 6 -7 12 9 10 -11 -12 -13 -14 -15
leaf_value=-2.2973942133048229 -0.99123367955248642 -0.60205784859384304 -1.7124396429266024 -0.91609429143721899 -0.16510324398302051 0.32699745429420934 3.6438004138655815 1.7546256456055003 0.4412624406116189 1.8849267895598592 2.0107080199036602 3.1599831852057836 10.628800372663871 7.5399363626629397
leaf_weight=122 80 80 81 137 85 157 80 107 82 376 133 82 1736 174
leaf_count=122 80 80 81 137 85 157 80 107 82 376 133 82 1736 174
internal_value=0.000941143 0.00307634 -0.033101 -0.00862613 0.00391024 -0.000268595 0.00425699 0.00318966 0.00170543 0.00433402 0.00259934 0.00159763 0.00471178 0.00374517
internal_weight=3512 3309 203 217 3092 237 2855 865 382 483 297 164 1990 254
internal_count=3512 3309 203 217 3092 237 2855 865 382 483 297 164 1990 254
is_linear=0
shrinkage=0.05


Tree=14
num_leaves=15
num_cat=0
split_feature=0 0 4 4 1 0 12 5 7 4 4 12 7 0
split_gain=101.427 11.7184 5.9224 5.68051 0.842335 0.769427 0.554068 0.449338 0.296847 0.488261 0.373867 0.120331 0.291082 0.0868511
threshold=46.500000000000007 130.50000000000003 104.00414500727807 174.16054135323111 47.500000000000007 331.50000000000006 0.38043945030393422 0.37010159373993107 28.350000000000005 669.66763864660913 452.58552272868201 -0.82413948779581736 27.250000000000004 190.50000000000003
decision_type=2 2 2 2 2 2 2 2 2 2 2 2 2 2
left_child=2 3 -1 -2 -5 6 8 -6 9 10 13 12 -7 -3
right_child=1 5 -4 4 7 11 -8 -9 -10 -11 -12 -13 -14 -15
leaf_value=-2.2325245026395817 -0.87447693507325397 -0.017112715550863224 -1.5357022503037516 -1.027905420032156 0.46303936776660493 1.1369575761907142 1.5398534223225564 -0.10664292100283318 1.3397645262199656 2.1534711342539814 -0.25570833962310385 8.4397230869975299 6.2093368705667444 1.8167116939926757
leaf_weight=122 82 80 81 92 90 93 218 88 163 108 91 1839 253 109
leaf_count=122 82 80 81 92 90 93 218 88 163 108 91 1839 253 109
internal_value=0.00100882 0.003135 -0.0328606 -0.00543417 -0.00181818 0.00416357 0.00277132 0.000218579 0.00189748 0.00111959 1.82997e-10 0.00464612 0.00364672 0.00126289
internal_weight=3509 3306 203 352 270 2954 769 178 551 388 280 2185 346 189
internal_count=3509 3306 203 352 270 2954 769 178 551 388 280 2185 346 189
is_linear=0
shrinkage=0.05


Tree=15
num_leaves=15
num_cat=0
split_feature=0 2 4 4 8 4 0 12 7 7 12 7 7 11
split_gain=102.129 9.75382 6.71718 2.39644 1.20214 1.11304 0.555212 0.347764 0.358694 0.14774 0.119239 0.273915 0.0872837 0.0392378
threshold=46.500000000000007 149.25000000000003 114.17365714260659 174.16054135323111 98.500000000000014 456.98588926079282 331.50000000000006 0.38043945030393422 24.850000000000005 28.050000000000004 -0.82413948779581736 27.250000000000004 26.050000000000004 -0.97113884758256674
decision_type=2 2 2 2 2 2 2 2 2 2 2 2 2 2
left_child=2 3 -1 -2 -5 -6 7 8 -3 12 11 -8 -10 -12
right_child=1 6 -4 4 5 -7 10 -9 9 -11 13 -13 -14 -15
leaf_value=-2.1208982775076026 -0.60637674257029039 0.044384892079724986 -1.4498286699364413 0.32123619447713891 -0.87499510455435137 0.4049044556699497 1.1452104039671203 1.5602286911133503 1.5912983302239927 1.0088136721540544 6.7008470364159081 5.8897659786204031 1.8169847773681067 7.9812807997622093
leaf_weight=127 102 127 82 137 135 82 95 208 81 156 175 242 116 1656
leaf_count=127 102 127 82 137 135 82 95 208 81 156 175 242 116 1656
internal_value=0.000979864 0.00313838 -0.0325 -0.00362256 -0.0016156 -0.0038964 0.0042223 0.00294372 0.00216495 0.00297486 0.00462034 0.00361111 0.00388614 0.00479575
internal_weight=3521 3312 209 456 354 217 2856 688 480 353 2168 337 197 1831
internal_count=3521 3312 209 456 354 217 2856 688 480 353 2168 337 197 1831
is_linear=0
shrinkage=0.05


Tree=16
num_leaves=15
num_cat=0
split_feature=0 2 4 4 8 4 12 7 5 0 0 0 7 6
split_gain=96.4143 10.4239 7.63962 2.50282 1.06618 0.431953 0.404905 0.647518 0.276849 0.162932 0.204375 0.123704 0.0695082 0.0498858
threshold=46.500000000000007 146.25000000000003 114.17365714260659 177.58562550969802 99.500000000000014 432.83596653553667 -0.039769286347669845 25.150000000000002 0.56526362567754829 545.50000000000011 503.50000000000006 244.50000000000003 26.850000000000005 1.1042965571035486
decision_type=2 2 2 2 2 2 2 2 2 2 2 2 2 2
left_child=2 3 -1 -2 -5 -6 7 -3 -8 10 11 -9 -13 -11
right_child=1 6 -4 4 5 -7 8 9 -10 13 -12 12 -14 -15
leaf_value=-2.0148533636322226 -0.56331554236287795 0.37320621116735198 -1.3775411158549056 0.26648502713484506 -0.84811630386297687 -0.46023746476560085 1.3699272563982003 1.0934755211936318 4.5763101596926905 10.136138938744438 1.6263101865147804 2.2539135833367987 3.2741866096464478 11.696310179362223
leaf_weight=126 106 157 81 134 98 103 82 155 1351 484 91 164 312 89
leaf_count=126 106 157 81 134 98 103 82 155 1351 484 91 164 312 89
internal_value=0.00102176 0.00310117 -0.0316745 -0.00402466 -0.00183824 -0.00410194 0.0041955 0.00357584 0.00480876 0.00394231 0.00338377 0.00370283 0.00411642 0.00461073
internal_weight=3533 3326 207 441 335 201 2885 1452 1433 1295 722 631 476 573
internal_count=3533 3326 207 441 335 201 2885 1452 1433 1295 722 631 476 573
is_linear=0
shrinkage=0.05


Tree=17
num_leaves=15
num_cat=0
split_feature=0 0 3 3 0 12 10 1 12 7 3 9 0 5
split_gain=89.2424 13.8128 2.70669 2.19953 1.48187 0.837222 0.795244 0.373963 0.310081 0.23069 0.219717 0.329565 0.108309 0.119837
threshold=36.500000000000007 99.500000000000014 -29.499999999999996 6.5000000000000009 322.50000000000006 -0.4755978891912595 10.500000000000002 145.50000000000003 -0.87810534180523914 28.150000000000002 -30.499999999999996 16.500000000000004 571.50000000000011 0.55266506452320263
decision_type=2 2 2 2 2 2 2 2 2 2 2 2 2 2
left_child=-1 2 -2 -4 5 6 7 -3 12 -8 11 -7 13 -6
right_child=1 4 3 -5 8 10 9 -9 -10 -11 -12 -13 -14 -15
leaf_value=-1.9041106841257289 0.12926717084118808 -0.77894551582305649 -0.68922179307386711 -0.84828855749381393 3.0535456327743016 1.4590396297998582 1.1577174581078478 -0.0097024416611157602 6.9001576066724839 0.16090070949605012 0.83900381623178832 0.079631113608224086 9.6504073649804134 1.2914365340422522
leaf_weight=153 86 82 80 119 93 89 159 100 1955 81 272 102 89 93
leaf_count=153 86 82 80 119 93 89 159 100 1955 81 272 102 89 93
internal_value=0.00107223 0.00277533 -0.00767241 -0.0108088 0.00374199 0.00199438 0.000374707 -0.00208556 0.00442953 0.0022449 0.00345085 0.00206633 0.00276786 0.00198953
internal_weight=3553 3400 285 199 3115 885 422 182 2230 240 463 191 275 186
internal_count=3553 3400 285 199 3115 885 422 182 2230 240 463 191 275 186
is_linear=0
shrinkage=0.05


Tree=18
num_leaves=15
num_cat=0
split_feature=0 0 2 4 1 12 4 11 5 3 5 0 3 0
split_gain=85.1788 8.25003 7.76597 2.01639 1.00007 0.928578 0.464571 0.622368 0.680313 0.290815 0.261021 0.113408 0.235358 0.0902557
threshold=46.500000000000007 130.50000000000003 19.750000000000004 177.58562550969802 45.500000000000007 -0.60555643346685839 830.64373784301586 -0.23537230790205757 0.56112114898171306 5.5000000000000009 0.37010159373993107 319.50000000000006 -88.499999999999986 533.50000000000011
decision_type=2 2 2 2 2 2 2 2 2 2 2 2 2 2
left_child=2 3 -1 -2 -5 6 7 8 -3 -9 -6 12 -7 -8
right_child=1 5 -4 4 10 11 13 9 -10 -11 -12 -13 -14 -15
leaf_value=-1.8189051612443252 -0.70528494410839104 -0.54320473412530235 -0.97563717263217387 -1.4815403713189663 0.4318933894842249 0.83541103417230367 2.3919783736501379 0.82532065193880466 0.29836455869586853 2.6075574771246544 -0.10963708875856751 7.0255103734886575 1.1004367582043824 10.507173826333988
leaf_weight=99 87 89 95 88 92 80 174 158 81 190 82 1634 366 213
leaf_count=99 87 89 95 88 92 80 174 158 81 190 82 1634 366 213
internal_value=0.00122842 0.00312069 -0.0305528 -0.00411017 -0.00183521 0.00397157 0.00260989 0.00160612 -0.000857143 0.00280453 0.000391062 0.00455636 0.00372506 0.00391582
internal_weight=3528 3334 194 349 262 2985 905 518 170 348 174 2080 446 387
internal_count=3528 3334 194 349 262 2985 905 518 170 348 174 2080 446 387
is_linear=0
shrinkage=0.05


Tree=19
num_leaves=15
num_cat=0
split_feature=0 0 3 0 3 12 4 12 0 2 12 12 6 5
split_gain=84.2511 10.9771 2.47298 1.33015 1.22651 0.7981 1.25823 0.349138 0.310517 0.338238 0.288229 0.216503 0.22506 0.182238
threshold=36.500000000000007 99.500000000000014 -29.499999999999996 322.50000000000006 8.5000000000000018 -0.88620506325989179 665.57586236454915 -0.22700609751797865 571.50000000000011 513.50000000000011 0.38043945030393422 -0.73865259438682551 0.76031837616300824 0.4370329705078741
decision_type=2 2 2 2 2 2 2 2 2 2 2 2 2 2
left_child=-1 2 -2 5 -4 6 -3 8 9 -5 11 -7 13 -13
right_child=1 3 4 7 -6 10 -8 -9 -10 -11 -12 12 -14 -15
leaf_value=-1.6779599031821091 0.2755570265859057 -0.65903021468960654 -0.63711741044299408 2.4879684946579048 -0.73780654238530596 1.0945284132307707 1.476244968184814 7.2570579762787197 9.3732199853059885 1.1022720847801837 0.81203436493892411 0.19709512128647982 0.035770768976304303 1.0979869773923685
leaf_weight=152 83 131 83 332 118 89 95 1281 451 132 241 87 150 87
leaf_count=152 83 131 83 332 118 89 95 1281 451 132 241 87 150 87
internal_value=0.00115439 0.00282318 -0.00650519 0.00369361 -0.00944175 0.0020339 -0.00051948 0.00435257 0.00355978 0.00260128 0.00291351 0.00206938 0.00142857 0.0026257
internal_weight=3512 3360 284 3076 201 880 226 2196 915 464 654 413 324 174
internal_count=3512 3360 284 3076 201 880 226 2196 915 464 654 413 324 174
is_linear=0
shrinkage=0.05


Tree=20
num_leaves=15
num_cat=0
split_feature=0 2 2 4 12 12 7 1 5 11 12 8 1 5
split_gain=82.6164 11.3046 1.82926 1.38508 1.52192 0.770328 0.55629 0.542413 0.520502 0.228758 0.201063 0.166146 0.180036 0.163241
threshold=33.500000000000007 84.750000000000014 149.25000000000003 169.89167813732209 -0.82413948779581736 -0.57782411410281842 26.150000000000002 119.50000000000001 0.4780600409877504 -0.30163705152652742 -0.6652727025667432 99.500000000000014 227.50000000000003 0.55785562786058451
decision_type=2 2 2 2 2 2 2 2 2 2 2 2 2 2
left_child=-1 3 7 -2 -5 6 8 9 -4 -3 11 -8 -13 -7
right_child=1 2 5 4 -6 13 10 -9 -10 -11 -12 12 -14 -15
leaf_value=-1.6440619080230037 -0.40701187083915685 0.49543935447893522 0.9965993632719915 -1.1522737375759977 0.01925580779882239 1.776601936348855 4.02803168938848 -0.48184535301489612 -0.25208151981817944 -0.061475692571216746 1.7663337532156789 0.83709978496562065 2.6512042135431111 3.8077095350024197
leaf_weight=134 83 85 109 86 92 175 335 94 85 80 92 82 184 1807
leaf_count=134 83 85 109 86 92 175 335 94 85 80 92 82 184 1807
internal_value=0.00123725 0.00278285 0.00361953 -0.00712406 -0.00442623 0.00398225 0.00272982 -0.000397727 0.000351759 0.00132353 0.00338825 0.00372112 0.00269373 0.00453447
internal_weight=3523 3389 3128 261 178 2869 887 259 194 165 693 601 266 1982
internal_count=3523 3389 3128 261 178 2869 887 259 194 165 693 601 266 1982
is_linear=0
shrinkage=0.05


Tree=21
num_leaves=15
num_cat=0
split_feature=0 2 0 2 2 1 6 1 5 8 0 1 0 8
split_gain=75.3982 10.4441 1.58174 1.3907 0.532742 0.666909 0.464977 0.366286 0.305254 0.220534 0.17345 0.152158 0.109358 0.100977
threshold=33.500000000000007 92.750000000000014 322.50000000000006 52.750000000000007 149.25000000000003 119.50000000000001 0.2365609031523542 341.50000000000006 0.38303747198648336 87.500000000000014 234.50000000000003 385.50000000000006 205.50000000000003 65.500000000000014
decision_type=2 2 2 2 2 2 2 2 2 2 2 2 2 2
left_child=-1 3 4 -2 5 -3 -4 9 -5 12 -11 -9 -6 -8
right_child=1 2 6 8 7 -7 13 11 -10 10 -12 -13 -14 -15
leaf_value=-1.5618588029360987 -0.65000570061228169 0.11760519857560203 1.6714093743878089 -0.62407864796746571 0.64708666893617262 -0.37184779614220526 6.4826034718419496 -0.16446136364847055 -0.53228999758957019 0.72900232303890544 0.43279717762365488 1.3846504504910173 2.0132565122603419 4.6510257908164228
leaf_weight=131 109 154 144 106 82 84 1213 82 82 119 97 84 184 851
leaf_count=131 109 154 144 106 82 84 1213 82 82 119 97 84 184 851
internal_value=0.00125035 0.00271054 0.00357212 -0.0061755 0.00177329 -0.000246913 0.0042883 0.00251149 -0.00341969 0.00320329 0.0019457 0.000467836 0.00416974 0.00448043
internal_weight=3522 3391 3094 297 886 238 2208 648 188 482 216 166 266 2064
internal_count=3522 3391 3094 297 886 238 2208 648 188 482 216 166 266 2064
is_linear=0
shrinkage=0.05


Tree=22
num_leaves=15
num_cat=0
split_feature=0 0 4 1 5 12 7 3 7 3 0 0 1 12
split_gain=80.5938 9.04449 1.60425 1.39052 1.37205 0.493853 0.62465 0.260843 0.369348 0.272249 0.268514 0.155143 0.214626 0.106705
threshold=36.500000000000007 130.50000000000003 191.8555792283266 87.500000000000014 0.57043284839324904 -0.039769286347669845 26.150000000000002 194.50000000000003 28.150000000000002 -60.499999999999993 255.50000000000003 545.50000000000011 500.50000000000006 -0.61915584096709908
decision_type=2 2 2 2 2 2 2 2 2 2 2 2 2 2
left_child=-1 2 -2 -4 7 6 -6 8 10 -10 -3 12 13 -8
right_child=1 4 3 -5 5 -7 11 -9 9 -11 -12 -13 -14 -15
leaf_value=-1.4337658724750484 -0.38801336113101892 0.76852028239667547 -1.0793506050500048 0.20689718166617443 0.037776010604835292 3.5108891457952853 1.9831718648396657 -0.34194530061210771 -0.49933277758084832 1.2921581591335665 3.4642730720069164 8.8063963524653541 0.57066100788810992 0.75266004598815461
leaf_weight=155 148 160 134 131 154 1328 111 93 87 88 149 559 81 97
leaf_count=155 148 160 134 131 154 1328 111 93 87 88 149 559 81 97
internal_value=0.0010704 0.00273684 -0.00415072 -0.00175926 0.00372081 0.00426124 0.0033863 0.00152062 0.00198364 0.000138889 0.00300955 0.00391559 0.00287415 0.00370892
internal_weight=3475 3320 413 265 2907 2330 1002 577 484 175 309 848 289 208
internal_count=3475 3320 413 265 2907 2330 1002 577 484 175 309 848 289 208
is_linear=0
shrinkage=0.05


Tree=23
num_leaves=15
num_cat=0
split_feature=0 0 4 5 1 5 12 7 11 12 7 4 4 1
split_gain=79.2385 8.64986 2.32524 1.23011 1.19494 0.889113 0.528952 0.762641 0.443439 0.932192 0.193036 0.166702 0.138328 0.206088
threshold=33.500000000000007 130.50000000000003 174.16054135323111 0.57043284839324904 89.500000000000014 0.29379811085212176 -0.039769286347669845 26.150000000000002 -0.23537230790205757 -0.88620506325989179 26.350000000000005 656.60053055237688 849.52888445713825 514.00000000000011
decision_type=2 2 2 2 2 2 2 2 2 2 2 2 2 2
left_child=-1 2 -2 8 5 -4 7 -5 9 -3 -11 -10 13 -9
right_child=1 3 4 6 -6 -7 -8 12 11 10 -12 -13 -14 -15
leaf_value=-1.4120775788512958 -0.43655234934010373 -0.37825713633421926 -1.1452501603723282 0.0042201242450307262 0.18494907554508108 -0.14503102330834924 3.3125625271286196 1.4028909206374702 1.1866366763347451 1.7557249237327843 0.41982162676673024 3.7900926229023648 9.3511068543645735 4.3996293603215824
leaf_weight=132 120 80 82 151 152 80 1346 246 84 91 170 154 368 253
leaf_count=132 120 80 82 151 152 80 1346 246 84 91 170 154 368 253
internal_value=0.00122225 0.00273063 -0.00382688 0.00370251 -0.0015047 -0.00443114 0.00420853 0.00331378 0.00161815 0.000447977 0.0018985 0.00325103 0.00388188 0.00326389
internal_weight=3509 3377 434 2943 314 162 2364 1018 579 341 261 238 867 499
internal_count=3509 3377 434 2943 314 162 2364 1018 579 341 261 238 867 499
is_linear=0
shrinkage=0.05


Tree=24
num_leaves=15
num_cat=0
split_feature=0 0 4 12 11 6 8 3 3 4 4 12 0 3
split_gain=74.8271 8.90058 1.78131 1.19916 0.572977 1.12726 0.455218 0.439047 0.33745 0.320731 0.256586 0.242625 0.272224 0.243611
threshold=33.500000000000007 154.50000000000003 191.8555792283266 -0.59177783207548873 -0.23537230790205757 0.2365609031523542 65.500000000000014 -48.499999999999993 44.500000000000007 829.62685313006841 656.60053055237688 0.38043945030393422 549.50000000000011 -41.499999999999993
decision_type=2 2 2 2 2 2 2 2 2 2 2 2 2 2
left_child=-1 2 6 4 5 -3 -2 -4 -9 -7 -6 12 13 -5
right_child=1 3 7 11 10 9 -8 8 -10 -11 -12 -13 -14 -15
leaf_value=-1.3414736999087311 -0.34812873172316228 -0.90934395683195213 0.64542951524165371 1.1658496166290988 0.88694072313415973 0.03647220522863677 -0.54848033244645145 -0.3710605171807817 0.024672281942648946 4.3968366224554902 4.7756629874078174 3.0198935452347082 10.420138631258471 1.5352016142370486
leaf_weight=140 81 89 89 236 198 108 94 143 81 98 394 983 531 241
leaf_count=140 81 89 89 236 198 108 94 143 81 98 394 983 531 241
internal_value=0.00103389 0.00254524 -0.0036714 0.00360388 0.00205718 0.00025 -0.00763889 -0.00136792 -0.00253275 0.00227488 0.00294807 0.00428607 0.003692 0.00276971
internal_weight=3506 3366 488 2878 887 295 175 313 224 206 592 1991 1008 477
internal_count=3506 3366 488 2878 887 295 175 313 224 206 592 1991 1008 477
is_linear=0
shrinkage=0.05


Tree=25
num_leaves=15
num_cat=0
split_feature=0 2 0 12 3 1 0 4 7 0 0 0 4 0
split_gain=69.3324 9.80445 1.77868 1.11829 0.847792 0.87483 0.587073 0.279128 0.257286 0.297057 0.235232 0.164319 0.156277 0.130236
threshold=29.500000000000004 149.25000000000003 46.500000000000007 -0.039769286347669845 8.5000000000000018 40.500000000000007 549.50000000000011 197.26264117775796 25.450000000000003 228.50000000000003 499.50000000000006 351.50000000000006 421.66529347632121 290.50000000000006
decision_type=2 2 2 2 2 2 2 2 2 2 2 2 2 2
left_child=-1 2 -2 6 7 -6 8 -4 9 -3 13 12 -5 -10
right_child=1 3 4 11 5 -7 -8 -9 10 -11 -12 -13 -14 -15
leaf_value=-1.2744000149132946 -0.52173955940631733 0.84966069550430745 -0.65130002504760121 0.48053671607434734 -0.74981350090136578 0.13530860568375613 7.0436420630986678 -0.14047377352628129 0.5091448271581579 -0.17979321147972926 0.26385388850333313 7.3316754426359187 1.4587487387216482 2.0458271196020581
leaf_weight=121 82 81 83 201 146 149 570 81 189 106 101 1094 119 394
leaf_count=121 82 81 83 201 146 149 570 81 189 106 101 1094 119 394
internal_value=0.00114566 0.00249338 -0.00365385 0.00366259 -0.00238147 -0.00075 0.00266598 -0.0052071 0.00183219 0.000182292 0.00227866 0.00466526 0.00353846 0.00266156
internal_weight=3517 3396 541 2855 459 295 1441 164 871 187 684 1414 320 583
internal_count=3517 3396 541 2855 459 295 1441 164 871 187 684 1414 320 583
is_linear=0
shrinkage=0.05


Tree=26
num_leaves=15
num_cat=0
split_feature=2 2 3 12 4 7 1 5 7 1 5 7 9 3
split_gain=65.822 7.74697 1.73289 0.930499 0.819467 0.73548 0.624436 0.288721 0.263683 0.302462 0.235891 0.166504 0.386156 0.19565
threshold=26.750000000000004 149.25000000000003 8.5000000000000018 -0.039769286347669845 191.8555792283266 24.850000000000005 40.500000000000007 0.69201011679019586 29.050000000000004 514.00000000000011 0.57043284839324904 28.650000000000002 96.500000000000014 209.50000000000003
decision_type=2 2 2 2 2 2 2 2 2 2 2 2 2 2
left_child=-1 2 4 5 -2 -3 -4 11 9 -9 -5 13 -13 -7
right_child=1 3 6 10 -6 7 -8 8 -10 -11 -12 12 -14 -15
leaf_value=-1.2106800141676297 -0.37305293184860921 -0.027836789286911818 -0.6392790492076057 0.92991061515873108 -0.15999160794810757 2.1296713430982539 0.12854317539956808 1.2296174408159848 5.5946540778707323 0.29707595652502239 3.2085042757189997 -0.27360321096870316 1.7367061747399299 0.49168595858439601
leaf_weight=130 119 128 150 82 113 308 149 110 494 91 1327 84 139 82
leaf_count=130 119 128 150 82 113 308 149 110 494 91 1327 84 139 82
internal_value=0.00127599 0.00264123 -0.00288246 0.00367544 -0.00607595 0.00276197 -0.000345395 0.003115 0.00382143 0.00220874 0.00459335 0.00228964 0.00116228 0.00291139
internal_weight=3506 3376 531 2845 232 1436 299 1308 695 201 1409 613 223 390
internal_count=3506 3376 531 2845 232 1436 299 1308 695 201 1409 613 223 390
is_linear=0
shrinkage=0.05


Tree=27
num_leaves=15
num_cat=0
split_feature=0 0 0 0 5 10 9 12 6 7 12 3 12 12
split_gain=68.5924 8.4224 2.77327 1.522 0.681487 0.369872 0.527832 0.337314 0.329168 0.293336 0.891063 0.270787 0.143027 0.131694
threshold=19.000000000000004 147.50000000000003 46.500000000000007 322.50000000000006 0.58456467473079077 11.500000000000002 85.500000000000014 -0.89404254237865755 0.36484951139258698 24.850000000000005 -0.52765736634565841 -58.499999999999993 0.11478523713130605 -0.24372464231556024
decision_type=2 2 2 2 2 2 2 2 2 2 2 2 2 2
left_child=-1 2 -2 9 8 -4 -7 -6 -5 10 -3 -11 13 -9
right_child=1 3 5 4 7 6 -8 12 -10 11 -12 -13 -14 -15
leaf_value=-1.1501460134592483 -0.46688540905659992 -0.43491651380747043 -0.59622734221791629 -0.34190733857966199 1.8805159548092794 -0.21994483754263597 0.14265252531328229 4.392404840815928 2.1939011240488844 0.090344346276746812 0.28944621375787838 0.89592160525540077 5.7491097308299519 4.4202541054037043
leaf_weight=91 114 86 102 94 149 105 186 529 168 147 159 327 989 268
leaf_count=91 114 86 102 94 149 105 186 529 168 147 159 327 989 268
internal_value=0.00111395 0.00227976 -0.00364258 0.00331393 0.00396685 -0.00159548 -0.000658784 0.00429124 0.00153558 0.00130525 -9.99998e-05 0.00202505 0.00448353 0.00390898
internal_weight=3514 3423 507 2916 2197 393 291 1935 262 719 245 474 1786 797
internal_count=3514 3423 507 2916 2197 393 291 1935 262 719 245 474 1786 797
is_linear=0
shrinkage=0.05


Tree=28
num_leaves=15
num_cat=0
split_feature=0 2 2 2 6 8 0 5 12 5 12 10 8 12
split_gain=60.3311 8.88134 2.2279 1.27806 0.55784 0.343709 0.669106 0.496345 0.773612 0.367211 0.326754 0.428261 0.313425 0.239613
threshold=19.000000000000004 149.25000000000003 52.750000000000007 449.25000000000006 0.62285007470951992 99.500000000000014 205.50000000000003 0.4370329705078741 -0.82413948779581736 0.64282682671436675 -0.039769286347669845 14.500000000000002 99.500000000000014 -0.92272482904738262
decision_type=2 2 2 2 2 2 2 2 2 2 2 2 2 2
left_child=-1 2 -2 5 12 6 -3 13 -9 -8 11 -5 -4 -7
right_child=1 3 4 10 -6 7 9 8 -10 -11 -12 -13 -14 -15
leaf_value=-1.0926387127862858 -0.45928617968260188 -0.065373473607667029 0.050174096016654346 6.3499048579345994 -0.32430072090388107 2.41851535670021 1.0200575424504803 -1.2213538053043669 0.93293759416147126 1.7054718312199513 8.9626553560071667 1.5511310681036603 -0.52116783383644738 0.48066004155367931
leaf_weight=85 138 112 152 647 81 81 189 91 116 417 970 115 192 103
leaf_count=85 138 112 152 647 81 81 189 91 116 417 970 115 192 103
internal_value=0.00124356 0.0023086 -0.00340669 0.00344519 -0.00156977 0.00210503 0.00275242 0.000896465 -0.000778302 0.00340426 0.00429476 0.00346806 -0.000659026 0.00275132
internal_weight=3489 3404 563 2841 425 1109 718 391 207 606 1732 762 344 184
internal_count=3489 3404 563 2841 425 1109 718 391 207 606 1732 762 344 184
is_linear=0
shrinkage=0.05


Tree=29
num_leaves=15
num_cat=0
split_feature=0 0 2 5 4 10 2 12 7 11 9 8 3 7
split_gain=65.2284 7.42314 2.89039 1.48363 0.551517 0.396521 0.285046 0.281036 0.572568 0.235394 0.211572 0.210445 0.209133 0.198091
threshold=19.000000000000004 205.50000000000003 49.750000000000007 0.69201011679019586 53.785123853016863 11.500000000000002 92.750000000000014 0.3484035575467645 26.150000000000002 0.15632249006386423 63.500000000000007 99.500000000000014 216.50000000000003 28.650000000000002
decision_type=2 2 2 2 2 2 2 2 2 2 2 2 2 2
left_child=-1 2 -2 5 -4 -3 11 8 -5 -8 -7 -6 13 -12
right_child=1 3 4 7 6 10 9 -9 -10 -11 12 -13 -14 -15
leaf_value=-1.0380067771469716 -0.43917887556584462 -0.24567309775674739 -0.29831125647754098 0.6621436055695612 0.0060620225285903254 0.57972678417683976 0.0013763014505819378 3.9186391665202063 4.5542140712073573 0.28681214343630473 2.3727403749307174 -0.54237682045576241 0.58402894821344631 1.0828462474957343
leaf_weight=91 137 139 91 120 86 144 230 842 904 100 240 105 103 174
leaf_count=91 137 139 91 120 86 144 230 842 904 100 240 105 103 174
internal_value=0.00111934 0.00225877 -0.00212865 0.00349307 -0.000632091 0.00167702 9.50589e-06 0.0042651 0.00366375 0.000895523 0.00218468 -0.0015051 0.00265326 0.00315036
internal_weight=3506 3415 749 2666 612 800 521 1866 1024 330 661 191 517 414
internal_count=3506 3415 749 2666 612 800 521 1866 1024 330 661 191 517 414
is_linear=0
shrinkage=0.05


Tree=30
num_leaves=15
num_cat=0
split_feature=2 2 5 2 8 7 4 2 4 12 12 12 4 11
split_gain=60.8828 5.12688 1.72857 1.67717 1.02339 0.462219 0.598583 0.407954 0.389634 0.41811 0.406874 0.370372 0.288167 0.254088
threshold=22.750000000000004 190.25000000000003 0.72837803631454356 49.750000000000007 43.500000000000007 24.850000000000005 224.69687391006997 146.25000000000003 656.60053055237688 -0.15950993297387572 -0.90161545992537195 0.38043945030393422 455.02429612844099 -0.90163369914317015
decision_type=2 2 2 2 2 2 2 2 2 2 2 2 2 2
left_child=-1 3 8 -2 -5 6 -6 -7 11 10 -10 12 -3 -4
right_child=1 2 13 4 5 7 -8 -9 9 -11 -12 -13 -14 -15
leaf_value=-0.98610643828962297 -0.30133923577707472 0.48513525846064498 3.3422717096731178 -0.23575367756190913 0.1266772480256286 0.0082053811017146309 -0.84959935547269705 1.0617468861969603 2.0612391292356906 4.8782331229184921 0.43819799846470087 1.063204510299083 -0.55161843320383053 3.2470529894025377
leaf_weight=111 105 102 215 99 87 234 90 99 209 158 292 103 82 1528
leaf_count=111 105 102 215 99 87 234 90 99 209 158 292 103 82 1528
internal_value=0.001185 0.00239583 0.00339458 -0.001363 -0.000333876 0.000582524 -0.00145604 0.0016716 0.00166141 0.00232681 0.00159091 0.000119863 -0.00121693 0.0043278
internal_weight=3514 3403 2689 714 609 510 177 333 946 659 501 287 184 1743
internal_count=3514 3403 2689 714 609 510 177 333 946 659 501 287 184 1743
is_linear=0
shrinkage=0.05


Tree=31
num_leaves=15
num_cat=0
split_feature=0 0 2 5 8 12 11 7 12 12 6 7 4 4
split_gain=60.6473 5.52192 1.98664 1.92313 1.20599 0.891326 0.263781 0.229808 0.198568 0.338275 0.415572 0.322558 0.287141 0.220046
threshold=19.000000000000004 205.50000000000003 49.750000000000007 0.70068004047778187 40.500000000000007 -0.9575230291762723 -0.90163369914317015 27.450000000000003 -0.10837475778693638 -0.92272482904738262 0.2365609031523542 28.150000000000002 721.1962535656545 836.52790670521779
decision_type=2 2 2 2 2 2 2 2 2 2 2 2 2 2
left_child=-1 2 -2 8 -4 -6 7 -5 9 13 -11 -12 -10 -3
right_child=1 3 4 6 5 -7 -8 -9 12 10 11 -13 -14 -15
leaf_value=-0.93680111637514174 -0.51702724870636807 0.31133703619228831 -0.15095379617662361 1.5933657620033899 -0.64422839211374616 0.11529371585661743 3.3774533744537716 9.0403305026809289 0.68919317380322098 -0.87590145695063804 2.4633054884949015 -0.085500348330958209 5.1707936023705408 5.0765355763253011
leaf_weight=87 126 114 88 115 98 425 1574 136 147 96 152 151 95 97
leaf_count=87 126 114 88 115 98 425 1574 136 147 96 152 151 95 97
internal_value=0.00131346 0.00238959 -0.00143531 0.00344333 -0.000235389 0.000691288 0.00435792 0.00275391 0.00147025 0.00097561 0.000111386 0.00102273 0.00267206 0.00256944
internal_weight=3501 3414 737 2677 611 523 1825 251 852 610 399 303 242 211
internal_count=3501 3414 737 2677 611 523 1825 251 852 610 399 303 242 211
is_linear=0
shrinkage=0.05


Tree=32
num_leaves=15
num_cat=0
split_feature=0 2 5 7 2 2 3 5 7 12 7 3 5 8
split_gain=63.5196 5.17645 1.84322 1.21276 1.47853 1.16386 0.627354 0.454636 0.522758 0.431801 0.533541 0.257589 0.231797 0.17443
threshold=19.000000000000004 149.25000000000003 0.70068004047778187 27.150000000000002 52.750000000000007 210.75000000000003 8.5000000000000018 0.29379811085212176 25.550000000000004 -0.039769286347669845 27.450000000000003 8.5000000000000018 0.36042923394251408 67.500000000000014
decision_type=2 2 2 2 2 2 2 2 2 2 2 2 2 2
left_child=-1 3 7 4 -2 -4 -6 -3 -9 10 -7 -5 -8 -10
right_child=1 2 5 11 6 9 12 8 13 -11 -12 -13 -14 -15
leaf_value=-0.88996106055638458 -0.60890819515864014 1.5260183098577653 -0.079587994784238919 -0.23264425643740255 -0.45702505384156683 0.24840710157773632 -0.87709210340661414 -0.27512136398856196 0.89915353244582674 3.297683012179232 4.2914643245942399 0.34386886787405035 0.14446295454899347 0.83816522710219721
leaf_weight=91 107 83 92 114 94 127 81 82 147 1158 548 96 85 645
leaf_count=91 107 83 92 114 94 127 81 82 147 1158 548 96 85 645
internal_value=0.00111111 0.00222142 0.00308625 -0.00208763 -0.00380376 0.00397668 -0.00169811 0.00128378 0.000932878 0.0042519 0.00319853 0.000930233 0.000175439 0.00132999
internal_weight=3550 3459 2882 577 367 1925 260 957 874 1833 675 210 166 792
internal_count=3550 3459 2882 577 367 1925 260 957 874 1833 675 210 166 792
is_linear=0
shrinkage=0.05


Tree=33
num_leaves=15
num_cat=0
split_feature=0 0 5 2 4 12 6 6 5 11 10 6 10 6
split_gain=56.6896 5.35826 1.50754 1.28684 0.932106 0.667834 0.366992 0.293965 0.533458 0.339586 0.280177 0.271117 0.526444 0.325209
threshold=19.000000000000004 244.50000000000003 0.70068004047778187 42.750000000000007 53.785123853016863 -0.9575230291762723 0.78130453900864905 0.63641552910736487 0.50081944022707126 -0.40614700388750385 17.500000000000004 0.78763471048724398 14.500000000000002 0.36484951139258698
decision_type=2 2 2 2 2 2 2 2 2 2 2 2 2 2
left_child=-1 3 11 -2 -5 -6 7 8 9 -7 -11 13 -13 -3
right_child=1 2 -4 4 5 6 -8 -9 -10 10 -12 12 -14 -15
leaf_value=-0.86046300104656026 -0.33442817729480567 0.73966382977414702 3.4055371321365691 -0.3370380517548362 -0.84109883047791001 -0.27921456674517753 0.3219923358244387 -0.23811497794566311 0.3841640580604106 0.86978233623697543 -0.020879824103143908 2.5244313939653837 -0.43846279729111393 2.5488991696823735
leaf_weight=88 101 230 1800 88 100 165 128 89 90 81 81 130 98 266
leaf_count=88 101 230 1800 88 100 165 128 89 90 81 81 130 98 266
internal_value=0.00132062 0.00235661 0.00354686 -0.000899784 -0.000229746 0.000365359 0.000970266 0.000352251 0.000912322 -4.51805e-05 0.00155689 0.00160494 0.000171674 0.00225549
internal_weight=3535 3447 2524 923 822 734 634 506 417 327 162 724 228 496
internal_count=3535 3447 2524 923 822 734 634 506 417 327 162 724 228 496
is_linear=0
shrinkage=0.05


Tree=34
num_leaves=15
num_cat=0
split_feature=0 2 5 7 2 2 3 6 11 11 12 6 9 12
split_gain=62.2684 4.63633 1.94069 0.927852 0.811774 0.578001 0.552912 0.515204 0.353459 0.403487 0.507539 0.428848 0.297352 0.264769
threshold=19.000000000000004 149.25000000000003 0.72837803631454356 26.550000000000004 210.75000000000003 52.750000000000007 7.5000000000000009 0.2115577775900423 0.92273069556937592 -0.25205528343633254 -0.58481178939031186 0.84266145411462223 66.500000000000014 0.11478523713130605
decision_type=2 2 2 2 2 2 2 2 2 2 2 2 2 2
left_child=-1 3 8 5 -4 -2 -7 -5 9 10 -3 -11 -9 -6
right_child=1 2 4 7 13 6 -8 12 -10 11 -12 -13 -14 -15
leaf_value=-0.80243985747623725 -0.5110377197421051 -0.23422740541974496 -0.034047867240685904 0.56846224419704983 2.7326408551299539 -0.38241704992089182 0.029087202549974323 0.026114483736163943 -0.22511323076018441 1.6756507037825763 1.3174302918590701 0.01437593288169281 -0.21996805250843648 3.0606420874878535
leaf_weight=93 95 233 91 83 760 80 144 87 81 323 325 99 84 970
leaf_count=93 95 233 91 83 760 80 144 87 81 323 325 99 84 970
internal_value=0.00119336 0.00230491 0.00312089 -0.00179066 0.00411008 -0.00356481 -0.00209607 0.000463321 0.00141182 0.00167513 0.000781528 0.00283372 -0.00110795 0.00435159
internal_weight=3548 3455 2882 573 1821 319 224 254 1061 980 558 422 171 1730
internal_count=3548 3455 2882 573 1821 319 224 254 1061 980 558 422 171 1730
is_linear=0
shrinkage=0.05


Tree=35
num_leaves=15
num_cat=0
split_feature=0 0 5 2 4 4 12 7 3 11 11 4 5 12
split_gain=58.4002 5.17745 1.43613 0.889565 0.912479 0.775608 0.39722 0.432265 0.32548 0.289494 0.64353 0.664747 0.402842 0.45014
threshold=19.000000000000004 255.50000000000003 0.72837803631454356 73.250000000000014 57.089627456397757 209.82136977285859 0.11478523713130605 29.050000000000004 -50.499999999999993 -0.23537230790205757 -0.82415615971448097 219.22127026261342 0.38941361770299376 0.1318557721318592
decision_type=2 2 2 2 2 2 2 2 2 2 2 2 2 2
left_child=-1 3 -3 5 -5 -2 7 8 -4 10 -6 -12 -11 -14
right_child=1 2 6 4 9 -7 -8 -9 -10 12 11 -13 13 -15
leaf_value=-0.77231785804591446 -0.028882099654398277 1.2341703930750936 -0.24864520521123912 -0.25018431543062375 0.71125193800407305 -0.86487933067255962 3.4210301910067131 4.5977874112348536 1.0679727218844928 0.82918918646529927 0.11753489926564163 -0.48630813537832407 -0.4453962989547085 0.09871947314493229
leaf_weight=89 149 791 105 98 132 87 943 522 96 98 82 119 100 96
leaf_count=89 149 791 105 98 132 87 943 522 96 98 82 119 100 96
internal_value=0.0010635 0.00212971 0.00334484 -0.000978261 -0.00010274 -0.00360996 0.00417714 0.00324863 0.00123786 0.000609177 -0.000399408 -0.00216019 0.00173913 0.00039801
internal_weight=3507 3418 2457 961 725 236 1666 723 201 627 333 201 294 196
internal_count=3507 3418 2457 961 725 236 1666 723 201 627 333 201 294 196
is_linear=0
shrinkage=0.05


Tree=36
num_leaves=15
num_cat=0
split_feature=2 2 5 2 2 8 8 4 12 12 7 10 12 12
split_gain=51.7875 6.29131 1.67315 0.955505 0.755718 0.534774 0.419558 0.40823 0.38384 0.376552 0.350615 0.336477 0.238168 0.466939
threshold=15.250000000000002 149.25000000000003 0.72837803631454356 52.750000000000007 215.50000000000003 99.500000000000014 63.500000000000007 656.60053055237688 0.21652257995689161 -0.77243990499604276 26.150000000000002 14.500000000000002 -0.90161545992537195 -0.15950993297387572
decision_type=2 2 2 2 2 2 2 2 2 2 2 2 2 2
left_child=-1 3 7 -2 -4 6 -5 9 10 -3 -6 -7 -9 -14
right_child=1 2 4 5 8 11 -8 12 -10 -11 -12 -13 13 -15
leaf_value=-0.76370196559065351 -0.28152604420639921 -0.20473143966854668 -0.019836258107120742 -0.018486251225818161 0.33883188433082612 -0.50699384605544673 0.42126821177004897 1.8620255223602418 2.862528363780608 0.30185502025645344 3.4978222166600852 -0.53251074109436758 0.6470521877883344 4.461581079787984
leaf_weight=83 157 81 91 103 103 83 96 233 898 272 734 131 295 156
leaf_count=83 157 81 91 103 103 83 96 233 898 272 734 131 295 156
internal_value=0.00111616 0.00208406 0.0030387 -0.00269565 0.00394866 -0.00139952 0.000465686 0.00142514 0.00418103 4.18996e-05 0.00336698 -0.00310502 0.00213353 0.0014364
internal_weight=3516 3433 2863 570 1826 413 199 1037 1735 353 837 214 684 451
internal_count=3516 3433 2863 570 1826 413 199 1037 1735 353 837 214 684 451
is_linear=0
shrinkage=0.05


Tree=37
num_leaves=15
num_cat=0
split_feature=0 0 2 8 12 12 7 7 11 12 10 3 12 5
split_gain=52.8636 4.89825 1.75974 1.12381 0.647167 0.519786 0.404232 0.490498 0.528986 0.485685 0.62088 0.525345 0.375149 0.47213
threshold=19.000000000000004 387.50000000000006 58.750000000000007 69.500000000000014 -0.6523320455745395 -0.048362832084465616 23.350000000000005 34.550000000000004 0.02042587909481499 -0.58481178939031186 11.500000000000002 49.500000000000007 0.097680735332368748 0.60975469041838326
decision_type=2 2 2 2 2 2 2 2 2 2 2 2 2 2
left_child=-1 2 4 -3 -2 -5 -4 8 9 10 -8 -12 -11 -14
right_child=1 3 6 5 -6 -7 7 -9 -10 12 11 -13 13 -15
leaf_value=-0.68551687342059697 -0.7046986335973493 4.9439930870279856 -0.09669539510378157 1.4045624907066203 -0.013361692461358389 4.9356007441665914 -0.49711687813945704 -0.31673935322174129 0.31504479743879599 1.4420635739522678 -0.32185377248656649 1.2419029273280551 -0.14393128860715676 0.8627520144442109
leaf_weight=90 82 1247 141 506 94 250 129 98 377 141 104 82 113 93
leaf_count=90 82 1247 141 506 94 250 129 98 377 141 104 82 113 93
internal_value=0.00100929 0.00201762 -0.000191912 0.00361803 -0.00480663 0.00207622 0.00045986 0.000774956 0.00109674 0.00023988 -0.00117187 0.000680628 0.00151989 0.00014218
internal_weight=3547 3457 1454 2003 176 756 1278 1137 1039 662 315 186 347 206
internal_count=3547 3457 1454 2003 176 756 1278 1137 1039 662 315 186 347 206
is_linear=0
shrinkage=0.05


Tree=38
num_leaves=15
num_cat=0
split_feature=0 0 12 0 0 4 11 4 10 6 6 8 11 7
split_gain=56.6569 6.11936 1.39758 1.42788 1.25811 0.790648 0.781238 0.949003 0.812291 0.691542 0.479981 0.440591 0.414397 0.407637
threshold=12.500000000000002 244.50000000000003 0.38043945030393422 549.50000000000011 46.500000000000007 169.89167813732209 0.02042587909481499 207.20338916788958 11.500000000000002 0.78763471048724398 0.92299130641422844 54.500000000000007 0.70290292807158605 26.650000000000002
decision_type=2 2 2 2 2 2 2 2 2 2 2 2 2 2
left_child=-1 4 3 9 -2 11 7 -7 -9 13 -11 -6 -12 -3
right_child=1 2 -4 -5 5 6 -8 8 -10 10 12 -13 -14 -15
leaf_value=-0.70124102974956726 -0.22245572242500564 0.0028651750464248811 2.9096526089159482 6.8127743199464579 -0.096123765001283168 0.45717135112015433 0.47665237701791369 -0.794333036439687 -0.042619367845306087 -0.38813615407639435 -0.15110727609341745 -0.077987177517624739 0.75575042069908305 1.8449423860572463
leaf_weight=80 123 148 881 827 93 80 219 90 247 117 145 90 87 302
leaf_count=80 123 148 881 827 93 80 219 90 247 117 145 90 87 302
internal_value=0.000918223 0.00190938 0.00319865 0.0023176 -0.00152059 -0.000794903 4.68021e-05 -0.00122038 -0.00238304 0.000802239 -0.000861582 -0.00364362 0.000464135 0.00208791
internal_weight=3529 3449 2507 1626 942 819 636 417 337 799 349 183 232 450
internal_count=3529 3449 2507 1626 942 819 636 417 337 799 349 183 232 450
is_linear=0
shrinkage=0.05


Tree=39
num_leaves=15
num_cat=0
split_feature=2 0 8 2 4 2 7 12 12 9 0 3 3 4
split_gain=46.8263 5.08069 1.54927 1.2386 0.621789 0.514441 0.488821 0.604419 0.402682 0.745395 0.622728 0.387486 0.601276 0.623093
threshold=15.250000000000002 322.50000000000006 69.500000000000014 52.750000000000007 669.66763864660913 766.75000000000011 34.45000000000001 -0.88620506325989179 -0.022575793296316496 96.500000000000014 483.50000000000006 11.500000000000002 -12.499999999999998 201.12507087711228
decision_type=2 2 2 2 2 2 2 2 2 2 2 2 2 2
left_child=-1 3 -3 -2 6 8 7 -5 9 -4 -10 12 13 -9
right_child=1 2 5 4 -6 -7 -8 11 10 -11 -12 -13 -14 -15
leaf_value=-0.61617897826208878 -0.18513528125346199 3.6030217169433381 -0.70833536039269018 -0.40995002341932907 1.2255668624789706 9.7700003799208552 -0.26154074799323995 0.38887538783744724 -0.11312139329646008 1.0855846819878374 8.088866124531771 0.43061768063513189 -0.059203492128128234 -0.0045144295804128856
leaf_weight=85 155 1294 143 212 133 110 93 96 80 419 146 183 145 229
leaf_count=85 155 1294 143 212 133 110 93 96 80 419 146 183 145 229
internal_value=0.000882937 0.00181237 0.00325899 -0.000735411 -0.000132299 0.00165006 -0.000581516 -0.000201149 0.00118537 0.000458554 0.00294372 0.000554711 -0.000210526 0.000984849
internal_weight=3523 3438 2192 1246 1091 898 958 865 788 562 226 653 470 325
internal_count=3523 3438 2192 1246 1091 898 958 865 788 562 226 653 470 325
is_linear=0
shrinkage=0.05


Tree=40
num_leaves=15
num_cat=0
split_feature=0 0 8 1 5 3 2 0 12 12 10 4 0 4
split_gain=39.0775 5.15512 1.28493 1.01509 0.897842 0.726742 0.622324 0.960921 0.59858 0.519837 0.667178 0.423923 0.376721 0.30629
threshold=19.000000000000004 387.50000000000006 69.500000000000014 32.500000000000007 0.29379811085212176 9.5000000000000018 149.25000000000003 82.500000000000014 -0.022575793296316496 -0.57077231802681661 11.500000000000002 696.3299064313245 181.50000000000003 657.44905975554786
decision_type=2 2 2 2 2 2 2 2 2 2 2 2 2 2
left_child=-1 3 -3 4 -2 6 7 -5 11 10 -7 -4 -8 -12
right_child=1 2 8 5 -6 9 12 -9 -10 -11 13 -13 -14 -15
leaf_value=-0.58537002934898441 -0.68083993777301344 4.4196011452152417 -0.40347861247931205 -0.0037429197980131928 0.019298526707362908 -0.22961129258751864 0.24129085003148015 -0.3313176635421185 5.7739108523086005 0.53715498216203172 0.085276536166811745 2.3839752031975601 -0.01944525128148927 1.4015143210139545
leaf_weight=87 80 1226 109 135 84 111 124 96 246 161 81 406 495 92
leaf_count=87 80 1226 109 135 84 111 124 96 246 161 81 406 495 92
internal_value=0.00102176 0.00187772 0.00353163 -0.000379098 -0.00402367 9.6154e-05 -0.000760234 -0.00294492 0.00189948 0.00172222 0.000415225 0.000913462 7.21156e-05 0.00233146
internal_weight=3533 3446 1987 1459 164 1295 850 231 761 445 284 515 619 173
internal_count=3533 3446 1987 1459 164 1295 850 231 761 445 284 515 619 173
is_linear=0
shrinkage=0.05


Tree=41
num_leaves=15
num_cat=0
split_feature=2 0 2 7 12 11 11 12 12 6 1 2 3 0
split_gain=43.8985 4.09953 1.1186 0.791399 0.611418 0.804923 0.519054 0.632492 0.450388 0.423639 0.382797 0.327082 0.318892 0.317094
threshold=15.250000000000002 540.50000000000011 149.25000000000003 25.850000000000005 -0.048362832084465616 -0.70291267844185523 0.92922379131507438 -0.57782411410281842 -0.92272482904738262 0.71464235800635112 27.500000000000004 577.25000000000011 7.5000000000000009 238.50000000000003
decision_type=2 2 2 2 2 2 2 2 2 2 2 2 2 2
left_child=-1 2 3 10 5 -3 7 8 9 -4 -2 -7 -12 -9
right_child=1 4 6 -5 -6 11 -8 13 -10 -11 12 -13 -14 -15
leaf_value=-0.55610152788153522 -0.55770389446113044 -0.74114609427249756 1.5080873799153123 0.0076997723190455726 9.6362374084103521 1.0762015448064426 -0.25454463350145379 0.064308010864192078 -0.16056936117498077 -0.083948846957288187 -0.23934668344586085 8.2509498265090535 0.041075154832875042 1.1878959109126834
leaf_weight=83 88 103 171 309 777 81 141 180 323 80 86 388 92 593
leaf_count=83 88 103 171 309 777 81 141 180 323 80 86 388 92 593
internal_value=0.00095 0.00184665 0.000442457 -0.00142241 0.00398449 0.00270364 0.00116544 0.0014682 0.000207254 0.00177734 -0.00339483 0.00357595 -0.00196721 0.00239717
internal_weight=3495 3412 2063 575 1349 572 1488 1347 574 251 266 469 178 773
internal_count=3495 3412 2063 575 1349 572 1488 1347 574 251 266 469 178 773
is_linear=0
shrinkage=0.05


Tree=42
num_leaves=15
num_cat=0
split_feature=0 0 0 4 12 5 12 9 1 12 6 9 0 12
split_gain=43.442 3.50791 1.23128 0.624832 0.733069 0.647525 0.622433 0.625133 0.516153 0.442308 0.416694 0.72882 0.371226 0.354202
threshold=19.000000000000004 549.50000000000011 147.50000000000003 94.497996038906692 0.38043945030393422 0.6582957884789048 -0.048362832084465616 88.500000000000014 29.500000000000004 -0.94703994556331683 0.76031837616300824 65.500000000000014 688.50000000000011 -0.59867820553660911
decision_type=2 2 2 2 2 2 2 2 2 2 2 2 2 2
left_child=-1 2 8 -4 10 -6 7 -3 -2 -10 -5 -12 -9 -11
right_child=1 6 3 4 5 -7 -8 12 9 13 11 -13 -14 -15
leaf_value=-0.52829645148745841 -0.41242091831988459 7.8615785093756063 -0.023203489183099286 0.64081372635374534 0.072141050884433885 1.2060460377696147 9.9979023153747963 -0.31655634795568299 -0.44993733398713137 0.15013836207792197 0.60404997959026385 -0.50928354533100162 5.1113631347290545 -0.02735995866052468
leaf_weight=89 123 332 91 617 111 322 762 130 85 97 248 199 100 216
leaf_count=89 123 332 91 617 111 322 762 130 85 97 248 199 100 216
internal_value=0.00103771 0.00195317 0.000683538 0.00137476 0.00162117 0.00334475 0.00396539 0.00266314 -0.00141635 -0.000521092 0.00090739 -0.000254425 0.000638298 0.000361635
internal_weight=3522 3433 2109 1588 1497 433 1324 562 521 398 1064 447 230 313
internal_count=3522 3433 2109 1588 1497 433 1324 562 521 398 1064 447 230 313
is_linear=0
shrinkage=0.05


Tree=43
num_leaves=15
num_cat=0
split_feature=0 2 12 0 12 8 7 1 11 5 4 4 0 0
split_gain=55.6762 4.31377 1.11544 0.812863 0.668865 0.580325 0.876852 0.611774 0.603623 0.586121 0.434803 0.427257 0.417319 0.352293
threshold=12.500000000000002 405.75000000000006 -0.031174269516803289 785.50000000000011 -0.24372464231556024 99.500000000000014 27.050000000000004 37.500000000000007 0.92922379131507438 0.43342140174283761 94.497996038906692 665.57586236454915 688.50000000000011 459.50000000000006
decision_type=2 2 2 2 2 2 2 2 2 2 2 2 2 2
left_child=-1 5 3 4 12 8 7 -7 10 11 -2 -9 -3 -4
right_child=1 2 13 -5 -6 6 -8 9 -10 -11 -12 -13 -14 -15
leaf_value=-0.50188162891308552 -0.016626147213077612 0.87543526609853972 1.1833417459747324 14.813282201366826 -1.6276433101335099 -0.6549929895384965 0.27172924105514651 -0.28349437342595257 -0.23081492874146653 -0.917579292702423 0.20809083409775664 0.82162907294772813 5.9999205809245968 6.9482620566660405
leaf_weight=81 113 443 109 217 97 116 200 99 126 133 633 105 95 946
leaf_count=81 113 443 109 217 97 116 200 99 126 133 633 105 95 946
internal_value=0.000842809 0.0018359 0.00341789 0.00205368 0.00113281 -0.000147059 -0.001269 -0.00247817 0.000695553 -0.00135965 0.00123835 0.000334928 0.0018232 0.00450472
internal_weight=3513 3432 1907 852 635 1525 653 453 872 337 746 204 538 1055
internal_count=3513 3432 1907 852 635 1525 653 453 872 337 746 204 538 1055
is_linear=0
shrinkage=0.05


Tree=44
num_leaves=15
num_cat=0
split_feature=2 0 12 12 11 2 4 6 4 5 9 3 1 8
split_gain=46.2128 3.52564 1.0215 0.735059 0.834729 0.676904 0.756703 0.562457 0.500156 0.466348 0.398811 0.584986 0.583914 0.451737
threshold=15.250000000000002 542.50000000000011 0.38043945030393422 -0.048362832084465616 -0.70291267844185523 84.750000000000014 202.25304896276327 0.57868831968696122 114.17365714260659 0.70727112692049643 61.500000000000007 -35.499999999999993 437.50000000000006 41.500000000000007
decision_type=2 2 2 2 2 2 2 2 2 2 2 2 2 2
left_child=-1 2 5 4 -3 6 -2 -7 -4 -10 13 12 -12 -9
right_child=1 3 8 -5 -6 7 -8 10 9 -11 11 -13 -14 -15
leaf_value=-0.47678754746743118 0.01621660341104882 -0.81829179388030637 -0.0034393101086613838 8.3921939816489015 5.4972487629393152 0.39397436163814781 -0.63339573070659361 -0.28031798294893523 0.12642258683491933 1.2568468112522251 -0.97075088473635052 0.14793745813086859 -0.18630054620568495 0.99695252787422717
leaf_weight=84 121 107 91 792 468 565 133 89 236 247 87 102 184 217
leaf_count=84 121 107 91 792 468 565 133 89 236 247 87 102 184 217
internal_value=0.000967971 0.00188589 0.000582571 0.00385204 0.0024569 -0.000106454 -0.00243243 0.000376301 0.00236615 0.00300205 -0.000592105 -0.00167989 -0.00288043 0.00073955
internal_weight=3523 3439 2072 1367 575 1498 254 1244 574 483 679 373 271 306
internal_count=3523 3439 2072 1367 575 1498 254 1244 574 483 679 373 271 306
is_linear=0
shrinkage=0.05


Tree=45
num_leaves=15
num_cat=0
split_feature=2 0 8 2 11 4 8 7 5 5 3 12 12 4
split_gain=43.1882 4.23839 1.29401 0.691865 0.672553 0.559003 0.86547 0.554224 0.780947 0.53583 0.591242 0.442037 0.48437 0.410264
threshold=15.250000000000002 391.50000000000006 69.500000000000014 149.25000000000003 0.92922379131507438 721.1962535656545 93.500000000000014 25.850000000000005 0.32015322914528282 0.34966832226972505 8.5000000000000018 -0.68432604233786842 -0.97874870457683594 104.00414500727807
decision_type=2 2 2 2 2 2 2 2 2 2 2 2 2 2
left_child=-1 3 -3 7 13 6 -4 8 -2 -9 -11 12 -7 -5
right_child=1 2 5 4 -6 11 -8 9 -10 10 -12 -13 -14 -15
leaf_value=-0.47794816376106608 -0.5868646466948263 4.0491831933682274 -1.1813996433629261 -0.021040041822159281 -0.38555180547214363 5.4036906633967483 1.5932638978654636 0.088580926176600572 -0.0097513053643378377 -0.23066383540309407 0.066720014125257965 4.486608232579461 -0.39494869826917461 0.52504943021489969
leaf_weight=86 129 1237 90 81 86 83 88 140 141 90 87 317 147 736
leaf_count=86 129 1237 90 81 86 83 88 140 141 90 87 317 147 736
internal_value=0.000815693 0.00170957 0.00323335 -0.000301003 0.000567181 0.0015411 -0.000874317 -0.00163007 -0.00327273 -0.000201863 -0.00200549 0.0023279 0.000638298 0.00101582
internal_weight=3538 3452 1962 1490 903 725 178 587 270 317 177 547 230 817
internal_count=3538 3452 1962 1490 903 725 178 587 270 317 177 547 230 817
is_linear=0
shrinkage=0.05


Tree=46
num_leaves=15
num_cat=0
split_feature=2 2 0 12 5 0 2 7 5 6 6 5 5 11
split_gain=45.4623 3.78201 0.799237 0.860042 0.666093 0.506201 0.587494 0.52701 0.593216 0.502128 0.547603 0.493701 0.487965 0.44072
threshold=15.250000000000002 573.25000000000011 255.50000000000003 0.38043945030393422 0.70727112692049643 228.50000000000003 149.25000000000003 25.850000000000005 0.34966832226972505 0.78763471048724398 1.2724053769432511 0.32015322914528282 0.70727112692049643 -0.25205528343633254
decision_type=2 2 2 2 2 2 2 2 2 2 2 2 2 2
left_child=-1 2 5 9 -3 6 7 11 -9 13 -11 -2 -5 -4
right_child=1 4 3 12 -6 -7 -8 8 -10 10 -12 -13 -14 -15
leaf_value=-0.45905075564751857 -0.50781732766450338 2.3246602186604313 0.029582871761849816 0.59827451797034059 8.6740402714681082 -0.38513724982117808 0.14919678875999295 0.14015238561392326 -0.16091970299149805 -0.52497086529841985 0.58298292356936432 -0.0077710292484998861 1.157157411741405 1.497940451157205
leaf_weight=85 124 159 272 82 1144 122 303 127 167 168 115 135 262 249
leaf_count=85 124 159 272 82 1144 122 303 127 167 168 115 135 262 249
internal_value=0.000915033 0.00183314 0.000530268 0.00142238 0.00394878 -0.00051882 -8.13006e-05 -0.00104839 0.000401338 0.00051916 -0.00116319 -0.00267045 0.0034957 0.00143536
internal_weight=3514 3429 2126 1148 1303 978 856 553 294 804 283 259 344 521
internal_count=3514 3429 2126 1148 1303 978 856 553 294 804 283 259 344 521
is_linear=0
shrinkage=0.05


Tree=47
num_leaves=15
num_cat=0
split_feature=0 0 12 11 12 1 11 0 6 11 6 3 12 12
split_gain=38.9571 3.15973 1.1968 0.848848 0.760766 0.699998 0.575944 0.511874 0.480713 0.550924 0.481427 0.702176 0.695036 0.668864
threshold=19.000000000000004 549.50000000000011 0.38043945030393422 -0.98214942551678475 -0.16799793862756093 32.500000000000007 -0.70291267844185523 285.50000000000006 0.70151441069221365 -0.21861968191509915 1.1196459264209657 -69.499999999999986 -0.30164489695395946 -0.78324956448884031
decision_type=2 2 2 2 2 2 2 2 2 2 2 2 2 2
left_child=-1 2 3 -2 6 -5 -3 -4 9 -7 12 -12 13 -10
right_child=1 4 7 5 -6 8 -8 -9 10 -11 11 -13 -14 -15
leaf_value=-0.40609822412363034 0.78572417116590643 -0.42708974089661211 0.013482966130619096 -0.45538256840159158 8.2607727217286442 -0.082282877524281789 4.4461795231045222 1.1097784351534081 -0.39315152291801014 0.40696470868298856 1.8013194746810084 -0.29030879377843721 -0.92477170781915496 1.5823344069256153
leaf_weight=92 128 94 268 133 824 355 402 321 112 340 105 162 92 83
leaf_count=92 128 94 268 133 824 355 402 321 112 340 105 162 92 83
internal_value=0.000939989 0.00182389 0.000615494 -0.000132013 0.00373585 -0.000497476 0.00215569 0.00251684 -0.000123604 0.00075 -0.00121646 0.0003125 -0.00261986 -0.000875
internal_weight=3511 3419 2099 1510 1320 1382 496 589 1249 695 554 267 287 195
internal_count=3511 3419 2099 1510 1320 1382 496 589 1249 695 554 267 287 195
is_linear=0
shrinkage=0.05


Tree=48
num_leaves=15
num_cat=0
split_feature=2 0 12 0 12 4 0 8 11 11 8 3 12 4
split_gain=43.8964 3.44172 1.21713 0.851125 0.579129 0.811003 0.543758 0.54971 0.659934 0.479255 0.532345 0.429455 0.376403 0.373891
threshold=15.250000000000002 459.50000000000006 -0.039769286347669845 692.50000000000011 0.44312301391210612 846.3125449997633 147.50000000000003 33.500000000000007 0.02042587909481499 -0.48314718476766422 92.500000000000014 -84.499999999999986 -0.25206183926700709 219.22127026261342
decision_type=2 2 2 2 2 2 2 2 2 2 2 2 2 2
left_child=-1 4 3 -3 5 6 13 -8 9 10 -9 -10 -5 -2
right_child=1 2 -4 12 -6 -7 7 8 11 -11 -12 -13 -14 -15
leaf_value=-0.38579331291744884 -0.12764684592353109 0.42611467616942439 5.5594472144382818 9.0946502978462345 0.10091696241259313 1.3392302365205293 -0.60422189625074962 -1.0715038358234894 -0.088071044758407574 -0.8991632100519068 0.44909084161768376 0.93658421169751327 2.7985898091536545 -0.45213072539009486
leaf_weight=85 205 401 945 264 433 129 84 87 80 117 212 178 80 176
leaf_count=85 205 401 945 264 433 129 84 87 80 117 212 178 80 176
internal_value=0.000856076 0.00176826 0.00336283 0.00183333 0.000178781 -0.000361351 -0.000791084 -1.3106e-05 0.000471281 -0.000760095 0.0003125 0.00243346 0.00363897 -0.00231865
internal_weight=3476 3391 1690 745 1701 1268 1139 758 674 416 299 258 344 381
internal_count=3476 3391 1690 745 1701 1268 1139 758 674 416 299 258 344 381
is_linear=0
shrinkage=0.05


Tree=49
num_leaves=15
num_cat=0
split_feature=2 2 11 8 4 1 10 8 6 5 5 4 7 3
split_gain=37.1327 3.21132 0.600189 0.869519 0.714023 0.53614 0.536356 0.77008 0.536172 0.487288 0.449394 0.380262 0.343689 0.27016
threshold=15.250000000000002 581.25000000000011 0.98667101781630195 69.500000000000014 94.497996038906692 22.500000000000004 11.500000000000002 88.500000000000014 0.54112266909448037 0.70068004047778187 0.52174864670411647 423.49124447907383 29.050000000000004 -37.499999999999993
decision_type=2 2 2 2 2 2 2 2 2 2 2 2 2 2
left_child=-1 2 3 4 -2 -5 10 8 -8 -3 -7 -9 -13 -12
right_child=1 9 -4 5 -6 6 7 11 -10 -11 13 12 -14 -15
leaf_value=-0.41650364131111195 -0.013650973429322272 2.7769577213299548 -0.35032328902288495 -0.37831977053125332 0.33384126567048239 -0.56410552185927454 0.14841267398500343 -0.089116696881444482 -0.8746222031555011 7.8898345857022862 -0.2849347481986681 1.181169694194401 0.50574214240657323 0.14242473083051499
leaf_weight=81 85 142 82 93 654 100 98 132 82 1145 158 365 104 196
leaf_count=81 85 142 82 93 654 100 98 132 82 1145 158 365 104 196
internal_value=0.00111726 0.00192677 0.000740483 0.000909749 0.00227823 0.000142536 0.000423387 0.00121501 -0.00162162 0.00389706 -0.000936819 0.00207096 0.00273207 -8.35653e-05
internal_weight=3517 3436 2149 2067 739 1328 1235 781 180 1287 454 601 469 354
internal_count=3517 3436 2149 2067 739 1328 1235 781 180 1287 454 601 469 354
is_linear=0
shrinkage=0.05


Tree=50
num_leaves=15
num_cat=0
split_feature=4 0 12 11 2 12 5 12 0 6 11 11 6 5
split_gain=28.6769 3.09043 0.827438 0.819066 0.652377 0.793556 0.424293 0.543933 0.571155 0.559919 0.668284 1.07459 0.647991 0.423366
threshold=33.232423289957843 533.50000000000011 -0.039769286347669845 -0.70291267844185523 138.25000000000003 -0.88620506325989179 0.29379811085212176 0.38043945030393422 252.50000000000003 0.74797282433170753 -0.25205528343633254 -0.82415615971448097 1.2724053769432511 0.76927127682936891
decision_type=2 2 2 2 2 2 2 2 2 2 2 2 2 2
left_child=-1 4 3 -3 5 -2 -6 9 -9 10 11 -8 -11 -10
right_child=1 2 -4 -5 6 -7 7 8 13 12 -12 -13 -14 -15
leaf_value=-0.43567845909654479 -0.40308159592680248 -1.2995295373521809 6.8589278199369579 4.8283857800087384 1.1183009128941628 0.005197728799075204 0.72612207551731789 -0.0071422567397785297 0.83732284420690073 -0.42029309252627045 1.3477311529213571 -0.7218315429085147 0.5002392178017131 0.89655149173154491
leaf_weight=83 178 112 800 495 95 371 128 124 149 293 207 136 168 188
leaf_count=83 178 112 800 495 95 371 128 124 149 293 207 136 168 188
internal_value=0.00108579 0.00180342 0.00360127 0.00218137 0.000555828 -0.000911552 0.00109846 0.000869099 0.00226395 0.000170758 0.00137605 -0.000297398 -0.00106223 0.00331871
internal_weight=3527 3444 1407 607 2037 549 1488 1393 461 932 471 264 461 337
internal_count=3527 3444 1407 607 2037 549 1488 1393 461 932 471 264 461 337
is_linear=0
shrinkage=0.05


Tree=51
num_leaves=15
num_cat=0
split_feature=4 0 11 7 12 0 9 7 11 4 12 4 5 7
split_gain=33.2318 2.82987 0.786833 0.794692 0.731648 0.807485 0.639668 0.72276 0.805924 0.792573 0.57475 0.701721 0.60675 0.557763
threshold=33.232423289957843 549.50000000000011 0.98667101781630195 29.250000000000004 -0.039769286347669845 692.50000000000011 5.5000000000000009 28.050000000000004 -0.70291267844185523 104.00414500727807 0.3484035575467645 495.29926811209822 0.70727112692049643 29.150000000000002
decision_type=2 2 2 2 2 2 2 2 2 2 2 2 2 2
left_child=-1 2 3 6 5 13 -2 9 -9 -8 11 -11 -12 -3
right_child=1 4 -4 -5 -6 -7 7 8 -10 10 12 -13 -14 -15
leaf_value=-0.39889453591820012 0.23300586123229394 2.2728816997471548 -0.53704613764610176 0.29028812068839788 6.9823963843122527 6.4821630417732017 -0.087380194630875763 -1.280879655640135 -0.047091819965360271 -0.038959825117260455 0.0051156589374404694 0.81837840028350706 1.0242985638420243 -1.1462148268264134
leaf_weight=86 142 95 81 460 761 338 134 80 118 422 97 403 157 131
leaf_count=86 142 95 81 460 761 338 134 80 118 422 97 403 157 131
internal_value=0.00103276 0.00182389 0.000676513 0.000874629 0.00362782 0.00223199 0.000330552 3.53126e-06 -0.00275862 0.000463875 0.000917897 0.000271085 0.00297297 -8.65799e-05
internal_weight=3505 3419 2094 2013 1325 564 1553 1411 198 1213 1079 825 254 226
internal_count=3505 3419 2094 2013 1325 564 1553 1411 198 1213 1079 825 254 226
is_linear=0
shrinkage=0.05


Tree=52
num_leaves=15
num_cat=0
split_feature=2 2 12 0 8 12 7 4 3 12 12 12 7 7
split_gain=29.4627 3.22407 0.766815 0.763856 0.69623 0.679646 0.860054 0.593331 0.574923 0.509212 0.947214 0.57264 0.542733 0.68835
threshold=15.250000000000002 581.25000000000011 0.38043945030393422 252.50000000000003 38.500000000000007 -0.039769286347669845 29.950000000000003 830.64373784301586 257.50000000000006 -0.88620506325989179 -0.97111920233974802 -0.73865259438682551 34.550000000000004 29.150000000000002
decision_type=2 2 2 2 2 2 2 2 2 2 2 2 2 2
left_child=-1 2 7 4 -4 6 -3 9 -9 10 -2 -11 13 -13
right_child=1 5 3 -5 -6 -7 -8 8 -10 11 -12 12 -14 -15
leaf_value=-0.30394981545528355 0.051901597524520553 -0.51213620862821585 -0.019013755425082109 0.8126745185372789 0.087265747896960261 7.4845223916957595 5.76536095683295 1.3352452436093127 -1.2420533294979965 0.50706370842704274 -0.41271387974132329 -0.091796246253737848 -0.52895357854742941 0.3433292181616352
leaf_weight=80 208 160 82 365 164 751 389 218 80 157 189 431 120 162
leaf_count=80 208 160 82 365 164 751 389 218 80 157 189 431 120 162
internal_value=0.000850885 0.0015599 0.00038056 0.001875 -0.000278884 0.0035249 0.00215704 -0.000207006 0.00178218 -0.000680031 -0.00215174 1.852e-10 -0.000605849 2.50838e-05
internal_weight=3556 3476 2176 611 246 1300 549 1565 298 1267 397 870 713 593
internal_count=3556 3476 2176 611 246 1300 549 1565 298 1267 397 870 713 593
is_linear=0
shrinkage=0.05


Tree=53
num_leaves=15
num_cat=0
split_feature=2 0 8 2 9 3 11 7 11 4 8 4 2 10
split_gain=27.6017 2.72941 0.867376 1.09698 1.002 0.701668 0.792929 0.323324 0.390889 0.566193 0.547996 0.510842 0.62358 0.440891
threshold=15.250000000000002 692.50000000000011 69.500000000000014 359.25000000000006 85.500000000000014 -28.499999999999996 0.534952257794027 34.550000000000004 0.69676570133721638 656.60053055237688 82.500000000000014 202.25304896276327 70.250000000000014 12.500000000000002
decision_type=2 2 2 2 2 2 2 2 2 2 2 2 2 2
left_child=-1 2 3 4 5 -2 -7 8 9 11 -11 -4 -13 -12
right_child=1 -3 7 -5 -6 6 -8 -9 -10 10 13 12 -14 -15
leaf_value=-0.31875231842403173 0.46912297476114068 10.381097270544744 0.14051619620470898 1.5751269596277517 0.18678854313218157 0.0051680771430695042 -0.2819796055835902 -0.82563618897625257 0.60346168603747607 -1.299244261676733 0.21714653516367127 -0.49921045555192523 -0.058842799140871142 1.2176634546274892
leaf_weight=85 117 816 139 566 175 85 105 89 82 92 284 83 441 372
leaf_count=85 117 816 139 566 175 85 105 89 82 92 284 83 441 372
internal_value=0.000948812 0.00166039 0.000872865 0.00198481 0.000225873 -0.00149038 -0.00333333 0.000132325 0.000310414 0.000109463 0.00104914 -0.000950599 -0.00166352 0.00155825
internal_weight=3531 3446 2630 1048 482 307 190 1582 1493 1411 748 663 524 656
internal_count=3531 3446 2630 1048 482 307 190 1582 1493 1411 748 663 524 656
is_linear=0
shrinkage=0.05


Tree=54
num_leaves=15
num_cat=0
split_feature=0 0 12 0 5 12 1 3 5 12 8 8 10 8
split_gain=24.7492 2.73946 1.99896 0.619955 0.577103 0.448079 0.399271 0.368367 0.333533 0.32811 0.309732 0.870153 0.752802 0.507041
threshold=19.000000000000004 692.50000000000011 0.38043945030393422 99.500000000000014 0.70360943896535422 -0.82413948779581736 240.50000000000003 -4.4999999999999991 0.42827756756826857 -0.92272482904738262 69.500000000000014 88.500000000000014 14.500000000000002 50.500000000000007
decision_type=2 2 2 2 2 2 2 2 2 2 2 2 2 2
left_child=-1 2 3 5 7 -2 -6 -4 9 -5 13 12 -12 -10
right_child=1 -3 4 8 6 -7 -8 -9 10 -11 11 -13 -14 -15
leaf_value=-0.2728147087613178 -0.3832913748754696 9.8180084029531525 -0.02307333262370078 1.4881960187923187 0.011386111556705259 -0.0059071648018360276 1.0786310070306169 0.11154980187166166 -0.018557663554903483 0.092453965986035322 -0.057329521285782593 0.15969125634702364 -1.2288308139436011 1.5019991375325397
leaf_weight=87 133 837 180 128 81 143 443 86 241 186 148 596 99 170
leaf_count=87 133 837 180 128 81 143 443 86 241 186 148 596 99 170
internal_value=0.000979512 0.00165564 0.000860174 -4.32664e-05 0.00295597 -0.00220641 0.00391304 0.00103321 0.000343293 0.00178683 -2.38282e-05 -0.000571934 -0.00303571 0.00109375
internal_weight=3558 3471 2634 1844 790 276 524 266 1568 314 1254 843 247 411
internal_count=3558 3471 2634 1844 790 276 524 266 1568 314 1254 843 247 411
is_linear=0
shrinkage=0.05


Tree=55
num_leaves=15
num_cat=0
split_feature=2 0 12 11 0 2 5 11 7 7 11 8 12 2
split_gain=29.0649 2.37214 1.20477 1.01908 0.656975 0.47183 0.394027 0.3913 0.437091 0.570258 1.07878 0.398549 0.370962 0.464193
threshold=15.250000000000002 549.50000000000011 -0.039769286347669845 -0.70291267844185523 159.50000000000003 821.25000000000011 0.58456467473079077 0.96465729447553372 29.250000000000004 28.050000000000004 -0.67803021058859214 74.500000000000014 -0.22700609751797865 268.75000000000006
decision_type=2 2 2 2 2 2 2 2 2 2 2 2 2 2
left_child=-1 4 3 -3 6 -5 -2 8 9 12 -11 -10 -6 -14
right_child=1 2 -4 5 7 -7 -8 -9 11 10 -12 -13 13 -15
leaf_value=-0.29417396713926997 -0.013068741852025452 -1.406362720922786 6.1196463636340308 1.307840466121154 0.072562777233792605 10.873680205523023 -0.25797300409787843 -0.38102282015389166 0.97349985155069418 -1.1416601798794885 0.45283047837716855 0.35413537059554961 -0.00082713184658725662 0.83260439568595646
leaf_weight=84 462 107 786 273 489 193 88 101 211 80 106 142 113 300
leaf_count=84 462 107 786 273 489 193 88 101 211 80 106 142 113 300
internal_value=0.000911017 0.00163628 0.0032588 0.00149654 0.000577015 0.00250531 -0.000900901 0.00110537 0.00131743 0.000814273 -0.00167539 0.0028352 0.00133407 0.00242823
internal_weight=3535 3451 1359 573 2092 466 550 1542 1441 1088 186 353 902 413
internal_count=3535 3451 1359 573 2092 466 550 1542 1441 1088 186 353 902 413
is_linear=0
shrinkage=0.05


Tree=56
num_leaves=15
num_cat=0
split_feature=2 0 12 0 12 12 12 12 11 9 7 6 5 9
split_gain=22.5669 2.70961 1.82217 1.06113 0.515977 0.485347 1.22644 0.82242 0.810463 0.772789 0.457422 0.44497 0.429564 0.411846
threshold=15.250000000000002 391.50000000000006 -0.039769286347669845 851.50000000000011 -0.97874870457683594 -0.88620506325989179 -0.9292178835113839 -0.9575230291762723 0.02042587909481499 95.500000000000014 33.150000000000013 0.83763230695547397 0.3735833751564151 7.5000000000000009
decision_type=2 2 2 2 2 2 2 2 2 2 2 2 2 2
left_child=-1 5 3 4 -3 6 7 8 -2 10 -7 -4 -11 -6
right_child=1 2 11 -5 13 9 -8 -9 -10 12 -12 -13 -14 -15
leaf_value=-0.24446527496628834 -0.5772596637162698 2.5098402691507533 1.1137149067310299 11.088453860388157 2.3648775495543535 -0.0025440649656435946 -0.41013153538754799 0.55811445980049923 0.38728302431682649 -0.0024151763546932494 -0.36152026957303812 3.2573157842697387 0.37512065969887748 -0.89333949677161373
leaf_weight=84 136 107 123 152 118 437 88 95 87 172 93 941 368 511
leaf_count=84 136 107 123 152 118 437 88 95 87 172 93 941 368 511
internal_value=0.000926927 0.00157006 0.00278998 0.00110862 0.000310392 -4.72652e-05 -0.00150852 -3.09596e-05 -0.0016886 0.000511628 -0.000841121 0.00418148 0.00183486 -0.000244479
internal_weight=3512 3428 1952 888 736 1476 406 318 223 1070 530 1064 540 629
internal_count=3512 3428 1952 888 736 1476 406 318 223 1070 530 1064 540 629
is_linear=0
shrinkage=0.05


Tree=57
num_leaves=15
num_cat=0
split_feature=0 0 12 0 11 0 0 5 3 3 5 11 0 12
split_gain=22.8222 2.76416 1.49129 0.957011 0.745181 0.463843 0.593148 0.657787 0.377007 0.491393 0.595066 0.719712 0.357545 0.547241
threshold=12.500000000000002 692.50000000000011 0.29958852271690523 474.50000000000006 -0.98214942551678475 147.50000000000003 70.500000000000014 0.3100572196806145 11.500000000000002 -4.4999999999999991 0.70727112692049643 -0.022576249993022688 492.50000000000006 -0.68432604233786842
decision_type=2 2 2 2 2 2 2 2 2 2 2 2 2 2
left_child=-1 2 4 8 -2 6 -6 -8 9 10 11 -4 -7 -14
right_child=1 -3 3 -5 5 12 7 -9 -10 -11 -12 -13 13 -15
leaf_value=-0.23224201121797394 0.58388929301918846 9.0908360079852368 -0.75367512492068844 3.6254988975838334 0.058421055764641655 0.12233940798901476 -0.050743005442474343 -0.4666391420488844 0.40738629871772247 -0.044074535787648798 0.36870168974331685 0.09185569651016387 -1.2990959878253527 0.67776983619242614
leaf_weight=80 176 815 91 337 159 820 84 119 97 96 136 88 181 212
leaf_count=80 176 815 91 337 159 820 84 119 97 96 136 88 181 212
internal_value=0.000888158 0.00152371 0.000722799 0.00244118 -0.000111048 -0.000458861 -0.00201635 -0.00377404 0.00105263 0.000372596 0.00132813 -0.000570652 1.23155e-05 -0.00121859
internal_weight=3491 3411 2596 845 1751 1575 362 203 508 411 315 179 1213 393
internal_count=3491 3411 2596 845 1751 1575 362 203 508 411 315 179 1213 393
is_linear=0
shrinkage=0.05


Tree=58
num_leaves=15
num_cat=0
split_feature=4 2 12 0 6 0 9 0 11 4 11 4 12 12
split_gain=22.4044 2.68996 1.58732 0.617738 0.894402 0.485511 0.45587 1.03522 0.460272 0.403777 0.366155 0.297762 0.421545 0.745098
threshold=33.232423289957843 405.75000000000006 -0.031174269516803289 812.50000000000011 0.72805142035386416 474.50000000000006 88.500000000000014 524.50000000000011 0.79383249484937135 775.92057899273459 -0.98214942551678475 830.64373784301586 0.3484035575467645 -0.11692317777808843
decision_type=2 2 2 2 2 2 2 2 2 2 2 2 2 2
left_child=-1 10 3 4 -3 -4 8 -8 9 -6 -2 12 13 -12
right_child=1 2 5 -5 6 -7 7 -9 -10 -11 11 -13 -14 -15
leaf_value=-0.27532107326123739 0.25785482726917203 1.5340709179722625 0.23681630512199275 9.4859487185150613 -0.92991532095370211 4.7634756934238309 0.7286772355011859 -1.9553479308183364 2.3234082463722925 2.4242777167142551 -0.032033063849657387 0.72429256623013794 0.012771532698114811 -0.47316233782353473
leaf_weight=90 97 210 130 189 86 912 82 95 104 82 763 144 404 121
leaf_count=90 97 210 130 189 86 912 82 95 104 82 763 144 404 121
internal_value=0.00079539 0.00145882 0.00271768 0.00110199 0.000368976 0.00402101 -0.00089207 -0.00282967 0.000397112 -0.00121387 -0.000101043 -0.000306193 -0.00054911 -0.0011586
internal_weight=3509 3419 1890 848 659 1042 449 177 272 168 1529 1432 1288 884
internal_count=3509 3419 1890 848 659 1042 449 177 272 168 1529 1432 1288 884
is_linear=0
shrinkage=0.05


Tree=59
num_leaves=15
num_cat=0
split_feature=4 12 0 2 6 11 12 12 12 9 4 11 6 4
split_gain=17.4178 2.34885 1.99891 0.915987 0.585171 0.692195 0.67467 1.11201 0.728313 0.753036 0.774761 0.668289 0.652019 0.488515
threshold=33.232423289957843 -0.031174269516803289 459.50000000000006 872.25000000000011 0.62285007470951992 -0.21861968191509915 -0.24372464231556024 -0.57077231802681661 -0.73865259438682551 56.500000000000007 830.64373784301586 -0.93545489084327571 0.43497846185900618 456.98588926079282
decision_type=2 2 2 2 2 2 2 2 2 2 2 2 2 2
left_child=-1 3 -3 4 5 11 7 8 9 -6 13 -2 -13 -11
right_child=1 2 -4 -5 6 -7 -8 -9 -10 10 -12 12 -14 -15
leaf_value=-0.25686385699401343 0.36885100173755969 0.015408679774954238 4.087638314175023 9.8993851099597432 1.3873295902902161 0.55762571997961385 -2.2851618509764826 0.77407125079316008 -1.2584273036525939 -0.022746579772486043 4.1683039553052978 -0.33889494840679446 0.49579429671429137 -1.3159939961386988
leaf_weight=85 92 652 953 167 81 392 125 185 129 96 86 305 82 80
leaf_count=85 92 652 953 167 81 392 125 185 129 96 86 305 82 80
internal_value=0.000881935 0.00145044 0.00284162 0.000219178 -0.000141737 0.000747717 -0.00113088 -0.000475831 -0.00176101 -0.000531609 -0.00183521 -0.000526859 -0.00144133 -0.00370166
internal_weight=3510 3425 1605 1820 1653 871 782 657 472 343 262 479 387 176
internal_count=3510 3425 1605 1820 1653 871 782 657 472 343 262 479 387 176
is_linear=0
shrinkage=0.05


Tree=60
num_leaves=15
num_cat=0
split_feature=4 2 12 8 12 11 4 3 1 11 8 8 11 12
split_gain=15.5296 2.15139 1.00376 0.901056 0.586472 0.541675 0.501019 0.47978 0.413325 0.618924 0.403423 0.360124 0.338587 0.321076
threshold=33.232423289957843 581.25000000000011 -0.039769286347669845 65.500000000000014 0.38043945030393422 -0.98214942551678475 830.64373784301586 257.50000000000006 425.50000000000006 -0.48314718476766422 58.500000000000007 87.500000000000014 -0.92923668111203805 -0.88620506325989179
decision_type=2 2 2 2 2 2 2 2 2 2 2 2 2 2
left_child=-1 4 3 -3 5 -2 13 -8 9 -6 -11 -5 -4 -7
right_child=1 2 12 11 8 6 7 -9 -10 10 -12 -13 -14 -15
leaf_value=-0.24871182674847483 0.32783311011100263 4.8449449610562088 1.5636617359802076 -1.9499566573352052 0.60326308568050213 -0.15582140249546594 1.5329672131133194 -1.0660765588239165 1.6102784905290422 -0.031077775421662224 0.098643560277350217 1.4538796003479066 6.2743183888373046 -0.0028607674372452948
leaf_weight=90 149 300 81 81 118 385 188 85 187 167 129 149 659 756
leaf_count=90 149 300 81 81 118 385 188 85 187 167 129 149 659 756
internal_value=0.00099745 0.00154696 0.00317647 0.00149533 0.000585523 7.3342e-05 -0.000232558 0.00167266 0.00190594 0.00100239 -0.000232558 -0.000851064 0.00436242 -0.000693717
internal_weight=3524 3434 1270 530 2164 1563 1414 273 601 414 296 230 740 1141
internal_count=3524 3434 1270 530 2164 1563 1414 273 601 414 296 230 740 1141
is_linear=0
shrinkage=0.05


Tree=61
num_leaves=15
num_cat=0
split_feature=1 1 12 8 5 11 7 12 12 11 0 0 6 5
split_gain=13.4117 2.37727 1.88787 1.0085 0.929018 0.458114 0.457925 0.366149 0.615508 0.72975 0.503547 0.398212 0.353483 0.33909
threshold=8.5000000000000018 427.50000000000006 -0.031174269516803289 65.500000000000014 0.67508799792485108 -0.90163369914317015 27.950000000000003 -0.97507822412530132 -0.88620506325989179 -0.28519255817492867 219.50000000000003 387.50000000000006 0.95306814719035093 0.88173899687427848
decision_type=2 2 2 2 2 2 2 2 2 2 2 2 2 2
left_child=-1 5 3 12 6 -2 -5 10 9 -9 -7 -10 -3 -4
right_child=1 2 13 4 -6 7 -8 8 11 -11 -12 -13 -14 -15
leaf_value=-0.231585072806889 0.1120042883473031 0.069311510302583909 1.5777964750236126 1.7216384712759873 -1.1791530114767905 -0.027168819311285598 -0.34160479326385806 0.0057534532282760469 0.011430246569558301 -0.48843019936260118 1.0412318016820175 -0.15929679087768633 4.3690583281423629 4.2389369152993055
leaf_weight=96 242 80 391 135 226 90 99 105 791 128 109 181 263 618
leaf_count=96 242 80 391 135 226 90 99 105 791 128 109 181 263 618
internal_value=0.000932846 0.00145539 0.00270226 0.000884901 -0.000645161 7.87403e-05 0.00154812 -0.000269695 -0.000599173 -0.00287815 0.00169118 -4.09415e-05 0.00291667 0.00413708
internal_weight=3554 3458 1812 803 460 1646 234 1404 1205 233 199 972 343 1009
internal_count=3554 3458 1812 803 460 1646 234 1404 1205 233 199 972 343 1009
is_linear=0
shrinkage=0.05


Tree=62
num_leaves=15
num_cat=0
split_feature=4 2 12 7 11 12 12 2 12 6 3 11 4 11
split_gain=12.0275 1.98537 1.02923 0.979833 0.748985 0.631066 0.550643 0.798447 0.579181 0.620074 0.429256 0.418827 0.655342 0.555524
threshold=33.232423289957843 657.75000000000011 -0.16799793862756093 34.750000000000007 0.9893236546938301 -0.71502926860092908 -0.82413948779581736 111.75000000000001 -0.92272482904738262 0.72805142035386416 -202.49999999999997 -0.71504373327588355 296.40506010141956 -0.98214942551678475
decision_type=2 2 2 2 2 2 2 2 2 2 2 2 2 2
left_child=-1 4 3 5 6 -3 7 -2 9 -9 -8 13 -13 -12
right_child=1 2 -4 -5 -6 -7 10 8 -10 -11 11 12 -14 -15
leaf_value=-0.22000581916654452 -0.31604256212192733 3.3906128286386115 7.652174897390208 8.1282236291039407 -0.45053421453614417 -1.5743600463177305 -0.52463825656370866 1.231747725511499 -0.38299572517198599 -0.52244620872965331 0.38397340702594096 0.010332814049791165 0.93693820499406089 -0.071664215584755928
leaf_weight=88 150 81 688 172 82 104 102 252 158 86 140 362 619 429
leaf_count=88 150 81 688 172 82 104 102 252 158 86 140 362 619 429
internal_value=0.000970722 0.00145044 0.0032619 0.00106354 0.000649895 -0.00144737 0.000820669 -0.000414746 0.000558882 0.00172012 0.00130356 0.00151125 0.00213489 0.000426829
internal_weight=3513 3425 1045 357 2380 185 2298 646 496 338 1652 1550 981 569
internal_count=3513 3425 1045 357 2380 185 2298 646 496 338 1652 1550 981 569
is_linear=0
shrinkage=0.05


Tree=63
num_leaves=15
num_cat=0
split_feature=4 0 12 0 0 4 11 6 12 7 2 3 12 8
split_gain=11.5047 1.74755 1.23014 1.1756 0.723467 0.685877 0.485653 0.514371 1.22836 0.743888 1.04033 0.555268 0.548848 0.490879
threshold=33.232423289957843 716.50000000000011 0.38043945030393422 483.50000000000006 672.50000000000011 846.3125449997633 -0.98214942551678475 1.1233139773352618 -0.11692317777808843 25.450000000000003 517.25000000000011 -69.499999999999986 -0.60555643346685839 69.500000000000014
decision_type=2 2 2 2 2 2 2 2 2 2 2 2 2 2
left_child=-1 2 4 -4 5 6 -2 8 9 -8 13 -9 -13 -11
right_child=1 -3 3 -5 -6 -7 7 11 -10 10 -12 12 -14 -15
leaf_value=-0.1990055220987412 0.24135389811469909 8.3091773100893818 0.01934062112865171 3.6921812777321694 -1.0628912833152142 1.6113596087626854 -0.20344877314088841 1.7554938956913499 -0.64704921027056339 0.47296836383271784 -1.5076225029555548 -1.1213501338527057 0.56618058663294668 0.1227711532020634
leaf_weight=83 136 728 495 346 84 304 221 119 166 117 107 92 96 427
leaf_count=83 136 728 495 346 84 304 221 119 166 117 107 92 96 427
internal_value=0.000979864 0.0014348 0.000847146 0.00242908 0.000130737 0.000349162 -9.75772e-05 -0.000388889 -0.000920422 -0.000159635 0.000693598 0.00139423 -0.000310881 0.0015847
internal_weight=3521 3438 2710 841 1869 1785 1481 1345 1038 872 651 307 188 544
internal_count=3521 3438 2710 841 1869 1785 1481 1345 1038 872 651 307 188 544
is_linear=0
shrinkage=0.05


Tree=64
num_leaves=15
num_cat=0
split_feature=4 5 12 4 7 11 6 11 12 6 10 6 0 4
split_gain=7.45876 1.89921 1.38434 1.1704 0.760767 0.591567 0.561317 0.516039 0.697933 0.709934 0.481313 0.470879 0.672981 0.396776
threshold=33.232423289957843 0.82101107464293932 0.11478523713130605 114.17365714260659 33.050000000000004 0.97875492728876534 0.9885919190491893 -0.23537230790205757 -0.42179730054635828 0.54112266909448037 11.500000000000002 0.86375753972363301 533.50000000000011 627.68695150427641
decision_type=2 2 2 2 2 2 2 2 2 2 2 2 2 2
left_child=-1 5 4 -4 -3 7 -6 8 10 -10 -2 13 -13 -9
right_child=1 2 3 -5 6 -7 -8 11 9 -11 -12 12 -14 -15
leaf_value=-0.19905525210328023 -0.71093902834912681 -0.063348073298196708 -0.040326146035299437 2.0208040575209307 -0.037441127490780539 -0.33423768005538385 7.7404674388005734 0.042220370182313068 0.23188761278442505 -0.042651747190666806 -0.2015541603274969 -0.93669765418832363 4.6157406558196943 1.2595301385973587
leaf_weight=88 141 388 80 812 80 84 189 357 205 316 329 97 82 272
leaf_count=88 141 388 80 812 80 84 189 357 205 316 329 97 82 272
internal_value=0.000964539 0.00134129 0.00263514 0.00391304 0.000883686 0.000272776 0.00290146 0.000468404 -0.000296185 0.000960076 -0.00168421 0.00140221 -0.000842391 0.00204259
internal_weight=3520 3432 1549 892 657 1883 269 1799 991 521 470 808 179 629
internal_count=3520 3432 1549 892 657 1883 269 1799 991 521 470 808 179 629
is_linear=0
shrinkage=0.05


Tree=65
num_leaves=15
num_cat=0
split_feature=1 0 12 6 11 7 3 6 5 7 11 12 6 11
split_gain=8.18787 1.53644 1.66005 1.01471 0.532592 0.523142 0.362491 0.391936 0.28909 0.280506 0.433836 0.409612 0.553925 0.703637
threshold=8.5000000000000018 613.50000000000011 -0.16799793862756093 0.94053119576921762 0.99053107487289871 32.650000000000013 -202.49999999999997 0.063862451121238714 0.531044557318337 23.250000000000004 -0.32614396506100213 0.73136292505298039 0.57868831968696122 0.78857998149907527
decision_type=2 2 2 2 2 2 2 2 2 2 2 2 2 2
left_child=-1 4 3 -3 6 -5 8 -8 -2 10 -9 12 -11 -14
right_child=1 2 -4 5 -6 -7 7 9 -10 11 -12 -13 13 -15
leaf_value=-0.18910248949811626 0.22375640458921409 -0.87131755337075423 6.3578423872716048 -0.4436997477221935 -0.3540743051681271 6.9140314757624113 -0.32536947657850429 0.4152762474808116 -1.1680965908266925 0.10909806625289363 -0.070127710039233418 0.16528303761581631 -0.095732595028016343 0.37686545520499209
leaf_weight=91 108 141 697 91 83 187 97 91 80 728 90 299 543 201
leaf_count=91 108 141 697 91 83 187 97 91 80 728 90 299 543 201
internal_value=0.000915912 0.00131648 0.00283675 0.000341981 0.000580645 0.00208481 0.00072926 0.00092259 -0.00134715 0.00107818 -0.00077957 0.00126971 0.000920786 -4.00532e-05
internal_weight=3527 3436 1116 419 2320 278 2237 2049 188 1952 181 1771 1472 744
internal_count=3527 3436 1116 419 2320 278 2237 2049 188 1952 181 1771 1472 744
is_linear=0
shrinkage=0.05


Tree=66
num_leaves=15
num_cat=0
split_feature=4 2 8 8 11 1 11 3 8 7 7 7 11 9
split_gain=7.35884 2.31845 1.38446 0.735142 1.14651 0.575787 0.556564 0.549911 0.541916 0.446912 0.43701 0.764399 0.401174 0.411148
threshold=33.232423289957843 419.25000000000006 64.500000000000014 37.500000000000007 -0.17647087149565668 514.00000000000011 -0.70291267844185523 -145.49999999999997 99.500000000000014 27.050000000000004 27.650000000000002 28.750000000000004 -0.05695216311707673 19.500000000000004
decision_type=2 2 2 2 2 2 2 2 2 2 2 2 2 2
left_child=-1 3 -3 4 -2 -4 7 -7 10 -10 -5 -12 -8 -14
right_child=1 2 5 8 -6 6 12 -9 9 -11 11 -13 13 -15
leaf_value=-0.18964735846669953 0.16173191596628511 2.6876989138183691 2.0588926766570412 0.11007283261064207 -0.12064761495613502 0.19024743245209574 3.7603756250572147 -2.0487268001404821 -0.20948373790468333 0.08931403725626931 -0.57525777230046315 0.11725777850617086 5.162647224566002 -0.58252596979243798
leaf_weight=89 103 1091 138 332 149 149 127 92 456 206 82 259 96 158
leaf_count=89 103 1091 138 332 149 149 127 92 456 206 82 259 96 158
internal_value=0.000986693 0.00136218 0.00256196 -4.0829e-05 -0.00249027 0.000915033 0.000255184 -0.00160569 0.000429105 -0.000584707 0.0014233 0.00015896 0.00143782 0.00027027
internal_weight=3527 3438 1851 1587 252 760 622 241 1335 662 673 341 381 254
internal_count=3527 3438 1851 1587 252 760 622 241 1335 662 673 341 381 254
is_linear=0
shrinkage=0.05


Tree=67
num_leaves=15
num_cat=0
split_feature=4 5 4 11 7 2 1 9 6 6 3 7 11 1
split_gain=8.84171 2.09928 1.32877 1.10782 0.536818 0.416853 0.545383 0.44605 0.387758 0.42559 0.530953 0.549202 0.824001 0.364958
threshold=33.232423289957843 0.89091571421567628 104.00414500727807 0.92922379131507438 29.650000000000002 607.00000000000011 346.50000000000006 12.500000000000002 1.0455335861961383 0.086891490097362536 8.5000000000000018 28.350000000000005 -0.71504373327588355 437.50000000000006
decision_type=2 2 2 2 2 2 2 2 2 2 2 2 2 2
left_child=-1 3 -3 4 8 6 -4 -8 9 -2 11 13 -13 -11
right_child=1 2 5 -5 -6 -7 7 -9 -10 10 -12 12 -14 -15
leaf_value=-0.17016499709987545 -0.21666165050133634 -0.038728879426581923 0.87813389234297135 -0.44325194490685349 0.5007088628059152 6.1822079233060983 0.66938323676102751 -0.12969870241079259 -0.25237000895896039 -0.0080242121265402359 0.34976810247801104 -0.79460275540441905 0.098835635677354747 1.1677900802834833
leaf_weight=86 156 130 149 200 541 730 126 147 110 288 437 105 92 211
leaf_count=86 156 130 149 200 541 730 126 147 110 288 437 105 92 211
internal_value=0.00087959 0.00128684 0.00288267 0.000326341 0.000694088 0.00342264 0.00213115 0.000773381 0.000174502 0.000421175 0.000760106 -9.98572e-05 -0.00230198 0.00078373
internal_weight=3508 3422 1282 2140 1940 1152 422 273 1399 1289 1133 696 197 499
internal_count=3508 3422 1282 2140 1940 1152 422 273 1399 1289 1133 696 197 499
is_linear=0
shrinkage=0.05


Tree=68
num_leaves=15
num_cat=0
split_feature=4 2 12 5 12 12 5 0 11 8 11 11 1 5
split_gain=7.56961 1.95427 1.88038 0.809889 0.803309 0.770721 0.805371 1.58522 0.609756 0.433105 0.567349 0.480849 0.518183 0.453485
threshold=33.232423289957843 429.25000000000006 -0.031174269516803289 0.88173899687427848 -0.24372464231556024 -0.64580103137750788 0.6640862044216066 720.50000000000011 -0.75015329512557205 41.500000000000007 -0.17647087149565668 -0.98214942551678475 27.500000000000004 0.28894119168400551
decision_type=2 2 2 2 2 2 2 2 2 2 2 2 2 2
left_child=-1 9 4 8 5 6 -3 -8 -4 10 -2 -11 -13 -14
right_child=1 2 3 -5 -6 -7 7 -9 -10 11 -12 12 13 -15
leaf_value=-0.18665674091188819 0.024259749624473959 3.1940895127673561 -0.11111307980637919 3.3066647604767425 -1.2647232087173497 3.6412996764246546 -1.2117265268681645 4.7122911628955348 1.9500468705526837 0.26227403057062881 -0.064719514700375166 -0.15794790683076887 0.38817557006839737 -0.00042177293256221164
leaf_weight=86 104 141 154 619 146 271 137 108 243 92 181 124 178 942
leaf_count=86 104 141 154 619 146 271 137 108 243 92 181 124 178 942
internal_value=0.000829793 0.00120464 0.0023273 0.00375122 0.000513614 0.00126133 -0.000179028 -0.0019 0.00195274 -5.84254e-05 -0.00181034 0.000320656 5.6045e-05 0.0004
internal_weight=3526 3440 1819 1016 803 657 386 245 397 1621 285 1336 1244 1120
internal_count=3526 3440 1819 1016 803 657 386 245 397 1621 285 1336 1244 1120
is_linear=0
shrinkage=0.05


Tree=69
num_leaves=15
num_cat=0
split_feature=4 12 0 11 7 8 2 4 4 4 2 1 12 12
split_gain=6.6334 2.23994 2.41255 1.03341 0.87322 0.732613 0.559512 0.8796 0.506644 0.483678 0.651569 0.557091 0.469512 0.76608
threshold=33.232423289957843 -0.031174269516803289 492.50000000000006 0.97112537654464559 33.350000000000001 80.500000000000014 702.75000000000011 495.29926811209822 595.15052936344034 202.25304896276327 73.250000000000014 290.50000000000006 -0.92272482904738262 -0.35846086284744721
decision_type=2 2 2 2 2 2 2 2 2 2 2 2 2 2
left_child=-1 3 8 4 6 -6 7 9 -3 -2 -11 -12 -9 -14
right_child=1 2 -4 -5 5 -7 -8 12 -10 10 11 -13 13 -15
leaf_value=-0.1476580579752636 0.13114222329523065 0.019048126570594331 3.4762269922896638 -0.8220359009728434 1.2511966873913443 -0.65074035219482995 -1.6917488830720033 1.5030377235806773 -0.97818248159477172 -0.50155145121787092 0.031710326057510826 -0.38844785208617699 -0.22469310776678553 1.3941177343611673
leaf_weight=83 137 608 895 110 265 91 119 265 97 81 201 140 327 83
leaf_count=83 137 608 895 110 265 91 119 265 97 81 201 140 327 83
internal_value=0.000658683 0.00100613 0.0023676 -0.000194627 0.000113769 0.00229917 -0.000467599 -0.000145278 0.000176057 -0.00160461 -0.0024356 -0.00143064 0.00106618 1.8402e-10
internal_weight=3502 3419 1600 1819 1709 356 1353 1234 705 559 422 341 675 410
internal_count=3502 3419 1600 1819 1709 356 1353 1234 705 559 422 341 675 410
is_linear=0
shrinkage=0.05


Tree=70
num_leaves=15
num_cat=0
split_feature=4 1 8 7 8 12 12 10 0 12 7 12 7 11
split_gain=3.67653 2.12137 1.10252 0.755261 0.8305 0.461215 0.402729 0.852738 0.728325 0.440905 0.389237 0.384509 0.466067 0.432379
threshold=33.232423289957843 591.50000000000011 72.500000000000014 34.550000000000004 57.500000000000007 -0.12545862287572049 -0.34234976856068178 11.500000000000002 492.50000000000006 -0.61915584096709908 26.450000000000003 0.2499757677084001 26.150000000000002 -0.32614396506100213
decision_type=2 2 2 2 2 2 2 2 2 2 2 2 2 2
left_child=-1 3 -3 6 -5 -4 7 9 11 10 -2 -8 13 -13
right_child=1 2 5 4 -6 -7 8 -9 -10 -11 -12 12 -14 -15
leaf_value=-0.19494100134005962 -0.35830989139289465 4.2876366327600586 -0.51496113303092839 -0.88597908160437167 0.21138902824744435 3.1344371119131478 0.13472281745072451 0.096532685930148965 2.0089876761462708 -0.84121449339335352 0.69541564465370076 0.49215422203291459 -0.099113706061631932 -0.013978556007380405
leaf_weight=81 196 957 251 80 104 170 227 555 161 87 100 118 292 147
leaf_count=81 196 957 251 80 104 170 227 555 161 87 100 118 292 147
internal_value=0.000971396 0.00122464 0.00274042 0.000209942 -0.00280423 0.000598592 0.000511123 -0.000222693 0.00123684 -0.0020232 -0.00106312 0.000595691 -0.000115658 0.00138889
internal_weight=3526 3445 1378 2067 184 421 1883 938 945 383 296 784 557 265
internal_count=3526 3445 1378 2067 184 421 1883 938 945 383 296 784 557 265
is_linear=0
shrinkage=0.05


Tree=71
num_leaves=15
num_cat=0
split_feature=4 12 0 11 11 1 7 2 7 1 8 11 8 5
split_gain=2.54047 1.70933 1.94686 0.915225 0.755345 0.677968 0.634208 0.427698 0.674092 0.493751 0.503089 0.461472 0.362404 0.344997
threshold=33.232423289957843 -0.031174269516803289 492.50000000000006 0.97112537654464559 -0.92274349529687905 906.50000000000011 27.650000000000002 513.50000000000011 27.150000000000002 594.50000000000011 67.500000000000014 -0.01397611846945947 57.500000000000007 0.98375916415437759
decision_type=2 2 2 2 2 2 2 2 2 2 2 2 2 2
left_child=-1 3 6 5 -4 7 -3 8 13 -9 -11 -12 -8 -2
right_child=1 2 4 -5 -6 -7 12 9 -10 10 11 -13 -14 -15
leaf_value=-0.15019395075151598 0.0035032513421316179 0.045343587761680862 0.92622860034320142 -0.33093350593382409 3.3902389928330052 6.7732109923352724 -0.30295018331321538 -1.5943706746974322 0.38006280764679423 3.8688887569021468 0.2552213631636609 -1.64867670411039 0.19216588508255739 -0.19139460761728722
leaf_weight=88 571 409 116 122 775 189 150 81 483 114 107 81 156 90
leaf_count=88 571 409 116 122 775 189 150 81 483 114 107 81 156 90
internal_value=0.00106305 0.00128153 0.00247052 0.000238741 0.00402344 0.000540384 0.000520834 0.000186032 0.000670148 -0.00125 -0.000293159 -0.00186528 -0.00118971 -0.000367868
internal_weight=3532 3444 1606 1838 891 1716 715 1527 1144 383 302 188 306 661
internal_count=3532 3444 1606 1838 891 1716 715 1527 1144 383 302 188 306 661
is_linear=0
shrinkage=0.05


Tree=72
num_leaves=15
num_cat=0
split_feature=4 5 0 8 4 4 4 1 8 5 9 8 1 3
split_gain=2.58102 1.78318 1.1137 0.477946 0.395787 0.516601 0.377953 0.359325 0.478598 0.351029 0.350238 0.285673 0.450414 0.259606
threshold=33.232423289957843 0.89091571421567628 422.50000000000006 37.500000000000007 830.64373784301586 801.81669627420547 701.50228272267134 561.00000000000011 87.500000000000014 0.79474888166048918 74.500000000000014 35.500000000000007 637.50000000000011 232.00000000000003
decision_type=2 2 2 2 2 2 2 2 2 2 2 2 2 2
left_child=-1 4 3 -3 5 6 7 8 -2 13 -5 -4 -13 -6
right_child=1 2 11 10 9 -7 -8 -9 -10 -11 -12 12 -14 -15
leaf_value=-0.15268425336295177 0.049084645755333334 -0.050444855803576105 2.4156664841561799 0.34343993034940212 1.749045594136164 -0.73638116143786869 2.2184191456189306 -0.56269291569460356 -0.048219758897142029 -0.37182630518995946 0.015163357744290751 -0.19277172621034322 5.7731910087135025 -0.057178439987233355
leaf_weight=86 509 134 547 84 417 127 145 130 582 145 145 88 267 91
leaf_count=86 509 134 547 84 417 127 145 130 582 145 145 88 267 91
internal_value=0.000952313 0.00117242 0.00265748 0.0003125 0.000292887 -0.000156876 0.000131291 -0.000159054 0.000141424 0.00131459 0.00168803 0.00359427 0.00243056 0.00192982
internal_weight=3497 3411 1265 363 2146 1493 1366 1221 1091 653 229 902 355 508
internal_count=3497 3411 1265 363 2146 1493 1366 1221 1091 653 229 902 355 508
is_linear=0
shrinkage=0.05


Tree=73
num_leaves=15
num_cat=0
split_feature=5 1 0 12 7 9 2 5 11 11 3 12 8 0
split_gain=2.37035 1.45619 1.14061 0.807246 0.743999 0.453265 0.534647 0.393318 0.507247 0.641071 0.649215 0.498118 0.593604 0.626285
threshold=0.89091571421567628 8.5000000000000018 422.50000000000006 -0.048362832084465616 31.650000000000002 9.5000000000000018 599.25000000000011 0.55266506452320263 0.92922379131507438 0.69676570133721638 8.5000000000000018 0.74298546529340237 84.500000000000014 540.50000000000011
decision_type=2 2 2 2 2 2 2 2 2 2 2 2 2 2
left_child=1 -1 -2 4 -4 6 -3 -7 9 10 11 12 -9 -14
right_child=2 5 3 -5 -6 7 -8 8 -10 -11 -12 -13 13 -15
leaf_value=-0.09005004062029838 0.015535861257214413 0.014676124967643651 -0.73912204197247489 2.4945824116313617 4.7098889790982552 0.030701381629879121 4.147260085532217 -1.0927529958153923 -0.81850453006140167 1.9411939719652036 0.18715527932722723 0.14414073991316911 -0.61740653868528006 1.809887558199661
leaf_weight=87 396 199 88 608 217 876 146 142 83 85 306 92 107 95
leaf_count=87 396 199 88 608 217 876 146 142 83 85 306 92 107 95
internal_value=0.00101501 1.79939e-05 0.00269787 0.00366558 0.00153226 0.00028324 0.00192857 -3.90841e-05 -0.000765027 -0.000378606 -0.00085676 -0.00208617 -0.00295129 -0.00115942
internal_weight=3527 2218 1309 913 305 2131 345 1786 910 827 742 436 344 202
internal_count=3527 2218 1309 913 305 2131 345 1786 910 827 742 436 344 202
is_linear=0
shrinkage=0.05


Tree=74
num_leaves=15
num_cat=0
split_feature=4 5 10 12 11 9 0 4 9 10 9 12 5 12
split_gain=3.08424 1.78357 1.39792 0.744369 0.4874 0.602285 0.554718 0.509305 0.481058 0.72398 0.511081 0.429006 0.427892 0.400573
threshold=33.232423289957843 0.89091571421567628 9.5000000000000018 -0.60555643346685839 0.99053107487289871 11.500000000000002 634.50000000000011 830.64373784301586 95.500000000000014 14.500000000000002 76.500000000000014 0.097680735332368748 0.60133545534621191 -0.14250536273956091
decision_type=2 2 2 2 2 2 2 2 2 2 2 2 2 2
left_child=-1 4 3 -3 5 -2 7 8 10 12 13 -4 -10 -7
right_child=1 2 11 -5 -6 6 -8 -9 9 -11 -12 -13 -14 -15
leaf_value=-0.13054753851477768 0.15029007686528606 -0.37297625509990817 4.9451729651032057 0.12398219702345728 -0.38328201886563118 0.48210741873812468 -0.59840378241924896 0.97301648201820634 -0.83415327621567303 0.079125378154056736 -0.6146512698901917 3.7583538376320429 0.05955018627148017 -0.27692756453771905
leaf_weight=88 346 138 258 395 80 86 248 350 122 583 81 476 135 128
leaf_count=88 346 138 258 395 80 86 248 350 122 583 81 476 135 128
internal_value=0.000815573 0.001058 0.00254324 0.000585502 0.000182533 0.000333493 -4.89066e-05 0.000318792 -0.000197368 0.000414201 -0.00191667 0.00395129 -0.00177481 -0.000593607
internal_weight=3514 3426 1267 533 2159 2079 1733 1485 1135 840 295 734 257 214
internal_count=3514 3426 1267 533 2159 2079 1733 1485 1135 840 295 734 257 214
is_linear=0
shrinkage=0.05


Tree=75
num_leaves=15
num_cat=0
split_feature=4 5 12 4 3 9 11 11 1 4 4 0 12 1
split_gain=2.99006 1.31358 1.11437 1.28614 1.04082 0.850128 0.437632 0.471935 0.628291 0.448869 0.457822 0.439936 0.329064 0.300892
threshold=33.232423289957843 0.85710496004014225 -0.031174269516803289 296.40506010141956 -4.4999999999999991 6.5000000000000009 0.93237596376505805 0.83376496542330847 882.50000000000011 830.64373784301586 793.41993809632083 492.50000000000006 -0.031174269516803289 337.50000000000006
decision_type=2 2 2 2 2 2 2 2 2 2 2 2 2 2
left_child=-1 6 5 4 -4 -3 7 8 9 10 11 -2 -8 -7
right_child=1 2 3 -5 -6 13 12 -9 -10 -11 -12 -13 -14 -15
leaf_value=-0.10902016807104392 0.0038055624184587357 1.1084956499599503 0.19990094629527796 2.3340508599466108 -0.089171117644681996 0.093926014903449997 -0.8543402417290562 0.43300914738519325 -0.9696929040617065 0.98000251490943813 -0.62554452741645217 1.8638787105240107 0.03412242403844603 -0.43975194256285211
leaf_weight=85 960 179 109 683 85 106 93 102 92 437 138 138 94 227
leaf_count=85 960 179 109 683 85 106 93 102 92 437 138 138 94 227
internal_value=0.000945372 0.00117894 0.0023637 0.00344104 -0.000150754 0.000502902 0.000373968 0.000606304 0.000409605 0.000634684 0.000145045 0.000489574 -0.00190104 -0.000991124
internal_weight=3528 3443 1389 877 194 512 2054 1867 1765 1673 1236 1098 187 333
internal_count=3528 3443 1389 877 194 512 2054 1867 1765 1673 1236 1098 187 333
is_linear=0
shrinkage=0.05


Tree=76
num_leaves=15
num_cat=0
split_feature=4 5 12 7 4 3 5 2 4 9 9 11 12 6
split_gain=3.36904 1.4561 1.24808 1.08046 0.931499 0.849355 0.574604 0.448558 0.371535 0.475874 0.636173 0.398048 0.650717 0.381837
threshold=33.232423289957843 0.82101107464293932 0.11478523713130605 33.45000000000001 296.40506010141956 -4.4999999999999991 0.79474888166048918 694.00000000000011 202.25304896276327 16.500000000000004 97.500000000000014 -0.93545489084327571 -0.9292178835113839 0.35372633320727853
decision_type=2 2 2 2 2 2 2 2 2 2 2 2 2 2
left_child=-1 6 3 7 5 -4 8 -3 -2 -10 -11 -12 -13 -14
right_child=1 2 4 -5 -6 -7 -8 -9 9 10 11 12 13 -15
leaf_value=-0.1285691533344982 0.041914265535211777 0.0028064214213946964 0.1918153150827602 4.3756615977395343 2.1635196471343825 -0.073630639162536912 -0.89565508805992122 -3.0231941752633746 0.41290427766741422 -0.4683456982022331 0.89036377939885858 0.44554147790804566 -0.58538302803806719 0.053880327775701314
leaf_weight=86 207 309 89 262 702 84 86 80 245 346 135 316 278 285
leaf_count=86 207 309 89 262 702 84 86 80 245 346 135 316 278 285
internal_value=0.00103841 0.00128901 0.00243632 0.000769817 0.00366477 0.000365169 0.000362586 -0.000901015 0.000555861 0.000295031 -7.32599e-05 0.000559372 0.000164027 -0.000853873
internal_weight=3510 3424 1526 651 875 173 1898 389 1812 1605 1360 1014 879 563
internal_count=3510 3424 1526 651 875 173 1898 389 1812 1605 1360 1014 879 563
is_linear=0
shrinkage=0.05


Tree=77
num_leaves=15
num_cat=0
split_feature=12 2 4 11 4 11 1 2 11 3 4 9 2 8
split_gain=1.82541 1.60708 1.46334 0.902257 0.859325 0.70852 0.709068 0.642568 0.442663 1.35091 0.541273 0.455943 0.398533 0.565561
threshold=-0.031174269516803289 599.25000000000011 46.070920322609858 -0.92274349529687905 632.97374745296804 0.97508442350096236 956.50000000000011 471.50000000000006 -0.074117382312902977 -4.4999999999999991 205.00715163286449 89.500000000000014 635.75000000000011 60.500000000000007
decision_type=2 2 2 2 2 2 2 2 2 2 2 2 2 2
left_child=2 4 -1 -3 7 6 12 8 10 -10 -2 -12 -4 -14
right_child=1 3 5 -5 -6 -7 -8 -9 9 -11 11 -13 13 -15
leaf_value=-0.14714070200076676 0.064540984152833866 -0.37006834616359902 0.04855086783771722 4.4864943742624979 -0.5466777040201064 -0.5070183089877166 7.4638309271826362 1.0242029939380259 0.071080977543955634 -0.078506187944513695 -0.12819031794894734 0.34652414035120999 2.4082462969338003 -1.2631750163073261
leaf_weight=98 127 84 1287 630 139 108 106 135 181 107 87 103 119 174
leaf_count=98 127 84 1287 630 139 108 106 135 181 107 87 103 119 174
internal_value=0.000924069 0.00216834 -0.000126515 0.00392211 0.000729638 0.00020567 0.000461266 0.0014094 0.000696721 -0.000716723 0.00197205 0.00025641 0.000189275 -0.00145973
internal_weight=3485 1593 1892 714 879 1794 1686 740 605 288 317 190 1580 293
internal_count=3485 1593 1892 714 879 1794 1686 740 605 288 317 190 1580 293
is_linear=0
shrinkage=0.05


Tree=78
num_leaves=15
num_cat=0
split_feature=5 1 4 11 11 11 1 1 1 1 9 11 11 9
split_gain=2.38316 1.30282 0.930577 0.5083 0.482185 0.53451 0.446401 0.331016 0.340224 0.34017 0.440011 0.466877 0.298681 0.286965
threshold=0.85710496004014225 10.500000000000002 104.00414500727807 -0.96689237009891416 0.93237596376505805 0.83376496542330847 882.50000000000011 771.50000000000011 669.50000000000011 589.50000000000011 89.500000000000014 -0.71504373327588355 -0.94139628442229062 25.500000000000004
decision_type=2 2 2 2 2 2 2 2 2 2 2 2 2 2
left_child=1 -1 -2 -4 5 6 7 8 9 10 11 -3 -12 -13
right_child=2 4 3 -5 -6 -7 -8 -9 -10 -11 12 13 -14 -15
leaf_value=-0.08978366690072842 -0.040942807104869 -0.1318896830337998 -0.42714441024065952 1.1450575933181735 -0.40671678455736632 0.4379509352079401 -0.8364584740229053 3.2998837650036204 -0.48548405263914696 2.5129813756301811 0.17658606167237265 0.066523059021467615 0.028677021847555419 -0.13436831767625021
leaf_weight=101 152 101 86 1159 174 99 89 119 145 92 125 126 842 88
leaf_count=101 152 101 86 1159 174 99 89 119 145 92 125 126 842 88
internal_value=0.000853554 -0.000211301 0.00245007 0.0029 7.48132e-05 0.000316767 0.000106813 0.000298235 9.51445e-05 0.000340827 0.00012432 -0.00148437 0.000653292 -0.000136986
internal_weight=3498 2101 1397 1245 2000 1826 1727 1638 1519 1374 1282 315 967 214
internal_count=3498 2101 1397 1245 2000 1826 1727 1638 1519 1374 1282 315 967 214
is_linear=0
shrinkage=0.05


Tree=79
num_leaves=15
num_cat=0
split_feature=0 6 12 2 8 2 6 4 1 12 12 8 0 12
split_gain=1.74668 1.07412 0.858804 1.21242 0.53987 0.486853 0.945697 1.50158 0.929533 0.438266 0.403151 0.606 0.30627 0.382702
threshold=775.50000000000011 0.047212525375262972 0.38043945030393422 501.75000000000006 58.500000000000007 513.50000000000011 1.1499842435033512 849.52888445713825 679.50000000000011 -0.031174269516803289 0.91159213926341531 31.500000000000004 151.50000000000003 -0.9575230291762723
decision_type=2 2 2 2 2 2 2 2 2 2 2 2 2 2
left_child=1 -1 5 4 10 12 7 8 -7 -2 11 -4 13 -3
right_child=9 2 3 -5 -6 6 -8 -9 -10 -11 -12 -13 -14 -15
leaf_value=-0.13529448355569201 4.9996120345734028 -0.17529447595609982 0.044486320773832397 2.1439672051476637 0.069475254371198628 -1.7115255764530279 1.1492941115487481 1.703460443933291 -0.62968018997218933 8.4829106792876949 -0.11364533972627178 -0.095413408638190297 0.14564489533124644 0.015615144728141621
leaf_weight=90 232 103 109 421 214 88 120 230 168 289 81 103 971 312
leaf_count=90 232 103 109 421 214 88 120 230 168 289 81 103 971 312
internal_value=0.000962953 0.000497513 0.000666667 0.00191854 0.000263672 8.01204e-05 -0.00109656 -0.00207739 -0.00467433 0.00362167 -0.00112416 4.60831e-05 0.000596693 -0.000535714
internal_weight=3531 3010 2920 928 507 1992 606 486 256 521 293 212 1386 415
internal_count=3531 3010 2920 928 507 1992 606 486 256 521 293 212 1386 415
is_linear=0
shrinkage=0.05


Tree=80
num_leaves=15
num_cat=0
split_feature=1 12 4 6 11 7 9 3 4 3 11 3 12 11
split_gain=1.58704 1.4223 1.12413 1.00064 0.798034 0.609892 0.365558 1.36708 0.586645 0.543853 0.436328 0.457076 0.399119 0.509719
threshold=615.50000000000011 -0.039769286347669845 33.232423289957843 0.9834231801469967 -0.84315017450793706 29.550000000000004 89.500000000000014 -1.4999999999999998 437.68571835237339 -64.499999999999986 0.57782244426053786 -18.499999999999996 -0.34234976856068178 -0.23537230790205757
decision_type=2 2 2 2 2 2 2 2 2 2 2 2 2 2
left_child=2 3 -1 5 -3 -2 7 8 9 -4 -11 -12 13 -8
right_child=1 4 6 -5 -6 -7 12 -9 -10 10 11 -13 -14 -15
leaf_value=-0.086075239780171175 2.2161454214189713 0.14235369881324986 1.0876196089767296 3.4790516517855887 4.3440144026946861 -1.8179446688933378 -0.18463225046909754 -0.30461084796596682 -0.217459482214581 0.045332245812836652 0.25022285603417233 -0.24857802116761774 0.11792510828932135 0.43276767870372812
leaf_weight=91 106 140 92 311 601 126 445 112 223 171 95 91 475 426
leaf_count=91 106 140 92 311 601 126 445 112 223 171 95 91 475 426
internal_value=0.000947294 0.0023429 0.000137017 0.000392336 0.00376005 -0.00206751 0.000374707 -0.000481622 0.000384047 0.0014207 0.00051105 -0.00115183 0.000873427 0.000234018
internal_weight=3505 1284 2221 543 741 232 2130 784 672 449 357 186 1346 871
internal_count=3505 1284 2221 543 741 232 2130 784 672 449 357 186 1346 871
is_linear=0
shrinkage=0.05


Tree=81
num_leaves=15
num_cat=0
split_feature=4 5 10 11 11 1 4 4 3 1 11 0 4 2
split_gain=1.71317 1.40318 1.29327 0.401131 0.565154 0.423726 0.309351 0.610558 0.425 0.607948 0.358955 0.303023 0.326475 0.43875
threshold=39.081575387965842 0.89091571421567628 9.5000000000000018 0.92922379131507438 0.83376496542330847 358.50000000000006 830.64373784301586 816.70651514915983 257.50000000000006 882.50000000000011 -0.98214942551678475 507.50000000000006 207.20338916788958 73.250000000000014
decision_type=2 2 2 2 2 2 2 2 2 2 2 2 2 2
left_child=-1 3 -3 4 6 -5 7 10 9 -8 -2 12 -12 -14
right_child=1 2 -4 5 -6 -7 8 -9 -10 -11 11 -13 13 -15
leaf_value=-0.097953280602340376 0.11139372340459924 0.03243835092848988 3.0900778730818157 0.026760587993886465 0.39274307873504316 -0.91657415056703861 1.4720519152348046 -0.82373296359607506 -0.89758005908791838 -0.66123768820917439 0.048872914734583862 1.3623975836380839 -0.51332989587741629 -0.017169506730600272
leaf_weight=97 103 529 742 93 109 111 381 100 85 107 151 162 92 682
leaf_count=97 103 529 742 93 109 111 381 100 85 107 151 162 92 682
internal_value=0.000850944 0.00103853 0.00235502 0.000265933 0.000485584 -0.00181818 0.000275696 -0.00015444 0.00123702 0.00180527 0.000167364 -0.000105311 -0.000456989 -0.000872914
internal_weight=3544 3447 1271 2176 1972 204 1863 1290 573 488 1190 1087 925 774
internal_count=3544 3447 1271 2176 1972 204 1863 1290 573 488 1190 1087 925 774
is_linear=0
shrinkage=0.05


Tree=82
num_leaves=15
num_cat=0
split_feature=5 12 7 0 5 9 9 3 3 9 6 12 5 8
split_gain=1.89166 1.27834 0.92018 0.904815 0.725539 0.515613 0.728921 0.648338 0.507145 0.368859 0.410047 0.541474 0.514047 0.443752
threshold=0.89975090728900919 0.11478523713130605 33.350000000000001 432.50000000000006 0.15160573236095223 9.5000000000000018 28.500000000000004 -48.499999999999993 -4.4999999999999991 53.500000000000007 0.59721908196665241 -0.6391983530350368 0.64282682671436675 52.500000000000007
decision_type=2 2 2 2 2 2 2 2 2 2 2 2 2 2
left_child=4 2 -2 8 -1 7 -7 -6 -3 -8 13 12 -12 -11
right_child=1 3 -4 -5 5 6 9 -9 -10 10 11 -13 -14 -15
leaf_value=-0.084646991604580141 -0.072558990176185889 0.16047127574353726 3.9492520002654703 2.0116386793175862 1.6628964241109359 -0.39401366131233551 0.25096190216305608 -0.022885930479936686 -0.038662492632541845 -0.049998235768085174 -0.09307812197410327 0.11202347274367602 -0.73194733401963297 0.063360310608176304
leaf_weight=88 356 111 200 528 229 158 116 134 94 80 121 363 107 856
leaf_count=88 356 111 200 528 229 158 116 134 94 80 121 363 107 856
internal_value=0.000791032 0.00231453 0.000499109 0.00367886 -8.41824e-05 0.000101429 -0.000246401 0.00180707 0.000833333 6.97817e-05 -0.000140339 -0.00116611 -0.00304721 0.000510096
internal_weight=3541 1289 556 733 2252 2164 1801 363 205 1643 1527 591 228 936
internal_count=3541 1289 556 733 2252 2164 1801 363 205 1643 1527 591 228 936
is_linear=0
shrinkage=0.05


Tree=83
num_leaves=15
num_cat=0
split_feature=12 0 4 1 9 5 10 10 7 1 3 11 3 3
split_gain=1.89991 1.38142 1.33014 1.00981 0.605027 1.27691 0.86544 0.759076 0.667015 0.589041 0.612142 0.513984 0.978747 0.542202
threshold=0.38043945030393422 499.50000000000006 46.070920322609858 956.50000000000011 5.5000000000000009 0.65185164309339483 14.500000000000002 12.500000000000002 30.450000000000003 330.50000000000006 -96.499999999999986 -0.074117382312902977 -3.4999999999999996 -47.499999999999993
decision_type=2 2 2 2 2 2 2 2 2 2 2 2 2 2
left_child=2 11 -1 4 6 -6 -4 8 9 -7 -11 13 -13 -2
right_child=1 -3 3 -5 5 7 -8 -9 -10 10 -12 12 -14 -15
leaf_value=-0.1089954022992725 -0.40187178529378653 2.2693330461900971 1.3309519548806028 7.598893018967944 0.055995730126300075 0.14839298442780668 -0.13568100665361441 -0.89949217832921691 1.6479730107871431 -0.32767508345117524 -1.0924801108544797 0.040721801436045847 -0.077332152187410685 0.12504630278864715
leaf_weight=109 87 607 181 163 1033 163 85 277 122 139 131 160 85 199
leaf_count=109 87 607 181 163 1033 163 85 277 122 139 131 160 85 199
internal_value=0.000762832 0.00244095 -3.52988e-05 0.000226185 -6.78837e-05 -0.0003877 0.00214022 -0.0018399 -0.000758928 -0.00167808 -0.00309091 0.00056903 -0.0011 0.00199313
internal_weight=3541 1138 2403 2294 2131 1865 266 832 555 433 270 531 245 286
internal_count=3541 1138 2403 2294 2131 1865 266 832 555 433 270 531 245 286
is_linear=0
shrinkage=0.05


Tree=84
num_leaves=15
num_cat=0
split_feature=0 12 12 4 12 5 4 0 4 6 8 2 4 8
split_gain=2.13717 0.938781 1.12343 0.896768 0.583839 0.518925 0.657623 0.449907 0.525278 1.1073 0.44372 0.38219 0.377545 0.35216
threshold=716.50000000000011 -0.031174269516803289 -0.36648370705903521 51.734672429331361 0.38043945030393422 0.84188688094408759 319.45280968105629 483.50000000000006 829.62685313006841 1.1499842435033512 99.500000000000014 556.50000000000011 846.3125449997633 58.500000000000007
decision_type=2 2 2 2 2 2 2 2 2 2 2 2 2 2
left_child=3 2 -2 -1 7 13 -7 12 9 11 -10 -9 -5 -6
right_child=1 -3 -4 4 5 6 -8 8 10 -11 -12 -13 -14 -15
leaf_value=-0.055171395551176339 4.2280334421876651 5.725321266375218 -0.9703755877601804 0.0044393660693156705 -0.0474289438258182 0.0086344299480802401 1.3650779848577788 -0.85281457762935331 1.3956300951487253 0.87842773517901396 -1.1298700807433608 -1.411960411359362 0.75085507086780134 0.093360799100890457
leaf_weight=157 191 416 113 1108 198 141 246 83 180 88 107 84 154 222
leaf_count=157 191 416 113 1108 198 141 246 83 180 88 107 84 154 222
internal_value=0.000755797 0.00317241 0.0010356 0.000122611 0.000345948 0.00145936 0.00276786 -0.000154781 -0.00135283 -0.00298077 0.000119863 -0.00531977 0.000363063 0.000235294
internal_weight=3488 720 304 2768 2611 807 387 1804 542 255 287 167 1262 420
internal_count=3488 720 304 2768 2611 807 387 1804 542 255 287 167 1262 420
is_linear=0
shrinkage=0.05


Tree=85
num_leaves=15
num_cat=0
split_feature=6 12 7 1 11 6 2 8 12 6 11 3 3 7
split_gain=1.78335 1.17297 1.06552 1.00539 1.00254 0.937954 0.855886 0.67565 0.534197 0.616421 0.800063 0.667014 0.515994 0.506723
threshold=0.9484732579266224 0.11478523713130605 30.050000000000004 437.50000000000006 0.92602006027323147 0.091516935161436538 355.25000000000006 79.500000000000014 0.74298546529340237 0.59721908196665241 0.77788564761185042 -48.499999999999993 -4.4999999999999991 28.250000000000004
decision_type=2 2 2 2 2 2 2 2 2 2 2 2 2 2
left_child=4 2 7 12 5 -1 -6 -2 9 -7 11 13 -3 -11
right_child=1 3 -4 -5 6 8 -8 -9 -10 10 -12 -13 -14 -15
leaf_value=-0.10688764388603041 -1.1720541469064496 0.12399947264735789 1.9071999547616025 1.7393488344261556 0.029337079384124162 0.054806176775608784 -1.156323099896744 0.021037846957517634 0.074770927952987121 0.71251786949484863 0.524305359515574 -0.41154294986261086 -0.044662027588140293 -0.51448826442137363
leaf_weight=213 158 104 332 601 91 788 106 185 287 137 89 148 83 191
leaf_count=213 158 104 332 601 91 788 106 185 287 137 89 148 83 191
internal_value=0.000757533 0.00208787 0.000551471 0.00339218 -0.000194647 0.000169537 -0.0035396 -0.00139368 0.000577508 0.000158321 -0.00109649 -0.00191268 0.000182292 -0.00063063
internal_weight=3513 1463 675 788 2050 1853 197 343 1640 1353 565 476 187 328
internal_count=3513 1463 675 788 2050 1853 197 343 1640 1353 565 476 187 328
is_linear=0
shrinkage=0.05


Tree=86
num_leaves=15
num_cat=0
split_feature=5 2 4 9 11 8 0 1 11 11 3 11 11 9
split_gain=1.72018 0.868813 0.700959 0.689653 0.541318 0.679274 0.493789 0.603502 0.435883 0.380383 0.303489 0.219929 0.814394 0.419684
threshold=0.84444770952931936 419.25000000000006 66.612717836087782 6.5000000000000009 0.92922379131507438 47.500000000000007 309.50000000000006 246.50000000000003 0.46039464932087154 0.98213580174693105 3.5000000000000004 -0.71504373327588355 -0.82415615971448097 70.500000000000014
decision_type=2 2 2 2 2 2 2 2 2 2 2 2 2 2
left_child=2 6 -1 -3 5 -5 7 10 -7 11 -2 12 13 -4
right_child=1 3 9 4 -6 8 -8 -9 -10 -11 -12 -13 -14 -15
leaf_value=-0.020610412848287487 -0.089389350567872769 1.5246471915862037 -0.35265123931512371 1.6453492716542653 -0.91064498833250451 -0.88700381446692556 -0.14923505774625917 0.82566653335934304 2.897365401048777 -0.35534127478940664 0.14651699782346675 0.023569796076493801 -0.71954826517592441 0.22008325547862528
leaf_weight=80 91 479 123 272 83 145 115 95 81 90 98 1288 129 372
leaf_count=80 91 479 123 272 83 145 115 95 81 90 98 1288 129 372
internal_value=0.000664129 0.00197746 -0.000258744 0.002723 0.00154437 0.002167 -1.23761e-05 0.00110727 0.00012987 -6.97557e-05 -0.000541237 8.34639e-05 -0.000683625 0.00025
internal_weight=3541 1459 2082 1060 581 498 399 284 226 2002 189 1912 624 495
internal_count=3541 1459 2082 1060 581 498 399 284 226 2002 189 1912 624 495
is_linear=0
shrinkage=0.05


Tree=87
num_leaves=15
num_cat=0
split_feature=12 4 0 1 6 6 9 5 9 11 6 11 6 11
split_gain=1.57704 0.97798 0.928806 0.818356 0.338733 0.554267 0.373702 0.575279 0.362797 0.492276 0.375932 0.599322 0.337981 0.428781
threshold=0.38043945030393422 51.734672429331361 667.50000000000011 956.50000000000011 1.1543111745446297 0.57868831968696122 2.5000000000000004 0.79474888166048918 88.500000000000014 -0.93545489084327571 0.091516935161436538 -0.36647417525074694 0.92299130641422844 -0.70291267844185523
decision_type=2 2 2 2 2 2 2 2 2 2 2 2 2 2
left_child=1 -1 -2 4 5 8 -7 12 -3 -10 11 -11 13 -8
right_child=2 3 -4 -5 -6 6 7 -9 9 10 -12 -13 -14 -15
leaf_value=-0.090304050992867743 0.049515902053019326 -0.14846794012774739 4.4443020992475217 7.0505297113934873 0.38899091050508444 0.32340104307227774 -0.61374638613591381 -1.2094442496251263 0.29460192669941909 -0.7858986107428706 0.18496912979128055 0.40577398297254741 2.8044251740347996 0.029258068201954909
leaf_weight=133 782 80 366 155 319 98 138 273 119 83 545 96 118 223
leaf_count=133 782 80 366 155 319 98 138 273 119 83 545 96 118 223
internal_value=0.000945372 0.000209644 0.00246314 0.000459592 0.000195518 -7.59278e-05 -0.000994152 -0.00137384 0.000770474 0.00107901 0.000576132 -0.00138587 -0.000320248 -0.00107923
internal_weight=3528 2380 1148 2247 2092 1773 850 752 923 843 724 179 479 361
internal_count=3528 2380 1148 2247 2092 1773 850 752 923 843 724 179 479 361
is_linear=0
shrinkage=0.05


Tree=88
num_leaves=15
num_cat=0
split_feature=0 12 12 12 10 11 4 0 11 11 2 4 1 9
split_gain=1.50146 0.8804 1.3369 0.711456 1.21842 0.433834 0.43367 0.524279 0.427793 0.43246 0.400615 0.62022 0.315885 0.274097
threshold=692.50000000000011 -0.039769286347669845 -0.24372464231556024 -0.82413948779581736 17.500000000000004 0.99053107487289871 789.45580271003644 589.50000000000011 -0.93545489084327571 -0.70291267844185523 210.75000000000003 830.64373784301586 461.50000000000006 88.500000000000014
decision_type=2 2 2 2 2 2 2 2 2 2 2 2 2 2
left_child=3 2 -2 4 10 6 7 13 -8 -10 -1 -12 -13 -5
right_child=1 -3 -4 5 -6 -7 8 -9 9 -11 11 12 -14 -15
leaf_value=0.10541717981862531 3.1246487473750673 4.4704095716641303 -4.2342090246885649 0.007784912111279527 -0.10147375985567 -0.23713385755362204 1.6514320850334325 1.4408641893903071 -0.63821755475005792 0.59121820538536241 -0.33385762672944153 -0.80645786785542972 3.0074803878440695 0.070178773175220074
leaf_weight=258 264 471 80 718 102 83 92 180 138 113 218 80 86 650
leaf_count=258 264 471 80 718 102 83 92 180 138 113 218 80 86 650
internal_value=0.000838044 0.00271341 0.000773639 0.000271759 -0.00104139 0.000768065 0.000925633 0.00128139 -0.000675287 -0.00173828 -0.000216383 -0.00123393 0.00105263 0.000939549
internal_weight=3533 815 344 2718 744 1974 1891 1548 343 251 642 384 166 1368
internal_count=3533 815 344 2718 744 1974 1891 1548 343 251 642 384 166 1368
is_linear=0
shrinkage=0.05


Tree=89
num_leaves=15
num_cat=0
split_feature=12 6 11 11 4 2 12 2 11 2 8 12 4 11
split_gain=1.50865 1.29967 1.18985 0.824774 0.993784 0.972517 0.888446 0.731519 0.602051 0.772232 0.568437 0.559746 0.800766 0.614496
threshold=-0.59177783207548873 0.9484732579266224 -0.97113884758256674 -0.70291267844185523 830.64373784301586 497.75000000000006 -0.89404254237865755 405.75000000000006 0.92922379131507438 355.25000000000006 44.500000000000007 -0.96687281075841669 446.22209089546192 0.053729698564148505
decision_type=2 2 2 2 2 2 2 2 2 2 2 2 2 2
left_child=3 8 -3 -1 5 6 11 10 -2 -10 -4 13 -13 -5
right_child=1 2 7 4 -6 -7 -8 -9 9 -11 -12 12 -14 -15
leaf_value=-0.81150606562102023 0.037660973885299459 -1.0179967663620235 -0.039295630468439535 -0.096803243987198057 1.1878619882161179 -1.5317460434605199 0.17186486505934015 1.4826828232381877 0.094197131728632477 -1.2012900172200962 0.2621180598774579 -0.15339120588564015 -0.062515424160969918 0.19863343944663001
leaf_weight=100 970 113 109 154 368 101 225 853 87 111 99 82 96 86
leaf_count=100 970 113 109 154 368 101 225 853 87 111 99 82 96 86
internal_value=0.000904749 0.00164465 0.00281595 -0.000525883 -0.000125336 -0.0011749 -0.000439815 0.0033349 0.000460358 -0.0020197 0.000657277 -0.00179669 -0.00387978 -0.000204081
internal_weight=3554 2342 1174 1212 1112 744 643 1061 1168 198 208 418 178 240
internal_count=3554 2342 1174 1212 1112 744 643 1061 1168 198 208 418 178 240
is_linear=0
shrinkage=0.05


Tree=90
num_leaves=15
num_cat=0
split_feature=8 9 6 12 0 8 4 0 12 12 12 12 3 12
split_gain=1.37671 0.769805 0.673057 0.4676 0.843521 0.561137 0.374604 0.820887 0.634938 0.969576 0.566349 0.458828 0.446346 0.398645
threshold=6.5000000000000009 5.5000000000000009 0.94053119576921762 0.38043945030393422 545.50000000000011 57.500000000000007 830.64373784301586 528.50000000000011 -0.88620506325989179 -0.9292178835113839 -0.8611288361322974 -0.039769286347669845 -29.499999999999996 -0.27694043983797384
decision_type=2 2 2 2 2 2 2 2 2 2 2 2 2 2
left_child=-1 2 -2 6 5 -5 7 8 9 -3 -8 13 -9 -12
right_child=1 3 -4 4 -6 -7 10 12 -10 -11 11 -13 -14 -15
leaf_value=0.19000788901875032 -0.013960127733511985 -0.012895446470719198 0.76041312144277884 -0.17735972686576679 1.8011426385566101 0.10598422917510988 1.1284688859037142 -2.0035856009607365 0.030302019286474753 -0.22749782110644837 0.018857569042474598 2.7081658975620018 -0.18061847054288949 -3.8834111516502858
leaf_weight=433 160 345 338 154 258 205 218 80 717 80 274 96 80 81
leaf_count=433 160 345 338 154 258 205 218 80 717 80 274 96 80 81
internal_value=0.000949206 0.000575866 0.00236581 0.000227536 0.00142283 -0.000151099 -0.000149291 -0.000642693 -0.000165649 -0.00168605 0.000808606 -0.000208333 -0.00393939 -0.00104167
internal_weight=3519 3086 498 2588 617 359 1971 1302 1142 425 669 451 160 355
internal_count=3519 3086 498 2588 617 359 1971 1302 1142 425 669 451 160 355
is_linear=0
shrinkage=0.05


Tree=91
num_leaves=15
num_cat=0
split_feature=0 12 12 0 4 9 12 9 9 2 7 10 11 7
split_gain=1.62181 1.10474 0.866373 0.671092 0.645452 0.63813 0.595757 0.475872 0.709777 0.483596 0.423455 0.514808 0.497072 0.489116
threshold=716.50000000000011 -0.57077231802681661 0.11478523713130605 634.50000000000011 46.070920322609858 6.5000000000000009 -0.36648370705903521 96.500000000000014 53.500000000000007 396.50000000000006 23.050000000000004 13.500000000000002 0.92602006027323147 32.350000000000001
decision_type=2 2 2 2 2 2 2 2 2 2 2 2 2 2
left_child=1 3 5 4 -1 -2 -7 8 -6 -9 -3 -12 13 -13
right_child=2 10 -4 -5 7 6 -8 9 -10 -11 11 12 -14 -15
leaf_value=-0.083255326174475008 6.3020008187379704 -0.010595353962514185 4.9228225561833279 -0.86967407642248196 0.15406917229613812 2.4226620120510094 -1.3257668299919736 -0.011022559715634558 -0.91024214079280275 1.8989043113052415 0.50360073577032816 0.013610604511352573 -0.37949572363989176 0.46327743268358995
leaf_weight=85 147 143 365 86 103 102 107 568 106 159 663 651 153 94
leaf_count=85 147 143 365 86 103 102 107 568 106 159 663 651 153 94
internal_value=0.000723777 0.000179333 0.00283058 -0.00104766 -0.000677388 0.00105263 -0.000724299 -0.000286929 -0.00235981 0.000321038 0.00097718 0.00121648 0.000431894 0.000966667
internal_weight=3532 2811 721 1107 1021 356 209 936 209 727 1704 1561 898 745
internal_count=3532 2811 721 1107 1021 356 209 936 209 727 1704 1561 898 745
is_linear=0
shrinkage=0.05


Tree=92
num_leaves=15
num_cat=0
split_feature=0 12 12 12 0 1 12 6 12 8 3 11 0 5
split_gain=1.60754 0.976468 0.949579 0.925558 0.654308 0.637152 0.586316 0.568272 0.56287 0.521674 0.661136 0.453847 0.367125 0.650363
threshold=716.50000000000011 -0.031174269516803289 -0.57077231802681661 -0.36648370705903521 630.50000000000011 14.500000000000002 -0.6652727025667432 0.88681091811079293 -0.88620506325989179 99.500000000000014 134.50000000000003 0.9916835347852474 492.50000000000006 0.90681610810317648
decision_type=2 2 2 2 2 2 2 2 2 2 2 2 2 2
left_child=2 3 4 -2 5 -1 7 9 -9 -7 -11 12 -4 -14
right_child=1 -3 11 -5 -6 6 -8 8 -10 10 -12 -13 13 -15
leaf_value=-0.067716632848559472 3.1146959508597236 4.5578753844010667 0.015769943541207764 -1.3451615914028439 -0.89045864608831549 0.69754553937545083 -0.68871690071020997 -0.79267825111186208 0.069853667073296016 0.079307978950042921 -0.62867462727788936 -0.32126243019844969 0.54967886947894851 1.2340584845090217
leaf_weight=86 196 440 1052 111 81 192 101 95 101 315 114 84 375 198
leaf_count=86 196 440 1052 111 81 192 101 95 101 315 114 84 375 198
internal_value=0.00072053 0.00277261 0.000167917 0.000592949 -0.000986238 -0.00062438 -0.000227519 0.000225061 -0.00208955 0.000966454 -1.15206e-05 0.0009014 0.00108896 0.00210208
internal_weight=3541 747 2794 307 1085 1004 918 817 196 621 429 1709 1625 573
internal_count=3541 747 2794 307 1085 1004 918 817 196 621 429 1709 1625 573
is_linear=0
shrinkage=0.05


Tree=93
num_leaves=15
num_cat=0
split_feature=0 4 8 7 1 12 4 3 5 5 5 12 8 8
split_gain=1.54749 0.515857 0.556004 0.500794 0.463508 0.488749 0.604808 0.434031 0.480037 0.402026 0.422646 0.598617 0.466914 0.939348
threshold=775.50000000000011 104.00414500727807 5.5000000000000009 36.550000000000004 882.50000000000011 -0.82413948779581736 830.64373784301586 47.500000000000007 0.27866080577904079 1.2996010590322131 0.83036190283884193 0.2499757677084001 57.500000000000007 47.500000000000007
decision_type=2 2 2 2 2 2 2 2 2 2 2 2 2 2
left_child=1 -1 -3 4 5 6 7 8 -4 10 11 -7 13 -13
right_child=-2 2 3 -5 -6 9 -8 -9 -10 -11 -12 12 -14 -15
leaf_value=-0.019371518506299774 5.5280013552510878 0.1348328233828788 0.028759868872190404 -0.22947783120668502 -1.1572044763409826 0.30077313268671391 0.55217518680448785 0.045084320040476682 -0.55886982356056436 -0.14053899022914568 1.0058197126948618 0.0052209400024206126 0.07285912295614283 -0.44517653484677289
leaf_weight=258 516 239 81 163 86 615 200 187 147 110 447 105 282 81
leaf_count=258 516 239 81 163 86 615 200 187 147 110 447 105 282 81
internal_value=0.000804941 0.000367598 0.000569505 0.000346752 0.000534953 0.000674779 -0.000524193 -0.00160714 -0.00304721 0.00112462 0.00133551 0.000795037 -0.000549683 -0.00246073
internal_weight=3517 3001 2743 2504 2341 2255 615 415 228 1640 1530 1083 468 186
internal_count=3517 3001 2743 2504 2341 2255 615 415 228 1640 1530 1083 468 186
is_linear=0
shrinkage=0.05


Tree=94
num_leaves=15
num_cat=0
split_feature=0 12 7 0 11 3 5 3 11 9 0 9 6 11
split_gain=1.64809 0.580281 0.719612 0.686424 0.713877 1.30949 0.704122 0.582565 0.580391 0.508465 1.01633 0.966684 0.67036 0.923371
threshold=785.50000000000011 -0.22700609751797865 35.250000000000007 492.50000000000006 -0.074117382312902977 -4.4999999999999991 0.88173899687427848 -48.499999999999993 -0.69057362043749781 66.500000000000014 634.50000000000011 95.500000000000014 0.091516935161436538 -0.36647417525074694
decision_type=2 2 2 2 2 2 2 2 2 2 2 2 2 2
left_child=1 9 3 4 7 -6 8 -3 -5 -1 11 -11 13 -13
right_child=-2 2 -4 6 5 -7 -8 -9 -10 10 -12 12 -14 -15
leaf_value=0.27344596267248694 5.6745081782784093 -0.16123535770185635 -0.61180351701885693 -0.42563658048964287 0.017273045016853051 -0.066489754096312789 1.1887456779420664 0.085587554540992913 1.8161021880787904 -0.85062454471916515 -0.7996961026609628 -0.74344610132074795 0.056563826491422331 0.026756187563976859
leaf_weight=293 489 153 82 159 231 116 328 313 156 99 110 88 787 107
leaf_count=293 489 153 82 159 231 116 328 313 156 99 110 88 787 107
internal_value=0.000854665 0.000416254 0.00109527 0.00135524 0.000385086 -0.00132102 0.00256944 0.00165605 0.000859375 -0.000288784 -0.000748328 -0.000271639 0.000212766 -0.002375
internal_weight=3511 3022 1538 1456 813 347 643 466 315 1484 1191 1081 982 195
internal_count=3511 3022 1538 1456 813 347 643 466 315 1484 1191 1081 982 195
is_linear=0
shrinkage=0.05


Tree=95
num_leaves=15
num_cat=0
split_feature=1 9 12 12 12 12 12 12 0 11 7 3 3 8
split_gain=1.71455 0.76123 0.555816 0.522889 1.67245 0.582513 1.14403 0.491509 0.449003 0.392067 0.740914 0.443684 0.919112 0.560662
threshold=780.50000000000011 10.500000000000002 -0.99761278905001471 -0.97507822412530132 -0.9575230291762723 -0.9292178835113839 -0.87810534180523914 0.21652257995689161 688.50000000000011 0.92922379131507438 32.650000000000013 8.5000000000000018 -2.4999999999999996 24.500000000000004
decision_type=2 2 2 2 2 2 2 2 2 2 2 2 2 2
left_child=2 -2 -1 -4 -5 -6 -7 8 -3 11 -11 12 13 -8
right_child=1 7 3 4 5 6 9 -9 -10 10 -12 -13 -14 -15
leaf_value=-0.16481177316238882 5.267163614794014 3.1873602154674825 0.21201140864727278 -0.91181778584541329 0.20419058639627197 -0.28171951422048569 0.15768953691853635 5.4604617157950059 -1.2752529228146086 0.17262468185247198 -0.57484311117071585 0.39692605293848421 -0.05559560054065682 0.007065130593096311
leaf_weight=84 404 103 203 89 107 148 206 109 155 109 142 618 130 913
leaf_count=84 404 103 203 89 107 148 206 109 155 109 142 618 130 913
internal_value=0.000765958 0.00284149 0.000179739 0.000308989 0.000105391 0.000363751 0.000189344 0.00116935 -3.80226e-05 0.000489873 -0.00134766 0.000739851 0.000195375 0.000662812
internal_weight=3520 771 2749 2665 2462 2373 2266 367 258 2118 251 1867 1249 1119
internal_count=3520 771 2749 2665 2462 2373 2266 367 258 2118 251 1867 1249 1119
is_linear=0
shrinkage=0.05


Tree=96
num_leaves=15
num_cat=0
split_feature=0 12 4 12 0 7 0 2 7 6 4 3 12 3
split_gain=1.3073 0.512094 0.504287 0.630299 0.505806 0.608172 0.560915 0.450031 0.591388 0.584688 1.11541 0.602736 0.460675 0.445073
threshold=785.50000000000011 -0.031174269516803289 104.00414500727807 0.38043945030393422 499.50000000000006 29.050000000000004 375.50000000000006 513.50000000000011 30.450000000000003 1.1499842435033512 846.3125449997633 -84.499999999999986 -0.8142754349318998 -183.49999999999997
decision_type=2 2 2 2 2 2 2 2 2 2 2 2 2 2
left_child=2 -2 -1 7 6 -6 -5 8 -4 10 11 -9 -12 -14
right_child=1 -3 3 4 5 -7 -8 9 -10 -11 12 -13 13 -15
leaf_value=-0.012063816714072886 2.9082636369533965 5.9053108331255366 0.0064014560863554009 0.11681459960560464 1.3427646654490086 0.63096430078878685 -0.096718039960225349 -0.7911303704270809 0.1913188887030447 0.4418371242693539 4.3022175994040674 -1.8507790105201396 3.8692627186883146 -1.4421786081232717
leaf_weight=262 226 259 1021 276 252 158 152 142 269 112 81 96 82 105
leaf_count=262 226 259 1021 276 252 158 152 142 269 112 81 96 82 105
internal_value=0.00081904 0.00321429 0.000428145 0.000628862 0.0017675 0.00301205 0.000554273 0.000125458 0.000656371 -0.000979133 -0.00170254 -0.00415638 0.000512821 -0.000859375
internal_weight=3493 485 3008 2746 838 410 428 1908 1290 618 506 238 268 187
internal_count=3493 485 3008 2746 838 410 428 1908 1290 618 506 238 268 187
is_linear=0
shrinkage=0.05


Tree=97
num_leaves=15
num_cat=0
split_feature=2 12 1 4 2 4 8 4 11 12 8 8 1 5
split_gain=1.48312 1.27106 0.924633 0.64321 0.473952 0.457952 0.266825 0.496335 0.588695 1.09752 0.551571 0.485754 0.400552 0.261945
threshold=592.75000000000011 0.3484035575467645 930.50000000000011 51.734672429331361 564.75000000000011 685.80830128821344 58.500000000000007 284.0885623890436 -0.24372957273992746 0.31595530242620651 39.500000000000007 99.500000000000014 420.50000000000006 0.67508799792485108
decision_type=2 2 2 2 2 2 2 2 2 2 2 2 2 2
left_child=3 2 5 -1 6 -2 7 8 -5 -10 -9 12 -8 -13
right_child=1 -3 -4 4 -6 -7 11 10 9 -11 -12 13 -14 -15
leaf_value=-0.012284265936737355 2.4645039576727479 2.2709332159425482 4.8996606532633207 0.064948850676621331 -0.4518811570461308 -0.6502508973863329 0.33695985483087715 0.13216939567161523 0.0422326685627476 -0.085543165281895955 -0.22436922831476541 0.020187558820543416 -0.027190963216726673 -0.44231598538688788
leaf_weight=159 90 531 238 83 96 409 488 174 93 89 136 663 143 107
leaf_count=159 90 531 238 83 96 409 488 174 93 89 136 663 143 107
internal_value=0.000712044 0.00207384 0.000721024 -6.48478e-05 0.000173327 -0.000505952 0.000343261 -0.000560345 -0.00212963 -0.00368984 0.000793651 0.000714794 0.00173742 -0.000129032
internal_weight=3499 1268 737 2231 2072 499 1976 575 265 182 310 1401 631 770
internal_count=3499 1268 737 2231 2072 499 1976 575 265 182 310 1401 631 770
is_linear=0
shrinkage=0.05


Tree=98
num_leaves=15
num_cat=0
split_feature=5 0 12 12 11 12 8 12 11 11 7 4 9 12
split_gain=1.49784 1.01579 0.567381 0.468532 0.440094 0.547621 0.491667 0.42683 0.283009 1.06725 1.40402 0.598122 0.552865 0.392085
threshold=0.85710496004014225 599.50000000000011 0.18281312110578132 -0.64580103137750788 1.0000000180025095e-35 0.50370931781787065 61.500000000000007 -0.36648370705903521 -0.92923668111203805 -0.71504373327588355 28.150000000000002 159.05116759260088 64.500000000000014 -0.99761278905001471
decision_type=2 2 2 2 2 2 2 2 2 2 2 2 2 2
left_child=8 3 7 -2 6 -6 -5 -3 12 10 -10 -11 -1 -13
right_child=1 2 -4 4 5 -7 -8 -9 9 11 -12 13 -14 -15
leaf_value=-0.22137187410512277 -0.17399752364347654 2.461489126918412 2.4721837895699945 0.47202513555330611 0.17503616808467709 -0.078319955617101464 0.18920802268197209 -0.098813763628068707 -0.019299051981618989 -0.010886540371214327 -0.97862303883662938 -0.14403434972527893 0.10817529956219681 0.080967756589966536
leaf_weight=80 148 193 444 140 133 87 98 158 206 105 109 81 247 1285
leaf_count=80 148 193 444 140 133 87 98 158 206 105 109 81 247 1285
internal_value=0.000659278 0.0019239 0.00309375 0.000376432 0.00116631 -0.000444444 0.00263374 0.00155899 -0.000181775 -0.000429927 -0.00304687 0.000138889 0.00115964 0.000423049
internal_weight=3514 1401 795 606 458 220 238 351 2113 1786 315 1471 327 1366
internal_count=3514 1401 795 606 458 220 238 351 2113 1786 315 1471 327 1366
is_linear=0
shrinkage=0.05


Tree=99
num_leaves=15
num_cat=0
split_feature=0 12 1 7 3 6 12 1 0 5 5 6 7 5
split_gain=1.50206 0.577025 0.529851 0.61965 0.753802 0.475271 0.441012 0.403352 0.55148 0.334971 0.34887 0.417741 0.406916 0.332613
threshold=785.50000000000011 -0.031174269516803289 27.500000000000004 36.550000000000004 -44.499999999999993 1.0058415624664825 -0.46800559042974538 882.50000000000011 613.50000000000011 0.28894119168400551 0.45524074966398337 0.32796824828367593 27.550000000000004 1.0396620864265309
decision_type=2 2 2 2 2 2 2 2 2 2 2 2 2 2
left_child=2 5 6 7 -5 -2 -1 8 9 -4 11 -11 -13 -10
right_child=1 -3 3 4 -6 -7 -8 -9 13 10 -12 12 -14 -15
leaf_value=-0.06574137792246719 -1.5827598536058016 4.9513049328172167 0.17128069560038764 0.20054754166022973 -0.73513237394047426 5.038017393719227 0.0092392521584720982 -1.1147002593736335 1.1398887750565245 0.054090304569974913 0.033890273589641133 -0.0018636612495781227 -0.29754104976933865 1.3315299985745839
leaf_weight=140 80 265 190 92 80 150 83 90 326 143 1530 108 98 146
leaf_count=140 80 265 190 92 80 150 83 90 326 143 1530 108 98 146
internal_value=0.000611174 0.00315 0.000191356 0.000379274 -0.00248588 0.0012766 -0.00212719 0.000570941 0.000689317 0.000335101 0.000130043 -0.00128531 -0.00270142 0.00222222
internal_weight=3521 495 3026 2803 172 230 223 2631 2541 2069 1879 349 206 472
internal_count=3521 495 3026 2803 172 230 223 2631 2541 2069 1879 349 206 472
is_linear=0
shrinkage=0.05


Tree=100
num_leaves=15
num_cat=0
split_feature=0 4 12 5 0 11 2 6 4 3 2 12 11 7
split_gain=1.62629 0.605124 0.574367 0.683386 0.745528 0.577453 0.489574 0.851378 1.44749 0.728868 0.508013 0.446048 0.435273 0.396637
threshold=775.50000000000011 104.00414500727807 0.38043945030393422 0.85710496004014225 444.50000000000006 -0.72696319516528884 513.50000000000011 1.1445590514225461 846.3125449997633 -84.499999999999986 429.25000000000006 -0.031174269516803289 -0.28519255817492867 35.650000000000013
decision_type=2 2 2 2 2 2 2 2 2 2 2 2 2 2
left_child=1 -1 6 5 -5 -4 10 8 9 -8 -3 13 -10 -2
right_child=11 2 3 4 -6 -7 7 -9 12 -11 -12 -13 -14 -15
leaf_value=-0.011665117118996787 -0.71623332797813755 0.012737589988410739 -0.2527964213612075 -0.018532224289489141 0.91208625505254481 0.12377568256540078 -0.75194446968322193 1.1474928145657912 -0.57233651662382423 -1.704446580963682 1.1352101529335499 4.5904874860796827 1.5424175002903109 4.86446435753599
leaf_weight=263 92 1116 89 97 285 353 140 124 121 96 181 290 128 147
leaf_count=263 92 1116 89 97 285 353 140 124 121 96 181 290 128 147
internal_value=0.000725829 0.000271848 0.000493602 0.00159228 0.00312662 0.000246085 1.56988e-05 -0.00114821 -0.00209184 -0.00485477 0.000564516 0.00326779 0.000570866 0.00161885
internal_weight=3522 2993 2730 824 382 442 1906 609 485 236 1297 529 249 239
internal_count=3522 2993 2730 824 382 442 1906 609 485 236 1297 529 249 239
is_linear=0
shrinkage=0.05


Tree=101
num_leaves=15
num_cat=0
split_feature=0 6 1 3 4 12 4 3 12 12 11 12 12 12
split_gain=1.50655 1.28899 0.848376 0.535195 0.507361 0.368218 0.341599 0.555772 0.501575 0.460501 0.771349 0.222598 0.340752 0.222077
threshold=613.50000000000011 0.94053119576921762 679.50000000000011 -159.49999999999997 104.00414500727807 -0.60555643346685839 846.3125449997633 -202.49999999999997 -0.88620506325989179 -0.97507822412530132 -0.26866367175705824 -0.75013812021657655 -0.57782411410281842 -0.065537083312030994
decision_type=2 2 2 2 2 2 2 2 2 2 2 2 2 2
left_child=4 2 -2 -3 -1 -5 7 -6 9 -9 -11 -10 -13 -14
right_child=1 3 -4 5 6 -7 -8 8 11 10 -12 12 13 -15
leaf_value=-0.012782609958913402 1.3669765117971069 0.33749679734051202 -0.6712356547275159 1.2405652590858391 -0.45942879514335422 2.8913894362533972 0.74996792856730088 0.17420085960595091 0.51155908604348366 0.016635954646696743 -0.92125811772240906 -0.026645066701783456 0.26189643057936246 0.015101209311353232
leaf_weight=257 131 112 144 99 130 626 258 169 150 80 98 131 316 794
leaf_count=257 131 112 144 99 130 626 258 169 150 80 98 131 316 794
internal_value=0.000821429 0.00233662 -0.000625 0.0033076 0.000110972 0.00380137 0.000366026 0.000128137 0.000367183 -0.00132102 -0.00306011 0.000791547 0.000565811 0.000852018
internal_weight=3495 1112 275 837 2383 725 2126 1868 1738 347 178 1391 1241 1110
internal_count=3495 1112 275 837 2383 725 2126 1868 1738 347 178 1391 1241 1110
is_linear=0
shrinkage=0.05


Tree=102
num_leaves=15
num_cat=0
split_feature=0 12 7 12 1 0 4 9 9 7 8 4 8 0
split_gain=1.41651 0.689283 0.68297 0.681124 0.595735 0.536955 0.572739 0.511994 0.745893 0.729885 0.646695 0.541848 0.566564 0.514574
threshold=785.50000000000011 -0.22700609751797865 34.550000000000004 -0.17646730165275518 935.50000000000011 644.50000000000011 46.070920322609858 69.500000000000014 11.500000000000002 27.650000000000002 58.500000000000007 354.69925914502841 47.500000000000007 575.50000000000011
decision_type=2 2 2 2 2 2 2 2 2 2 2 2 2 2
left_child=1 5 7 4 -2 6 -1 8 10 -10 11 -3 -13 -9
right_child=3 2 -4 -5 -6 -7 -8 13 9 -11 -12 12 -14 -15
leaf_value=-0.044891153675696856 -1.7524553347932461 -0.015163765327280355 -0.33821370208721763 4.5414061913041257 4.1438249294932383 -0.71737121768734091 0.012839672566843595 0.05386349660096397 0.03154529818441474 -0.62621700244557588 0.5168720036813037 0.60594376682019113 -0.10193796089292227 1.0164898281561359
leaf_weight=94 80 133 108 280 115 156 1268 461 126 133 134 185 82 154
leaf_count=94 80 133 108 280 115 156 1268 461 126 133 134 185 82 154
internal_value=0.000653102 0.000253373 0.00100592 0.00317708 0.000875 -0.000499015 -0.000175567 0.00130219 0.000457394 -0.00172348 0.00152134 0.000493827 0.00178309 0.00237903
internal_weight=3509 3034 1516 475 195 1518 1362 1408 793 259 534 400 267 615
internal_count=3509 3034 1516 475 195 1518 1362 1408 793 259 534 400 267 615
is_linear=0
shrinkage=0.05


Tree=103
num_leaves=15
num_cat=0
split_feature=0 12 5 12 4 1 12 12 12 12 12 2 9 3
split_gain=1.67792 0.671161 0.808865 0.466906 0.459809 0.415116 0.40806 0.498155 0.437858 0.762493 1.35742 0.494905 0.664742 0.918532
threshold=785.50000000000011 0.38043945030393422 0.84188688094408759 -0.031174269516803289 319.45280968105629 956.50000000000011 -0.99761278905001471 -0.98212955754013376 -0.9575230291762723 -0.92272482904738262 -0.87810534180523914 513.50000000000011 5.5000000000000009 -210.49999999999997
decision_type=2 2 2 2 2 2 2 2 2 2 2 2 2 2
left_child=1 6 -3 5 -4 -2 -1 -8 -9 -10 -11 -12 -13 -14
right_child=3 2 4 -5 -6 -7 7 8 9 10 11 12 13 -15
leaf_value=-0.26446149877606551 -0.3974076983053631 -0.002776769392982114 0.0019332510805404935 4.1427477895196425 0.94148139349383619 3.8784352843461698 0.20299573886442632 -0.45413626341976399 0.29124597364821492 -0.53644429923022385 0.057632970492668217 0.56764660714956727 2.4941895146153641 -0.85938880828981312
leaf_weight=92 119 445 150 265 345 102 161 141 133 128 907 117 97 284
leaf_count=92 119 445 150 265 345 102 161 141 133 128 907 117 97 284
internal_value=0.000610141 0.00016639 0.00126984 0.00331976 0.00265 0.0015708 -0.000338983 -0.000182463 -0.000422185 -0.000191502 -0.000510403 -5.31913e-05 -0.00131213 -0.00231865
internal_weight=3486 3000 940 486 495 221 2060 1968 1807 1666 1533 1405 498 381
internal_count=3486 3000 940 486 495 221 2060 1968 1807 1666 1533 1405 498 381
is_linear=0
shrinkage=0.05


Tree=104
num_leaves=15
num_cat=0
split_feature=0 12 3 5 11 2 8 8 6 12 0 11 7 7
split_gain=1.30913 0.659298 0.684723 0.362326 0.858542 0.835448 0.476573 0.420038 0.765078 0.557553 0.670822 0.475566 0.96391 0.329036
threshold=785.50000000000011 -0.031174269516803289 -25.499999999999996 1.2996010590322131 -0.17647087149565668 239.25000000000003 6.5000000000000009 53.500000000000007 0.60164565124089187 -0.22700609751797865 644.50000000000011 0.46039464932087154 27.650000000000002 34.250000000000007
decision_type=2 2 2 2 2 2 2 2 2 2 2 2 2 2
left_child=3 2 -2 6 -5 -6 -1 8 -8 10 -9 12 -10 -13
right_child=1 -3 -4 4 5 -7 7 9 11 -11 -12 13 -14 -15
leaf_value=0.12355679515841961 4.1022320610060339 4.1696786315991323 -1.7441541256793796 0.38629138032738181 -0.0015694559464204971 -0.15346731829089227 -0.074485629932342048 0.010566249220894629 0.23220306792384626 0.099281121346706636 -0.85290720243509388 1.2064218044355335 -1.0380388574633492 -0.20146184990424862
leaf_weight=175 141 259 86 114 128 117 99 1121 86 749 121 134 102 84
leaf_count=175 141 259 86 114 128 117 99 1121 86 749 121 134 102 84
internal_value=0.000619142 0.00301426 0.00101293 0.000230643 -0.00125 -0.0029 0.000431615 0.000251899 -0.00102941 0.000578657 -7.2173e-05 -4.86616e-05 -0.00186528 0.00152466
internal_weight=3516 486 227 3030 359 245 2671 2496 505 1991 1242 406 188 218
internal_count=3516 486 227 3030 359 245 2671 2496 505 1991 1242 406 188 218
is_linear=0
shrinkage=0.05


Tree=105
num_leaves=15
num_cat=0
split_feature=0 12 3 4 12 5 9 3 6 5 11 8 0 7
split_gain=1.0915 0.858401 0.447448 0.38155 0.491932 0.561274 0.590309 0.649789 0.606211 0.541981 0.383522 0.567196 0.560719 0.500841
threshold=785.50000000000011 -0.031174269516803289 -25.499999999999996 319.45280968105629 0.38043945030393422 0.7980773516213896 5.5000000000000009 -13.499999999999998 1.1140698597061094 0.85710496004014225 -0.48314718476766422 45.500000000000007 126.50000000000001 26.750000000000004
decision_type=2 2 2 2 2 2 2 2 2 2 2 2 2 2
left_child=3 2 -2 10 5 -5 -7 8 -8 -6 -1 13 -13 -12
right_child=1 -3 -4 4 9 6 7 -9 -10 -11 11 12 -14 -15
leaf_value=0.012304443618626574 3.6687844478530156 3.9268860966760197 -1.835564586974491 0.075714947352622242 0.15541411201587743 0.41744262901440354 -2.3062615931160129 0.1879521326579322 -0.1587988042730567 0.7225147365617457 -0.10800606836335556 -0.024292607775660099 0.13955742669361734 -0.038481736428078339
leaf_weight=245 146 272 80 1180 351 95 86 84 85 326 99 258 149 95
leaf_count=245 146 272 80 1180 351 95 86 84 85 326 99 258 149 95
internal_value=0.000704443 0.00286282 0.000562771 0.000348267 0.000693942 0.00019544 -0.0015493 -0.00278846 -0.00451705 0.00181085 -0.000552291 -0.00122937 -0.000157767 -0.00341709
internal_weight=3551 498 226 3053 2207 1530 350 255 171 677 846 601 407 194
internal_count=3551 498 226 3053 2207 1530 350 255 171 677 846 601 407 194
is_linear=0
shrinkage=0.05


Tree=106
num_leaves=15
num_cat=0
split_feature=2 12 9 9 2 5 11 12 0 2 3 3 6 12
split_gain=1.34671 0.839729 0.649367 0.6098 0.315713 0.328585 0.411075 0.644751 0.493905 0.609169 0.88344 0.855876 0.374798 0.306967
threshold=670.25000000000011 0.3484035575467645 6.5000000000000009 29.500000000000004 39.250000000000007 0.62838499970808825 -0.074117382312902977 -0.42179730054635828 364.50000000000006 592.75000000000011 -18.499999999999996 114.50000000000001 1.0606720929204809 -0.16799793862756093
decision_type=2 2 2 2 2 2 2 2 2 2 2 2 2 2
left_child=4 2 -2 -4 -1 -6 7 -7 12 10 -10 -12 -8 -5
right_child=1 -3 3 13 5 6 8 -9 9 -11 11 -13 -14 -15
leaf_value=-0.0091134792965159635 3.3283057744862008 2.7094047168960773 -2.3958313831165348 -0.023911358590344545 0.032990539057649489 -0.19353360775031017 0.18064099386900617 0.25617071272058889 -0.12150866839145831 0.065734041435500309 -0.24352682762545952 -0.23883682354362451 -0.040343503028152844 3.1418628933522381
leaf_weight=175 237 424 86 171 1088 132 85 438 129 125 84 83 168 85
leaf_count=175 237 424 86 171 1088 132 85 438 129 125 84 83 168 85
internal_value=0.000554765 0.00209821 0.000847603 -0.00054755 -6.56845e-05 8.9859e-05 -0.000464371 0.000521739 -0.00129602 -0.00233568 -0.00355482 -0.00590116 0.000445737 0.000689655
internal_weight=3510 1003 579 342 2507 2332 1244 570 674 421 296 167 253 256
internal_count=3510 1003 579 342 2507 2332 1244 570 674 421 296 167 253 256
is_linear=0
shrinkage=0.05


Tree=107
num_leaves=15
num_cat=0
split_feature=0 5 4 3 9 0 3 4 3 3 6 12 1 7
split_gain=1.23063 0.849285 0.491763 0.423624 0.333607 0.280562 0.265609 0.340003 0.401699 0.305204 0.311814 0.687714 0.360517 0.316955
threshold=682.50000000000011 0.91680818597141001 104.00414500727807 1.5000000000000002 20.500000000000004 748.50000000000011 302.50000000000006 869.84385324788059 -250.49999999999997 -104.49999999999999 0.32796824828367593 -0.87810534180523914 37.500000000000007 25.050000000000004
decision_type=2 2 2 2 2 2 2 2 2 2 2 2 2 2
left_child=2 4 3 -1 -2 -6 7 8 -4 -10 12 -12 -11 -13
right_child=1 -3 6 -5 5 -7 -8 -9 9 10 11 13 -14 -15
leaf_value=-0.037442877133011837 -0.64794397217878474 2.6248917253312611 -0.48260441912970242 0.0061311773399309018 2.5004811744029944 0.0065442642524645052 -0.31744994358135731 1.1155299218820645 0.77859385666058223 -0.018457685559631225 -0.39089358532094454 0.06939250251384925 0.45398495510090991 -0.0020484095062727097
leaf_weight=165 135 548 102 104 85 83 97 281 344 162 124 210 259 841
leaf_count=165 135 548 102 104 85 83 97 281 344 162 124 210 259 841
internal_value=0.000691114 0.00234229 0.000165182 -0.00184307 0.000211039 0.0016763 0.000391753 0.00050043 0.000273571 0.000437018 0.00014366 -0.000275424 0.00130282 0.00014678
internal_weight=3540 851 2689 269 303 168 2420 2323 2042 1940 1596 1175 421 1051
internal_count=3540 851 2689 269 303 168 2420 2323 2042 1940 1596 1175 421 1051
is_linear=0
shrinkage=0.05


Tree=108
num_leaves=15
num_cat=0
split_feature=0 8 4 11 7 5 11 7 3 6 11 8 12 2
split_gain=1.27573 0.521445 0.28568 0.404134 0.333301 0.929954 0.534573 0.474014 0.694498 0.567279 0.536476 1.19877 0.673408 0.439644
threshold=775.50000000000011 54.500000000000007 134.25571581260175 1.0000000180025095e-35 35.750000000000007 0.74404215664068829 0.69676570133721638 28.650000000000002 20.500000000000004 0.36484951139258698 0.47559651477048942 58.500000000000007 -0.039769286347669845 621.25000000000011
decision_type=2 2 2 2 2 2 2 2 2 2 2 2 2 2
left_child=2 -2 3 -1 6 -6 7 13 10 -10 11 -9 -13 -4
right_child=1 -3 4 -5 5 -7 -8 8 9 -11 -12 12 -14 -15
leaf_value=0.004399799076477774 3.1973830964779149 -0.030060436277871652 0.012572838975040712 -0.039418722942981717 0.16975436334720206 -0.67834176710500871 0.19561445886464415 -1.2022365548494462 -0.4213853842477413 2.8594216516898934 0.47111515844970281 -1.3033559457233237 0.9397662561269956 0.96600095271931041
leaf_weight=141 415 103 1262 170 130 83 420 84 95 88 89 90 104 248
leaf_count=141 415 103 1262 170 130 83 420 84 95 88 89 90 104 248
internal_value=0.00056989 0.00284895 0.000172815 -0.00125 0.00033914 -0.0015367 0.000503018 0.000169492 -0.00108108 0.00140957 -0.00232527 -0.00339223 -0.00115578 0.000627063
internal_weight=3522 518 3004 311 2693 213 2480 2060 550 183 367 278 194 1510
internal_count=3522 518 3004 311 2693 213 2480 2060 550 183 367 278 194 1510
is_linear=0
shrinkage=0.05


Tree=109
num_leaves=15
num_cat=0
split_feature=2 12 9 1 11 1 12 4 2 9 9 6 3 3
split_gain=1.03811 0.643372 0.485274 0.460381 0.342342 0.3032 0.29043 0.339674 0.248617 0.46648 0.678816 0.270999 0.401092 0.799767
threshold=790.25000000000011 0.097680735332368748 6.5000000000000009 27.500000000000004 0.9916835347852474 14.500000000000002 -0.99761278905001471 964.07301916768654 657.75000000000011 57.500000000000007 7.5000000000000009 0.54112266909448037 -3.4999999999999996 11.500000000000002
decision_type=2 2 2 2 2 2 2 2 2 2 2 2 2 2
left_child=3 2 -2 5 6 -1 -5 8 11 10 -10 -8 -13 -14
right_child=1 -3 -4 4 -6 -7 7 -9 9 -11 -12 12 13 -15
leaf_value=-0.00052358683171521302 4.1047011929656918 3.8097409107176619 -0.060696575587120362 -0.23422469950417227 -0.27643506111936605 -0.047260656169970189 0.088243513669661863 -0.72522528969266775 1.5774484760698821 2.5155732675047684 -1.2859984336979504 0.040495091897353529 -0.14218143321088647 0.020955893295916381
leaf_weight=140 141 274 162 90 93 86 718 88 148 182 95 1038 97 178
leaf_count=140 141 274 162 90 93 86 718 88 148 182 95 1038 97 178
internal_value=0.000707214 0.00263746 0.00102273 0.000326234 0.000506955 -0.00181818 0.000613869 0.000714006 0.000824868 0.0019186 0.00046371 0.000591847 0.000163126 -0.00151786
internal_weight=3530 577 303 2953 2727 226 2634 2544 2456 425 243 2031 1313 275
internal_count=3530 577 303 2953 2727 226 2634 2544 2456 425 243 2031 1313 275
is_linear=0
shrinkage=0.05


Tree=110
num_leaves=15
num_cat=0
split_feature=0 12 3 4 11 11 11 1 8 4 4 8 5 5
split_gain=0.861571 0.666784 0.429901 0.335906 0.42424 0.271683 0.423698 0.607644 0.43636 0.380897 0.473886 0.391298 0.389071 0.564065
threshold=785.50000000000011 -0.031174269516803289 -25.499999999999996 134.25571581260175 0.31799963745711152 0.9916835347852474 0.69676570133721638 879.00000000000011 49.500000000000007 830.64373784301586 201.12507087711228 19.500000000000004 0.95250546508705092 0.87122050417408781
decision_type=2 2 2 2 2 2 2 2 2 2 2 2 2 2
left_child=3 2 -2 4 -1 6 7 9 -8 10 -5 -12 13 -13
right_child=1 -3 -4 5 -6 -7 8 -9 -10 -11 11 12 -14 -15
leaf_value=0.0037120828992188801 3.3616002879448454 3.0053146762034042 -1.7203080131809252 0.30732117706090595 -0.028935057939232983 -0.24678978759260783 0.026950721638911764 -1.2673201760341655 0.63168532134442446 0.586413308158939 0.10847816746225006 -0.01663838748501514 -0.22058402035240024 1.7341977629053407
leaf_weight=183 148 259 82 102 123 108 240 84 256 441 176 1010 210 90
leaf_count=183 148 259 82 102 123 108 240 84 256 441 176 1010 210 90
internal_value=0.000685243 0.00262146 0.000638298 0.00036823 -0.00118971 0.000545555 0.000648432 0.000337583 0.00195609 0.000513766 0.000150659 -8.04827e-05 -0.000380228 1.85422e-10
internal_weight=3512 489 230 3023 306 2717 2609 2113 496 2029 1588 1486 1310 1100
internal_count=3512 489 230 3023 306 2717 2609 2113 496 2029 1588 1486 1310 1100
is_linear=0
shrinkage=0.05


Tree=111
num_leaves=15
num_cat=0
split_feature=0 12 1 7 12 4 5 11 3 1 3 5 5 7
split_gain=1.3724 0.773715 0.413845 0.411612 0.401544 0.762085 0.539524 0.622164 0.852457 0.463504 0.619429 0.358591 0.409312 0.34929
threshold=785.50000000000011 -0.031174269516803289 255.50000000000003 35.650000000000013 0.38043945030393422 354.69925914502841 0.67508799792485108 0.70290292807158605 -21.499999999999996 514.00000000000011 -89.499999999999986 0.45139924598838294 0.5453632474052047 28.350000000000005
decision_type=2 2 2 2 2 2 2 2 2 2 2 2 2 2
left_child=2 3 -1 -2 6 -6 11 9 -9 -8 -11 -4 -13 -7
right_child=1 -3 4 -5 5 13 7 8 -10 10 -12 12 -14 -15
leaf_value=-0.007458379112335 -4.2007745304497277 2.9447839241444167 -0.084691027518600331 1.6469050076207736 -0.062120209006166688 0.75931244079495652 0.14453667677108625 0.83344076553639224 -0.30756329811276978 -0.75189767042153077 -2.1654868626123638 1.6171184439206432 0.12073112299341525 0.10249520274259392
leaf_weight=1155 82 266 153 144 95 305 142 182 91 181 102 115 196 293
leaf_count=1155 82 266 153 144 95 305 142 182 91 181 102 115 196 293
internal_value=0.000302253 0.00273642 -9.95023e-05 0.000562771 0.000362903 0.00131089 -0.000205655 -0.00108108 0.000773381 -0.00226744 -0.00342014 0.00110874 0.00207278 0.00197347
internal_weight=3502 492 3010 226 1855 693 1162 698 273 425 283 464 311 598
internal_count=3502 492 3010 226 1855 693 1162 698 273 425 283 464 311 598
is_linear=0
shrinkage=0.05


Tree=112
num_leaves=15
num_cat=0
split_feature=0 12 11 11 11 11 9 4 8 11 3 12 11 11
split_gain=1.0571 0.803414 0.409546 0.397189 0.46143 0.515931 0.386964 0.36658 0.632464 0.477794 0.74128 1.00994 0.443535 0.879022
threshold=785.50000000000011 -0.031174269516803289 0.9916835347852474 0.96687895796550427 0.92602006027323147 0.84313847884979054 6.5000000000000009 529.42609833433551 24.500000000000004 0.3342611484689354 -36.499999999999993 -0.61915584096709908 -0.71504373327588355 -0.82415615971448097
decision_type=2 2 2 2 2 2 2 2 2 2 2 2 2 2
left_child=2 6 3 4 5 7 -2 9 -9 -1 -11 -12 13 -10
right_child=1 -3 -4 -5 -6 -7 -8 8 12 10 11 -13 -14 -15
leaf_value=0.0014436755897415336 3.7507988014173947 2.7040185112788908 -0.23756939055148535 0.33944160178362265 -0.292229157049197 0.28797465192007943 -0.40931720227390961 1.3000265249855276 0.05411298890082409 0.38110684511414733 0.025168803838537059 -0.13219127803424446 0.38300810162390819 -0.73556881359533455
leaf_weight=868 104 267 105 95 102 153 120 100 388 82 99 157 806 90
leaf_count=868 104 267 105 95 102 153 120 100 388 82 99 157 806 90
internal_value=0.000389721 0.00253024 4.09838e-05 0.000152802 4.38598e-05 0.000169214 0.000305677 1.85906e-10 0.000554356 -0.000635838 -0.00221574 -0.0035249 0.000248255 -0.000952381
internal_weight=3536 491 3045 2940 2845 2743 224 2590 1384 1206 338 256 1284 478
internal_count=3536 491 3045 2940 2845 2743 224 2590 1384 1206 338 256 1284 478
is_linear=0
shrinkage=0.05


Tree=113
num_leaves=15
num_cat=0
split_feature=1 12 9 0 12 11 3 1 9 11 11 6 11 12
split_gain=1.03006 0.717903 0.579829 0.92224 0.399026 0.397152 0.751751 0.517745 0.691602 0.591268 1.13898 0.738098 0.318666 0.295752
threshold=780.50000000000011 -0.039769286347669845 6.5000000000000009 685.50000000000011 -0.99761278905001471 0.92922379131507438 -18.499999999999996 255.50000000000003 96.500000000000014 0.59177612190863982 1.0000000180025095e-35 0.88272662219485898 -0.75015329512557205 0.36447543099728863
decision_type=2 2 2 2 2 2 2 2 2 2 2 2 2 2
left_child=4 2 -2 -4 -1 7 -7 -6 9 10 11 -9 -3 -13
right_child=1 12 3 -5 5 6 -8 8 -10 -11 -12 13 -14 -15
leaf_value=-0.1808012441116813 3.8122056064108953 1.153235211533983 2.6965833649581699 -2.0296789841156873 -0.003929670624675515 0.078465767002317513 -0.30498897115108292 -0.22581292455860402 0.52158601239494129 0.20896013255066137 -0.35213860266645863 -0.33369051339095074 3.0317937668577666 0.85454870598489829
leaf_weight=85 125 108 86 142 1035 137 114 140 592 226 118 80 315 203
leaf_count=85 125 108 86 142 1035 137 114 140 592 226 118 80 315 203
internal_value=0.00067787 0.00227913 0.000600559 -0.000901287 0.000219379 0.000330189 -0.00154297 0.000529387 0.00116935 0.000174871 -0.000723443 0.000502337 0.00365654 0.00196181
internal_weight=3506 776 353 228 2730 2645 251 2394 1359 767 541 423 423 283
internal_count=3506 776 353 228 2730 2645 251 2394 1359 767 541 423 423 283
is_linear=0
shrinkage=0.05


Tree=114
num_leaves=15
num_cat=0
split_feature=0 5 4 6 12 11 3 9 11 3 11 8 8 3
split_gain=1.55588 0.819158 0.347923 0.335102 0.38174 0.333739 0.607328 0.736921 0.586497 0.5572 0.636904 0.416417 0.504927 0.565839
threshold=682.50000000000011 0.91968940638688645 849.52888445713825 0.091516935161436538 -0.8142754349318998 -0.71504373327588355 -52.499999999999993 17.500000000000004 -0.78326540922535159 -9.4999999999999982 0.76696112484652035 31.500000000000004 50.500000000000007 7.5000000000000009
decision_type=2 2 2 2 2 2 2 2 2 2 2 2 2 2
left_child=3 2 -2 4 -1 8 -7 9 -5 10 -8 -9 -13 -14
right_child=1 -3 -4 5 -6 6 7 11 -10 -11 -12 12 13 -15
leaf_value=-0.04151735044253644 -0.6495750082054278 2.2647365871333869 1.4685150818542776 -0.0039646572513980785 0.087279258563487602 0.699460866560905 0.22946207214003689 0.086322507480211599 -0.50585201754757136 -0.052842909746216686 -0.16070034637711442 -0.1304621637074723 -0.081299614831008934 0.1530622981317844
leaf_weight=133 80 524 236 612 83 571 98 124 87 114 124 81 197 447
leaf_count=133 80 524 236 612 83 571 98 124 87 114 124 81 197 447
internal_value=0.00055603 0.00242604 0.000404985 -3.55006e-05 -0.00190045 0.000132114 0.000499716 -0.000147059 -0.000788352 -0.00211144 -0.00061674 0.000638173 0.000171233 0.00064715
internal_weight=3511 840 316 2671 216 2455 1756 1185 699 336 222 849 725 644
internal_count=3511 840 316 2671 216 2455 1756 1185 699 336 222 849 725 644
is_linear=0
shrinkage=0.05


Tree=115
num_leaves=15
num_cat=0
split_feature=0 12 9 12 3 3 0 4 12 8 12 0 12 3
split_gain=1.34472 0.70186 0.505543 0.40376 0.356655 0.555099 0.449638 0.325044 0.293692 0.948152 0.699686 0.257749 0.372175 0.314577
threshold=692.50000000000011 0.1318557721318592 6.5000000000000009 -0.26037106507032781 -202.49999999999997 -131.99999999999997 391.50000000000006 846.3125449997633 0.87291090774974645 58.500000000000007 0.74298546529340237 584.50000000000011 -0.34234976856068178 -66.499999999999986
decision_type=2 2 2 2 2 2 2 2 2 2 2 2 2 2
left_child=4 2 -2 -4 7 6 -6 -1 10 -10 11 13 -13 -7
right_child=1 -3 3 -5 5 8 -8 -9 9 -11 -12 12 -14 -15
leaf_value=-0.48811817157251669 2.7510794982501476 2.3176171261765535 0.61296632042472354 -2.5934781332031172 -0.0092328307712319594 0.57379595657706906 2.144891812964286 0.081540698384451826 -0.091638770182439253 0.1102557724175519 0.078073341518750256 -0.88114047352335323 0.074826280756594324 -0.0042882515456149116
leaf_weight=143 158 399 159 82 83 211 145 116 136 120 158 92 97 1391
leaf_count=143 158 399 159 82 83 211 145 116 136 120 158 92 97 1391
internal_value=0.00055794 0.00235367 0.000853961 -0.000589431 2.22471e-05 0.000211239 0.00253219 -0.00172348 -3.39365e-05 -0.0016092 0.000176561 -0.000108574 -0.0018299 9.95646e-05
internal_weight=3490 798 399 241 2692 2433 228 259 2205 256 1949 1791 189 1602
internal_count=3490 798 399 241 2692 2433 228 259 2205 256 1949 1791 189 1602
is_linear=0
shrinkage=0.05


Tree=116
num_leaves=15
num_cat=0
split_feature=0 12 12 12 12 0 11 7 6 0 12 5 1 12
split_gain=1.18328 0.63342 0.516977 0.338105 0.430334 0.630467 0.497797 0.91238 0.764205 0.367168 0.328904 0.319395 0.66691 0.315761
threshold=785.50000000000011 -0.99761278905001471 -0.031174269516803289 -0.97507822412530132 0.38043945030393422 642.50000000000011 -0.40614700388750385 27.850000000000005 1.1817142645507475 672.50000000000011 -0.039769286347669845 0.55785562786058451 542.50000000000011 0.2499757677084001
decision_type=2 2 2 2 2 2 2 2 2 2 2 2 2 2
left_child=1 -1 -2 -3 9 6 7 -6 11 13 -11 -8 -13 -5
right_child=2 3 -4 4 5 -7 8 -9 -10 10 -12 12 -14 -15
leaf_value=-0.23443492893689932 1.4184214076307062 0.23538795078077107 2.4179332037586527 0.0047535013301017561 0.43253441033714879 1.9026018114758465 0.012600348757200442 -0.32899861387704005 -0.053772000718963424 -0.92291798538666381 0.21588474300652366 -0.1247170679859565 0.6039618675523768 -0.3378727369289542
leaf_weight=96 232 207 264 1475 180 208 90 82 136 123 84 129 108 112
leaf_count=96 232 207 264 1475 180 208 90 82 136 123 84 129 108 112
internal_value=0.000603229 0.000230643 0.00285429 0.00036407 0.000214129 0.00108209 0.000376713 0.00209738 -0.000608974 -0.000239021 -0.0021934 0.000707831 -0.000268595 2.19851e-05
internal_weight=3526 3030 496 2934 2727 933 725 262 463 1794 207 327 237 1587
internal_count=3526 3030 496 2934 2727 933 725 262 463 1794 207 327 237 1587
is_linear=0
shrinkage=0.05


Tree=117
num_leaves=15
num_cat=0
split_feature=2 12 9 12 11 4 7 2 7 4 9 3 4 2
split_gain=1.26104 0.472431 0.615986 0.290977 0.297746 0.285451 0.350917 0.3269 0.39375 0.335685 0.28407 0.578387 0.551035 0.391268
threshold=790.25000000000011 0.097680735332368748 10.500000000000002 -0.99761278905001471 0.9916835347852474 965.66741359042965 30.650000000000002 678.75000000000011 28.050000000000004 209.82136977285859 41.500000000000007 -18.499999999999996 511.3262256525029 84.750000000000014
decision_type=2 2 2 2 2 2 2 2 2 2 2 2 2 2
left_child=3 2 -2 -1 5 6 7 9 -9 -5 11 12 -11 -12
right_child=1 -3 -4 4 -6 -7 -8 8 -10 10 13 -13 -14 -15
leaf_value=-0.10382066117977849 3.0701873726417439 2.5512265583407832 -0.14904072284136158 0.012815533667230657 -0.25201083935683294 -0.43759852367982932 0.1889991289437048 2.0503154578880176 0.31320125971874174 0.37787251529797128 -0.48720995240483456 -0.062528554445069523 -0.30925228323249848 0.024871680129179452
leaf_weight=93 154 268 143 474 94 88 521 135 140 131 108 101 91 992
leaf_count=93 154 268 143 474 94 88 521 135 140 131 108 101 91 992
internal_value=0.000696721 0.00285088 0.0014404 0.000282543 0.000373264 0.000468414 0.000561527 0.000280202 0.001875 4.469e-05 -0.000339636 -0.0016311 -0.000176211 4.52491e-05
internal_weight=3533 565 297 2968 2875 2781 2693 2172 275 1897 1423 323 222 1100
internal_count=3533 565 297 2968 2875 2781 2693 2172 275 1897 1423 323 222 1100
is_linear=0
shrinkage=0.05


Tree=118
num_leaves=15
num_cat=0
split_feature=0 12 1 12 12 12 12 12 12 5 5 12 10 1
split_gain=1.22381 0.868268 0.621053 0.463609 0.419512 0.406554 0.413424 0.708511 0.581383 0.361319 0.803714 0.277431 0.428425 0.310019
threshold=648.50000000000011 0.3484035575467645 952.50000000000011 -0.99761278905001471 -0.72694848937061807 -0.97507822412530132 -0.87810534180523914 -0.92272482904738262 -0.95242240592625282 0.99519512947724798 0.86273156769477488 -0.75013812021657655 11.500000000000002 105.50000000000001
decision_type=2 2 2 2 2 2 2 2 2 2 2 2 2 2
left_child=3 2 4 -1 -2 -5 7 8 -7 10 -6 12 -8 -13
right_child=1 -3 -4 5 9 6 11 -9 -10 -11 -12 13 -14 -15
leaf_value=-0.22709863573145866 2.9814647390167859 1.8882392715994296 3.5110504960035662 0.22824434560253476 0.29777589902136281 -0.12340655746398732 1.1588654486759442 -0.51234997598826038 0.10112610232888271 1.5254715474142466 -2.4891150196344345 0.01736003587956372 0.071837667384886061 -0.014491012051847958
leaf_weight=94 102 389 164 192 118 103 80 116 119 86 84 335 122 1390
leaf_count=94 102 389 164 192 118 103 80 116 119 86 84 335 122 1390
internal_value=0.000591598 0.00212553 0.000840787 2.15182e-05 -0.000253164 0.000156377 -3.30395e-05 -0.00163265 4.4053e-05 -0.00122867 -0.00236715 0.000251035 0.00198068 4.33528e-05
internal_weight=3494 943 554 2551 390 2457 2265 338 222 288 202 1927 202 1725
internal_count=3494 943 554 2551 390 2457 2265 338 222 288 202 1927 202 1725
is_linear=0
shrinkage=0.05


Tree=119
num_leaves=15
num_cat=0
split_feature=0 12 6 12 12 12 4 12 6 6 11 9 0 6
split_gain=0.983773 0.81472 0.742274 0.345802 0.34769 0.518288 0.360009 0.914018 0.409233 0.734773 0.339549 0.747512 0.477076 0.522997
threshold=759.50000000000011 0.1318557721318592 0.97891537227607339 -0.99761278905001471 -0.98212955754013376 -0.9575230291762723 934.62619680581747 -0.68432604233786842 0.50207725669882775 0.71925462303017496 -0.92274349529687905 85.500000000000014 642.50000000000011 0.78763471048724398
decision_type=2 2 2 2 2 2 2 2 2 2 2 2 2 2
left_child=3 2 -2 -1 -5 -6 8 -8 -7 -10 11 -11 13 -12
right_child=1 -3 -4 4 5 6 7 -9 9 10 12 -13 -14 -15
leaf_value=-0.21095546079468852 -0.61201635289132339 2.2423578766809817 1.1732315803618758 0.21683212811808528 -0.26206548864735119 0.031815856603566769 -1.5753040501729207 1.4581258254203415 -0.12691853441222237 -1.5005164926374135 0.89599925391736857 0.40287214610784794 1.2487900372115057 -0.0069120932804408453
leaf_weight=95 81 290 222 162 131 680 97 84 262 114 94 97 233 873
leaf_count=95 81 290 222 162 131 680 97 84 262 114 94 97 233 873
internal_value=0.000518466 0.00236622 0.000535714 0.000140075 0.000241879 0.000102996 0.000263884 -0.00185484 0.00043045 8.9394e-06 0.000462571 -0.00136574 0.000788382 0.00029321
internal_weight=3515 593 303 2922 2827 2665 2534 181 2353 1673 1411 211 1200 967
internal_count=3515 593 303 2922 2827 2665 2534 181 2353 1673 1411 211 1200 967
is_linear=0
shrinkage=0.05


Tree=120
num_leaves=15
num_cat=0
split_feature=2 12 12 12 9 2 6 4 2 2 9 7 7 0
split_gain=1.15319 0.675872 0.401124 0.675467 0.553945 0.36408 0.728139 0.955145 0.423681 0.419683 1.04364 0.373715 0.623183 0.414796
threshold=790.25000000000011 -0.60555643346685839 0.57605713708605399 0.86869874770991873 31.500000000000004 513.50000000000011 1.1543111745446297 866.14310204422429 667.75000000000011 661.75000000000011 75.500000000000014 25.450000000000003 25.050000000000004 114.50000000000001
decision_type=2 2 2 2 2 2 2 2 2 2 2 2 2 2
left_child=2 -2 5 -4 -5 11 7 9 -9 10 -7 12 13 -1
right_child=1 -3 3 4 -6 6 -8 8 -10 -11 -12 -13 -14 -15
leaf_value=-0.024329276718528622 -0.15023880068133452 2.217810426813926 0.11763376266866687 -0.039604705610102861 0.034275058821336156 -0.13743044083482908 0.49967699302997315 2.3349940679503223 -0.12886664949849441 -0.58141554906242443 -1.3841094796759275 0.02689046575710817 -0.21467967041973157 0.11740569401372264
leaf_weight=164 96 468 366 139 244 90 136 100 96 141 80 1075 92 231
leaf_count=164 96 468 366 139 244 90 136 100 96 141 80 1075 92 231
internal_value=0.000522282 0.00258348 0.000125042 0.00112069 -0.000347938 -0.000214932 -0.00121142 -0.00208008 0.000646766 -0.00378165 -0.00542857 0.00019783 -0.000945122 -6.24998e-05
internal_weight=3518 564 2954 749 383 2205 643 507 196 311 170 1562 487 395
internal_count=3518 564 2954 749 383 2205 643 507 196 311 170 1562 487 395
is_linear=0
shrinkage=0.05


Tree=121
num_leaves=15
num_cat=0
split_feature=0 12 9 3 12 3 6 11 12 3 10 1 3 9
split_gain=0.926004 0.631917 0.379317 0.364781 0.619345 0.54933 0.446998 1.04601 0.513205 0.436863 0.436994 0.431714 0.409576 0.641753
threshold=785.50000000000011 -0.031174269516803289 6.5000000000000009 8.5000000000000018 -0.93543596745397617 -1.4999999999999998 0.9484732579266224 -0.97113884758256674 -0.61236746317008228 209.50000000000003 11.500000000000002 500.50000000000006 -48.499999999999993 26.500000000000004
decision_type=2 2 2 2 2 2 2 2 2 2 2 2 2 2
left_child=3 2 -2 4 -1 6 12 -8 -9 10 -5 -10 -6 -14
right_child=1 -3 -4 9 5 -7 7 8 11 -11 -12 -13 13 -15
leaf_value=-0.057266341801699421 2.8054616449186689 1.7517312973997026 -0.45519651709723735 0.0013192040946874983 0.067119694166503235 -0.063131259590460592 -1.3550989223648924 -0.2813618943172409 0.019147425379050252 -0.097407983708733256 0.25814633435985945 0.84656578628890033 -0.13342574960735817 0.012269963701793547
leaf_weight=212 110 264 116 291 499 130 97 134 204 247 479 391 195 169
leaf_count=212 110 264 116 291 499 130 97 134 204 247 479 391 195 169
internal_value=0.000519334 0.00252525 0.000562771 0.000193253 -0.000194008 0.000106908 0.00035124 0.0011793 0.00183243 0.000963797 0.00154839 0.00245833 -0.000443548 -0.00170732
internal_weight=3538 490 226 3048 2031 1819 1689 826 729 1017 770 595 863 364
internal_count=3538 490 226 3048 2031 1819 1689 826 729 1017 770 595 863 364
is_linear=0
shrinkage=0.05


Tree=122
num_leaves=15
num_cat=0
split_feature=2 12 9 11 8 9 11 7 8 11 3 3 12 3
split_gain=0.873518 0.664092 0.597038 0.373419 0.394608 0.518553 0.434225 0.66867 0.402812 0.61862 0.438102 0.717743 0.660401 0.582476
threshold=790.25000000000011 0.097680735332368748 6.5000000000000009 0.9916835347852474 31.500000000000004 26.500000000000004 -0.24372957273992746 28.150000000000002 50.500000000000007 0.69676570133721638 -14.499999999999998 -66.499999999999986 -0.091258822863740666 293.50000000000006
decision_type=2 2 2 2 2 2 2 2 2 2 2 2 2 2
left_child=3 2 -2 4 5 6 -1 -8 -6 10 11 -10 -13 -12
right_child=1 -3 -4 -5 8 -7 7 -9 9 -11 13 12 -14 -15
leaf_value=0.50203021108747314 2.6474842910060135 2.1294913174994066 -0.61293083092040312 -0.19534269975366059 -0.10976961881163749 0.12995505396755713 -0.051390542046418165 0.11368512745004274 0.023252649595383437 0.41496896339325967 0.042314410589626109 -0.61493060612075345 -0.0070616922216154305 -0.36783254815274929
leaf_weight=88 138 268 156 95 293 194 84 115 635 243 833 126 121 102
leaf_count=88 138 268 156 95 293 194 84 115 635 243 833 126 121 102
internal_value=0.000602117 0.00239859 0.000735786 0.00025392 0.000359282 0.00165638 0.000291096 -0.0010049 9.11791e-05 0.000338983 1.92098e-05 -0.000777903 -0.00303571 0.000771277
internal_weight=3491 562 294 2929 2834 481 287 199 2353 2060 1817 882 247 935
internal_count=3491 562 294 2929 2834 481 287 199 2353 2060 1817 882 247 935
is_linear=0
shrinkage=0.05


Tree=123
num_leaves=15
num_cat=0
split_feature=2 12 7 12 2 2 8 7 7 1 8 3 9 11
split_gain=0.906144 0.662191 0.522657 0.340823 0.291585 0.512896 0.33785 0.668227 0.552653 0.36483 0.483809 1.21469 0.434186 0.523074
threshold=790.25000000000011 0.097680735332368748 34.95000000000001 -0.99761278905001471 764.25000000000011 678.75000000000011 88.500000000000014 27.150000000000002 25.950000000000003 358.50000000000006 69.500000000000014 -9.4999999999999982 6.5000000000000009 0.67167992559793654
decision_type=2 2 2 2 2 2 2 2 2 2 2 2 2 2
left_child=3 2 -2 -1 5 6 9 8 -8 12 11 -11 13 -5
right_child=1 -3 -4 4 -6 -7 7 -9 -10 10 -12 -13 -14 -15
leaf_value=-0.20146121739144027 -0.97060177292894889 1.8779057583647056 1.9852635784814177 0.019301224983396259 -0.74076842604527526 0.99205231339471656 0.011476174425284369 0.25878748499873983 -0.59478174051879151 0.11495508039511199 -1.1164861409881788 -0.065873762519132045 0.029003311070654875 -0.099125268533024391
leaf_weight=95 104 258 185 86 117 284 504 388 211 331 160 151 522 81
leaf_count=95 104 258 185 86 117 284 504 388 211 331 160 151 522 81
internal_value=0.000469558 0.0023279 0.000663265 0.000119251 0.000220071 0.000326846 9.02011e-05 0.00073556 -0.000173611 -0.000445359 -0.0012983 -0.000492813 0.000353026 -0.0018314
internal_weight=3477 547 289 2930 2835 2718 2434 1103 715 1331 642 482 689 167
internal_count=3477 547 289 2930 2835 2718 2434 1103 715 1331 642 482 689 167
is_linear=0
shrinkage=0.05


Tree=124
num_leaves=15
num_cat=0
split_feature=0 5 4 3 3 4 6 11 11 4 4 11 7 3
split_gain=1.05654 0.87604 0.465954 0.25488 0.763202 0.379573 0.27989 0.706186 0.654993 0.27648 0.478034 0.455793 0.480046 0.440792
threshold=682.50000000000011 0.91968940638688645 849.52888445713825 8.5000000000000018 -1.4999999999999998 378.08774989870648 0.36484951139258698 -0.01397611846945947 -0.38242426011641079 134.25571581260175 201.12507087711228 -0.71504373327588355 28.150000000000002 -52.499999999999993
decision_type=2 2 2 2 2 2 2 2 2 2 2 2 2 2
left_child=3 2 -2 4 9 -5 8 -8 -7 -1 -11 12 -12 -13
right_child=1 -3 -4 5 -6 6 7 -9 -10 10 11 13 -14 -15
leaf_value=-0.0082919425384007754 -0.60801973639304774 1.5841851703888263 1.1252511645769647 0.06588525121564269 -0.043590072786396199 -0.70580907025758277 1.6128573325772511 -0.050697374488744555 0.2451667652708891 0.16672303596728122 -0.0014901872022474534 0.57326525969987474 -0.69537108509850842 -0.011566189707818956
leaf_weight=148 84 548 232 275 147 214 133 94 224 133 251 546 140 350
leaf_count=148 84 548 232 275 147 214 133 94 224 133 251 546 140 350
internal_value=0.000523553 0.00203682 -6.23051e-05 2.81957e-05 -0.000334302 0.000687831 3.73136e-05 0.00144397 -0.000699774 -6.35709e-06 0.000210526 -8.90091e-05 -0.00150253 0.000532742
internal_weight=3519 864 316 2655 1715 940 665 227 438 1568 1420 1287 391 896
internal_count=3519 864 316 2655 1715 940 665 227 438 1568 1420 1287 391 896
is_linear=0
shrinkage=0.05


Tree=125
num_leaves=15
num_cat=0
split_feature=0 12 10 7 11 6 6 11 3 12 10 3 11 0
split_gain=0.873336 1.06948 0.554936 0.349893 0.331329 0.319532 0.440276 0.310474 0.302118 0.478699 0.934241 0.720739 1.46693 1.16879
threshold=695.50000000000011 0.1318557721318592 13.500000000000002 31.750000000000004 -0.90893996196865023 0.54819691870326548 0.82200143619931654 -0.861146256326485 41.500000000000007 -0.9575230291762723 12.500000000000002 -9.4999999999999982 -0.29343379936893921 244.50000000000003
decision_type=2 2 2 2 2 2 2 2 2 2 2 2 2 2
left_child=4 2 3 -2 5 -1 -7 -6 9 10 -9 -11 -13 -14
right_child=1 -3 -4 -5 7 6 -8 8 -10 11 -12 12 13 -15
leaf_value=0.075297028236223265 -1.6142860163534796 1.6052821670820976 -0.49785413463937278 1.6401211712784942 -0.67681933558718166 -0.32928229896556788 0.38267033683928653 -0.86171522465425365 0.072203768221160133 0.091455930642616742 0.010840442109580115 0.055478279431478789 -0.016126453981525558 -0.10485660507656709
leaf_weight=175 80 403 80 235 100 82 177 90 575 987 110 170 143 103
leaf_count=175 80 403 80 235 100 82 177 90 575 987 110 170 143 103
internal_value=0.000469417 0.00191781 6.25002e-05 0.00101563 4.0486e-05 0.00129841 0.000170455 -0.000201489 -7.32934e-05 -0.000425995 -0.00268293 -9.58805e-05 -0.00182898 -0.00426295
internal_weight=3510 798 395 315 2712 434 259 2278 2178 1603 200 1403 416 246
internal_count=3510 798 395 315 2712 434 259 2278 2178 1603 200 1403 416 246
is_linear=0
shrinkage=0.05


Tree=126
num_leaves=15
num_cat=0
split_feature=1 12 9 0 1 3 11 3 0 9 12 12 4 12
split_gain=0.653799 0.908548 0.821942 0.627753 0.854707 0.492917 0.68533 0.499979 0.912091 0.902111 0.419921 0.394049 0.363191 0.358164
threshold=615.50000000000011 0.38043945030393422 2.5000000000000004 644.50000000000011 926.50000000000011 52.500000000000007 -0.40614700388750385 -48.499999999999993 356.50000000000006 43.500000000000007 0.53312596302726967 -0.19337245081799007 846.3125449997633 0.71952396275653763
decision_type=2 2 2 2 2 2 2 2 2 2 2 2 2 2
left_child=5 2 -2 12 11 6 13 9 -9 -8 -10 -5 -4 -1
right_child=1 -3 3 4 -6 -7 7 8 10 -11 -12 -13 -14 -15
leaf_value=0.012511057398090417 1.7618584179033794 1.0391851080625292 -0.003188465695460327 -1.8536612655246998 0.89412745568074625 0.12512013022794297 0.57222889361883844 -0.0077927976496346765 -0.25356672678658304 -0.1448918611605082 -0.11579162757537219 -0.044436873150048399 2.8609638748259218 0.45637571827259454
leaf_weight=494 177 521 133 124 160 717 152 461 97 137 89 94 94 87
leaf_count=494 177 521 133 124 160 717 152 461 97 137 89 94 94 87
internal_value=0.000461604 0.00134939 0.000266836 -0.000614754 -0.00185379 -5.80614e-05 -0.000568331 -0.00140276 -0.00217025 0.000323129 -0.00507853 -0.0038565 0.00144397 0.000776451
internal_weight=3537 1303 782 605 378 2234 1517 936 647 289 186 218 227 581
internal_count=3537 1303 782 605 378 2234 1517 936 647 289 186 218 227 581
is_linear=0
shrinkage=0.05


Tree=127
num_leaves=15
num_cat=0
split_feature=11 12 2 5 12 8 6 6 6 10 11 5 7 12
split_gain=0.727336 0.818834 0.757651 0.43583 0.416559 0.714352 0.657131 0.449185 0.659886 0.545901 0.395192 0.475276 0.367111 0.359084
threshold=0.99761913169647187 -0.57782411410281842 670.25000000000011 0.97439350332526153 -0.73865259438682551 52.500000000000007 0.57868831968696122 0.87261249103051186 1.1278286543236555 17.500000000000004 -0.23537230790205757 0.38303747198648336 29.850000000000005 0.19969739736768838
decision_type=2 2 2 2 2 2 2 2 2 2 2 2 2 2
left_child=1 4 13 -4 5 -1 -6 9 -9 10 11 -7 -12 -3
right_child=-2 2 3 -5 6 7 -8 8 -10 -11 12 -13 -14 -15
leaf_value=0.86006645536647319 -0.36476765459028915 0.10646872377878168 0.68302199026779897 1.5046467647866351 0.050002241701712739 0.12272452798292917 -1.167876264643233 -0.43074827291512208 0.34852783691011874 -0.017244900724616308 1.7134440531311772 -0.4876691117082218 -0.02708480649564517 -0.00066543101181304595
leaf_weight=90 81 585 446 344 109 119 156 108 85 113 223 120 100 870
leaf_count=90 81 585 446 344 109 119 156 108 85 113 223 120 100 870
internal_value=0.000533202 0.000644976 0.00121111 0.00245283 -0.000394951 9.34581e-05 -0.00212963 -0.000355097 -0.00244949 0.000257353 0.000899471 -0.000635246 0.00202744 0.000530822
internal_weight=3549 3468 2245 790 1223 958 265 868 193 675 562 239 323 1455
internal_count=3549 3468 2245 790 1223 958 265 868 193 675 562 239 323 1455
is_linear=0
shrinkage=0.05


Tree=128
num_leaves=15
num_cat=0
split_feature=2 9 3 11 3 5 3 11 3 6 11 6 8 5
split_gain=0.947267 0.445418 0.684374 0.40917 0.473249 0.61737 0.26904 0.233114 0.635512 0.632204 0.562825 0.518161 0.395664 0.606925
threshold=790.25000000000011 10.500000000000002 -94.499999999999986 0.9916835347852474 -202.49999999999997 0.62598317291940353 -161.49999999999997 -0.14250824554987665 -42.499999999999993 0.89925378539721901 -0.05695216311707673 0.66188732189080624 83.500000000000014 0.76598773870163905
decision_type=2 2 2 2 2 2 2 2 2 2 2 2 2 2
left_child=3 -2 -3 4 5 -1 -6 8 -8 11 -9 -10 13 -12
right_child=1 2 -4 -5 6 -7 7 10 9 -11 12 -13 -14 -15
leaf_value=0.10932496787084862 1.9644052600642343 -0.64171270942631675 1.3903487572196669 -0.23193104387021257 0.69276831637252201 -1.1985161336364494 -0.27897709826923145 -0.50288783475798704 0.029971751000729619 0.51196730912558575 0.081102350421402791 -0.11632425920105718 -0.040118575483605874 -0.0056304406141256943
leaf_weight=151 326 80 153 99 117 80 328 95 661 220 266 80 334 527
leaf_count=151 326 80 153 99 117 80 328 95 661 220 266 80 334 527
internal_value=0.000506814 0.00238475 0.000693277 0.000148498 0.000260126 -0.00188559 0.000451956 0.000339825 0.000807574 0.00145445 -0.000154849 0.000743968 0.000163428 0.000770677
internal_weight=3517 559 233 2958 2859 231 2628 2511 1289 961 1222 741 1127 793
internal_count=3517 559 233 2958 2859 231 2628 2511 1289 961 1222 741 1127 793
is_linear=0
shrinkage=0.05


Tree=129
num_leaves=15
num_cat=0
split_feature=0 12 12 3 3 0 1 9 12 11 2 2 8 8
split_gain=0.653098 0.913469 0.760429 0.405614 0.579906 0.4437 0.429606 0.699744 0.58533 0.512146 0.447363 0.605654 0.522247 0.512435
threshold=682.50000000000011 -0.022575793296316496 -0.24372464231556024 -202.49999999999997 -102.49999999999999 387.50000000000006 514.00000000000011 5.5000000000000009 0.53312596302726967 -0.48314718476766422 236.75000000000003 307.25000000000006 45.500000000000007 83.500000000000014
decision_type=2 2 2 2 2 2 2 2 2 2 2 2 2 2
left_child=3 2 -2 -1 5 -5 9 -8 -9 -6 -11 -12 -13 -14
right_child=1 -3 -4 4 6 -7 7 8 -10 10 11 12 13 -15
leaf_value=-0.24266132231669324 0.85382293132098896 1.1736031991184273 -4.3093681019857577 -0.032730389786852998 0.057347636281643737 1.6151619686566911 0.2609755557284415 -1.1354550846068479 0.021706671688218868 0.011304056571821555 -0.10166376742710503 -0.10252623665292138 1.0554008880736498 -0.4024524421366098
leaf_weight=236 284 499 83 121 586 225 107 146 105 665 137 126 108 81
leaf_count=236 284 499 83 121 586 225 107 146 105 665 137 126 108 81
internal_value=0.000396984 0.00158439 -0.00030914 5.66484e-06 0.000201078 0.00207977 -0.000118586 -0.00168044 -0.00310547 0.0002137 -0.000414438 -0.00161926 -0.000390625 0.00126289
internal_weight=3509 866 367 2643 2407 346 2061 358 251 1703 1117 452 315 189
internal_count=3509 866 367 2643 2407 346 2061 358 251 1703 1117 452 315 189
is_linear=0
shrinkage=0.05


Tree=130
num_leaves=15
num_cat=0
split_feature=0 12 10 9 11 11 12 7 3 4 0 12 7 8
split_gain=0.603248 0.908906 0.652324 0.429378 0.326321 0.400033 0.521429 0.420312 0.4002 0.594128 0.571228 0.608297 0.297555 0.394898
threshold=682.50000000000011 0.38043945030393422 13.500000000000002 2.5000000000000004 -0.01397611846945947 0.82414472752956958 -0.35042475891464198 32.650000000000013 19.500000000000004 529.42609833433551 387.50000000000006 0.57605713708605399 29.050000000000004 6.5000000000000009
decision_type=2 2 2 2 2 2 2 2 2 2 2 2 2 2
left_child=4 2 3 -2 12 8 -7 -8 9 10 11 -6 13 -1
right_child=1 -3 -4 -5 5 6 7 -9 -10 -11 -12 -13 -14 -15
leaf_value=0.19683084752252675 1.7865869760439783 1.2443726280510135 -0.59856754256676703 0.35005756030098611 -0.054008523328308793 0.30232202229720379 0.04785155662380168 -0.23219669188119416 0.16300023559343124 0.025686789488600915 -0.13809479334204522 0.020130980531009396 -0.029166351724945295 0.017474550783987505
leaf_weight=98 106 338 110 293 142 83 140 156 216 191 88 110 153 1274
leaf_count=98 106 338 110 293 142 83 140 156 216 191 88 110 153 1274
internal_value=0.00046817 0.00162559 0.000282101 0.00122525 9.60092e-05 -0.000548187 0.000768229 -0.000232558 -0.00121676 -0.00194963 -0.00318841 -0.00190661 0.000571896 0.0008061
internal_weight=3498 847 509 399 2651 1126 379 296 747 531 340 252 1525 1372
internal_count=3498 847 509 399 2651 1126 379 296 747 531 340 252 1525 1372
is_linear=0
shrinkage=0.05


Tree=131
num_leaves=15
num_cat=0
split_feature=0 12 9 9 12 7 7 12 5 7 3 3 5 8
split_gain=0.678107 0.824241 0.459453 0.446537 0.278655 0.223949 0.398691 0.345026 0.452168 0.38549 0.321486 0.661282 0.324421 0.518682
threshold=698.50000000000011 0.1318557721318592 2.5000000000000004 32.500000000000007 -0.99761278905001471 25.050000000000004 25.450000000000003 0.87709077819680659 0.40072166389854835 24.050000000000004 -53.499999999999993 -43.499999999999993 0.76598773870163905 89.500000000000014
decision_type=2 2 2 2 2 2 2 2 2 2 2 2 2 2
left_child=4 2 -2 -4 -1 7 -7 8 9 -6 12 -12 13 -8
right_child=1 -3 3 -5 5 6 10 -9 -10 -11 11 -13 -14 -15
leaf_value=-0.29922768180757747 1.2728132246863353 1.3278286606102958 -2.1026697136823591 0.79654651967588652 -0.04874523768852726 -0.12982113707707421 -0.109933478977417 -0.03734064805000397 0.10651811048247573 0.027560781474678386 -0.52075274493783719 -0.001404204183058273 1.6709090644425928 0.5066472026062403
leaf_weight=90 89 392 137 170 98 111 258 105 308 97 80 1130 207 252
leaf_count=90 89 392 137 170 98 111 258 105 308 97 80 1130 207 252
internal_value=0.00040238 0.00168979 7.48131e-05 -0.000849359 2.91866e-05 0.000124482 -0.000127264 0.00096248 0.00150591 -0.000375 4.3996e-05 -0.000452675 0.000879502 0.000194175
internal_weight=3524 788 396 307 2736 2646 2038 608 503 195 1927 1210 717 510
internal_count=3524 788 396 307 2736 2646 2038 608 503 195 1927 1210 717 510
is_linear=0
shrinkage=0.05


Tree=132
num_leaves=15
num_cat=0
split_feature=8 7 2 12 0 6 6 11 11 3 12 7 12 11
split_gain=1.00546 0.401309 0.497233 0.383814 0.342231 0.339778 0.377165 0.329801 0.914885 0.495744 0.604353 0.451786 0.667737 1.2335
threshold=4.5000000000000009 38.750000000000007 872.25000000000011 -0.16799793862756093 630.50000000000011 0.14883363099236732 0.091516935161436538 0.46039464932087154 0.38243310158943505 -26.499999999999996 -0.61915584096709908 27.950000000000003 -0.71502926860092908 -0.77245553105869302
decision_type=2 2 2 2 2 2 2 2 2 2 2 2 2 2
left_child=4 2 5 -4 -1 6 -2 8 11 -9 -11 -7 -13 -14
right_child=1 -3 3 -5 -6 7 -8 9 -10 10 -12 12 13 -15
leaf_value=0.009321983779473738 7.7672363578850374e-05 -0.81546052057434459 0.54593855901604227 2.320552239593519 1.2632868232999934 0.0080092358877189972 0.20052567121722575 0.44354892537336488 -0.37840365381738122 0.39611798980623292 -0.13456678647039372 0.2525641555235924 -0.040024111341835443 -1.2210948337406116
leaf_weight=197 213 82 82 94 197 1054 136 396 82 80 267 171 293 139
leaf_count=197 213 82 82 94 197 1054 136 396 82 80 267 171 293 139
internal_value=0.000319668 1.45445e-05 0.000111222 0.00265193 0.0026817 -5.11282e-05 0.00139831 -0.000257338 -0.000633601 0.000621658 -0.000752841 -0.000370036 -0.00145559 -0.00249428
internal_weight=3483 3089 3007 176 394 2831 349 2482 1739 743 347 1657 603 432
internal_count=3483 3089 3007 176 394 2831 349 2482 1739 743 347 1657 603 432
is_linear=0
shrinkage=0.05


Tree=133
num_leaves=15
num_cat=0
split_feature=5 10 11 12 11 9 3 12 12 5 12 11 4 4
split_gain=0.745525 0.978525 0.318145 0.432278 0.431123 0.496822 0.873287 0.279794 0.80067 0.34325 0.335809 0.244765 0.288451 0.336141
threshold=0.97439350332526153 10.500000000000002 -0.46801505794253101 0.47369649395226454 0.41398981800788198 8.5000000000000018 -22.499999999999996 0.74298546529340237 0.63089349388778826 0.64650459195489018 0.93469109537144635 0.9916835347852474 968.66356464887622 951.13474704150701
decision_type=2 2 2 2 2 2 2 2 2 2 2 2 2 2
left_child=7 2 3 -2 -4 6 -6 8 11 -9 -11 12 13 -1
right_child=1 -3 4 -5 5 -7 -8 9 -10 10 -12 -13 -14 -15
leaf_value=0.0015480908027581469 -0.028522311040318618 1.7807273258168916 -0.10867645536515246 0.84070593564647444 0.38370564617799346 0.053027491332854074 -0.12051894170631522 -0.0058872168836910793 -0.30138987646959126 1.0995411401370336 -0.036544762839180088 -0.30708662167829637 -0.35080982095034519 2.1749179771643496
leaf_weight=1767 87 302 149 88 93 167 113 118 97 144 89 92 132 90
leaf_count=1767 87 302 149 88 93 167 113 118 97 144 89 92 132 90
internal_value=0.00043589 0.00158865 0.000548433 0.00236111 -7.59011e-05 0.000833333 -0.000805687 -2.17046e-05 -0.000233623 0.00127809 0.00237395 -2.15722e-05 9.77936e-05 0.000260473
internal_weight=3528 999 697 175 522 373 206 2529 2178 351 233 2081 1989 1857
internal_count=3528 999 697 175 522 373 206 2529 2178 351 233 2081 1989 1857
is_linear=0
shrinkage=0.05


Tree=134
num_leaves=15
num_cat=0
split_feature=8 7 12 9 9 0 12 7 0 8 3 5 4 9
split_gain=0.703571 0.387983 0.380709 0.436107 0.706413 0.438052 0.397726 0.363355 0.341217 0.348626 0.374237 0.401036 0.346042 0.320387
threshold=1.0000000180025095e-35 23.050000000000004 -0.59177783207548873 97.500000000000014 61.500000000000007 99.500000000000014 -0.46039597980994923 25.250000000000004 174.50000000000003 99.500000000000014 -74.499999999999986 0.4370329705078741 827.3632695465127 5.5000000000000009
decision_type=2 2 2 2 2 2 2 2 2 2 2 2 2 2
left_child=-1 -2 3 4 -3 -5 -4 -8 -7 12 -11 -12 -10 -9
right_child=1 2 6 5 -6 8 7 13 9 10 11 -13 -14 -15
leaf_value=0.12837254312497107 -0.048254663132675041 0.099611110605606609 1.0033368332700761 -0.0076482374569195686 -0.54707794577273694 0.32749464995225502 0.16554562745045756 0.082756575548403127 0.046353346977024673 0.58689875463465957 0.23814771342281446 -0.50861343274896276 2.4270824222430178 0.0012084458255556571
leaf_weight=334 145 178 120 146 134 105 184 392 144 87 87 149 105 1206
leaf_count=334 145 178 120 146 134 105 184 392 144 87 87 149 105 1206
internal_value=0.00054814 0.000316913 0.000438856 -0.000285088 -0.0018612 0.000320048 0.000870477 0.000677113 0.000857771 0.000363952 -0.000716463 -0.00174274 0.00175197 0.000430443
internal_weight=3516 3182 3037 1135 312 823 1902 1782 677 572 323 236 249 1598
internal_count=3516 3182 3037 1135 312 823 1902 1782 677 572 323 236 249 1598
is_linear=0
shrinkage=0.05


Tree=135
num_leaves=15
num_cat=0
split_feature=0 12 9 12 12 11 7 3 3 4 11 8 11 9
split_gain=0.619992 0.66405 0.956369 0.537849 0.421106 0.286511 0.546984 0.48172 0.78183 0.632439 0.364513 0.302347 0.303673 0.392342
threshold=682.50000000000011 0.1318557721318592 10.500000000000002 -0.36648370705903521 -0.99761278905001471 0.12225609522135446 30.750000000000004 -18.499999999999996 30.500000000000004 177.58562550969802 0.46039464932087154 6.5000000000000009 -0.2270106897347694 87.500000000000014
decision_type=2 2 2 2 2 2 2 2 2 2 2 2 2 2
left_child=4 2 -2 -4 -1 11 7 10 9 -9 -7 -6 13 -13
right_child=1 -3 3 -5 5 6 -8 8 -10 -11 -12 12 -14 -15
leaf_value=-0.29321263458674596 1.9624899618465794 1.1039772067933797 0.42841856264143402 -2.2971189036136583 0.12663854113795189 -0.059936300267389712 0.023242697724732343 -0.010104022533596385 0.22330587973202365 -0.13890644399687105 0.34993712787997322 -0.071317984912732335 0.055900747392407649 0.020540847987704555
leaf_weight=88 184 432 126 108 108 108 474 124 104 87 109 323 233 887
leaf_count=88 184 432 126 108 108 108 474 124 104 87 109 323 233 887
internal_value=0.00035 0.00152047 9.45628e-05 -0.00200837 -2.83017e-05 9.17254e-05 -0.000563798 -0.00165736 -0.00289062 -0.00460648 0.000157658 0.000517352 0.000321133 1.85498e-10
internal_weight=3495 850 418 234 2645 2557 1006 532 315 211 217 1551 1443 1210
internal_count=3495 850 418 234 2645 2557 1006 532 315 211 217 1551 1443 1210
is_linear=0
shrinkage=0.05


Tree=136
num_leaves=15
num_cat=0
split_feature=0 12 3 1 12 11 12 4 12 3 8 5 10 8
split_gain=0.526284 0.405123 0.509175 0.495028 0.466412 0.40796 0.406057 0.431613 0.362006 0.359732 0.339196 0.266812 0.262799 0.235583
threshold=867.50000000000011 -0.57077231802681661 1.5000000000000002 135.50000000000003 -0.73865259438682551 0.9916835347852474 -0.88620506325989179 824.09515335061099 -0.49065906150552346 114.50000000000001 99.500000000000014 0.97439350332526153 15.500000000000002 58.500000000000007
decision_type=2 2 2 2 2 2 2 2 2 2 2 2 2 2
left_child=1 2 3 -1 6 8 7 -5 -3 12 -11 -2 -4 -10
right_child=11 5 9 4 -6 -7 -8 -9 13 10 -12 -13 -14 -15
leaf_value=-0.040816161310798987 0.39933465208284086 0.49963466990406896 0.26265310782641882 -0.16992633642111965 -0.98229306901138758 -0.18375501747481621 0.67054411415484327 0.87998010277660466 0.0072199083913847377 0.34827772433154142 -0.53745260772422554 2.6479874579574592 0.0029373457896493442 0.066856271100900408
leaf_weight=82 88 96 175 96 136 109 141 90 978 139 155 153 153 923
leaf_count=82 88 96 175 96 136 109 141 90 978 139 155 153 153 923
internal_value=0.000431941 0.000263881 -0.000482082 -0.00159091 -0.000929487 0.000677404 0.000105422 -0.00141361 0.000841659 0.000494418 -0.000769231 0.0026626 0.00162162 0.00068468
internal_weight=3514 3273 1167 545 463 2106 327 186 1997 622 294 241 328 1901
internal_count=3514 3273 1167 545 463 2106 327 186 1997 622 294 241 328 1901
is_linear=0
shrinkage=0.05


Tree=137
num_leaves=15
num_cat=0
split_feature=8 7 11 11 0 5 5 6 8 11 11 11 6 11
split_gain=0.627078 0.447741 0.447902 0.456907 0.379309 0.237198 0.394838 0.496773 0.353402 0.344113 1.06622 0.612557 0.594033 0.379416
threshold=1.0000000180025095e-35 23.050000000000004 0.9916835347852474 0.97696484778429815 630.50000000000011 0.88173899687427848 0.62266956590464706 1.0148940906667274 52.500000000000007 -0.70291267844185523 -0.92923668111203805 0.19020386523577326 0.76031837616300824 0.69676570133721638
decision_type=2 2 2 2 2 2 2 2 2 2 2 2 2 2
left_child=4 -2 3 5 -1 6 8 9 -3 10 -8 -11 -13 -14
right_child=1 2 -4 -5 -6 -7 7 -9 -10 11 -12 12 13 -15
leaf_value=0.0045486335892687456 -0.066563709857228134 -0.029957105742386105 -0.17783889583726886 0.30677142168232696 1.1055367959644962 0.19667944859472289 0.60166746630939727 -0.81792555332996675 0.030134323407838962 0.55888200226380469 -0.75599778980365573 -0.787703831586682 -0.38634483194619235 1.279651716057985
leaf_weight=154 142 102 137 91 183 808 133 123 1054 201 120 88 85 103
leaf_count=154 142 102 137 91 183 808 133 123 1054 201 120 88 85 103
internal_value=0.000260697 4.22934e-05 0.000172131 0.000305527 0.00229532 0.000189582 -0.000101787 -0.000914918 0.00049957 -0.000408163 -0.00187984 0.000383818 -0.00113879 0.000466321
internal_weight=3524 3187 3045 2908 337 2817 2009 853 1156 730 253 477 276 188
internal_count=3524 3187 3045 2908 337 2817 2009 853 1156 730 253 477 276 188
is_linear=0
shrinkage=0.05


Tree=138
num_leaves=15
num_cat=0
split_feature=11 0 5 3 0 7 11 11 1 0 3 2 1 11
split_gain=0.505685 0.483619 0.512509 0.335374 0.266333 0.341023 0.563331 0.388819 0.298625 0.26656 0.242174 0.212118 0.268479 0.816769
threshold=0.99761913169647187 775.50000000000011 0.97439350332526153 -54.499999999999993 147.50000000000003 34.95000000000001 0.93544191479114935 0.94704596667653973 882.50000000000011 720.50000000000011 -129.49999999999997 165.50000000000003 169.50000000000003 -0.38242426011641079
decision_type=2 2 2 2 2 2 2 2 2 2 2 2 2 2
left_child=1 4 3 -3 -1 7 -7 8 9 10 -6 -12 13 -13
right_child=-2 2 -4 -5 5 6 -8 -9 -10 -11 11 12 -14 -15
leaf_value=-0.0045262799272938886 -0.38368661916902058 1.2436727159996623 1.5831431804883953 -0.32954248910882133 0.4672686694303434 0.04315313632631828 -0.312513526116456 0.80054404623459097 -0.70306208565326478 1.4352843188739894 0.20276825278237395 -0.69798550816832272 0.019259117826508267 0.56508086559605741
leaf_weight=591 82 116 282 99 339 110 82 95 80 109 153 87 1189 90
leaf_count=591 82 116 282 99 339 110 82 95 80 109 153 87 1189 90
internal_value=0.000433172 0.000528159 0.00196215 0.000113637 0.00028157 0.000521591 -0.00147208 0.000703307 0.000553119 0.000676978 0.000531401 0.000259187 5.83518e-05 -0.00173077
internal_weight=3504 3422 497 215 2925 2334 192 2142 2047 1967 1858 1519 1366 177
internal_count=3504 3422 497 215 2925 2334 192 2142 2047 1967 1858 1519 1366 177
is_linear=0
shrinkage=0.05


Tree=139
num_leaves=15
num_cat=0
split_feature=2 11 3 4 6 11 0 7 8 5 0 0 5 5
split_gain=0.471397 0.334625 1.16344 0.8391 0.764419 0.562812 0.445993 0.399541 0.36486 0.350905 0.25448 0.22956 0.240485 0.457695
threshold=934.25000000000011 0.92922379131507438 -26.499999999999996 649.01264003798588 0.89925378539721901 0.82414472752956958 724.50000000000011 34.250000000000007 11.500000000000002 1.0140038153028634 804.50000000000011 56.500000000000007 0.61501038380381712 0.70727112692049643
decision_type=2 2 2 2 2 2 2 2 2 2 2 2 2 2
left_child=1 5 3 -3 -4 6 7 11 -8 -7 -10 -1 -13 -14
right_child=-2 2 4 -5 -6 9 8 -9 10 -11 -12 12 13 -15
leaf_value=-0.0060029272146703005 2.0842596075131938 0.34429050511791853 -0.049180013424155539 -0.20006483509632345 -0.82147739704027567 0.39978654196768848 1.4964744882938312 -0.13620455275883142 1.3153053058104558 0.0095871310459132997 -0.25563421725587115 0.03843475140538654 -0.28471074583671979 0.018210397544887409
leaf_weight=213 153 91 91 113 80 143 98 88 156 81 116 860 258 1003
leaf_count=213 153 91 91 113 80 143 98 88 156 81 116 860 258 1003
internal_value=0.000273317 0.000148705 -0.00125 0.00129187 -0.00423295 0.000324396 0.00012871 -0.000119489 0.00173333 0.00270742 0.000758123 8.55085e-06 0.00016698 -0.000272512
internal_weight=3544 3391 375 204 171 3016 2792 2422 370 224 272 2334 2121 1261
internal_count=3544 3391 375 204 171 3016 2792 2422 370 224 272 2334 2121 1261
is_linear=0
shrinkage=0.05


Tree=140
num_leaves=15
num_cat=0
split_feature=1 7 8 9 8 7 4 5 5 0 1 4 10 1
split_gain=0.711721 0.622356 0.593838 0.503962 0.35951 0.332818 0.246565 0.386427 0.393984 0.35283 0.24695 0.31493 0.343006 0.265526
threshold=952.50000000000011 36.350000000000001 41.500000000000007 70.500000000000014 1.0000000180025095e-35 30.450000000000003 33.232423289957843 1.25138494947973 1.0722333320854254 309.50000000000006 20.500000000000004 207.20338916788958 9.5000000000000018 874.50000000000011
decision_type=2 2 2 2 2 2 2 2 2 2 2 2 2 2
left_child=1 4 -3 -4 -1 6 -6 8 10 -9 -8 -12 -13 -14
right_child=-2 2 3 -5 5 -7 7 9 -10 -11 11 12 13 -15
leaf_value=0.051010905466808254 1.9788526567791695 -0.99500957964289671 0.73594234564319272 -0.29462522260844509 0.014690977502961104 0.14056456339765613 -0.013157984718623254 -0.02158760847429322 0.35422266051267082 -0.1133569283007204 0.043928889772351085 -0.11094708604951647 0.01969600558909668 -0.99496245324804056
leaf_weight=271 182 82 88 83 83 567 89 160 143 93 118 168 1324 83
leaf_count=271 182 82 88 83 83 567 89 160 143 93 118 168 1324 83
internal_value=0.000259961 9.23445e-05 -0.00226744 -0.000539773 0.000288338 0.000120014 -0.00015225 -0.000256528 -1.29532e-05 -0.00207364 -0.000218243 -7.95051e-05 -0.000268987 -1.0623e-05
internal_weight=3534 3352 253 171 3099 2828 2261 2178 1925 253 1782 1693 1575 1407
internal_count=3534 3352 253 171 3099 2828 2261 2178 1925 253 1782 1693 1575 1407
is_linear=0
shrinkage=0.05


Tree=141
num_leaves=15
num_cat=0
split_feature=0 11 12 12 8 12 12 6 11 12 12 8 8 1
split_gain=0.607899 0.438991 0.429632 0.648 0.586443 0.522423 0.456077 0.405023 0.433289 0.34547 0.587396 0.53734 0.857441 0.363516
threshold=147.50000000000003 0.9962888416657264 -0.59177783207548873 -0.73865259438682551 97.500000000000014 -0.46039597980994923 -0.79382744783423187 0.87261249103051186 -0.38242426011641079 0.87291090774974645 0.74298546529340237 58.500000000000007 18.500000000000004 952.50000000000011
decision_type=2 2 2 2 2 2 2 2 2 2 2 2 2 2
left_child=-1 2 3 6 -5 -4 7 8 -2 10 13 12 -11 -7
right_child=1 -3 5 4 -6 9 -8 -9 -10 11 -12 -13 -14 -15
leaf_value=-0.0068983604452434099 -0.38510257965976818 -0.32710717510725101 0.92154478557678565 -2.0228474963192578 0.017346049484778088 0.032886485227924353 1.9736868525631572 -0.29434100498592602 0.44205291696551696 0.086482099397639817 0.27216249091213773 0.41296501653926071 -0.4176248726582949 2.9086634071621091
leaf_weight=602 97 87 148 105 101 1135 90 159 328 82 215 158 97 90
leaf_count=602 97 87 148 105 101 1135 90 159 328 82 215 158 97 90
internal_value=0.000220063 0.000521229 0.000631673 -0.000282486 -0.00270142 0.00104922 0.000471281 -5.09336e-05 0.000755814 0.000805275 0.00114187 -0.000628655 -0.00247283 0.000711382
internal_weight=3494 2892 2805 880 206 1925 674 584 425 1777 1440 337 179 1225
internal_count=3494 2892 2805 880 206 1925 674 584 425 1777 1440 337 179 1225
is_linear=0
shrinkage=0.05


Tree=142
num_leaves=15
num_cat=0
split_feature=0 12 12 12 8 12 12 3 3 8 11 8 3 3
split_gain=0.715629 0.625899 0.585211 0.477804 0.536861 0.474137 0.468128 0.390788 0.466046 0.376429 0.328145 0.564239 0.516937 0.381083
threshold=724.50000000000011 0.1318557721318592 -0.24372464231556024 -0.89404254237865755 58.500000000000007 -0.92272482904738262 0.91852788691372023 5.5000000000000009 -74.499999999999986 69.500000000000014 0.54940630780725741 47.500000000000007 -51.499999999999993 -1.0000000180025095e-35
decision_type=2 2 2 2 2 2 2 2 2 2 2 2 2 2
left_child=3 2 -2 5 6 7 10 8 -1 -6 11 13 -12 -5
right_child=1 -3 -4 4 9 -7 -8 -9 -10 -11 12 -13 -14 -15
leaf_value=0.028061083893720275 1.5953909936449002 1.3359072476754736 -0.61293458449516036 0.35574295758299873 0.29267058806593055 -0.36558615720347976 -0.11594978892113771 0.12511884098101148 -0.054064053200398247 0.029696418752897993 1.1668888963645165 -0.26133954210654675 -0.048858932648545239 -0.0035630642917539052
leaf_weight=129 227 343 129 164 221 94 124 289 103 1105 94 88 340 82
leaf_count=129 227 343 129 164 221 94 124 289 103 1105 94 88 340 82
internal_value=0.000412779 0.00183949 0.000360111 5.81397e-05 0.00040036 -0.00116935 -0.000546265 -0.000560836 -0.00206751 0.00103681 -7.76195e-05 0.00109145 -0.000979499 0.00231076
internal_weight=3532 699 356 2833 2218 615 892 521 232 1326 768 334 434 246
internal_count=3532 699 356 2833 2218 615 892 521 232 1326 768 334 434 246
is_linear=0
shrinkage=0.05


Tree=143
num_leaves=15
num_cat=0
split_feature=12 6 11 1 1 8 6 3 2 12 11 6 10 11
split_gain=0.375313 0.370106 0.800107 0.622772 0.501112 0.467124 0.371158 0.364556 0.297844 0.44884 0.390543 0.276966 0.2656 0.40253
threshold=-0.99761278905001471 0.94053119576921762 0.92602006027323147 332.50000000000006 637.50000000000011 9.5000000000000018 1.0118603192975986 -3.4999999999999996 698.75000000000011 -0.23537842981696178 0.46039464932087154 1.2566458989110372 17.500000000000004 0.77788564761185042
decision_type=2 2 2 2 2 2 2 2 2 2 2 2 2 2
left_child=-1 2 12 -4 7 -6 -7 11 -8 -10 -11 -3 13 -2
right_child=1 4 3 -5 5 6 8 -9 9 10 -12 -13 -14 -15
leaf_value=-0.25168326376931532 0.016906961871043954 -0.13259965304027443 0.031336089349073872 -0.79079929595962084 1.0885386821873473 1.0773506846701124 1.101586909685768 -0.059533760599451847 -1.859048906445306 -0.27929651333206584 1.4452762496721088 0.051508221210797983 -0.009966046452139549 1.3468838766960654
leaf_weight=94 1367 94 89 105 241 281 96 156 105 97 96 318 253 103
leaf_count=94 1367 94 89 105 241 281 96 156 105 97 96 318 253 103
internal_value=0.000207143 0.000295068 -0.000163892 -0.00316583 0.000886501 0.00160695 0.000919118 -0.000279232 -7.51878e-05 -0.000858086 0.000580808 0.000503597 0.000182292 0.000440678
internal_weight=3495 3401 1917 194 1484 916 675 568 394 298 193 412 1723 1470
internal_count=3495 3401 1917 194 1484 916 675 568 394 298 193 412 1723 1470
is_linear=0
shrinkage=0.05


Tree=144
num_leaves=15
num_cat=0
split_feature=5 1 11 7 3 5 12 5 8 11 4 12 1 11
split_gain=0.594391 0.786041 0.638899 0.521233 0.692959 0.694574 0.40463 0.323232 0.382991 0.540843 0.350086 0.344133 0.334942 0.31358
threshold=0.97439350332526153 836.00000000000011 -0.46801505794253101 36.050000000000004 -121.49999999999999 0.74404215664068829 0.42763731121559989 0.89975090728900919 58.500000000000007 -0.69057362043749781 224.69687391006997 0.88117331841669433 519.50000000000011 0.93845596220871974
decision_type=2 2 2 2 2 2 2 2 2 2 2 2 2 2
left_child=3 2 6 7 -5 -6 -2 8 9 -1 -11 -10 -12 -4
right_child=1 -3 13 4 5 -7 -8 -9 11 10 12 -13 -14 -15
leaf_value=-0.26899825200791877 0.010771461136695415 2.1683918998970291 -0.03371410501806904 1.8922176923221059 0.015459868686832912 -0.75958905353327888 0.78539449683089846 0.85498405293703983 0.0026868706737084155 -0.021616010778716378 0.21538406448651368 0.27719169818241102 -0.16642402502643289 0.26631028761462966
leaf_weight=97 81 196 473 81 82 133 139 205 1499 86 110 121 112 108
leaf_count=97 81 196 473 81 82 133 139 205 1499 86 110 121 112 108
internal_value=0.000301871 0.00133234 0.000626551 -0.000106677 -0.0020598 -0.00352273 0.00288889 0.0001566 -3.69456e-05 -0.00140244 -0.000351438 0.000307692 0.000704846 -0.00024744
internal_weight=3523 997 801 2526 296 215 220 2230 2025 405 308 1620 222 581
internal_count=3523 997 801 2526 296 215 220 2230 2025 405 308 1620 222 581
is_linear=0
shrinkage=0.05


Tree=145
num_leaves=15
num_cat=0
split_feature=10 1 3 9 4 3 11 12 9 1 12 12 6 10
split_gain=0.432425 0.560983 0.451624 0.352982 0.351415 0.417381 0.31783 0.328241 0.455683 0.492941 0.429321 0.429104 0.670259 0.424593
threshold=16.500000000000004 8.5000000000000018 -48.499999999999993 6.5000000000000009 202.25304896276327 15.500000000000002 0.9962888416657264 -0.59177783207548873 96.500000000000014 349.50000000000006 -0.49065906150552346 -0.73865259438682551 1.0332358426746848 14.500000000000002
decision_type=2 2 2 2 2 2 2 2 2 2 2 2 2 2
left_child=6 -2 -3 -4 -5 -6 7 8 11 13 -9 12 -1 -10
right_child=1 2 3 4 5 -7 -8 10 9 -11 -12 -13 -14 -15
leaf_value=-0.62095568631685394 0.0093694808156650766 0.092740382913821612 -0.037920038368952719 0.019547520621087968 -0.17845867198210347 -0.072229338064528734 -0.2542275051290967 0.916853231397599 -0.05684809424052676 1.611491059873589 0.055602726721149125 -1.3873542828298167 0.68257161116620957 0.43618273149879871
leaf_weight=89 81 103 83 137 92 116 80 119 318 243 1724 94 92 125
leaf_count=89 81 103 83 137 92 116 80 119 318 243 1724 94 92 125
internal_value=0.000408455 -0.000794165 -0.00138993 -0.00210162 -0.00135714 -0.00262911 0.00066459 0.000754717 5.17617e-06 0.000694646 0.00114448 -0.00169643 -0.000241935 -0.000301339
internal_weight=3496 612 531 428 345 208 2884 2804 961 686 1843 275 181 443
internal_count=3496 612 531 428 345 208 2884 2804 961 686 1843 275 181 443
is_linear=0
shrinkage=0.05


Tree=146
num_leaves=15
num_cat=0
split_feature=1 11 0 1 11 12 12 12 3 12 11 0 4 3
split_gain=0.422037 0.402662 0.328497 0.508514 0.434856 0.653854 0.330944 0.293371 0.640259 0.622008 0.510936 0.38091 0.326534 0.26659
threshold=956.50000000000011 0.9916835347852474 147.50000000000003 17.500000000000004 -0.29343379936893921 -0.48313741114591585 -0.99628250747696534 0.89309379682046119 -5.4999999999999991 0.74298546529340237 -0.14250824554987665 228.50000000000003 529.42609833433551 -7.4999999999999991
decision_type=2 2 2 2 2 2 2 2 2 2 2 2 2 2
left_child=1 2 3 -1 5 -5 -4 9 10 11 -9 13 -11 -8
right_child=-2 -3 6 4 -6 -7 7 8 -10 12 -12 -13 -14 -15
leaf_value=0.0030318072905507038 2.2696169463396734 -0.14469818029248568 -0.10115897880426533 0.31329104733626356 -0.043086767976550373 -0.16529681728181389 0.52207325953654382 0.44150574877358129 -0.13574846676873117 0.010133281702671677 -0.36723164777785855 0.015548696483396351 1.2483990979132256 0.04006669242505561
leaf_weight=152 174 123 85 90 247 113 117 85 104 91 98 1755 172 128
leaf_count=152 174 123 85 90 247 113 117 85 104 91 98 1755 172 128
internal_value=0.000259961 0.00013373 0.000242135 -0.000807249 -0.00164835 7.21156e-05 0.000482955 0.000587084 -0.000907534 0.000778219 0.00087766 0.000473816 0.00304104 0.0023
internal_weight=3534 3360 3237 602 450 203 2635 2550 287 2263 183 2000 263 245
internal_count=3534 3360 3237 602 450 203 2635 2550 287 2263 183 2000 263 245
is_linear=0
shrinkage=0.05


Tree=147
num_leaves=15
num_cat=0
split_feature=12 2 12 1 11 3 9 6 6 3 5 5 0 7
split_gain=0.632968 0.403214 0.29348 0.528339 0.439838 0.703465 0.807953 0.412431 0.814997 1.29998 0.555008 0.426349 0.336106 0.500932
threshold=-0.99761278905001471 937.75000000000011 0.65720762023595369 642.50000000000011 -0.40614700388750385 -9.4999999999999982 74.500000000000014 0.62285007470951992 0.7937773494604925 -46.499999999999993 0.48751101997988583 0.34966832226972505 305.50000000000006 26.150000000000002
decision_type=2 2 2 2 2 2 2 2 2 2 2 2 2 2
left_child=-1 2 7 4 -4 -6 -7 10 9 -9 11 -2 -10 -14
right_child=1 -3 3 -5 5 6 -8 8 12 -11 -12 -13 13 -15
leaf_value=-0.25207401101054944 0.0091567347706324742 2.5042311023235269 0.34157709581114409 0.87110271846593257 0.069226700569554933 -0.083171652881222108 0.0060805067517772779 0.12237983184162987 0.087032265230579192 -0.64251300086653595 0.37665525740063444 -0.16226520829954405 -0.78121004250463155 0.014395941655565831
leaf_weight=90 390 137 142 288 152 86 96 135 222 104 420 226 96 938
leaf_count=90 390 137 142 288 152 86 96 135 222 104 420 226 96 938
internal_value=0.000343068 0.000453884 0.000340909 0.00119636 0.00016632 -0.000825959 -0.0028877 8.08361e-05 -0.00045 -0.00309426 0.000845341 -0.000112721 6.34419e-05 -0.000317613
internal_weight=3522 3432 3295 764 476 334 182 2531 1495 239 1036 616 1256 1034
internal_count=3522 3432 3295 764 476 334 182 2531 1495 239 1036 616 1256 1034
is_linear=0
shrinkage=0.05


Tree=148
num_leaves=15
num_cat=0
split_feature=11 0 12 8 11 9 3 11 8 8 10 12 8 8
split_gain=0.45357 0.535158 0.540711 0.615755 0.285123 0.293524 0.601976 0.519415 0.421061 0.542016 0.488984 0.485609 0.427513 0.32358
threshold=0.99761913169647187 720.50000000000011 -0.17646730165275518 43.500000000000007 0.97314989601849466 89.500000000000014 -3.4999999999999996 -0.97113884758256674 69.500000000000014 88.500000000000014 11.500000000000002 -0.42179730054635828 81.500000000000014 56.500000000000007
decision_type=2 2 2 2 2 2 2 2 2 2 2 2 2 2
left_child=1 4 3 -3 5 6 7 -1 -7 12 11 -11 -10 -9
right_child=-2 2 -4 -5 -6 8 -8 13 9 10 -12 -13 -14 -15
leaf_value=-1.1574814285572548 -0.33476124413589742 1.9326862613212921 0.93041476677301194 -0.41738606947383716 0.25758715227057793 0.058692282530965173 -0.11831327398137276 -0.031522538114387981 -0.056017503033587324 -0.18917804106198877 0.039971425473264072 0.58102925601924438 -0.40510237583795683 0.074105545479714541
leaf_weight=88 81 118 421 147 103 310 147 422 122 279 675 88 101 429
leaf_count=88 81 118 421 147 103 310 147 422 122 279 675 88 101 429
internal_value=0.000156957 0.00024602 0.00149059 -0.000277778 -6.50052e-05 -0.000166917 -0.000797433 -0.000323093 0.000268988 -0.000137795 0.00034384 -0.00111559 -0.00234649 6.42525e-05
internal_weight=3531 3450 686 265 2764 2661 1086 939 1575 1265 1042 367 223 851
internal_count=3531 3450 686 265 2764 2661 1086 939 1575 1265 1042 367 223 851
is_linear=0
shrinkage=0.05


Tree=149
num_leaves=15
num_cat=0
split_feature=5 11 11 12 3 11 9 3 6 4 9 6 4 11
split_gain=0.617462 0.470413 0.57732 0.460089 0.55546 0.758663 0.895677 0.418505 0.783065 0.41719 0.354198 0.350372 0.331234 0.518608
threshold=0.97439350332526153 0.92922379131507438 0.85673801594079257 -0.60555643346685839 -5.4999999999999991 -0.32614396506100213 64.500000000000014 -93.499999999999986 0.70151441069221365 970.1358476200304 88.500000000000014 1.1499842435033512 517.77616935836238 0.69056404122701587
decision_type=2 2 2 2 2 2 2 2 2 2 2 2 2 2
left_child=1 2 9 10 11 -6 -7 -3 -9 12 -2 -5 -1 -14
right_child=3 7 -4 4 5 6 -8 8 -10 -11 -12 -13 13 -15
leaf_value=-0.0070297136723748077 -1.435231016341155 0.13926836539180615 0.30989949329523081 1.3583468761383186 0.64045203694092123 -0.11462187849875433 0.030645829739215671 0.067146826899028719 -2.0668149569645551 -0.44692925701462372 0.19255770629347965 0.1104713891687079 0.021475441691420842 1.8701259414565907
leaf_weight=756 91 91 111 201 90 83 108 81 92 87 104 321 1219 102
leaf_count=756 91 91 111 201 90 83 108 81 92 87 104 321 1219 102
internal_value=0.000235743 -0.000178852 5.48247e-05 0.00128614 0.00181312 1.74827e-05 -0.0017602 -0.00215613 -0.00356742 -0.000129092 -0.000875 0.0027704 1.68109e-05 0.000493967
internal_weight=3537 2539 2275 998 803 281 191 264 173 2164 195 522 2077 1321
internal_count=3537 2539 2275 998 803 281 191 264 173 2164 195 522 2077 1321
is_linear=0
shrinkage=0.05


Tree=150
num_leaves=15
num_cat=0
split_feature=0 7 1 7 7 1 1 11 11 8 9 6 11 11
split_gain=0.424881 0.648979 0.16874 0.37745 0.671674 0.208139 0.270668 0.233741 0.298713 0.291121 0.431095 0.324104 0.466778 0.395636
threshold=937.50000000000011 38.95000000000001 930.50000000000011 36.150000000000013 37.650000000000013 882.50000000000011 843.50000000000011 0.97875492728876534 0.89787622492179153 6.5000000000000009 5.5000000000000009 0.9834231801469967 -0.17647087149565668 0.46039464932087154
decision_type=2 2 2 2 2 2 2 2 2 2 2 2 2 2
left_child=1 2 3 5 -5 6 7 8 9 10 -1 -11 -13 -14
right_child=-2 -3 -4 4 -6 -7 -8 -9 -10 11 -12 12 13 -15
leaf_value=-0.03724756994424324 2.39144862170293 -0.65462340836443522 1.1699555489527498 -0.44849494296991282 0.38988981450567511 -0.45643282343757541 1.8865178735707329 0.080054596869309852 -0.054806612988313276 0.02124684014436436 0.068093034184725815 0.17785891003640888 -0.21759924552525695 -0.073143812529461269
leaf_weight=82 87 80 162 88 81 119 117 108 160 1683 182 285 141 148
leaf_count=82 87 80 162 88 81 119 117 108 160 1683 182 285 141 148
internal_value=0.000287699 0.000197617 0.000306457 0.000225071 -0.00204023 0.000354786 0.000439712 0.000338225 0.000243857 0.000378068 0.00193309 0.000192308 -0.000829015 -0.00222789
internal_weight=3523 3436 3356 3194 169 3025 2906 2789 2681 2521 264 2257 574 289
internal_count=3523 3436 3356 3194 169 3025 2906 2789 2681 2521 264 2257 574 289
is_linear=0
shrinkage=0.05


Tree=151
num_leaves=15
num_cat=0
split_feature=8 4 7 11 0 7 12 12 12 1 1 8 8 8
split_gain=0.428382 0.406956 0.312365 0.2772 0.253662 0.529013 0.321176 0.445516 0.396875 0.318014 0.500736 0.370485 0.297958 0.627961
threshold=1.5000000000000002 159.05116759260088 38.750000000000007 0.12225609522135446 305.50000000000006 25.450000000000003 0.94066717844141279 0.74298546529340237 0.87291090774974645 913.50000000000011 871.50000000000011 15.500000000000002 39.500000000000007 48.500000000000007
decision_type=2 2 2 2 2 2 2 2 2 2 2 2 2 2
left_child=-1 3 4 -2 -3 -6 7 9 -9 10 11 -7 -13 -14
right_child=1 2 -4 -5 5 6 -8 8 -10 -11 -12 12 13 -15
leaf_value=0.063243136982172404 0.0013671222092699921 0.047878494296215393 -0.51136147628394013 -0.031687403524173673 -0.12450299367689788 -0.12473136062572317 -0.15835026096480989 0.61228551118658137 0.14483654451430983 1.1444114427727141 -0.41208941345432182 0.25644535160572496 -0.81977953370379242 0.066648621813721928
leaf_weight=351 148 879 84 146 147 87 84 103 97 228 91 103 82 876
leaf_count=351 148 879 84 146 147 87 84 103 97 228 91 103 82 876
internal_value=0.000336087 0.000150317 0.000333217 -0.00160535 0.000425953 9.98425e-05 0.000344533 0.000499402 0.00268293 0.000193614 -0.000124598 0.000164788 0.000426829 0.000145379
internal_weight=3506 3155 2861 294 2777 1898 1751 1667 200 1467 1239 1148 1061 958
internal_count=3506 3155 2861 294 2777 1898 1751 1667 200 1467 1239 1148 1061 958
is_linear=0
shrinkage=0.05


Tree=152
num_leaves=15
num_cat=0
split_feature=8 7 1 1 7 0 5 8 12 12 0 1 4 12
split_gain=0.55262 0.706471 0.459978 0.434209 0.362519 0.348839 0.291416 0.494265 0.323444 0.497672 0.536543 0.669422 0.389874 0.383873
threshold=3.5000000000000004 38.45000000000001 920.50000000000011 882.50000000000011 34.550000000000004 622.50000000000011 1.2996010590322131 38.500000000000007 -0.82413948779581736 -0.97111920233974802 319.50000000000006 37.500000000000007 691.04897564390819 -0.75013812021657655
decision_type=2 2 2 2 2 2 2 2 2 2 2 2 2 2
left_child=5 2 3 6 -4 -1 8 -8 9 12 11 -11 -2 -10
right_child=1 -3 4 -5 -6 -7 7 -9 13 10 -12 -13 -14 -15
leaf_value=0.006430215306679316 -0.018967974496423633 -0.93784877964320801 0.42659655307799355 -0.56770757201656452 2.167279495090797 0.90805611626231042 -0.10930594832428708 0.019931396630517541 0.77109710249854868 -0.038187238627660935 -1.3582091691840088 0.027336219725075214 2.0275259708701823 0.022545202307125135
leaf_weight=173 179 104 92 95 108 201 81 163 91 81 138 168 114 1702
leaf_count=173 179 104 92 95 108 201 81 163 91 81 138 168 114 1702
internal_value=0.000228899 9.61249e-06 0.00015247 -1.41993e-05 0.00243902 0.00203166 0.000104703 -0.0015261 0.000268362 -0.000656934 -0.00182398 -0.000413386 0.000889262 0.000620134
internal_weight=3490 3116 3012 2812 200 374 2717 244 2473 680 387 249 293 1793
internal_count=3490 3116 3012 2812 200 374 2717 244 2473 680 387 249 293 1793
is_linear=0
shrinkage=0.05


Tree=153
num_leaves=15
num_cat=0
split_feature=11 12 0 4 12 12 5 6 11 6 3 8 5 8
split_gain=0.346987 0.344428 0.629482 0.463963 0.462327 0.480694 0.44283 0.508791 0.850729 0.605615 0.97387 0.406673 0.390404 0.348281
threshold=0.99761913169647187 -0.59177783207548873 136.50000000000003 970.1358476200304 0.86869874770991873 0.74298546529340237 0.5453632474052047 0.9484732579266224 -0.97113884758256674 0.66188732189080624 -48.499999999999993 53.500000000000007 0.34966832226972505 18.500000000000004
decision_type=2 2 2 2 2 2 2 2 2 2 2 2 2 2
left_child=1 3 12 -1 5 6 -4 9 -9 -8 -11 13 -3 -6
right_child=-2 2 4 -5 11 -7 7 8 -10 10 -12 -13 -14 -15
leaf_value=-0.0085187657844247588 -0.24452222927993958 0.0010972235691853959 1.0970515396029084 -0.42552821549529729 0.020976343573033955 0.22287400729416335 0.21018042447036117 -1.1967463633880484 0.29833759309986746 0.10090153999969437 -0.40252839406991392 0.18014967581287369 -0.046072882372624649 -0.39633913323230252
leaf_weight=1114 80 140 148 82 80 214 152 112 655 184 146 186 142 87
leaf_count=1114 80 140 148 82 80 214 152 112 655 184 146 186 142 87
internal_value=0.000215481 0.000293009 0.000657486 -0.00039134 0.000975114 0.00133354 0.000987875 0.000673844 0.00147021 -0.000595482 -0.00179104 -0.000656424 -0.0015331 -0.00241279
internal_weight=3522 3442 2246 1196 1964 1611 1397 1249 767 482 330 353 282 167
internal_count=3522 3442 2246 1196 1964 1611 1397 1249 767 482 330 353 282 167
is_linear=0
shrinkage=0.05


Tree=154
num_leaves=15
num_cat=0
split_feature=2 8 11 3 12 6 11 8 8 4 10 5 12 12
split_gain=0.32788 0.456151 0.324544 0.68056 1.39319 0.892841 0.846194 0.640602 0.481859 0.471303 0.44809 0.285429 0.489169 0.268293
threshold=809.25000000000011 26.500000000000004 -0.01397611846945947 -26.499999999999996 -0.36648370705903521 1.1865287576262484 0.3504237462291826 18.500000000000004 81.500000000000014 443.42004991768925 14.500000000000002 0.8752097335183594 0.04621408538533487 -0.96687281075841669
decision_type=2 2 2 2 2 2 2 2 2 2 2 2 2 2
left_child=2 -2 7 6 8 10 -4 -1 -5 -10 -6 -3 -13 -9
right_child=1 11 3 4 5 -7 -8 13 9 -11 -12 12 -14 -15
leaf_value=0.27003739018281098 1.5570731401399582 1.6244625712659269 -0.27714726549946306 0.25275576130135841 0.049317701669065829 -0.075866897234898881 0.31473563195686033 0.21653106092639193 0.0041986364058803245 -0.40138302077266241 -0.13707092367466803 -0.4189885215752801 0.80836537127867047 -0.0041732135173846562
leaf_weight=181 203 96 109 192 88 126 457 157 88 106 165 100 91 1367
leaf_count=181 203 96 109 192 88 126 457 157 88 106 165 100 91 1367
internal_value=0.000220901 0.00141414 2.63073e-05 -0.000557635 -0.00152597 -0.00365885 0.000753065 0.000482456 0.000588235 -0.00115578 -0.00187984 0.000119863 -0.000994898 0.000143885
internal_weight=3526 490 3036 1331 765 379 566 1705 386 194 253 287 191 1524
internal_count=3526 490 3036 1331 765 379 566 1705 386 194 253 287 191 1524
is_linear=0
shrinkage=0.05


Tree=155
num_leaves=15
num_cat=0
split_feature=0 7 9 5 7 5 0 4 3 3 5 9 1 1
split_gain=0.285681 0.367114 0.758518 0.419094 0.340873 0.256488 0.467947 0.542502 0.514199 0.462766 0.401865 0.251603 0.25138 0.305449
threshold=937.50000000000011 36.550000000000004 82.500000000000014 0.81279094712619593 33.150000000000013 1.1777316145217032 545.50000000000011 134.25571581260175 -1.0000000180025095e-35 -5.4999999999999991 1.0722333320854254 72.500000000000014 882.50000000000011 843.50000000000011
decision_type=2 2 2 2 2 2 2 2 2 2 2 2 2 2
left_child=1 4 3 -3 5 10 7 8 -7 -9 12 -6 13 -1
right_child=-2 2 -4 -5 11 6 -8 9 -10 -11 -12 -13 -14 -15
leaf_value=0.0032025198649919375 1.8191322065727924 0.35743707362212901 -0.28558641889574182 -0.56354603931811942 0.093904336986963988 -0.1658379305147519 -0.090540228423292582 0.28868540859483444 0.010696548607113483 -0.021665227584303191 0.56379993625763469 0.59019323754975728 -0.40637419151557347 1.7556044739812995
leaf_weight=1967 86 102 85 98 228 84 86 132 81 87 164 86 139 105
leaf_count=1967 86 102 85 98 228 84 86 132 81 87 164 86 139 105
internal_value=0.000311174 0.00023775 -0.00146552 0.000243903 0.000393489 0.000219298 -0.000842105 -7.71206e-05 -0.00220588 0.00154018 0.000430672 0.00194357 0.000250451 0.000389986
internal_weight=3530 3444 285 200 3159 2845 470 384 165 219 2375 314 2211 2072
internal_count=3530 3444 285 200 3159 2845 470 384 165 219 2375 314 2211 2072
is_linear=0
shrinkage=0.05


Tree=156
num_leaves=15
num_cat=0
split_feature=0 7 3 12 4 12 12 0 3 7 1 3 7 6
split_gain=0.401058 0.312411 0.235674 0.380518 0.435357 0.427442 0.313031 0.383852 0.300817 1.01338 0.572593 0.669996 0.453427 0.520457
threshold=945.50000000000011 38.95000000000001 59.500000000000007 -0.87810534180523914 490.11647989823825 -0.98212955754013376 -0.61236746317008228 499.50000000000006 -57.499999999999993 35.150000000000013 863.50000000000011 -43.499999999999993 29.850000000000005 1.0473735686863634
decision_type=2 2 2 2 2 2 2 2 2 2 2 2 2 2
left_child=1 2 8 5 -5 -4 -6 -8 -1 10 11 -10 -13 -14
right_child=-2 -3 3 4 6 -7 7 -9 9 -11 -12 12 13 -15
leaf_value=0.074403067702065381 2.848266131001433 -0.29770316357950166 1.3677457349664213 0.66779195037615391 2.3943822470816691 -0.54359816909117542 -0.7094666440058236 0.58734431417656474 -0.51343035934306658 -0.34072234107972021 2.5665043980052196 0.0024939005268858148 -0.00026680756737355106 -0.25133400570304193
leaf_weight=1071 80 80 113 119 91 160 90 108 122 126 88 998 158 102
leaf_count=1071 80 80 113 119 91 160 90 108 122 126 88 998 158 102
internal_value=0.000136713 5.2463e-05 0.00012832 0.000954811 0.00191283 -0.000485611 0.000833333 -0.000295566 -8.42695e-05 -0.000519074 -0.000142566 -0.000397112 -4.75058e-05 -0.00188679
internal_weight=3506 3426 3346 681 408 273 289 198 2665 1594 1468 1380 1258 260
internal_count=3506 3426 3346 681 408 273 289 198 2665 1594 1468 1380 1258 260
is_linear=0
shrinkage=0.05


Tree=157
num_leaves=15
num_cat=0
split_feature=12 11 6 7 12 6 4 7 3 8 12 11 12 11
split_gain=0.383391 0.504533 0.750516 0.727807 0.440437 0.609637 0.412794 0.460863 0.580677 0.548055 0.340773 0.325157 0.512245 0.460645
threshold=0.38043945030393422 -0.48314718476766422 1.2059296421435446 28.750000000000004 0.2499757677084001 0.94053119576921762 854.06044944402208 27.650000000000002 -21.499999999999996 33.500000000000007 -0.99761278905001471 0.99761913169647187 -0.19337245081799007 0.92922379131507438
decision_type=2 2 2 2 2 2 2 2 2 2 2 2 2 2
left_child=4 3 6 -2 10 -6 7 -3 -9 -10 -1 12 13 -12
right_child=1 2 -4 -5 5 -7 -8 8 9 -11 11 -13 -14 -15
leaf_value=-0.16020439146961107 0.39175639439353604 0.04041934734608562 -0.047246605828030488 -0.1649694221825905 -0.69982769670009592 0.096901032779268342 1.9823755593743089 0.36260215635970083 0.11212046403386831 -0.64344590983077055 0.0046317897448942399 -0.49112183436033102 0.11236289531329591 -0.27358621916778442
leaf_weight=95 243 211 144 113 84 80 86 170 84 84 1505 82 435 109
leaf_count=95 243 211 144 113 84 80 86 170 84 84 1505 82 435 109
internal_value=0.000276204 0.0010307 0.0003125 0.00257618 -8.35071e-05 -0.00254438 0.00105469 0.000532491 -0.000612245 -0.00265896 0.000103093 0.000236423 0.000362707 -4.9413e-05
internal_weight=3525 1135 779 356 2390 164 635 549 338 168 2226 2131 2049 1614
internal_count=3525 1135 779 356 2390 164 635 549 338 168 2226 2131 2049 1614
is_linear=0
shrinkage=0.05


Tree=158
num_leaves=15
num_cat=0
split_feature=7 9 3 8 1 6 5 3 3 3 1 3 11 11
split_gain=0.328299 0.653569 0.362838 0.69341 0.427774 0.31609 0.386592 0.278595 0.220525 0.181719 0.296405 0.26137 0.604136 0.454245
threshold=36.550000000000004 82.500000000000014 -156.49999999999997 89.500000000000014 926.50000000000011 1.0021395910108757 0.4370329705078741 -98.499999999999986 321.50000000000006 52.500000000000007 37.500000000000007 -72.499999999999986 -0.70291267844185523 -0.46801505794253101
decision_type=2 2 2 2 2 2 2 2 2 2 2 2 2 2
left_child=2 7 3 -1 8 6 -5 -2 9 11 -11 12 -4 -13
right_child=1 -3 4 5 -6 -7 -8 -9 -10 10 -12 13 -14 -15
leaf_value=-0.59605696985660694 1.7516386653503866 -0.24814150457097389 -0.35322387772355285 -0.11427538078260401 1.7631125124203302 -0.30576359158863875 1.4174341659124101 -0.13825797445269922 -0.11958390585135036 -0.63526568670934769 0.2942738387137524 0.037848395894769071 1.2888183988486219 -0.015776094724976791
leaf_weight=158 83 84 161 81 118 80 87 156 95 98 502 506 257 1038
leaf_count=158 83 84 161 81 118 80 87 156 95 98 502 506 257 1038
internal_value=0.000333429 -0.00117378 0.000488073 -0.000900243 0.000692446 0.000750988 0.00196532 0.000184426 0.000557851 0.000646669 0.00140496 0.000411795 0.001513 0.000109748
internal_weight=3504 323 3181 406 2775 248 168 239 2657 2562 600 1962 418 1544
internal_count=3504 323 3181 406 2775 248 168 239 2657 2562 600 1962 418 1544
is_linear=0
shrinkage=0.05


Tree=159
num_leaves=15
num_cat=0
split_feature=12 0 11 5 5 5 0 12 11 12 11 5 6 0
split_gain=0.562238 0.386774 0.274407 0.235297 0.234546 0.325433 0.300312 0.299926 0.535088 0.494051 0.388473 0.333012 0.298999 0.291638
threshold=-0.99761278905001471 867.50000000000011 -0.99630266176052629 0.9893301563884479 0.3100572196806145 0.45139924598838294 369.50000000000006 0.91852788691372023 -0.159513159777915 0.59003219687534991 0.44505654568748165 0.93703173076655288 0.078576256094475078 578.50000000000011
decision_type=2 2 2 2 2 2 2 2 2 2 2 2 2 2
left_child=-1 2 -2 -3 12 -6 -7 9 -9 13 11 -11 -4 -8
right_child=1 3 4 -5 5 6 7 8 -10 10 -12 -13 -14 -15
leaf_value=-0.28437834489408192 0.19869431343085112 1.1769696069121482 -0.010037193455833744 1.5695902601982519 -0.025951420207091003 0.032414983682521312 0.077989305554617555 0.29628094900320728 -1.1366658025008565 1.6414599313877252 0.0035382486695750173 0.88245872754285082 0.027369018505729526 -0.22877875576988607
leaf_weight=94 100 102 104 135 311 750 522 84 85 81 180 120 239 613
leaf_count=94 100 102 104 135 311 750 522 84 85 81 180 120 239 613
internal_value=0.000382979 0.000489653 0.00034283 0.00241736 0.000256949 0.000101781 0.000297131 -7.39643e-05 -0.00204023 0.000151216 0.00169689 0.00317961 0.00147989 -0.000372807
internal_weight=3520 3426 3189 237 3089 2746 2435 1685 169 1516 381 201 343 1135
internal_count=3520 3426 3189 237 3089 2746 2435 1685 169 1516 381 201 343 1135
is_linear=0
shrinkage=0.05


Tree=160
num_leaves=15
num_cat=0
split_feature=1 12 12 3 3 12 7 1 11 0 4 11 7 11
split_gain=0.354755 0.256146 0.346314 0.339077 0.329873 0.282196 0.273148 0.469679 0.314982 0.395431 0.543037 0.421896 0.403592 0.380562
threshold=1008.5000000000001 -0.87810534180523914 -0.9292178835113839 -5.4999999999999991 -111.49999999999999 -0.83375966452616657 36.050000000000004 734.50000000000011 -0.75015329512557205 566.50000000000011 550.79589032413548 -0.92923668111203805 28.250000000000004 -0.48314718476766422
decision_type=2 2 2 2 2 2 2 2 2 2 2 2 2 2
left_child=1 2 3 4 -1 -3 8 -8 9 10 -7 -12 -11 -10
right_child=-2 5 -4 -5 -6 6 7 -9 13 12 11 -13 -14 -15
leaf_value=0.042347011385157847 2.6905152825873406 0.61769780266455754 -0.33577896951369279 0.092926846722402034 -0.38581136971914542 -0.020050801219645649 0.044107025239495994 -0.41318557867306427 0.32762286394953183 -0.69929957532676501 1.7870163144760776 0.1607580065432084 -0.0015238183623000224 0.014205096820008173
leaf_weight=107 83 93 158 333 83 324 131 143 332 95 102 121 163 1255
leaf_count=107 83 93 158 333 83 324 131 143 332 95 102 121 163 1255
internal_value=0.000443594 0.000362845 -0.000502915 0.000123106 -0.00153846 0.000577062 0.000479221 -0.00100358 0.000650814 -0.000154321 0.000606884 0.00247807 -0.00174905 0.00105842
internal_weight=3523 3440 681 523 190 2759 2666 274 2392 805 547 223 258 1587
internal_count=3523 3440 681 523 190 2759 2666 274 2392 805 547 223 258 1587
is_linear=0
shrinkage=0.05


Tree=161
num_leaves=15
num_cat=0
split_feature=12 11 11 11 4 12 7 8 6 12 3 9 12 7
split_gain=0.397859 0.325677 0.957394 0.420028 0.578255 0.832051 0.472111 0.339813 0.414103 0.721842 0.245914 0.244863 0.669288 0.678631
threshold=-0.99761278905001471 0.92922379131507438 0.9550229469509578 0.78857998149907527 789.45580271003644 0.42763731121559989 36.550000000000004 18.500000000000004 1.0148940906667274 -0.031174269516803289 286.50000000000006 87.500000000000014 0.38043945030393422 28.750000000000004
decision_type=2 2 2 2 2 2 2 2 2 2 2 2 2 2
left_child=-1 3 -3 6 5 -5 10 -4 9 -9 11 12 -2 -14
right_child=1 2 7 4 -6 -7 -8 8 -10 -11 -12 -13 13 -15
leaf_value=-0.13544550989819371 -0.31475964462059525 -0.40279113615401435 -0.072980026369250744 0.19056774899472267 3.4044707898524025 -0.2625013361617784 -0.38001511603154625 -2.0857606349052369 1.1701355108883709 0.45939782441291022 -0.34450002690938175 0.032225259291706498 0.061472538979020525 -0.13206436357736767
leaf_weight=93 405 95 88 126 144 81 82 81 80 83 99 1406 397 244
leaf_count=93 405 95 88 126 144 81 82 81 80 83 99 1406 397 244
internal_value=0.000233685 0.000323478 -0.000960648 0.000508531 0.00212079 0.000400944 0.000289993 0.00032641 0.00128514 -0.000177515 0.000412754 0.000512821 -6.6603e-05 0.000936533
internal_weight=3504 3411 427 2984 351 207 2633 332 244 164 2551 2452 1046 641
internal_count=3504 3411 427 2984 351 207 2633 332 244 164 2551 2452 1046 641
is_linear=0
shrinkage=0.05


Tree=162
num_leaves=15
num_cat=0
split_feature=8 7 3 6 0 0 4 4 0 7 7 5 5 5
split_gain=0.360367 0.46291 0.879455 0.587991 0.452296 0.319203 0.473557 0.270566 0.274693 0.309203 0.28288 0.206889 0.580402 0.274019
threshold=4.5000000000000009 36.550000000000004 -104.49999999999999 0.84266145411462223 859.50000000000011 807.50000000000011 429.05212757705328 42.746199289519943 788.50000000000011 30.250000000000004 29.850000000000005 1.0722333320854254 0.96102704813553574 0.88173899687427848
decision_type=2 2 2 2 2 2 2 2 2 2 2 2 2 2
left_child=5 4 -3 -4 7 6 -1 -2 9 10 11 12 13 -9
right_child=1 2 3 -5 -6 -7 -8 8 -10 -11 -12 -13 -14 -15
leaf_value=0.019329086325406059 -0.027171977169596226 0.92059014198040134 -0.034957841035579244 -1.2322881037387852 1.7483972643441992 1.6416493503981646 -0.0097022945807570572 0.0038174319881757349 -0.27418067599991514 0.14972661306599136 -0.52335191399119607 0.063719593632415084 -0.5715116278625243 0.79882003865634932
leaf_weight=144 102 91 98 82 108 113 145 1432 147 484 84 325 82 97
leaf_count=144 102 91 98 82 108 113 145 1432 147 484 84 325 82 97
internal_value=0.00034473 0.000162576 -0.00179348 -0.00378378 0.000350663 0.00174447 0.000833333 0.000222988 0.000321913 0.000446393 0.00017284 0.000298815 6.49754e-05 0.000290091
internal_weight=3534 3132 271 180 2861 402 289 2753 2651 2504 2020 1936 1611 1529
internal_count=3534 3132 271 180 2861 402 289 2753 2651 2504 2020 1936 1611 1529
is_linear=0
shrinkage=0.05


Tree=163
num_leaves=15
num_cat=0
split_feature=11 1 3 5 12 12 5 9 3 11 4 11 1 7
split_gain=0.335981 0.404953 0.362101 0.501279 0.346417 0.291426 0.472731 0.432823 0.481069 1.00083 0.453784 0.424408 0.415669 0.35026
threshold=0.99761913169647187 913.50000000000011 -202.49999999999997 0.531044557318337 0.1318557721318592 -0.34234976856068178 0.65185164309339483 69.500000000000014 -26.499999999999996 -0.40614700388750385 715.38149748737612 -0.75015329512557205 234.50000000000003 26.450000000000003
decision_type=2 2 2 2 2 2 2 2 2 2 2 2 2 2
left_child=1 2 3 -1 -3 6 12 8 11 -10 -11 -7 13 -4
right_child=-2 4 5 -5 -6 7 -8 -9 9 10 -12 -13 -14 -15
leaf_value=0.056485136859481033 -0.58475465860153997 1.0320075292468578 0.026173076140627322 -1.1555464255456687 3.4029430980615403 -0.22779435906934717 -0.14864876753554629 0.071108261942915127 0.16404182437088335 -0.010114543418811902 -0.6066078169718494 0.27187874339509571 1.0085218524784798 -0.11247178834249238
leaf_weight=104 81 211 293 107 83 158 511 718 147 228 80 320 213 222
leaf_count=104 81 211 293 107 83 158 511 718 147 228 80 320 213 222
internal_value=0.000238437 0.000316177 0.000146491 -0.0018287 0.00207358 0.00029361 -0.00028537 0.000727657 1.59917e-05 -0.0011413 -0.0027476 0.00111801 0.00053206 -0.000240384
internal_weight=3476 3395 3101 211 294 2890 1239 1651 933 455 308 478 728 515
internal_count=3476 3395 3101 211 294 2890 1239 1651 933 455 308 478 728 515
is_linear=0
shrinkage=0.05


Tree=164
num_leaves=15
num_cat=0
split_feature=11 11 11 11 9 0 8 12 3 9 8 4 6 8
split_gain=0.436534 0.309047 0.785259 0.728268 0.583348 0.567871 0.419229 0.333676 0.319159 0.778423 0.717173 0.460702 0.452937 0.374736
threshold=-0.97876850416056738 -0.70291267844185523 -0.76141707087277943 -0.48314718476766422 9.5000000000000018 578.50000000000011 82.500000000000014 0.71952396275653763 -26.499999999999996 95.500000000000014 7.5000000000000009 529.42609833433551 0.92011576126970551 84.500000000000014
decision_type=2 2 2 2 2 2 2 2 2 2 2 2 2 2
left_child=-1 2 4 7 -2 6 -6 -3 -5 10 11 -10 -12 -11
right_child=1 3 -4 8 5 -7 -8 -9 9 13 12 -13 -14 -15
leaf_value=0.15781993062058547 0.51778935439987028 0.24367627497208347 -0.89212386598262094 0.11162571632371093 -0.33596891384510058 -0.58369248064446355 0.041565385502516448 0.38375738340120558 -0.044296771543078622 0.068625826801853571 -0.032464497381724994 0.40348606861633629 -0.62797916286280953 -0.0048972091034052137
leaf_weight=236 99 171 87 982 90 118 255 139 117 329 148 150 153 455
leaf_count=236 99 171 87 982 90 118 255 139 117 329 148 150 153 455
internal_value=0.000352292 0.000201638 -0.000772171 0.000441676 -7.05466e-05 -0.000822649 0.000214286 0.00269841 0.000136811 -0.00036109 -0.00176265 0.000128677 -0.00341503 0.000659062
internal_weight=3529 3293 649 2644 562 463 345 310 2334 1352 568 267 301 784
internal_count=3529 3293 649 2644 562 463 345 310 2334 1352 568 267 301 784
is_linear=0
shrinkage=0.05


Tree=165
num_leaves=15
num_cat=0
split_feature=5 12 5 11 8 9 9 6 8 7 11 12 12 12
split_gain=0.275415 0.438083 0.470349 0.5579 0.426926 0.362452 0.591948 0.317893 0.295628 0.564567 0.209246 0.19699 0.45117 0.29181
threshold=0.91680818597141001 0.11478523713130605 1.1973808236245411 -0.17647087149565668 13.500000000000002 2.5000000000000004 88.500000000000014 1.2566458989110372 34.500000000000007 28.350000000000005 0.29033824002281988 0.68274389090025245 0.91852788691372023 0.51849435583340198
decision_type=2 2 2 2 2 2 2 2 2 2 2 2 2 2
left_child=4 5 8 -4 -1 -2 7 -7 -3 -10 -8 13 -13 -6
right_child=1 2 3 -5 11 6 10 -9 9 -11 -12 12 -14 -15
leaf_value=-0.11064191662744177 0.50992873999401978 0.72324353154531829 0.33356948717074464 -0.041896035198315092 -0.00051409226598614702 -2.1755688865238727 -0.011249858092135058 -0.016634366802594971 0.58105203738395961 -0.2289824432739927 0.10097407644870596 0.17001208241253962 -0.13874322472867648 -0.20419605824536871
leaf_weight=94 111 251 107 138 1792 128 92 108 91 87 82 196 130 102
leaf_count=94 111 251 107 138 1792 128 92 108 91 87 82 196 130 102
internal_value=0.00019778 0.0008125 0.00164948 -9.99998e-05 -0.000120742 -0.000275665 -0.000963855 -0.00257261 0.00263825 0.00103825 0.00122905 2.24721e-05 0.00114804 -0.000173775
internal_weight=3509 1195 674 245 2314 521 410 236 429 178 174 2220 326 1894
internal_count=3509 1195 674 245 2314 521 410 236 429 178 174 2220 326 1894
is_linear=0
shrinkage=0.05


Tree=166
num_leaves=15
num_cat=0
split_feature=6 12 7 7 9 5 5 11 11 9 9 6 5 10
split_gain=0.28127 0.288565 0.424547 0.753591 0.948017 0.443664 0.289709 0.570697 0.34944 0.397727 0.756909 0.360689 0.482622 0.329887
threshold=1.2566458989110372 0.38043945030393422 28.750000000000004 30.250000000000004 40.500000000000007 0.71161258449708764 0.7980773516213896 -0.18492532721306487 -0.93545489084327571 61.500000000000007 97.500000000000014 0.22190357428460536 0.64282682671436675 13.500000000000002
decision_type=2 2 2 2 2 2 2 2 2 2 2 2 2 2
left_child=1 6 5 4 -4 -3 8 -8 -1 -10 -11 -12 -13 -9
right_child=-2 2 3 -5 -6 -7 7 13 9 10 11 12 -14 -15
leaf_value=0.088446803548268865 0.034626014059604103 -0.00032103005909814135 -0.67510660137759992 0.31902913797397559 0.11441355256088069 0.36650036548971182 -0.55448214853636302 0.10604341420913997 0.20269642155053635 -0.34907499149775695 -0.025700542277696609 0.1730328138880913 -0.097183282549732297 -0.24851335998351193
leaf_weight=270 452 169 123 239 82 327 158 381 204 134 384 365 119 98
leaf_count=270 452 169 123 239 82 327 158 381 204 134 384 365 119 98
internal_value=0.000505698 0.000331916 0.0010582 -6.6815e-05 -0.0022619 0.00205589 7.08234e-06 -0.000880062 0.000391627 2.47731e-05 -0.000387289 0.000160367 0.00106339 -1.03304e-05
internal_weight=3505 3053 940 444 205 496 2113 637 1476 1206 1002 868 484 479
internal_count=3505 3053 940 444 205 496 2113 637 1476 1206 1002 868 484 479
is_linear=0
shrinkage=0.05


Tree=167
num_leaves=15
num_cat=0
split_feature=12 12 0 8 12 5 7 8 3 11 11 3 8 4
split_gain=0.4509 0.474471 0.433376 0.475964 0.355749 0.375182 0.3544 0.945793 0.458244 0.456807 0.412604 0.544569 0.395662 0.389943
threshold=-0.59177783207548873 -0.6652727025667432 492.50000000000006 85.500000000000014 -0.48313741114591585 0.27289742979482051 35.250000000000007 41.500000000000007 -156.49999999999997 0.94138322595482449 -0.40614700388750385 -42.499999999999993 88.500000000000014 805.62652291898473
decision_type=2 2 2 2 2 2 2 2 2 2 2 2 2 2
left_child=1 2 3 -1 -2 -6 8 -8 12 10 11 -10 -7 -12
right_child=4 -3 -4 -5 5 6 7 -9 9 -11 13 -13 -14 -15
leaf_value=0.30898406100235221 0.5552950934850116 -0.66076570523395139 -0.28421337701725963 0.00095672925600565897 -0.0471194604047682 -1.2363208949232267 -0.89952407667018619 0.26853625577648849 -0.12833719354580969 0.24303202695789872 -0.016396695414849404 0.20061325758854234 0.22433117631962932 0.81015744988169647
leaf_weight=111 159 110 306 652 84 115 94 154 230 185 630 490 83 129
leaf_count=111 159 110 306 652 84 115 94 154 230 185 630 490 83 129
internal_value=0.000370371 -0.00042652 -9.77652e-05 0.000540365 0.00076972 0.000600273 0.000732861 -0.00102767 0.00096947 0.00124026 0.000940027 0.0017931 -0.00128079 0.000124346
internal_weight=3532 1179 1069 763 2353 2194 2110 248 1862 1664 1479 720 198 759
internal_count=3532 1179 1069 763 2353 2194 2110 248 1862 1664 1479 720 198 759
is_linear=0
shrinkage=0.05


Tree=168
num_leaves=15
num_cat=0
split_feature=12 10 11 11 12 12 4 12 9 10 8 5 9 2
split_gain=0.352001 0.381605 0.451575 0.499889 0.424104 0.539468 0.398685 0.458428 0.44857 0.41817 0.359126 0.784802 0.564686 0.507077
threshold=-0.99761278905001471 13.500000000000002 0.92922379131507438 0.97696484778429815 -0.42958798411962301 -0.97111920233974802 658.63833637162031 0.74298546529340237 25.500000000000004 14.500000000000002 71.500000000000014 0.6640862044216066 37.500000000000007 489.75000000000006
decision_type=2 2 2 2 2 2 2 2 2 2 2 2 2 2
left_child=-1 4 6 -4 5 -2 7 -3 -9 -8 12 -12 -7 -13
right_child=1 2 3 -5 -6 10 9 8 -10 -11 11 13 -14 -15
leaf_value=-0.15031359181556694 1.0094053224553239 -0.016304928689725069 -0.57917815968259323 0.029871165956647072 0.077056712108390005 -0.26376703737378754 -0.0687375024510192 0.070812996102980655 -0.013558636432143736 0.73007888629835305 0.078676377295074484 -0.01420491629740845 1.1985122878917793 -1.3765904895125531
leaf_weight=90 126 598 87 117 1165 132 262 86 96 262 214 101 82 83
leaf_count=90 126 598 87 117 1165 132 262 86 96 262 214 101 82 83
internal_value=0.000372219 0.000455211 -0.000138797 -0.00229665 0.000925053 -1.34588e-05 0.000206265 -0.000509554 0.00165775 0.00126654 -0.000632091 -0.00151365 0.00100457 -0.00386243
internal_weight=3501 3411 1508 204 1903 738 1304 780 182 524 612 398 214 184
internal_count=3501 3411 1508 204 1903 738 1304 780 182 524 612 398 214 184
is_linear=0
shrinkage=0.05


Tree=169
num_leaves=15
num_cat=0
split_feature=11 3 3 12 6 6 12 12 1 1 2 12 0 11
split_gain=0.379128 0.285882 0.30024 0.252361 0.483984 0.585641 0.483203 0.672441 0.477318 0.61902 0.343997 0.325783 0.318952 0.345383
threshold=-0.99763297024448894 -309.49999999999994 -250.49999999999997 -0.59177783207548873 0.86375753972363301 1.2784847402042241 -0.97111920233974802 -0.94703994556331683 80.500000000000014 324.50000000000006 307.25000000000006 -0.82413948779581736 859.50000000000011 0.92922379131507438
decision_type=2 2 2 2 2 2 2 2 2 2 2 2 2 2
left_child=-1 -2 -3 4 6 -6 10 -8 -9 11 -4 -10 -5 -14
right_child=1 2 3 12 5 -7 7 8 9 -11 -12 -13 13 -15
leaf_value=0.33083513600059739 2.147314871816516 -0.5994899474589408 0.015746485859441075 0.0097610259249894735 -0.42657704154109111 0.16679317281857001 -0.47992399945718156 0.080166918428049183 -1.6122971785997109 0.49136220870790448 2.3521774267296016 -0.010123228414145044 2.7396184808789426 0.031379535431157422
leaf_weight=82 98 82 170 1959 201 101 87 168 81 121 97 86 105 107
leaf_count=82 98 82 170 1959 201 101 87 168 81 121 97 86 105 107
internal_value=0.000302817 0.000220588 0.00014095 0.000217458 -0.000393912 -0.00208469 0.000245399 -0.000611314 0.000173536 -0.00105802 0.00196691 -0.00299419 0.000530791 0.00235023
internal_weight=3545 3463 3365 3283 1112 302 810 543 456 288 267 167 2171 212
internal_count=3545 3463 3365 3283 1112 302 810 543 456 288 267 167 2171 212
is_linear=0
shrinkage=0.05


Tree=170
num_leaves=15
num_cat=0
split_feature=12 9 4 9 2 2 4 1 8 7 12 8 5 9
split_gain=0.343197 0.797057 0.575716 0.400586 0.373388 0.431659 0.506492 0.339332 0.315525 0.570097 0.642305 0.381095 0.333337 0.438521
threshold=-0.59177783207548873 97.500000000000014 435.02438073651609 65.500000000000014 425.25000000000006 299.75000000000006 656.60053055237688 952.50000000000011 58.500000000000007 35.250000000000007 0.86869874770991873 33.500000000000007 0.64650459195489018 37.500000000000007
decision_type=2 2 2 2 2 2 2 2 2 2 2 2 2 2
left_child=1 2 -1 -4 5 6 -3 8 9 10 12 -12 -2 -14
right_child=7 4 3 -5 -6 -7 -8 -9 -10 -11 11 -13 13 -15
leaf_value=0.088206361437401903 -0.014386542840645285 -0.012078278155740464 -0.39787572979377411 -0.51610637911979662 1.4293276761691165 -0.54523027892967268 0.24383144149455924 1.7200399295982267 0.074743303752891108 -0.26286611292035861 -0.0012281099847115499 -0.42705436862673524 0.024220851516376034 0.31360112370319704
leaf_weight=80 115 356 156 91 205 128 175 136 994 143 117 94 527 196
leaf_count=80 115 356 156 91 205 128 175 136 994 143 117 94 527 196
internal_value=0.000316942 -0.000372073 -0.00245482 -0.00363095 0.000425777 -0.000158132 0.000475746 0.000670391 0.000515746 -3.34167e-05 0.000374763 -0.00206018 0.000996441 0.00139423
internal_weight=3513 1191 327 247 864 659 531 2322 2186 1192 1049 211 838 723
internal_count=3513 1191 327 247 864 659 531 2322 2186 1192 1049 211 838 723
is_linear=0
shrinkage=0.05


Tree=171
num_leaves=15
num_cat=0
split_feature=1 3 3 7 11 6 1 8 3 0 4 12 4 12
split_gain=0.338299 0.368613 0.497801 0.877984 0.472575 1.20829 0.776022 0.466619 0.532462 0.454058 0.426603 0.413695 0.375746 0.315873
threshold=926.50000000000011 30.500000000000004 -21.499999999999996 29.850000000000005 -0.14250824554987665 0.87261249103051186 153.50000000000003 79.500000000000014 302.50000000000006 130.50000000000003 718.90807089006296 -0.10837475778693638 406.95194037383743 0.65720762023595369
decision_type=2 2 2 2 2 2 2 2 2 2 2 2 2 2
left_child=1 2 9 4 5 11 -6 -3 -9 -1 -5 -4 -11 -14
right_child=-2 7 3 10 6 -7 -8 8 -10 12 -12 -13 13 -15
leaf_value=-0.10064681310568793 1.1090474308027742 0.19012851051277405 0.0067513781632900036 -0.049455567783027399 0.015067087741971647 0.35033113757077949 -0.067348269495968741 0.077307074991277563 -0.24980762254200198 0.33452946841719267 -1.9657123892285118 -0.026093124577356637 0.00080268733942492898 0.4739844734637324
leaf_weight=145 283 300 136 118 97 199 190 515 81 172 95 98 875 211
leaf_count=145 283 300 136 118 97 199 190 515 81 172 95 98 875 211
internal_value=0.000319602 0.000173 -0.000158052 -0.00105011 -0.000206896 0.000833333 -0.0017637 0.00103219 0.000216306 0.00043679 -0.00383027 -0.00158996 0.00074426 0.000394134
internal_weight=3515 3232 2336 933 720 433 287 896 596 1403 213 234 1258 1086
internal_count=3515 3232 2336 933 720 433 287 896 596 1403 213 234 1258 1086
is_linear=0
shrinkage=0.05


Tree=172
num_leaves=15
num_cat=0
split_feature=12 7 2 11 11 5 12 3 3 3 8 3 7 5
split_gain=0.541969 0.253747 0.371944 0.209207 0.536062 0.413011 0.465331 0.43068 0.335185 0.485739 0.947477 0.711464 0.353336 0.326463
threshold=-0.99761278905001471 38.45000000000001 937.75000000000011 -0.67803021058859214 -0.58482361983252518 0.88173899687427848 0.36447543099728863 -47.499999999999993 -53.499999999999993 33.500000000000007 99.500000000000014 150.50000000000003 35.150000000000013 0.79179927103629832
decision_type=2 2 2 2 2 2 2 2 2 2 2 2 2 2
left_child=-1 2 3 5 -5 6 13 -7 -6 12 -11 -12 -10 -2
right_child=1 -3 -4 4 8 7 -8 -9 9 10 11 -13 -14 -15
leaf_value=-0.2198246447561216 0.011367809203030856 -0.217795028543352 2.1236434929155119 0.42812189053838057 0.4105158505717012 -0.70025820943770156 -0.2154365562648001 0.60891363713396485 -0.010063500625680883 0.21365436911949037 0.11114863610993445 -1.3799408601046688 -0.17871178649928962 -0.59090504786342557
leaf_weight=92 504 139 99 125 603 89 118 129 898 329 137 91 91 84
leaf_count=92 504 139 99 125 603 89 118 129 898 329 137 91 91 84
internal_value=0.000181149 0.000284801 0.000374016 0.000277865 0.000535323 -0.00035522 -0.000942335 0.00152466 0.000345868 -4.5132e-05 0.00112989 -0.00133047 -0.000709255 -0.000354131
internal_weight=3528 3436 3297 3198 2274 924 706 218 2149 1546 557 228 989 588
internal_count=3528 3436 3297 3198 2274 924 706 218 2149 1546 557 228 989 588
is_linear=0
shrinkage=0.05


Tree=173
num_leaves=15
num_cat=0
split_feature=4 12 7 12 11 3 11 5 7 11 4 11 12 8
split_gain=0.308046 0.286182 0.294347 0.377236 0.553669 0.274936 0.275761 0.406129 0.316587 0.227914 0.205454 0.184434 0.191356 0.39578
threshold=94.497996038906692 -0.99628250747696534 36.350000000000001 -0.13398942717002907 0.78325454425165997 -139.49999999999997 -0.96689237009891416 0.44591790232202239 28.150000000000002 -0.97876850416056738 39.081575387965842 -0.92274349529687905 0.87291090774974645 58.500000000000007
decision_type=2 2 2 2 2 2 2 2 2 2 2 2 2 2
left_child=10 -2 5 4 -4 6 -3 -8 -9 -7 -1 -11 -13 -14
right_child=1 2 3 -5 -6 9 7 8 -10 11 -12 12 13 -15
leaf_value=0.0052728186800486661 -0.19208373617164853 -0.59712994853188961 -0.27790852634237911 -0.56203075352236898 0.35414338869286188 0.59326788289946508 -0.34698868126257876 1.0680785920130129 -0.011920780707695379 -0.23212522987147019 -0.027169402962454188 0.086107221911767062 -0.07883872604325276 0.30370983553209846
leaf_weight=98 97 80 96 93 156 162 90 128 158 154 137 1769 168 129
leaf_count=98 97 80 96 93 156 162 90 128 158 154 137 1769 168 129
internal_value=0.000376421 0.000502283 0.000585006 -0.000785714 0.000233463 0.000752726 -0.000368763 0.000209974 0.00113402 0.000967742 -0.00135417 0.000831461 0.00095606 -0.000215232
internal_weight=3515 3280 3183 345 252 2838 456 376 286 2382 235 2220 2066 297
internal_count=3515 3280 3183 345 252 2838 456 376 286 2382 235 2220 2066 297
is_linear=0
shrinkage=0.05


Tree=174
num_leaves=15
num_cat=0
split_feature=4 7 2 3 3 12 12 3 6 5 3 11 8 3
split_gain=0.352534 0.382059 0.399664 0.349618 0.438633 0.360013 0.460815 0.452146 0.346434 0.341997 0.417969 0.761982 0.495646 0.545672
threshold=94.497996038906692 38.45000000000001 937.75000000000011 333.00000000000006 59.500000000000007 0.59003219687534991 0.86869874770991873 -5.4999999999999991 0.9484732579266224 0.3100572196806145 -21.499999999999996 -0.77245553105869302 40.500000000000007 -66.499999999999986
decision_type=2 2 2 2 2 2 2 2 2 2 2 2 2 2
left_child=-1 2 3 4 5 9 -7 8 -8 -2 12 -12 -11 -14
right_child=1 -3 -4 -5 -6 6 7 -9 -10 10 11 -13 13 -15
leaf_value=-0.019943349598894246 0.070067964297944346 -0.22183128948420394 1.962670845164276 -0.23822981143554756 0.14893465245855228 0.15729294940178873 -0.31839048861220315 -0.074623457102791363 0.42290814914244684 0.53341793891081624 0.037859583550586447 -0.32533865346350122 0.019709068316123624 -0.24366141325904872
leaf_weight=250 220 138 106 82 601 422 105 88 101 151 116 289 694 175
leaf_count=250 220 138 106 82 601 422 105 88 101 151 116 289 694 175
internal_value=0.000222975 0.000361373 0.000475436 0.000367334 0.000458376 0.000150042 0.00108183 -0.000434782 0.000853081 -0.000257576 -0.000541958 -0.00189024 1.85356e-10 -0.000463387
internal_weight=3538 3288 3150 3044 2962 2361 716 294 206 1645 1425 405 1020 869
internal_count=3538 3288 3150 3044 2962 2361 716 294 206 1645 1425 405 1020 869
is_linear=0
shrinkage=0.05


Tree=175
num_leaves=15
num_cat=0
split_feature=12 11 0 5 5 8 1 7 12 12 12 9 9 4
split_gain=0.34464 0.301811 0.355106 0.339401 0.383781 0.295475 0.433354 0.342105 0.290969 0.532618 0.360717 0.242514 0.559191 0.522816
threshold=-0.99761278905001471 0.99761913169647187 147.50000000000003 0.33439687487903008 0.45139924598838294 99.500000000000014 78.500000000000014 26.150000000000002 -0.97111920233974802 -0.88620506325989179 -0.83375966452616657 15.500000000000002 10.500000000000002 854.06044944402208
decision_type=2 2 2 2 2 2 2 2 2 2 2 2 2 2
left_child=-1 2 5 -4 -5 7 -7 -2 -6 -10 -11 12 13 -12
right_child=1 -3 3 4 8 6 -8 -9 9 10 11 -13 -14 -15
leaf_value=-0.14074989288216952 0.017357467467263955 -0.40880826131888703 0.48907191580852755 -0.39252721587369177 1.5390925125959394 -0.0026209554698774819 -0.20176401678620876 -0.0049798889307898168 -0.8597092407782263 0.94534612860989942 -0.020361719827754227 0.054045586135358793 -0.34732246355020086 1.4144826964810353
leaf_weight=96 84 84 118 150 127 213 112 163 106 90 612 1258 97 205
leaf_count=96 84 84 118 150 127 213 112 163 106 90 612 1258 97 205
internal_value=0.000205966 0.000290596 0.000366767 0.000601518 0.000481132 -0.000762565 -0.00174242 0.000535714 0.00063 0.000501475 0.000666079 0.000532844 -8.7051e-05 0.000346716
internal_weight=3515 3419 3335 2763 2645 572 325 247 2495 2368 2262 2172 914 817
internal_count=3515 3419 3335 2763 2645 572 325 247 2495 2368 2262 2172 914 817
is_linear=0
shrinkage=0.05


Tree=176
num_leaves=15
num_cat=0
split_feature=7 0 12 2 5 4 12 8 4 8 7 11 6 4
split_gain=0.402626 0.417845 0.495292 0.28003 0.300686 0.635245 0.324984 0.258451 0.211848 0.340092 0.339666 0.492031 0.487219 0.35951
threshold=38.750000000000007 147.50000000000003 -0.99628250747696534 101.75000000000001 0.18370385273605686 209.82136977285859 -0.056951011027366626 99.500000000000014 968.66356464887622 93.500000000000014 27.650000000000002 0.46039464932087154 1.0522305271177661 857.87214530961626
decision_type=2 2 2 2 2 2 2 2 2 2 2 2 2 2
left_child=1 3 -3 4 -1 6 -6 -5 9 10 12 -12 -4 -13
right_child=-2 2 8 7 5 -7 -8 -9 -10 -11 11 13 -14 -15
leaf_value=0.07606829560449152 -0.2585104785989617 -0.17797372688597213 0.41546313821466063 -0.0050045699088597483 0.088968933599330918 -0.3733870953091849 -0.0046028316143633206 -0.11739108749175538 -0.10043711793567836 0.29095872300325498 -0.28832717020016657 0.004089065803262272 0.0080031426387532547 1.0465131289680196
leaf_weight=107 109 85 200 90 136 81 104 89 166 750 497 542 404 208
leaf_count=107 109 85 200 90 136 81 104 89 166 750 497 542 404 208
internal_value=0.000249091 0.000344977 0.00059853 -0.000841503 -0.000138568 -0.000904908 0.000408163 -0.00247283 0.00071609 0.000826938 0.000460668 -1.19806e-05 0.00142857 0.000794702
internal_weight=3568 3459 2852 607 428 321 240 179 2767 2601 1851 1247 604 750
internal_count=3568 3459 2852 607 428 321 240 179 2767 2601 1851 1247 604 750
is_linear=0
shrinkage=0.05


Tree=177
num_leaves=15
num_cat=0
split_feature=5 8 12 12 12 7 9 6 1 9 6 8 1 1
split_gain=0.362952 0.572122 0.418912 0.606402 0.438812 0.334389 0.472574 0.543811 0.786971 0.324619 0.30291 0.579025 0.249944 0.363932
threshold=0.9096995605756576 14.500000000000002 0.5475998096715059 0.86869874770991873 0.94636490295939868 26.350000000000005 46.500000000000007 1.1581799768034891 943.50000000000011 2.5000000000000004 1.0148940906667274 80.500000000000014 769.50000000000011 669.50000000000011
decision_type=2 2 2 2 2 2 2 2 2 2 2 2 2 2
left_child=1 -1 5 9 -5 -2 7 8 -7 -4 12 -12 13 -3
right_child=2 10 3 4 -6 6 -8 -9 -10 -11 11 -13 -14 -15
leaf_value=-0.05816669529495469 -0.040777512054833702 0.0093335012420110077 0.033009905728590853 -0.060292198842838186 0.18280930378255311 -0.76643818194425339 0.48740901487684307 0.16329618892148193 0.83230970626944356 0.21175347427207011 1.3046578098875816 -0.42709362677952067 0.80541526589631673 -0.79168733409082859
leaf_weight=81 183 1595 88 83 93 92 152 185 124 207 84 108 264 143
leaf_count=81 183 1595 88 83 93 92 152 185 124 207 84 108 264 143
internal_value=0.000361342 -1.09647e-05 0.00106023 0.00221639 -0.000110497 0.000310392 0.000922939 1.23155e-05 -0.00167421 0.00358333 0.000145521 -0.00172589 0.000328849 0.000109008
internal_weight=3482 2275 1207 471 176 736 553 401 216 295 2194 192 2002 1738
internal_count=3482 2275 1207 471 176 736 553 401 216 295 2194 192 2002 1738
is_linear=0
shrinkage=0.05


Tree=178
num_leaves=15
num_cat=0
split_feature=4 1 1 5 1 5 12 11 1 8 0 1 11 11
split_gain=0.389588 0.447839 0.40538 0.355639 0.261585 0.25214 0.542597 0.756846 0.43022 0.364684 0.349267 0.29017 0.399951 0.518902
threshold=104.00414500727807 14.500000000000002 164.00000000000003 1.0020851213790058 330.50000000000006 0.62598317291940353 -0.6391983530350368 0.534952257794027 312.50000000000006 99.500000000000014 418.50000000000006 553.50000000000011 0.92922379131507438 0.46039464932087154
decision_type=2 2 2 2 2 2 2 2 2 2 2 2 2 2
left_child=1 -1 -3 5 -5 -2 7 9 -8 -7 -10 -12 13 -13
right_child=3 2 -4 4 -6 6 8 -9 10 -11 11 12 -14 -15
leaf_value=0.0075892144712263153 0.019561640925993211 -0.036021979253837939 -0.0011777250348986579 0.27270003131818743 0.077488776652679836 0.55980397798460046 -0.28590209142628492 -0.48453699214533724 0.12834826378972 -0.35629593137417093 -0.16571805811218412 0.010710690532229422 -0.19358170603415148 1.4231517577983608
leaf_weight=85 1157 97 84 114 645 147 109 83 114 84 111 357 158 188
leaf_count=85 1157 97 84 114 645 147 109 83 114 84 111 357 158 188
internal_value=0.000272753 -0.00154982 -0.00293011 0.000423289 0.0013678 0.000135297 -0.000328171 -0.00213166 0.000225528 -0.000614407 0.000578778 0.00020757 0.000586158 0.00122727
internal_weight=3533 266 181 3267 759 2508 1351 314 1037 231 928 814 703 545
internal_count=3533 266 181 3267 759 2508 1351 314 1037 231 928 814 703 545
is_linear=0
shrinkage=0.05


Tree=179
num_leaves=15
num_cat=0
split_feature=4 12 4 12 11 11 11 12 9 9 8 8 1 11
split_gain=0.351341 0.355588 0.343523 0.393274 0.181606 0.181182 0.47002 0.437575 0.625064 0.901339 0.30804 0.49395 0.396078 0.360035
threshold=104.00414500727807 -0.99761278905001471 968.66356464887622 -0.62587551141915865 0.3342611484689354 -0.75015329512557205 -0.48314718476766422 -0.42179730054635828 85.500000000000014 11.500000000000002 53.500000000000007 78.500000000000014 420.50000000000006 0.57782244426053786
decision_type=2 2 2 2 2 2 2 2 2 2 2 2 2 2
left_child=4 -2 5 -4 -1 7 -7 -3 9 -9 -8 12 -12 -14
right_child=1 2 3 -5 -6 6 10 8 -10 -11 11 -13 13 -15
leaf_value=-0.0011870614174083324 -0.12341018821968362 -0.59791701235558381 -0.58586287176647911 0.19487209028417657 -0.020522632188605033 0.23012725736052478 -0.0014465396194954109 0.27460061618445003 0.23163920503412708 -0.76259518218287559 0.28382081858802632 0.01718739160875065 -0.1098403972635319 1.4316567063199006
leaf_weight=158 83 156 81 111 97 355 829 155 308 155 175 665 97 107
leaf_count=158 83 156 81 111 97 355 829 155 308 155 175 665 97 107
internal_value=0.000327962 0.000467703 0.000553298 -0.00147208 -0.00144231 0.000685068 0.000913569 2.56741e-05 0.000626003 -0.000952381 0.000593717 0.00116301 0.00259115 0.00105263
internal_weight=3532 3277 3194 192 255 3002 2228 774 618 310 1873 1044 379 204
internal_count=3532 3277 3194 192 255 3002 2228 774 618 310 1873 1044 379 204
is_linear=0
shrinkage=0.05


Tree=180
num_leaves=15
num_cat=0
split_feature=4 11 3 1 1 6 3 9 11 7 5 11 6 12
split_gain=0.314578 0.232942 0.496633 0.830709 1.09613 0.441226 0.3336 0.39152 0.321647 0.46619 0.649691 0.452499 0.55803 0.680032
threshold=94.497996038906692 -0.29343379936893921 -42.499999999999993 177.50000000000003 78.500000000000014 0.075469375385559159 -65.499999999999986 44.500000000000007 0.46039464932087154 28.950000000000003 0.70727112692049643 0.54940630780725741 0.4426112201994698 -0.60555643346685839
decision_type=2 2 2 2 2 2 2 2 2 2 2 2 2 2
left_child=-1 2 6 4 5 -4 7 -2 9 -3 -11 -10 -13 -14
right_child=1 8 3 -5 -6 -7 -8 -9 11 10 -12 12 13 -15
leaf_value=-0.012736762577434758 -0.60414348962840059 -0.0025096948704360434 -0.0011927678487860334 0.45659036251255491 -0.27736393942783932 0.20330203561407126 -0.97628894226447549 0.054982199350421194 0.37809483939361777 0.015033148905939148 -1.4086412338263432 0.086815578882540212 -0.43742026503982151 0.01582446225610842
leaf_weight=244 142 496 101 457 145 120 84 336 108 88 82 123 148 859
leaf_count=244 142 496 101 457 145 120 84 336 108 88 82 123 148 859
internal_value=0.000187959 0.000317244 0.000809353 0.00158816 -0.000188679 0.00201327 -0.000335097 0.000186336 -4.19066e-05 -0.000923994 -0.00314286 0.000434433 0.000132159 -0.000261858
internal_weight=3533 3289 1385 823 366 221 562 478 1904 666 170 1238 1130 1007
internal_count=3533 3289 1385 823 366 221 562 478 1904 666 170 1238 1130 1007
is_linear=0
shrinkage=0.05


Tree=181
num_leaves=15
num_cat=0
split_feature=1 6 12 12 5 8 3 11 11 6 0 11 12 2
split_gain=0.330806 0.533291 0.49371 0.520557 0.486397 0.435388 0.406539 0.304868 0.676369 0.438877 0.402211 0.344429 0.391166 0.294153
threshold=234.50000000000003 0.4895006435943432 0.53312596302726967 0.86869874770991873 0.89975090728900919 63.500000000000007 -48.499999999999993 0.56369777965491019 0.3342611484689354 0.4426112201994698 387.50000000000006 -0.23537230790205757 -0.97874870457683594 513.50000000000011
decision_type=2 2 2 2 2 2 2 2 2 2 2 2 2 2
left_child=7 -2 13 4 6 -5 -4 8 10 -9 11 -1 -13 -3
right_child=1 2 3 5 -6 -7 -8 9 -10 -11 -12 12 -14 -15
leaf_value=-0.0089817300291402478 1.7324272531179046 0.056922211625104781 1.2964219218563593 -0.083759573435801232 0.22525791012722407 0.44881484245350789 -0.079011067209834765 0.088414693321968607 -0.051095086736434869 -0.048966733550781294 -0.57613358381517243 0.0071601001673751719 0.054106413415352078 -0.097662653045643755
leaf_weight=480 171 487 86 173 294 107 81 104 94 116 85 132 99 1025
leaf_count=480 171 487 86 173 294 107 81 104 94 116 85 132 99 1025
internal_value=0.000175191 0.000502264 0.000294509 0.00134719 0.00237124 -0.000350877 0.000203489 -0.000538116 -0.00094972 0.00111111 -0.000461922 -6.2849e-05 0.00150424 -0.000224126
internal_weight=3534 2424 2253 741 461 280 167 1110 890 220 796 711 231 1512
internal_count=3534 2424 2253 741 461 280 167 1110 890 220 796 711 231 1512
is_linear=0
shrinkage=0.05


Tree=182
num_leaves=15
num_cat=0
split_feature=7 11 11 8 8 0 8 10 12 11 0 12 6 12
split_gain=0.209208 0.292186 0.451079 0.270753 0.358473 0.519762 0.414703 0.396329 0.415671 0.469981 0.329287 0.440661 0.305853 0.526291
threshold=38.750000000000007 0.94704596667653973 0.92273069556937592 9.5000000000000018 88.500000000000014 147.50000000000003 84.500000000000014 12.500000000000002 -0.87810534180523914 -0.76141707087277943 728.50000000000011 0.81304046271159414 0.67483185406599988 0.38043945030393422
decision_type=2 2 2 2 2 2 2 2 2 2 2 2 2 2
left_child=1 2 3 10 6 -6 12 8 -7 -10 11 -1 -5 -14
right_child=-2 -3 -4 4 5 7 -8 -9 9 -11 -12 -13 13 -15
leaf_value=0.027134372196484638 -0.20160192310307454 0.12030615289681892 -0.29110142908715531 0.018440548038938492 -0.012398373755300186 -0.31287146902801566 -0.44832998695731857 0.38128738828889142 -0.09470434365423365 0.53959098910559289 0.98112369288144008 -0.019367313642476167 -0.48289136916573538 0.030671893147806717
leaf_weight=154 116 347 81 298 382 172 97 442 143 140 120 87 352 567
leaf_count=154 116 347 81 298 382 172 97 442 143 140 120 87 352 567
internal_value=0.000225521 0.000298199 0.000139803 0.000243326 6.35106e-05 0.0006581 -0.000515542 0.00131375 0.000271739 0.00144097 0.00151639 0.000426829 -0.000257774 -0.000708874
internal_weight=3498 3382 3035 2954 2593 1279 1314 897 455 283 361 241 1217 919
internal_count=3498 3382 3035 2954 2593 1279 1314 897 455 283 361 241 1217 919
is_linear=0
shrinkage=0.05


Tree=183
num_leaves=15
num_cat=0
split_feature=3 12 12 12 3 12 4 10 0 6 11 2 8 7
split_gain=0.420934 0.446375 0.639496 0.605294 0.6002 0.334745 0.66375 0.615274 0.498787 0.316929 0.390941 0.431973 0.30253 0.295551
threshold=30.500000000000004 -0.61236746317008228 -0.49065906150552346 -0.73865259438682551 1.5000000000000002 -0.87810534180523914 836.52790670521779 12.500000000000002 181.50000000000003 0.24378532369894157 -0.38242426011641079 169.75000000000003 38.500000000000007 35.150000000000013
decision_type=2 2 2 2 2 2 2 2 2 2 2 2 2 2
left_child=1 3 -3 5 13 6 8 -7 -1 10 11 -2 -6 -4
right_child=9 2 4 -5 12 7 -8 -9 -10 -11 -12 -13 -14 -15
leaf_value=-0.0021320392810806159 0.051778780877927713 0.34717146146403677 0.02017734413318863 -0.6132288505945217 -0.12278097174906173 0.88374106425794641 1.6103910872694425 -0.065895128640898235 -0.76790697155694654 0.34696289530028107 0.16974167455852951 -0.57920861785811484 0.00095427282648967578 -0.13459757014029156
leaf_weight=169 107 145 1431 136 92 103 84 88 88 459 226 88 83 222
leaf_count=169 107 145 1431 136 92 103 84 88 88 459 226 88 83 222
internal_value=0.000299206 -1.70066e-05 0.000361476 -0.00112927 0.000103655 -0.000353817 -0.00128613 0.00130102 -0.00253817 0.00124294 0.000246479 -0.001375 -0.00263889 0.000401086
internal_weight=3521 2641 1973 668 1828 532 341 191 257 880 421 195 175 1653
internal_count=3521 2641 1973 668 1828 532 341 191 257 880 421 195 175 1653
is_linear=0
shrinkage=0.05


Tree=184
num_leaves=15
num_cat=0
split_feature=4 4 5 5 8 1 12 0 0 11 11 3 6 11
split_gain=0.233641 0.409836 0.499927 0.329617 0.484557 0.39449 0.533345 0.281394 0.33803 0.325483 0.359113 0.419293 0.755478 0.330481
threshold=134.25571581260175 177.58562550969802 1.2996010590322131 0.9228331806033615 13.500000000000002 420.50000000000006 -0.60555643346685839 765.50000000000011 724.50000000000011 -0.96235977360714686 -0.71504373327588355 -129.49999999999997 0.54819691870326548 -0.61237985104942771
decision_type=2 2 2 2 2 2 2 2 2 2 2 2 2 2
left_child=-1 -2 3 4 -3 -5 -7 8 9 -6 11 -11 -13 -12
right_child=1 2 -4 5 7 6 -8 -9 -10 10 13 12 -14 -15
leaf_value=-0.0082854329883297675 0.12163059699790779 -0.05395395861707919 -0.012543857229819058 0.75829120080189272 0.548996166320318 -0.65417520741917246 0.20082016906135969 -0.38232391234359253 1.796956198204763 0.049375399659276918 0.63668120614949197 0.0038743836818259814 -1.0636604484646397 0.011574527472524373
leaf_weight=300 107 80 146 97 188 100 626 138 81 120 80 151 114 1181
leaf_count=300 107 80 146 97 188 100 626 138 81 120 80 151 114 1181
internal_value=0.000340068 0.000465153 0.000357258 0.000499831 0.00017072 0.00134662 0.000930233 0.000323129 0.000481771 0.00033714 0.000109025 -0.00121795 -0.00231481 0.000517378
internal_weight=3509 3209 3102 2956 2133 823 726 2053 1915 1834 1646 385 265 1261
internal_count=3509 3209 3102 2956 2133 823 726 2053 1915 1834 1646 385 265 1261
is_linear=0
shrinkage=0.05


Tree=185
num_leaves=15
num_cat=0
split_feature=6 11 11 3 12 12 11 6 12 8 5 7 2 1
split_gain=0.288626 0.816992 0.734319 0.789459 0.831169 0.455709 0.362198 0.428209 0.358493 0.307055 0.268742 0.275685 0.362319 0.388654
threshold=1.0148940906667274 -0.97113884758256674 -0.17647087149565668 -9.4999999999999982 -0.60555643346685839 0.73136292505298039 0.9916835347852474 0.98551886860533089 0.31595530242620651 71.500000000000014 0.45139924598838294 29.050000000000004 329.75000000000006 89.500000000000014
decision_type=2 2 2 2 2 2 2 2 2 2 2 2 2 2
left_child=6 -2 -3 4 9 -5 7 10 -6 -4 -1 12 13 -12
right_child=1 2 3 5 8 -7 -8 -9 -10 -11 11 -13 -14 -15
leaf_value=-0.0018806511742708231 -1.6846399813099524 0.25760179046330961 -0.36773209712502131 -0.011746087505482191 0.50207121684583467 -0.11516592205167633 -0.42987975750318341 1.6025288653681813 -0.0044136651655966048 -0.53379883491744862 0.14571569789880204 0.010066478182592639 0.35607432616061252 -0.076396210317224378
leaf_weight=697 81 311 87 107 228 80 83 130 152 83 109 776 376 197
leaf_count=697 81 311 87 107 228 80 83 130 152 83 109 776 376 197
internal_value=0.000167048 -0.000489418 -0.000104463 -0.000963612 1.84586e-10 -0.00372396 0.000480405 0.000600437 0.0012987 -0.00285714 0.000428241 0.000813397 0.00154294 0.000257235
internal_weight=3497 1129 1048 737 550 187 2368 2285 380 170 2155 1458 682 306
internal_count=3497 1129 1048 737 550 187 2368 2285 380 170 2155 1458 682 306
is_linear=0
shrinkage=0.05


Tree=186
num_leaves=15
num_cat=0
split_feature=4 11 3 6 1 8 9 9 6 3 6 8 8 11
split_gain=0.300327 0.27792 0.631152 0.522637 0.583568 0.4463 0.521197 0.333838 0.302375 0.254308 0.41615 0.579021 0.918063 0.823312
threshold=114.17365714260659 -0.41398024697495356 -42.499999999999993 0.34606098504318489 74.500000000000014 93.500000000000014 7.5000000000000009 89.500000000000014 0.75463624746495706 -29.499999999999996 0.32796824828367593 33.500000000000007 48.500000000000007 0.92922379131507438
decision_type=2 2 2 2 2 2 2 2 2 2 2 2 2 2
left_child=-1 2 5 4 -4 6 -2 -8 -7 -3 -11 13 -13 -12
right_child=1 9 3 -5 -6 8 7 -9 -10 10 11 12 -14 -15
leaf_value=-0.0095923800324364608 0.57139723009553456 0.10873197710342329 0.11775039922347026 0.19646323398669729 -0.41755563199708523 -0.21408149798391118 -1.1490482328059568 -0.18704925942788395 0.37246145024965471 0.04638498360138444 0.038681801564745849 -0.59127047406572875 -0.076910073718496064 -0.2947395931173839
leaf_weight=272 86 873 124 440 130 87 108 86 171 343 337 84 266 115
leaf_count=272 86 873 124 440 130 87 108 86 171 343 337 84 266 115
internal_value=0.000172952 0.00030722 0.000897332 0.00188841 7.72203e-05 -0.00038674 -0.00175439 -0.00316583 0.00110266 -5.43745e-05 -0.000543478 -0.00116481 -0.00267606 2.1882e-05
internal_weight=3522 3250 1232 694 254 538 280 194 258 2018 1145 802 350 452
internal_count=3522 3250 1232 694 254 538 280 194 258 2018 1145 802 350 452
is_linear=0
shrinkage=0.05


Tree=187
num_leaves=15
num_cat=0
split_feature=4 3 7 12 9 5 8 2 8 12 2 7 2 4
split_gain=0.386177 0.364467 0.285192 0.265196 0.505348 0.49118 0.619465 0.364758 0.357994 0.335714 0.329904 0.455379 0.395407 0.312833
threshold=426.48855718372482 52.500000000000007 39.150000000000013 -0.42958798411962301 61.500000000000007 0.6824886151650853 44.500000000000007 396.50000000000006 88.500000000000014 -0.73865259438682551 616.75000000000011 29.550000000000004 769.25000000000011 830.05838701828168
decision_type=2 2 2 2 2 2 2 2 2 2 2 2 2 2
left_child=1 -1 3 5 -5 7 -7 -2 10 13 11 -6 -12 -8
right_child=2 -3 -4 4 8 6 9 -9 -10 -11 12 -13 -14 -15
leaf_value=-0.011278335322632956 0.010360768015569895 0.21870982539310183 -0.37850356247238609 0.03819186803487179 -0.092467905771523085 1.2878128264704023 -0.38443286715749753 1.9474165518969753 1.2598289946196974 -0.50620410359501411 0.61056028151099406 0.8577620241154279 0.300197530205772 1.6245086251251082
leaf_weight=902 440 132 82 854 120 90 82 199 206 93 107 89 84 86
leaf_count=902 440 132 82 854 120 90 82 199 206 93 107 89 84 86
internal_value=0.000302436 -0.000510106 0.000634608 0.000733198 0.00116041 0.000100503 -0.00139045 0.000923913 0.00225859 -0.00261278 0.00135802 -2.33643e-05 0.00283163 -0.00121387
internal_weight=3566 1034 2532 2450 1460 990 351 639 606 261 400 209 191 168
internal_count=3566 1034 2532 2450 1460 990 351 639 606 261 400 209 191 168
is_linear=0
shrinkage=0.05


Tree=188
num_leaves=15
num_cat=0
split_feature=11 1 11 7 11 2 6 12 12 3 8 7 7 1
split_gain=0.264788 0.519551 0.483432 0.710971 0.404862 0.386323 0.342048 0.473296 0.551113 0.517842 0.859286 0.836399 0.556895 0.462032
threshold=0.3342611484689354 882.50000000000011 0.47559651477048942 27.150000000000002 0.54940630780725741 786.25000000000011 0.32796824828367593 -0.60555643346685839 -0.46039597980994923 -51.499999999999993 45.500000000000007 35.250000000000007 33.350000000000001 651.50000000000011
decision_type=2 2 2 2 2 2 2 2 2 2 2 2 2 2
left_child=1 5 -2 -4 -5 -1 -6 13 -9 12 11 -11 -10 -8
right_child=2 -3 3 4 6 -7 7 8 9 10 -12 -13 -14 -15
leaf_value=0.00997504283837382 -0.078719112182904089 -0.54442446724113569 -0.057952045291897604 1.148876979410361 0.32158373450543032 0.63902663872722254 0.0086289640802834234 0.31293659609163366 1.4475246733604272 0.055018903706704883 -0.33128344507203689 -0.61494848427738624 -0.014250818242787528 -0.65635948010320988
leaf_weight=1885 190 81 125 81 82 89 80 108 100 254 119 85 168 80
leaf_count=1885 190 81 125 81 82 89 80 108 100 254 119 85 168 80
internal_value=9.90959e-06 0.000376214 -0.000501015 -0.00014763 0.000245267 0.000540677 -1.85012e-05 -0.00028028 0.000202622 -0.000300957 -0.00131749 -1.45347e-05 0.00142857 -0.00272727
internal_weight=3527 2055 1472 1282 1157 1974 1076 994 834 726 458 339 268 160
internal_count=3527 2055 1472 1282 1157 1974 1076 994 834 726 458 339 268 160
is_linear=0
shrinkage=0.05


Tree=189
num_leaves=15
num_cat=0
split_feature=7 11 11 0 8 6 11 11 3 6 6 1 11 6
split_gain=0.317104 0.308426 0.43783 0.373697 0.331748 0.378605 0.326918 0.475216 0.443709 0.593338 0.548075 0.488854 0.450953 0.385687
threshold=38.45000000000001 0.94704596667653973 0.92273069556937592 859.50000000000011 18.500000000000004 0.94053119576921762 0.3342611484689354 0.46039464932087154 -42.499999999999993 1.0148940906667274 1.2059296421435446 234.50000000000003 -0.23537230790205757 0.86671029466013516
decision_type=2 2 2 2 2 2 2 2 2 2 2 2 2 2
left_child=1 2 3 6 -3 -6 8 -8 9 13 -11 12 -10 -1
right_child=-2 4 -4 -5 5 -7 7 -9 11 10 -12 -13 -14 -15
leaf_value=-0.055007044936809704 -0.24642003262697637 -0.017999993498950161 -0.23606199096460362 1.9406703431977297 0.026346710107496809 0.85294628562896835 -0.17393169826545404 -0.005787360408187326 -0.0073634979856238405 -0.65026206356956751 0.09119409424591772 0.22918616636482977 0.021712026752229822 0.36885593006434375
leaf_weight=283 130 93 81 108 125 128 164 631 518 153 90 553 232 230
leaf_count=283 130 93 81 108 125 128 164 631 518 153 90 553 232 230
internal_value=0.000154654 0.000248969 8.69424e-05 0.000188743 0.00165242 0.00257752 7.69502e-05 -0.00078125 0.000409399 -0.000551905 -0.00256048 0.000967126 0.000132451 0.000415058
internal_weight=3519 3389 3043 2962 346 253 2854 795 2059 756 243 1303 750 513
internal_count=3519 3389 3043 2962 346 253 2854 795 2059 756 243 1303 750 513
is_linear=0
shrinkage=0.05


Tree=190
num_leaves=15
num_cat=0
split_feature=8 4 4 3 3 11 3 4 4 4 10 2 12 11
split_gain=0.340002 0.679188 0.56794 0.430083 0.488133 0.642083 0.736317 0.519401 0.684455 0.304206 0.302908 0.302383 0.29577 0.384004
threshold=99.500000000000014 934.62619680581747 477.79006764440709 57.500000000000007 -26.499999999999996 -0.19337636264337835 -1.0000000180025095e-35 882.0708518718933 296.40506010141956 637.99844426121308 11.500000000000002 616.75000000000011 -0.6391983530350368 -0.814291907305839
decision_type=2 2 2 2 2 2 2 2 2 2 2 2 2 2
left_child=3 2 -2 4 9 6 -6 8 -7 -1 -4 -11 -13 -14
right_child=1 -3 10 -5 5 7 -8 -9 -10 11 -12 12 13 -15
leaf_value=0.26160571210757372 -0.026978551228525535 -0.91193399126780317 -0.26974190314759938 0.25860483887820235 0.085967729472804899 -0.0014310659788363943 -0.015473688810936515 1.1211984097781702 -0.12444810259044164 -0.43499549481879074 0.57937512294025484 -0.26704937859194217 -0.4303019036416933 1.2443805326140933
leaf_weight=403 443 148 152 401 226 229 119 94 272 139 286 106 136 318
leaf_count=403 443 148 152 401 226 229 119 94 272 139 286 106 136 318
internal_value=0.000175439 -0.000585106 -5.07899e-05 0.000496324 0.000200293 -0.00063492 0.00107143 -0.001625 -0.00226285 0.000912376 0.00121896 0.000276989 0.00079646 0.00135076
internal_weight=3472 1029 881 2443 2042 940 345 595 501 1102 438 699 560 454
internal_count=3472 1029 881 2443 2042 940 345 595 501 1102 438 699 560 454
is_linear=0
shrinkage=0.05


Tree=191
num_leaves=15
num_cat=0
split_feature=12 4 12 3 3 2 4 5 12 6 11 11 4 0
split_gain=0.298139 0.609983 0.471024 0.419278 0.483847 0.330417 0.325802 0.566391 0.403391 0.546077 0.377811 0.295422 0.311246 0.276937
threshold=-0.87810534180523914 831.29122746486269 -0.9292178835113839 59.500000000000007 -17.499999999999996 280.00000000000006 785.90021720951665 0.97439350332526153 -0.62587551141915865 1.0118603192975986 0.90892735371523092 0.02042587909481499 455.02429612844099 248.50000000000003
decision_type=2 2 2 2 2 2 2 2 2 2 2 2 2 2
left_child=1 2 5 4 6 11 -2 8 -8 10 -10 12 -1 -5
right_child=3 -3 -4 13 -6 -7 7 -9 9 -11 -12 -13 -14 -15
leaf_value=-0.041524114563568193 0.092076265873057145 0.67500535055187194 -0.22686322560842398 0.42837994379766031 -0.0090187420351239972 -0.52230526911886788 -0.28511657210872893 1.6925891475495498 0.45579931811772972 -0.36527623862567693 -0.46897034189058595 0.11114776432449974 0.22019444116309411 0.35750280077455204
leaf_weight=80 873 196 105 104 865 92 100 117 250 90 81 102 83 346
leaf_count=80 873 196 105 104 865 92 100 117 250 90 81 102 83 346
internal_value=3.4394e-05 -0.00092006 -0.00190578 0.00025786 -8.39965e-06 -0.00100829 0.000531003 -0.000326594 -0.00103612 -0.000340375 0.000610119 -9.25924e-05 -0.00139881 0.00164835
internal_weight=3484 658 462 2826 2376 357 1511 638 521 421 331 265 163 450
internal_count=3484 658 462 2826 2376 357 1511 638 521 421 331 265 163 450
is_linear=0
shrinkage=0.05


Tree=192
num_leaves=15
num_cat=0
split_feature=12 12 1 12 4 8 11 7 3 11 8 4 12 1
split_gain=0.270877 0.341602 0.337035 0.326825 0.445021 0.423941 0.452847 0.320766 0.698423 0.416447 0.460608 0.400936 0.409536 0.550384
threshold=-0.97111920233974802 0.38043945030393422 96.500000000000014 0.29958852271690523 94.497996038906692 2.5000000000000004 -0.98214942551678475 36.550000000000004 -104.49999999999999 -0.70291267844185523 86.500000000000014 962.12048988809147 -0.87810534180523914 164.00000000000003
decision_type=2 2 2 2 2 2 2 2 2 2 2 2 2 2
left_child=2 3 -1 4 -2 -6 -7 9 -9 10 -8 12 13 -11
right_child=1 -3 -4 -5 5 6 7 8 -10 11 -12 -13 -14 -15
leaf_value=-0.015731085874134517 -0.035680271046834126 0.0136853301860699 0.54957029650292433 -0.18486459968259772 0.30818581178260501 0.2942006357736901 -0.71773278930643891 1.0854143571989894 -0.34100438376448911 0.032767039941605229 -0.016674037558843096 -0.23471435926705597 0.16078194800725509 -0.34801703436317905
leaf_weight=100 105 1141 224 95 129 196 104 86 176 154 303 88 516 117
leaf_count=100 105 1141 224 95 129 196 104 86 176 154 303 88 516 117
internal_value=6.21646e-05 -7.77603e-05 0.00142857 -0.000460463 -0.000318342 -0.000136072 -0.000343839 -0.000632666 -0.00220974 -0.00030303 -0.00161408 0.0003125 0.000675505 -0.000887681
internal_weight=3534 3210 324 2069 1974 1869 1740 1544 262 1282 407 875 787 271
internal_count=3534 3210 324 2069 1974 1869 1740 1544 262 1282 407 875 787 271
is_linear=0
shrinkage=0.05


Tree=193
num_leaves=15
num_cat=0
split_feature=11 12 11 11 3 11 3 6 0 3 12 11 12 11
split_gain=0.296158 0.280515 0.234074 0.304946 0.757109 0.401781 0.275771 0.355249 0.36608 0.351532 0.433738 1.03758 0.496833 0.323036
threshold=0.99761913169647187 -0.99761278905001471 0.98372640911059162 0.92922379131507438 -29.499999999999996 0.90162119223771331 8.5000000000000018 0.24378532369894157 391.50000000000006 -1.0000000180025095e-35 -0.61236746317008228 0.534952257794027 -0.48313741114591585 -0.21861968191509915
decision_type=2 2 2 2 2 2 2 2 2 2 2 2 2 2
left_child=1 -1 3 5 -5 6 9 8 -8 10 11 13 -12 -3
right_child=-2 2 -4 4 -6 -7 7 -9 -10 -11 12 -13 -14 -15
leaf_value=-0.10268185926854541 -0.26943075802284072 -0.036445134661788503 0.14733812436657776 0.14662600633219372 -0.36432527428847644 0.53041775064868746 0.0086719934502233042 0.13767261288462335 -0.50223452170191274 -0.035308431434744582 0.34060762003261225 -0.43058127461592721 0.0016484793153402262 0.18501431999691931
leaf_weight=98 80 164 128 111 128 81 331 512 84 151 143 119 1197 215
leaf_count=98 80 164 128 111 128 81 331 512 84 151 143 119 1197 215
internal_value=-2.53734e-05 4.61496e-05 0.000124666 4.01113e-05 -0.00165984 0.000178215 7.87403e-05 0.000788627 -0.000297619 -0.00025326 -5.96851e-05 -0.00131213 0.000408922 -1.30206e-05
internal_weight=3542 3462 3364 3236 239 2997 2916 927 415 1989 1838 498 1340 379
internal_count=3542 3462 3364 3236 239 2997 2916 927 415 1989 1838 498 1340 379
is_linear=0
shrinkage=0.05


Tree=194
num_leaves=15
num_cat=0
split_feature=12 5 1 3 3 4 12 1 11 11 8 8 5 5
split_gain=0.45834 0.216383 0.392859 0.410744 0.574863 0.389142 0.402517 0.558344 0.295471 0.234455 0.293586 0.289147 0.442444 0.450008
threshold=-0.99761278905001471 1.0020851213790058 173.50000000000003 19.500000000000004 -4.4999999999999991 785.90021720951665 0.60383265664488517 561.00000000000011 0.71503381463111937 0.9916835347852474 7.5000000000000009 31.500000000000004 0.94078858537810939 0.88173899687427848
decision_type=2 2 2 2 2 2 2 2 2 2 2 2 2 2
left_child=-1 9 -3 4 5 6 7 8 -4 10 -2 -12 13 -13
right_child=1 2 3 -5 -6 -7 -8 -9 -10 -11 11 12 -14 -15
leaf_value=-0.13944762367495214 -0.023766132035032011 -0.034334974953135269 1.0675480219420119 0.47199678312575533 -0.092192180958651421 2.3763689063212157 0.17243482184143355 -0.23514873612297965 -0.0044587957052154986 -0.22824780608855746 0.047931660184574482 -0.0026225196108131113 -0.13327888985697678 0.82031451912896669
leaf_weight=93 111 104 85 89 138 113 145 144 81 98 132 1920 124 140
leaf_count=93 111 104 85 89 138 113 145 144 81 98 132 1920 124 140
internal_value=-4.68482e-05 4.95773e-05 0.000713496 0.00109375 0.000675106 0.00137871 0.000706522 -0.00031746 0.00163743 -0.000187747 -8.84044e-05 3.44681e-05 -0.000105071 7.26394e-05
internal_weight=3517 3424 899 795 706 568 455 310 166 2525 2427 2316 2184 2060
internal_count=3517 3424 899 795 706 568 455 310 166 2525 2427 2316 2184 2060
is_linear=0
shrinkage=0.05


Tree=195
num_leaves=15
num_cat=0
split_feature=12 12 12 12 5 12 12 12 12 11 3 5 8 11
split_gain=0.241573 0.242401 0.260005 0.74525 0.759042 0.613123 0.378733 0.347038 0.40029 0.566131 0.348112 0.276277 0.756531 0.403842
threshold=-0.99761278905001471 -0.97111920233974802 -0.59177783207548873 -0.73865259438682551 0.69484679302347108 -0.79382744783423187 -0.52034141052533245 -0.84313311835787952 -0.87810534180523914 -0.28519255817492867 -51.499999999999993 0.97439350332526153 13.500000000000002 -0.17647087149565668
decision_type=2 2 2 2 2 2 2 2 2 2 2 2 2 2
left_child=-1 -2 3 5 -5 7 -4 8 9 -3 -11 12 -8 -13
right_child=1 2 6 4 -6 -7 11 -9 -10 10 -12 13 -14 -15
leaf_value=-0.12652378649560594 0.16354687670109527 0.017161750867067605 0.644784772680983 -0.0034547489840392391 -1.0149646956762683 0.7770064821788476 -0.073442097241764578 -0.48209826067939904 0.79615898991927303 0.36861360350472422 -0.74885665858620054 0.25444122793342255 -0.00055034314491942554 -0.0019571608706818286
leaf_weight=99 233 137 107 120 115 106 118 94 82 82 125 292 1337 478
leaf_count=99 233 137 107 120 115 106 118 94 82 82 125 292 1337 478
internal_value=-7.79035e-05 -5.82902e-06 -0.000120388 -0.000860277 -0.00322917 4.75438e-05 0.000154044 -0.000666666 -4.64035e-05 -0.000802292 -0.00242925 1.12109e-05 -0.000393835 0.000774194
internal_weight=3525 3426 3193 861 235 626 2332 520 426 344 207 2225 1455 770
internal_count=3525 3426 3193 861 235 626 2332 520 426 344 207 2225 1455 770
is_linear=0
shrinkage=0.05


Tree=196
num_leaves=15
num_cat=0
split_feature=12 7 3 11 11 0 11 11 6 3 8 7 7 0
split_gain=0.346263 0.370696 0.331709 0.553771 0.379685 0.288369 0.266561 0.226774 0.451277 0.63813 0.385408 0.255562 0.644529 0.28687
threshold=-0.99761278905001471 36.350000000000001 -121.49999999999999 0.93544191479114935 0.79383249484937135 867.50000000000011 0.98372640911059162 0.67167992559793654 0.60633403370552375 -21.499999999999996 8.5000000000000018 30.250000000000004 29.850000000000005 755.50000000000011
decision_type=2 2 2 2 2 2 2 2 2 2 2 2 2 2
left_child=-1 5 -3 4 -4 6 7 11 -9 -10 -11 12 13 -2
right_child=1 2 3 -5 -6 -7 -8 8 9 10 -12 -13 -14 -15
leaf_value=-0.10850960842512261 0.003388345718722935 1.2642620084316498 -0.089905564753582468 -0.96404766396020392 0.26398074029304247 1.1882756169961479 0.10089090327295465 0.061066985416887778 -0.00073986294826657332 -0.036625045105095191 -0.5399910004288303 0.53744305167909057 -1.0159497878511028 0.57008604567942434
leaf_weight=93 1909 82 81 95 82 128 94 115 250 84 81 227 87 128
leaf_count=93 1909 82 81 95 82 128 94 115 250 84 81 227 87 128
internal_value=2.25927e-05 0.000105859 -0.00144928 -0.00231939 -0.000505952 0.000278314 0.000176175 8.83578e-05 -0.000841121 -0.00160714 -0.00397059 0.000299236 0.00012682 0.00031097
internal_weight=3536 3443 340 258 163 3103 2975 2881 530 415 165 2351 2124 2037
internal_count=3536 3443 340 258 163 3103 2975 2881 530 415 165 2351 2124 2037
is_linear=0
shrinkage=0.05


Tree=197
num_leaves=15
num_cat=0
split_feature=9 12 11 8 3 11 12 9 9 11 3 3 11 3
split_gain=0.224997 0.748972 0.66803 0.815211 0.357476 0.323294 0.307578 0.311092 0.548634 0.689443 0.338018 0.595353 0.334785 0.304129
threshold=96.500000000000014 -0.60555643346685839 0.534952257794027 95.500000000000014 -4.4999999999999991 1.0000000180025095e-35 -0.46039597980994923 28.500000000000004 11.500000000000002 0.3342611484689354 -53.499999999999993 -24.499999999999996 -0.73866753694953124 333.00000000000006
decision_type=2 2 2 2 2 2 2 2 2 2 2 2 2 2
left_child=1 2 3 -1 6 -6 -3 8 9 -8 -11 -12 -9 -2
right_child=13 4 -4 -5 5 -7 7 12 -10 10 11 -13 -14 -15
leaf_value=0.72546694323570216 0.018930334459507248 0.39753654460223042 -0.59534773578984002 -0.20497042510951802 0.010626177326315595 -0.057963359169490115 0.2157296187231697 -0.0027294829711846502 -0.21775684093397821 0.11827696851624898 -0.37614413583093076 0.0036326435436899035 0.28834017720849936 -0.13256340088287474
leaf_weight=94 1565 111 126 82 85 135 262 134 136 189 128 195 186 90
leaf_count=94 1565 111 126 82 85 135 262 134 136 189 128 195 186 90
internal_value=0.000224241 -0.000152569 -0.00241042 -0.00038674 0.000290549 -0.00155556 0.000598069 0.000364373 -0.000109289 0.000410783 -0.00065764 -0.0016311 0.00169231 0.000647591
internal_weight=3518 1863 302 176 1561 220 1341 1230 910 774 512 323 320 1655
internal_count=3518 1863 302 176 1561 220 1341 1230 910 774 512 323 320 1655
is_linear=0
shrinkage=0.05


Tree=198
num_leaves=15
num_cat=0
split_feature=1 0 0 12 5 3 12 3 11 1 11 8 5 5
split_gain=0.273942 0.399794 0.580171 0.468285 0.242043 0.553057 0.468119 0.613716 0.265019 0.263289 0.708272 0.249802 0.421065 0.41664
threshold=10.500000000000002 99.500000000000014 72.500000000000014 -0.10837475778693638 1.0020851213790058 24.500000000000004 -0.60555643346685839 -5.4999999999999991 0.44505654568748165 882.50000000000011 0.60555468348150676 22.500000000000004 0.95250546508705092 0.88173899687427848
decision_type=2 2 2 2 2 2 2 2 2 2 2 2 2 2
left_child=-1 2 3 -2 9 6 -6 -8 -9 11 -11 -3 13 -13
right_child=1 4 -4 -5 5 -7 7 8 -10 10 -12 12 -14 -15
leaf_value=0.011996098331600358 0.0077551241634859422 -0.018081097513778344 -0.088630134725317278 -0.015086318786420225 -0.98864605093008873 0.38902500495527942 0.11188519235741341 0.0019053999005267494 -0.057204250454868703 -0.50411070551492954 0.054826405019205771 0.024152916592468779 -0.35546749940840744 0.77396472541614392
leaf_weight=99 143 124 111 81 106 129 473 90 89 103 192 1567 80 130
leaf_count=99 143 124 111 81 106 129 473 90 89 103 192 1567 80 130
internal_value=0.000308064 0.000230792 -0.00139706 8.73364e-05 0.00040965 0.00110426 0.000576671 0.00108067 -0.00138587 0.000127215 -0.00125 0.000343652 0.000496633 0.000666863
internal_weight=3517 3418 335 224 3083 887 758 652 179 2196 295 1901 1777 1697
internal_count=3517 3418 335 224 3083 887 758 652 179 2196 295 1901 1777 1697
is_linear=0
shrinkage=0.05


Tree=199
num_leaves=15
num_cat=0
split_feature=12 12 12 7 4 5 8 5 2 0 0 0 7 12
split_gain=0.193278 0.662067 0.328815 0.363608 0.434131 0.459909 0.328225 0.611519 0.355401 0.278029 0.273435 0.323188 0.504612 0.625178
threshold=0.38043945030393422 0.29958852271690523 0.86869874770991873 29.650000000000002 861.94786094539438 0.7527735760002553 58.500000000000007 0.70727112692049643 573.25000000000011 728.50000000000011 147.50000000000003 483.50000000000006 28.250000000000004 0.14888728888808328
decision_type=2 2 2 2 2 2 2 2 2 2 2 2 2 2
left_child=1 10 3 9 5 -5 8 -8 -4 -2 -1 -12 -13 -14
right_child=2 -3 6 4 -6 -7 7 -9 -10 -11 11 12 13 -15
leaf_value=-0.028941500854811397 0.013519171893186367 -0.25836075386350227 0.0004003844214111062 0.047986756104353878 1.2986877833680976 -0.25586524219512508 -0.17367314438117598 0.44332958156590263 -0.61655048281718661 0.93525981238371247 0.069825478634622976 -0.51980899553562399 -0.0067953944590736452 1.7712787405498234
leaf_weight=454 363 97 118 85 92 118 82 106 84 83 900 165 709 84
leaf_count=454 363 97 118 85 92 118 82 106 84 83 900 165 709 84
internal_value=0.00012694 -0.000126346 0.000664613 0.00128016 -8.33331e-05 -0.00137019 -0.000506329 0.000984456 -0.00188406 0.00217295 4.74754e-05 0.000316694 -0.000321911 0.000206767
internal_weight=3540 2409 1131 741 295 203 390 188 202 446 2312 1858 958 793
internal_count=3540 2409 1131 741 295 203 390 188 202 446 2312 1858 958 793
is_linear=0
shrinkage=0.05


Tree=200
num_leaves=15
num_cat=0
split_feature=12 9 12 6 11 2 0 4 7 12 4 2 4 11
split_gain=0.352007 0.663509 0.54623 0.717779 0.369087 0.357232 0.284757 0.273671 0.272366 0.327201 0.297568 0.199769 0.265774 0.2352
threshold=-0.57782411410281842 97.500000000000014 -0.73865259438682551 1.0642362707676447 0.99761913169647187 934.25000000000011 142.50000000000003 941.85482213420403 25.250000000000004 -0.46039597980994923 319.45280968105629 239.25000000000003 431.29735975741153 -0.75015329512557205
decision_type=2 2 2 2 2 2 2 2 2 2 2 2 2 2
left_child=1 2 3 -1 5 6 -2 -3 10 -10 -8 -11 -13 -14
right_child=4 7 -4 -5 -6 -7 8 -9 9 11 -12 12 13 -15
leaf_value=-0.18867318968291427 -0.008580853564092104 0.00053414747980811176 -0.75427742821876687 0.88562525649167301 -0.44483784222325956 1.9498693725625829 0.016736202866435967 1.5829648329313741 0.52249641417340986 0.18803190339245496 0.36940781683254786 -0.06053171794364326 -0.024858441281663691 0.077656871311151648
leaf_weight=142 282 781 112 89 85 93 183 96 98 89 125 138 419 761
leaf_count=142 282 781 112 89 85 93 183 96 98 89 125 138 419 761
internal_value=0.000275872 -0.000408163 -0.00225575 -0.000826271 0.000643108 0.000770634 0.000630953 0.000323129 0.000860836 0.00057947 0.00220447 0.000378895 0.000219199 0.000464135
internal_weight=3493 1220 343 231 2273 2188 2095 877 1813 1505 308 1407 1318 1180
internal_count=3493 1220 343 231 2273 2188 2095 877 1813 1505 308 1407 1318 1180
is_linear=0
shrinkage=0.05


Tree=201
num_leaves=15
num_cat=0
split_feature=12 12 7 6 5 0 8 7 7 0 12 7 11 10
split_gain=0.259697 0.286388 0.32429 0.42094 0.258353 0.247891 0.434691 0.568231 0.281026 0.238323 0.227202 0.208014 0.30369 0.301288
threshold=0.38043945030393422 0.87291090774974645 28.350000000000005 1.1754713025186776 0.70727112692049643 720.50000000000011 7.5000000000000009 28.550000000000004 29.850000000000005 427.50000000000006 0.31595530242620651 38.750000000000007 0.94704596667653973 10.500000000000002
decision_type=2 2 2 2 2 2 2 2 2 2 2 2 2 2
left_child=10 5 3 4 -3 6 -2 -8 -7 -9 11 12 -1 -14
right_child=1 2 -4 -5 -6 8 7 9 -10 -11 -12 -13 13 -15
leaf_value=-0.010994705937060135 -0.021045168942748816 -0.0052193026918851224 -0.67586592446815785 -0.050621460905769161 0.33700707823988463 0.93244368159932378 0.10836780408084715 0.032253112583315612 0.156408259589498 -0.19618810291135103 -0.29706374508858202 -0.20757816909071403 0.4801511940076848 0.00937533962220247
leaf_weight=1828 131 101 85 84 127 89 179 90 129 117 82 109 107 245
leaf_count=1828 131 101 85 84 127 89 179 90 129 117 82 109 107 245
internal_value=4.70355e-05 0.000668426 -0.000410448 0.000347003 0.00145923 0.00125 0.000641763 0.00148338 0.00264574 -0.000306604 -0.000250421 -0.000154751 -4.57664e-05 0.00128852
internal_weight=3503 1132 397 312 228 735 517 386 218 207 2371 2289 2180 352
internal_count=3503 1132 397 312 228 735 517 386 218 207 2371 2289 2180 352
is_linear=0
shrinkage=0.05


Tree=202
num_leaves=15
num_cat=0
split_feature=11 3 12 12 5 12 4 3 11 9 6 4 11 4
split_gain=0.353572 0.255552 0.221726 0.556739 0.650734 0.618723 0.299985 0.339136 0.30667 0.40056 0.25226 0.252239 0.522259 0.339541
threshold=0.99761913169647187 286.50000000000006 -0.61236746317008228 -0.73865259438682551 0.7466291000968156 -0.79382744783423187 656.60053055237688 -15.499999999999998 -0.23537230790205757 96.500000000000014 0.25085049064312032 883.23906422807806 0.92922379131507438 775.92057899273459
decision_type=2 2 2 2 2 2 2 2 2 2 2 2 2 2
left_child=1 2 3 5 -5 6 7 -1 -8 -10 -9 13 -13 -4
right_child=-2 -3 11 4 -6 -7 8 10 9 -11 -12 12 -14 -15
leaf_value=-0.061754563505656002 -0.57281526346180944 -0.028168993339048012 0.015638540668606218 -0.003930080563202815 -1.0043074560427809 0.80176965635588049 -0.16213065644563726 -0.034914202498136815 -0.17897721159717461 2.2080984821468141 0.03542533990563182 1.3058257645004341 -0.080936212670633334 -0.084699662427665676
leaf_weight=126 80 131 1483 109 80 105 139 137 81 186 119 234 98 394
leaf_count=126 80 131 1483 109 80 105 139 137 81 186 119 234 98 394
internal_value=0.000245224 0.000323899 0.000411105 -0.000174793 -0.00260309 0.00035078 -0.000138714 -0.00113695 0.00080292 0.00178309 -7.66282e-05 0.000697832 0.00195846 0.000470245
internal_weight=3502 3422 3291 1082 189 893 788 382 406 267 256 2209 332 1877
internal_count=3502 3422 3291 1082 189 893 788 382 406 267 256 2209 332 1877
is_linear=0
shrinkage=0.05


Tree=203
num_leaves=15
num_cat=0
split_feature=7 11 0 4 3 2 10 0 6 6 0 6 3 12
split_gain=0.325134 0.413429 0.339952 0.30756 0.295065 0.262728 0.349811 0.235331 0.280745 0.500112 0.281294 0.355872 0.454221 0.247098
threshold=38.750000000000007 0.9053161325100999 862.50000000000011 831.29122746486269 -29.499999999999996 15.250000000000002 17.500000000000004 78.500000000000014 0.091516935161436538 0.14433693552988192 118.50000000000001 0.2365609031523542 62.500000000000007 -0.61236746317008228
decision_type=2 2 2 2 2 2 2 2 2 2 2 2 2 2
left_child=1 2 5 -3 -5 -1 7 -7 -9 -10 -11 -12 13 -13
right_child=-2 3 -4 4 -6 6 -8 8 9 10 11 12 -14 -15
leaf_value=0.0086584307464536159 -0.22353359288556432 0.064895412264116284 1.2526443177926305 0.49234615704623402 -0.080906669760362537 0.23257341100896461 -0.030085212661194228 -0.48597201973252108 0.67782345813917932 -0.039856550489158468 -0.33693426322830694 -0.089759243985419609 0.55303923675087097 0.0020309110339420192
leaf_weight=87 113 296 99 99 92 85 177 136 87 80 116 481 297 1282
leaf_count=87 113 296 99 99 92 85 177 136 87 80 116 481 297 1282
internal_value=0.000165629 0.000254461 2.89906e-05 0.00159553 2.55104e-05 -7.41262e-05 -0.000162054 -1.16775e-05 -0.000102657 2.76833e-05 -0.000119416 -9.16992e-06 0.000145279 -0.000161199
internal_weight=3527 3414 2927 487 191 2828 2741 2564 2479 2343 2256 2176 2060 1763
internal_count=3527 3414 2927 487 191 2828 2741 2564 2479 2343 2256 2176 2060 1763
is_linear=0
shrinkage=0.05


Tree=204
num_leaves=15
num_cat=0
split_feature=7 12 12 6 8 3 3 1 2 3 7 7 3 5
split_gain=0.314323 0.245824 0.567709 0.376647 0.355872 0.596995 0.579079 0.298141 0.406896 0.28241 0.489221 0.272658 0.406576 0.228166
threshold=39.150000000000013 -0.42179730054635828 -0.49065906150552346 0.59721908196665241 32.500000000000007 -69.499999999999986 -15.499999999999998 234.50000000000003 210.75000000000003 52.500000000000007 27.850000000000005 28.050000000000004 -154.49999999999997 0.18370385273605686
decision_type=2 2 2 2 2 2 2 2 2 2 2 2 2 2
left_child=1 2 3 7 -5 11 -7 8 13 -3 -11 -6 -13 -1
right_child=-2 9 -4 4 5 6 -8 -9 -10 10 -12 12 -14 -15
leaf_value=0.031046058380378262 -0.29132223649292871 0.0095713158152932569 -0.64911706748924836 0.25751987018519112 0.33192390951153838 -0.69728504131661706 -0.016925234380734098 0.98908700801374971 -0.30104582252800127 0.5407126403383028 0.007480298416470613 -0.16554039513637309 0.25223113492445126 0.017781147672456022
leaf_weight=92 83 1789 80 88 157 90 95 175 133 125 146 91 80 305
leaf_count=92 83 1789 80 88 157 90 95 175 133 125 146 91 80 305
internal_value=0.000281551 0.000356419 -0.000158159 9.91611e-05 -0.000816831 -0.00132239 -0.00355263 0.000880282 0.000280374 0.000702179 0.00219203 -3.00298e-05 -0.00139205 0.00108209
internal_weight=3529 3446 1386 1306 601 513 185 705 530 2060 271 328 171 397
internal_count=3529 3446 1386 1306 601 513 185 705 530 2060 271 328 171 397
is_linear=0
shrinkage=0.05


Tree=205
num_leaves=15
num_cat=0
split_feature=7 3 11 12 8 12 12 12 7 0 3 5 6 10
split_gain=0.313526 0.238227 0.365003 0.342874 0.326821 0.281992 0.516849 0.272833 0.311212 0.378703 0.26891 0.38828 0.474445 0.354362
threshold=38.750000000000007 8.5000000000000018 0.94704596667653973 0.53312596302726967 18.500000000000004 -0.82413948779581736 -0.92272482904738262 -0.68432604233786842 27.650000000000002 518.50000000000011 -1.0000000180025095e-35 1.1926614384787229 0.99042585840944597 14.500000000000002
decision_type=2 2 2 2 2 2 2 2 2 2 2 2 2 2
left_child=1 2 3 -1 -4 6 -3 -7 -9 -10 11 12 13 -5
right_child=-2 5 4 10 -6 7 -8 8 9 -11 -12 -13 -14 -15
leaf_value=-0.034278812595004253 -0.19723441088358692 0.10860716990226289 -0.054998413154705661 -0.95073976935118143 0.40474874811728417 0.47449319209553614 -0.13528548074803762 0.082377517300989134 -0.042625923124629622 0.27471160346976281 -0.051767807820700645 -0.024588314482883369 0.53322824830069804 0.012139704729651403
leaf_weight=1304 114 292 82 114 215 83 128 279 136 128 84 119 213 250
leaf_count=1304 114 292 82 114 215 83 128 279 136 128 84 119 213 250
internal_value=0.000170615 0.000257867 -1.88598e-05 -0.00025371 0.00160596 0.000884872 -0.000117647 0.00155309 0.00112226 -0.000111524 0.000573249 0.000898716 0.00143471 0.000325203
internal_weight=3541 3427 2381 2084 297 1046 420 626 543 264 780 696 577 364
internal_count=3541 3427 2381 2084 297 1046 420 626 543 264 780 696 577 364
is_linear=0
shrinkage=0.05


Tree=206
num_leaves=15
num_cat=0
split_feature=5 5 11 11 11 9 12 3 11 3 7 11 8 12
split_gain=0.306382 0.322158 0.332444 0.359347 0.933095 0.694228 0.569829 0.514228 0.497526 0.378664 0.359719 0.480017 0.452997 0.41455
threshold=0.18370385273605686 0.25625270220440505 -0.97509794945709805 -0.70291267844185523 -0.76141707087277943 9.5000000000000018 -0.24372464231556024 -42.499999999999993 -0.48314718476766422 49.500000000000007 26.650000000000002 -0.14250824554987665 99.500000000000014 0.89309379682046119
decision_type=2 2 2 2 2 2 2 2 2 2 2 2 2 2
left_child=-1 -2 -3 4 5 -4 9 -8 -5 -7 12 -12 -10 -13
right_child=1 2 3 8 -6 6 7 -9 10 -11 11 13 -14 -15
leaf_value=0.03031842482646482 -0.05410284319971656 0.24531326582093624 0.49059847388518146 0.2442755050780907 -1.1104698716767587 0.47684192132943715 -1.263954506548878 -0.049472809209971082 -5.8448290790327615e-05 -0.39680900778312023 0.42230547792028761 0.014404954013065347 -0.34596534660317946 -0.56020323391690208
leaf_weight=137 126 229 100 285 91 137 83 81 329 82 123 1439 159 98
leaf_count=137 126 229 100 285 91 137 83 81 329 82 123 1439 159 98
internal_value=8.41897e-05 -1.18798e-05 8.63933e-05 -5.47807e-05 -0.00117444 -0.000276639 -0.00125 -0.00343195 0.000211239 0.000424107 -5.10913e-05 0.0003003 -0.00123732 5.51234e-05
internal_weight=3499 3362 3236 3007 574 483 383 164 2433 219 2148 1660 488 1537
internal_count=3499 3362 3236 3007 574 483 383 164 2433 219 2148 1660 488 1537
is_linear=0
shrinkage=0.05


Tree=207
num_leaves=15
num_cat=0
split_feature=6 6 4 6 4 1 2 6 5 5 5 11 3 11
split_gain=0.395731 0.61467 0.394916 0.398248 0.390648 0.375854 0.552148 0.357669 0.287245 0.408147 0.391453 0.299826 0.862403 0.679567
threshold=0.31226569976844448 0.36484951139258698 197.26264117775796 0.46946824309672325 165.01673376598856 290.50000000000006 303.75000000000006 0.61522885511790137 1.0932198240630997 1.1926614384787229 1.0526679723353842 0.92922379131507438 -29.499999999999996 0.77788564761185042
decision_type=2 2 2 2 2 2 2 2 2 2 2 2 2 2
left_child=-1 -2 4 -4 -3 7 -7 -5 10 -10 11 13 -13 -8
right_child=1 2 3 5 -6 6 8 -9 9 -11 -12 12 -14 -15
leaf_value=0.024751144254957277 -0.33374369025754524 -0.002758626030362402 0.63993686015854001 0.0091926702872553671 -0.094425788215440579 -0.10843065094643006 -0.013668730860041245 0.32271395194711011 0.30791038556794176 -0.01113804991562335 -0.25031754963405695 0.092642716255945876 -0.44913877235826061 1.7290591575765928
leaf_weight=655 92 234 127 101 82 88 1132 96 167 213 95 167 82 172
leaf_count=655 92 234 127 101 82 88 1132 96 167 213 95 167 82 172
internal_value=0.000146807 -0.000108657 2.89752e-05 0.000245399 -0.00161994 9.27526e-05 -0.000103724 0.00215347 6.88639e-05 0.0012987 -0.000217786 -2.24645e-05 -0.00159449 0.000282659
internal_weight=3503 2848 2756 2440 316 2313 2116 197 2028 380 1648 1553 249 1304
internal_count=3503 2848 2756 2440 316 2313 2116 197 2028 380 1648 1553 249 1304
is_linear=0
shrinkage=0.05


Tree=208
num_leaves=15
num_cat=0
split_feature=1 0 12 3 12 12 4 12 9 9 11 3 1 7
split_gain=0.344128 0.459025 0.339754 0.613907 0.34836 0.462971 0.272669 0.270652 0.661694 0.507086 0.464981 0.380632 0.435901 0.583196
threshold=61.500000000000007 95.500000000000014 0.94066717844141279 -11.499999999999998 0.38043945030393422 0.28313308994381592 342.88633452453058 -0.59177783207548873 96.500000000000014 61.500000000000007 0.46039464932087154 -210.49999999999997 354.50000000000006 27.850000000000005
decision_type=2 2 2 2 2 2 2 2 2 2 2 2 2 2
left_child=-1 -2 4 -4 5 7 -6 8 9 -3 -10 -9 -13 -14
right_child=1 2 3 -5 6 -7 -8 11 10 -11 -12 12 13 -15
leaf_value=0.014070770982171594 -0.036150647739087868 -0.034415493015811226 0.15410052343173833 -0.088133661244392481 -0.0032815955783777485 -0.20540374091086924 0.22203322325293795 2.813642553699502 -0.0035716759406466203 -0.17853565658676976 0.80835867296636299 0.093567649469435951 -0.53369309045858793 0.037559891729168307
leaf_weight=431 143 177 107 84 171 102 680 94 503 114 92 251 102 472
leaf_count=431 143 177 107 84 171 102 680 94 503 114 92 251 102 472
internal_value=0.000301871 0.000116242 0.000252201 -0.0017602 0.000394499 1.83056e-05 0.00123248 0.000207183 -0.000415264 -0.00234797 0.000541667 0.000806277 0.000451807 -0.000310881
internal_weight=3523 3092 2949 191 2758 1907 851 1805 886 291 595 919 825 574
internal_count=3523 3092 2949 191 2758 1907 851 1805 886 291 595 919 825 574
is_linear=0
shrinkage=0.05


Tree=209
num_leaves=15
num_cat=0
split_feature=7 4 11 1 11 8 7 5 11 5 2 4 4 11
split_gain=0.377261 0.231343 0.514534 0.478237 0.560881 0.437759 0.699565 0.425653 0.540467 0.399277 0.384 0.335621 0.425099 0.3771
threshold=39.150000000000013 430.54008077988868 -0.54220184589352438 51.500000000000007 0.02042587909481499 33.500000000000007 35.350000000000001 0.94078858537810939 0.46039464932087154 0.89975090728900919 225.75000000000003 664.55562452720642 595.15052936344034 0.78325454425165997
decision_type=2 2 2 2 2 2 2 2 2 2 2 2 2 2
left_child=1 2 -1 -4 -5 6 -3 9 -9 10 -7 12 -12 -13
right_child=-2 5 3 4 -6 7 -8 8 -10 -11 11 13 -14 -15
leaf_value=0.014041454360089831 -0.24066490751193823 0.19386422919065646 0.010424868419763457 -0.069106822968735174 -0.012780534005897695 0.14817378629797268 -0.14148249984527214 -0.78746271606864582 0.25399024002575249 0.86331565067493699 0.011095669184033916 0.009014579600805905 -0.40422278151610141 1.6812123492958524
leaf_weight=312 85 415 190 139 406 266 100 118 141 87 153 828 169 110
leaf_count=312 85 415 190 139 406 266 100 118 141 87 153 828 169 110
internal_value=0.000140466 0.000223902 -0.000394486 -0.00111486 -0.00186364 0.000495402 0.00177885 0.000138519 -0.00172348 0.000441904 0.000248204 -0.000118577 -0.00149847 0.000360552
internal_weight=3519 3434 1047 735 545 2387 515 1872 259 1613 1526 1260 322 938
internal_count=3519 3434 1047 735 545 2387 515 1872 259 1613 1526 1260 322 938
is_linear=0
shrinkage=0.05


Tree=210
num_leaves=15
num_cat=0
split_feature=7 11 6 12 7 12 2 5 6 3 12 12 12 12
split_gain=0.32407 0.257548 0.238848 0.295544 0.183785 0.689259 0.441352 0.267479 0.408044 0.4468 0.338468 0.517175 0.402764 0.541954
threshold=38.750000000000007 0.99466373373798567 0.14883363099236732 -0.90892157495189674 34.45000000000001 -0.20180761162458913 872.25000000000011 0.55266506452320263 0.61522885511790137 -46.499999999999993 -0.87810534180523914 -0.97111920233974802 -0.73865259438682551 -0.59177783207548873
decision_type=2 2 2 2 2 2 2 2 2 2 2 2 2 2
left_child=1 2 3 -1 6 -6 7 8 9 -4 11 -9 -12 -14
right_child=-2 -3 4 -5 5 -7 -8 10 -10 -11 12 -13 13 -15
leaf_value=-0.0009051427457314776 -0.22273735114094728 0.25947013464893659 -0.11961516750886719 0.089201306598896579 0.023256769647340081 -0.29574370305217579 1.8232058841578156 -0.0029857712543330281 0.54211980860328124 0.0081661484515775616 0.80902466859131472 -0.19151191592712241 -0.41652600339236412 0.0052434879145821589
leaf_weight=167 106 111 94 187 207 106 102 153 178 405 105 82 110 1386
leaf_count=167 106 111 94 187 207 106 102 153 178 405 105 82 110 1386
internal_value=0.000226884 0.00031342 0.000231214 0.00144847 8.18277e-05 -0.00105346 0.000219466 8.53854e-05 0.000931085 0.000188492 -0.000228137 -0.00197917 3.42468e-05 -0.00017988
internal_weight=3499 3393 3282 354 2928 313 2615 2513 677 499 1836 235 1601 1496
internal_count=3499 3393 3282 354 2928 313 2615 2513 677 499 1836 235 1601 1496
is_linear=0
shrinkage=0.05


Tree=211
num_leaves=15
num_cat=0
split_feature=12 12 11 6 8 0 9 7 7 7 11 7 2 0
split_gain=0.384685 0.492758 0.344296 0.356198 0.312922 0.385477 0.360948 0.240763 0.263063 0.236926 0.569702 0.298815 0.273878 0.471614
threshold=0.59003219687534991 0.86439018870140905 -0.99763297024448894 0.15591050258115663 58.500000000000007 459.50000000000006 78.500000000000014 28.550000000000004 30.250000000000004 38.45000000000001 0.99466373373798567 36.350000000000001 886.25000000000011 781.50000000000011
decision_type=2 2 2 2 2 2 2 2 2 2 2 2 2 2
left_child=2 7 -1 -4 6 -6 -3 -2 -9 10 11 12 13 -5
right_child=1 4 3 9 5 -7 -8 8 -10 -11 -12 -13 -14 -15
leaf_value=0.27701135499809254 0.071272064394148335 -0.1224385364520727 0.024153903149842032 -0.019393376605525439 -0.0034020075773528377 1.0645938916653674 0.020710651543865765 -0.0085237492341490844 0.54902721919582986 -0.24958019402375575 0.35537760807240693 -0.17710906574575086 1.3069075994568824 -0.38291277924770029
leaf_weight=80 236 118 354 1658 113 86 104 100 122 123 96 155 116 86
leaf_count=80 236 118 354 1658 113 86 104 100 122 123 96 155 116 86
internal_value=0.00010839 0.00101244 -0.000190797 -0.000293097 -0.000223005 0.00120098 -0.0014978 0.00213823 0.00092511 -0.000527021 -0.000399338 -0.000581683 -0.000402145 -0.00056032
internal_weight=3547 879 2668 2588 421 199 222 458 222 2234 2111 2015 1860 1744
internal_count=3547 879 2668 2588 421 199 222 458 222 2234 2111 2015 1860 1744
is_linear=0
shrinkage=0.05


Tree=212
num_leaves=15
num_cat=0
split_feature=7 12 12 4 2 2 7 9 9 3 11 1 11 12
split_gain=0.258109 0.243711 0.427589 0.456347 0.426867 0.391129 0.335585 0.362003 1.06478 0.529123 0.402818 0.326132 0.350328 0.567468
threshold=38.750000000000007 -0.42958798411962301 -0.5129677127369543 658.63833637162031 702.75000000000011 439.75000000000006 25.250000000000004 15.500000000000002 10.500000000000002 -53.499999999999993 -0.24372957273992746 719.50000000000011 -0.05695216311707673 0.16587474750015932
decision_type=2 2 2 2 2 2 2 2 2 2 2 2 2 2
left_child=1 2 3 -1 5 -5 -3 8 9 -8 -11 12 13 -9
right_child=-2 6 -4 4 -6 -7 7 11 -10 10 -12 -13 -14 -15
leaf_value=-0.024360322286073197 -0.16964993556045677 0.035222516256687014 -0.74395978060887613 0.017753682289764608 -0.15661052951971224 1.9401546952475042 0.45920867066821769 0.11588693335833949 -0.40184901825406283 0.063004425480715512 -0.12531912909335571 0.41937677051068373 0.066433453086565342 -0.050667203085885792
leaf_weight=592 111 342 93 280 147 224 265 169 88 98 317 290 242 248
leaf_count=592 111 342 93 280 147 224 265 169 88 98 317 290 242 248
internal_value=0.000207918 0.000286765 -0.000238628 1.20194e-05 0.000922256 0.001611 0.000627423 0.000339721 -0.000465718 0.000218978 -0.000892857 0.000990566 0.000368976 -0.000509478
internal_weight=3506 3395 1336 1243 651 504 2059 1717 768 680 415 949 659 417
internal_count=3506 3395 1336 1243 651 504 2059 1717 768 680 415 949 659 417
is_linear=0
shrinkage=0.05


Tree=213
num_leaves=15
num_cat=0
split_feature=6 8 8 12 12 7 8 0 2 1 11 12 6 5
split_gain=0.393556 0.46874 0.638096 0.45985 0.485095 0.489017 1.0243 0.391071 0.306896 0.40148 0.410137 0.534799 0.456824 0.323475
threshold=0.65483587528666909 78.500000000000014 45.500000000000007 -0.61236746317008228 -0.46039597980994923 35.250000000000007 33.500000000000007 867.50000000000011 439.75000000000006 78.500000000000014 -0.57078386445773377 -0.90161545992537195 0.30902229627620609 0.44313321903388386
decision_type=2 2 2 2 2 2 2 2 2 2 2 2 2 2
left_child=1 2 -1 -2 -5 7 -7 -6 9 -3 13 12 -12 -11
right_child=3 8 -4 4 5 6 -8 -9 -10 10 11 -13 -14 -15
leaf_value=-0.0066835001252365245 -0.070809598733506646 0.022273176929345939 0.15815816254488263 0.37720398263346155 0.0043244347192266932 -1.4306074445945787 0.28077043577722 1.6165389447526384 1.5238214971557216 -0.34661508588128109 0.80801256206903038 -0.53424973004776277 -0.20043614993160341 0.37784388199732194
leaf_weight=109 485 378 211 122 1358 80 126 83 103 89 90 111 80 86
leaf_count=109 485 378 211 122 1358 80 126 83 103 89 90 111 80 86
internal_value=0.000271616 0.000978606 0.00261538 -0.000123948 0.000250846 2.11866e-05 -0.00222749 0.000349239 0.000408705 8.34328e-05 -0.000911063 -0.00208042 -0.000285714 0.000972222
internal_weight=3511 1257 320 2254 1769 1647 206 1441 937 834 456 281 170 175
internal_count=3511 1257 320 2254 1769 1647 206 1441 937 834 456 281 170 175
is_linear=0
shrinkage=0.05


Tree=214
num_leaves=15
num_cat=0
split_feature=7 7 3 2 3 7 7 1 2 2 5 3 1 9
split_gain=0.239547 0.348156 0.256949 0.236828 0.397606 0.217142 0.404072 0.373625 0.432034 0.373262 0.552767 0.656876 0.300442 0.220628
threshold=24.050000000000004 25.250000000000004 -50.499999999999993 295.25000000000006 1.0000000180025095e-35 34.250000000000007 32.650000000000013 34.500000000000007 179.50000000000003 339.75000000000006 0.97439350332526153 -131.99999999999997 871.50000000000011 71.500000000000014
decision_type=2 2 2 2 2 2 2 2 2 2 2 2 2 2
left_child=3 2 -2 4 -1 6 7 -3 -9 -7 11 -11 -13 -10
right_child=1 5 -4 -5 -6 9 -8 8 13 10 -12 12 -14 -15
leaf_value=-0.033531009422928033 -0.036382257821351509 -0.032380401287280175 0.070601543582037393 0.067872173896351778 0.0051640019139873126 0.12016964959085126 0.42895303569131082 0.055462813813264615 -0.038467669762386733 0.81045167318486921 0.256480491160546 -0.082153542123268308 -0.75389950185379428 0.032402768630994692
leaf_weight=128 80 108 221 90 148 109 183 286 769 80 132 134 91 950
leaf_count=128 80 108 221 90 148 109 183 286 769 80 132 134 91 950
internal_value=6.97213e-05 0.000211245 0.00181373 -0.00113208 -0.00185053 3.86373e-05 0.000252065 5.42967e-05 0.000211443 -0.000852994 -0.00150452 -0.00266129 -0.00402174 -8.9907e-05
internal_weight=3509 3143 301 366 276 2842 2296 2113 2005 546 437 305 225 1719
internal_count=3509 3143 301 366 276 2842 2296 2113 2005 546 437 305 225 1719
is_linear=0
shrinkage=0.05


Tree=215
num_leaves=15
num_cat=0
split_feature=11 9 3 8 11 9 11 11 3 8 8 11 7 6
split_gain=0.483619 0.216096 0.490958 0.604156 0.38679 0.35782 0.33321 0.304958 0.451019 0.289448 0.433139 0.407242 0.548624 0.430137
threshold=0.99700008544936913 96.500000000000014 -4.4999999999999991 5.5000000000000009 0.49065764355977465 86.500000000000014 -0.8781231054254196 -0.94139628442229062 286.50000000000006 58.500000000000007 52.500000000000007 -0.39036798905311365 28.150000000000002 0.9885919190491893
decision_type=2 2 2 2 2 2 2 2 2 2 2 2 2 2
left_child=1 2 5 -4 7 6 -1 -3 -9 10 11 -8 -13 -14
right_child=-2 4 3 -5 -6 -7 9 8 -10 -11 -12 12 13 -15
leaf_value=-0.11456245126242902 -0.25907546667107834 0.10157795051117942 0.014110200252725478 -0.085370410793906781 0.045736405295569112 -0.059541590077610368 0.27749260283304017 0.0098612729057514 -0.39434654599307878 0.2133473950567463 -0.42785862315412226 -0.10492577005124233 -0.10068206609491602 0.28547030704653259
leaf_weight=200 87 209 99 159 243 88 118 1122 96 433 84 109 198 284
leaf_count=200 87 209 99 159 243 88 118 1122 96 433 84 109 198 284
internal_value=0.000154216 0.000249492 -0.000135059 -0.00212928 0.000656717 0.000210665 0.000405311 0.000338687 3.27066e-05 0.000714866 0.00014411 0.000553221 8.38945e-06 0.00073922
internal_weight=3529 3442 1772 258 1670 1514 1426 1427 1218 1226 793 709 591 482
internal_count=3529 3442 1772 258 1670 1514 1426 1427 1218 1226 793 709 591 482
is_linear=0
shrinkage=0.05


Tree=216
num_leaves=15
num_cat=0
split_feature=12 7 12 12 9 7 12 3 11 8 3 7 3 11
split_gain=0.330115 0.287624 0.247902 0.405833 0.351867 0.32124 0.330411 0.296455 0.387328 0.453074 0.354291 0.516042 0.658141 0.987244
threshold=0.95873845323692797 38.750000000000007 0.86869874770991873 0.59003219687534991 62.500000000000007 29.750000000000004 0.80798785254895478 8.5000000000000018 0.94704596667653973 23.500000000000004 -65.499999999999986 27.850000000000005 -6.4999999999999991 -0.61237985104942771
decision_type=2 2 2 2 2 2 2 2 2 2 2 2 2 2
left_child=1 2 3 7 -4 6 -5 8 10 -10 -1 12 13 -12
right_child=-2 -3 4 5 -6 -7 -8 -9 9 -11 11 -13 -14 -15
leaf_value=-0.0023032260945430407 0.05054458679965125 -0.20481795383148951 -0.24206377692354586 0.1349031361945765 0.0046332143569363477 -0.01052397939384994 0.0011832867610709404 0.018854165917670702 -0.058296567658336601 0.38369844823350829 -0.087161924575494418 -0.0003547475374405217 -0.00068288183919340106 -0.47429996386080381
leaf_weight=718 168 105 81 217 150 161 102 896 88 204 106 341 117 84
leaf_count=718 168 105 81 217 150 161 102 896 88 204 106 341 117 84
internal_value=0.000124189 1.4815e-05 9.93886e-05 0.000220467 -0.00146186 0.00154639 0.0024537 -3.1262e-05 -0.000426939 0.00121212 -0.000780452 -0.00162328 -0.00309295 -0.00487179
internal_weight=3538 3370 3265 3034 231 480 319 2554 1658 292 1366 648 307 190
internal_count=3538 3370 3265 3034 231 480 319 2554 1658 292 1366 648 307 190
is_linear=0
shrinkage=0.05


Tree=217
num_leaves=15
num_cat=0
split_feature=12 3 4 4 1 3 7 11 0 0 1 7 3 11
split_gain=0.280928 0.442716 0.426543 0.421072 0.852888 0.412644 0.362073 0.44907 0.336306 0.484611 0.298558 0.259224 0.734888 0.697367
threshold=-0.87810534180523914 59.500000000000007 490.11647989823825 830.64373784301586 346.50000000000006 -4.4999999999999991 27.550000000000004 0.02042587909481499 518.50000000000011 397.50000000000006 29.500000000000004 35.550000000000004 -121.49999999999999 0.92922379131507438
decision_type=2 2 2 2 2 2 2 2 2 2 2 2 2 2
left_child=3 5 -3 4 6 11 7 10 9 -4 -1 -2 -13 -14
right_child=1 2 8 -5 -6 -7 -8 -9 -10 -11 -12 12 13 -15
leaf_value=0.020685466095832526 0.01847767811255897 0.34758851019922476 0.474065547448485 0.38925596368383181 -0.61423981910085068 -0.037040621808909192 -0.088253692444835011 0.1420192084980855 0.75244748253691662 -0.87564923833843644 -0.21476484157245462 1.5405175645416913 0.0074152019668865983 -0.93142472107660645
leaf_weight=82 1609 131 81 204 95 486 89 90 155 80 117 82 124 104
leaf_count=82 1609 131 81 204 95 486 89 90 155 80 117 82 124 104
internal_value=8.3475e-05 0.000301015 0.00173673 -0.000828446 -0.00164226 3.11205e-05 -0.000548303 0.000323129 0.000716511 -0.000873494 -0.0010049 0.000361227 -0.000952381 -0.00240343
internal_weight=3529 2852 447 677 473 2405 378 289 316 161 199 1919 310 228
internal_count=3529 2852 447 677 473 2405 378 289 316 161 199 1919 310 228
is_linear=0
shrinkage=0.05


Tree=218
num_leaves=15
num_cat=0
split_feature=7 7 7 3 9 12 3 9 11 11 12 12 7 6
split_gain=0.257339 0.30835 0.406767 0.336916 0.506621 0.40628 0.263702 0.419354 0.31813 0.310161 0.238489 0.575485 0.678948 0.388043
threshold=38.45000000000001 37.45000000000001 36.45000000000001 -156.49999999999997 28.500000000000004 -0.78324956448884031 -57.499999999999993 5.5000000000000009 -0.67803021058859214 -0.94139628442229062 -0.97111920233974802 -0.91595872546125101 25.050000000000004 0.14883363099236732
decision_type=2 2 2 2 2 2 2 2 2 2 2 2 2 2
left_child=1 2 3 4 -1 -6 7 -5 9 -9 -8 12 -12 -13
right_child=-2 -3 -4 6 5 -7 10 8 -10 -11 11 13 -14 -15
leaf_value=-0.36491276686500906 -0.1609202472965964 0.25804378707994108 -0.44620323785260596 1.7624646498453846 -0.1763591362919138 0.32112114534943104 0.13628510246553316 0.16706987472396498 0.35413552138755455 -0.6885630351526526 0.015548948634984025 0.10197055020066473 -0.66405442550477112 0.0014557599785567409
leaf_weight=111 128 103 92 139 98 205 245 90 264 85 87 183 80 1624
leaf_count=111 128 103 92 139 98 205 245 90 264 85 87 183 80 1624
internal_value=0.000203447 0.000287306 0.000201028 0.000296953 -0.00102625 4.87015e-05 0.00049429 0.00144082 0.000664415 -0.000972222 0.000245054 6.06369e-05 -0.00270349 0.000322848
internal_weight=3534 3406 3303 3211 414 303 2797 578 439 175 2219 1974 167 1807
internal_count=3534 3406 3303 3211 414 303 2797 578 439 175 2219 1974 167 1807
is_linear=0
shrinkage=0.05


Tree=219
num_leaves=15
num_cat=0
split_feature=6 1 12 12 8 12 8 7 7 12 5 7 6 6
split_gain=0.299369 0.497668 0.31939 0.400996 0.308665 0.290055 0.302634 0.307511 0.431486 0.289886 0.250533 0.261125 0.24293 0.309468
threshold=0.15591050258115663 32.500000000000007 0.38043945030393422 0.29958852271690523 88.500000000000014 0.94066717844141279 46.500000000000007 27.650000000000002 29.750000000000004 0.99108954404583949 1.1926614384787229 29.750000000000004 1.1581799768034891 1.0917294255082932
decision_type=2 2 2 2 2 2 2 2 2 2 2 2 2 2
left_child=1 -1 3 12 5 6 10 -8 -9 -7 11 -4 13 -2
right_child=2 -3 4 -5 -6 9 7 8 -10 -11 -12 -13 -14 -15
leaf_value=-0.00333933497618563 -0.0077516343929801626 0.36255162185371587 0.1542137282719889 -0.17664712438610813 0.15205247720401147 -0.098105923432401293 0.0173133284354378 -0.27972689343987545 0.072616166505618335 0.018525799939276343 -0.00054995925235438656 0.0081698214933833852 0.032276762316157309 -0.61046930677069644
leaf_weight=178 1517 189 208 93 116 113 101 87 133 87 124 139 333 105
leaf_count=178 1517 189 208 93 116 113 101 87 133 87 124 139 333 105
internal_value=0.000231009 0.00157258 7.2762e-05 -0.000297126 0.000754717 0.000461384 0.000890841 -0.000291411 -0.00133333 -0.00121951 0.00169118 0.00237216 -0.000140306 -0.000393362
internal_weight=3523 367 3156 2048 1108 992 792 321 220 200 471 347 1955 1622
internal_count=3523 367 3156 2048 1108 992 792 321 220 200 471 347 1955 1622
is_linear=0
shrinkage=0.05


Tree=220
num_leaves=15
num_cat=0
split_feature=5 8 3 7 12 3 12 3 11 6 3 9 6 7
split_gain=0.445931 0.63935 0.701766 1.03684 0.376061 0.362257 0.48735 0.477196 0.307121 0.452993 1.5611 0.383097 0.374604 0.345671
threshold=0.97439350332526153 41.500000000000007 -2.4999999999999996 35.45000000000001 0.74298546529340237 24.500000000000004 -0.60555643346685839 1.5000000000000002 0.78325454425165997 0.65483587528666909 -54.499999999999993 11.500000000000002 1.0148940906667274 23.650000000000002
decision_type=2 2 2 2 2 2 2 2 2 2 2 2 2 2
left_child=1 2 3 -1 8 6 -2 -8 9 13 12 -10 -11 -3
right_child=5 4 -4 -5 -6 -7 7 -9 11 10 -12 -13 -14 -15
leaf_value=0.035913114195819905 -0.21316954292921708 -0.041844199012285352 -0.14920787035455244 -0.90737745903161271 0.090092874268941137 0.26300546747159714 0.04229279505559471 -0.012622650123255631 -0.059064468797447582 0.093849588763048955 -0.59391371578062058 0.26614927661680648 -0.19233262479762586 0.026289090768323128
leaf_weight=174 133 83 102 81 250 154 629 80 132 369 85 172 178 879
leaf_count=174 133 83 102 81 250 154 629 80 132 369 85 172 178 879
internal_value=0.000186823 -0.000169323 -0.00211326 -0.000673077 0.000157919 0.00107892 0.000661157 0.00118347 -8.40776e-05 -0.000362727 -0.00139717 0.00135922 -0.000389493 0.000320579
internal_weight=3501 2505 357 255 2148 996 842 709 1898 1594 632 304 547 962
internal_count=3501 2505 357 255 2148 996 842 709 1898 1594 632 304 547 962
is_linear=0
shrinkage=0.05


Tree=221
num_leaves=15
num_cat=0
split_feature=11 5 2 11 11 7 3 5 1 9 3 11 11 11
split_gain=0.573946 0.334667 0.282143 0.670188 0.619277 0.236207 0.23115 0.217201 0.396935 0.206548 0.488653 0.296191 0.305264 0.258896
threshold=0.99761913169647187 0.91968940638688645 667.75000000000011 0.75580964594513067 -0.94705910369513524 23.650000000000002 -123.49999999999999 0.18370385273605686 34.500000000000007 85.500000000000014 -4.4999999999999991 0.52033990680116082 -0.14250824554987665 0.94978112945126536
decision_type=2 2 2 2 2 2 2 2 2 2 2 2 2 2
left_child=1 2 5 4 -4 -1 -6 -7 -9 10 13 12 -11 -3
right_child=-2 9 3 -5 6 7 -8 8 -10 11 -12 -13 -14 -15
leaf_value=-0.033439723249224916 -0.51005888274550493 0.037551497259380451 0.5468445629259131 0.85196949176884651 -0.13446336280834364 0.04548749257201723 -0.99517642366160863 -0.030390133249375298 0.020343300169570012 0.27494654418829251 -0.050797509262841045 0.22331550868102115 -0.02476327528588404 0.50394051665178274
leaf_weight=105 83 537 98 118 111 91 107 143 1506 157 139 97 97 118
leaf_count=105 83 537 98 118 111 91 107 143 1506 157 139 97 97 118
internal_value=0.000180809 0.000282881 -6.78632e-05 -0.00120729 -0.00239875 0.000202703 -0.0038565 0.00034384 0.000208585 0.000978261 0.000525657 0.00198034 0.00104247 0.00109849
internal_weight=3507 3424 2279 434 316 1845 218 1740 1649 1145 794 351 254 655
internal_count=3507 3424 2279 434 316 1845 218 1740 1649 1145 794 351 254 655
is_linear=0
shrinkage=0.05


Tree=222
num_leaves=15
num_cat=0
split_feature=7 11 0 9 11 11 7 0 3 6 5 6 11 6
split_gain=0.272226 0.253793 0.567119 0.638992 0.820967 0.244805 0.334856 0.270239 0.244907 0.439316 0.528201 0.435565 0.413334 0.413105
threshold=38.750000000000007 -0.8781231054254196 114.50000000000001 77.500000000000014 -0.94139628442229062 -0.58482361983252518 28.150000000000002 391.50000000000006 -26.499999999999996 1.1817142645507475 1.0932198240630997 1.0282496167110626 0.3504237462291826 1.0224614940091163
decision_type=2 2 2 2 2 2 2 2 2 2 2 2 2 2
left_child=1 2 -1 -4 -5 6 7 -3 12 10 11 -10 13 -7
right_child=-2 5 3 4 -6 8 -8 -9 9 -11 -12 -13 -14 -15
leaf_value=-0.063484419577738524 -0.1519126046688187 0.060604302050597483 -0.26599017865348923 0.66118791541435284 -0.3777500306376298 0.066056276409247314 -0.076338465106151832 0.4413456059214439 0.0013868805930225964 -0.040208816906108349 0.3867252936822142 -0.1981502092408422 0.25006303202544217 -0.31749725793487094
leaf_weight=82 108 194 180 210 100 217 177 129 940 260 136 86 589 102
leaf_count=82 108 194 180 210 100 217 177 129 940 260 136 86 589 102
internal_value=0.000113798 0.000193719 -0.000762565 -0.00010101 0.00126984 0.000388007 0.00138614 0.00233232 0.000171306 -0.000238262 0.000179949 -0.000213385 0.000810515 -0.000632716
internal_weight=3510 3402 572 490 310 2830 500 323 2330 1422 1162 1026 908 319
internal_count=3510 3402 572 490 310 2830 500 323 2330 1422 1162 1026 908 319
is_linear=0
shrinkage=0.05


Tree=223
num_leaves=15
num_cat=0
split_feature=11 11 11 4 10 6 10 0 0 5 6 3 6 8
split_gain=0.305649 1.68748 0.545155 0.505787 0.204861 0.485386 0.191337 0.177989 0.485164 0.208546 0.454394 0.447933 0.389492 0.543519
threshold=0.92922379131507438 0.9550229469509578 0.90162119223771331 837.53402363980911 17.500000000000004 0.25893615469849313 15.500000000000002 228.50000000000003 255.50000000000003 0.9228331806033615 1.0148940906667274 -131.99999999999997 1.1343861822291064 34.500000000000007
decision_type=2 2 2 2 2 2 2 2 2 2 2 2 2 2
left_child=2 -2 4 6 7 -6 -3 -1 -9 10 11 -10 13 -11
right_child=1 3 -4 -5 5 -7 -8 8 9 12 -12 -13 -14 -15
leaf_value=0.028331168159335958 -0.31611908397901106 0.4033141528797039 0.46309251513182731 -0.12261976761480527 -0.015789576768960988 0.0022489002606174398 0.011085846619695706 -0.22410298453265379 0.90898070771571737 0.62831160309049894 -0.18320717232955741 -0.027508876087855905 -0.017908097494526085 -0.0041160675003490054
leaf_weight=609 87 105 81 145 114 150 97 108 264 203 154 870 333 189
leaf_count=609 87 105 81 145 114 150 97 108 264 203 154 870 333 189
internal_value=2.70349e-05 -0.00120729 0.000202922 0.000383523 9.00302e-05 -0.00122677 0.00198068 0.000219379 2.35202e-06 0.000180872 -0.000201083 0.000149254 0.000856165 0.00191436
internal_weight=3509 434 3075 347 2994 264 202 2730 2121 2013 1288 1134 725 392
internal_count=3509 434 3075 347 2994 264 202 2730 2121 2013 1288 1134 725 392
is_linear=0
shrinkage=0.05


Tree=224
num_leaves=15
num_cat=0
split_feature=6 1 12 12 8 4 4 1 11 11 0 4 11 5
split_gain=0.214714 0.424126 0.389331 0.551123 0.462217 0.4223 0.461853 0.352451 0.341858 0.865269 0.279514 0.326564 0.312553 0.697344
threshold=0.50604639442904598 286.50000000000006 -0.031174269516803289 -0.24372464231556024 54.500000000000007 869.84385324788059 832.92997535222605 212.50000000000003 0.79383249484937135 0.65883702558178847 712.50000000000011 764.0049748602197 0.44505654568748165 1.1838312710837162
decision_type=2 2 2 2 2 2 2 2 2 2 2 2 2 2
left_child=1 7 3 8 -5 6 10 -1 9 -2 11 12 -4 -14
right_child=2 -3 5 4 -6 -7 -8 -9 -10 -11 -12 -13 13 -15
leaf_value=0.0087080675995867638 -0.0082653233354162275 1.0933218588019205 0.037773000580923421 -0.014484334687211385 -2.8600190591367287 0.73148514716029933 -0.24128281048170661 -0.42964809555013916 0.098079149273390814 -0.83562666828200138 0.41088914773536828 -0.19549955027445895 0.12521610475556752 -0.046177753029168933
leaf_weight=773 613 144 525 88 96 202 103 82 220 89 202 87 168 130
leaf_count=773 613 144 525 88 96 202 103 82 220 89 202 87 168 130
internal_value=7.37172e-05 0.000692231 -0.000172073 -0.000873087 -0.00333333 0.000376231 2.0492e-05 0.000261628 -0.000366774 -0.000905233 0.000322292 -5.46446e-05 0.000259662 -0.0010231
internal_weight=3522 999 2523 1106 184 1417 1215 855 922 702 1112 910 823 298
internal_count=3522 999 2523 1106 184 1417 1215 855 922 702 1112 910 823 298
is_linear=0
shrinkage=0.05


Tree=225
num_leaves=15
num_cat=0
split_feature=11 11 11 11 11 11 11 11 11 6 11 8 0 0
split_gain=0.386045 0.312112 0.294011 0.813399 0.380821 0.267841 0.593667 0.276668 0.39917 0.335907 0.272275 0.219968 0.807881 0.382318
threshold=0.99700008544936913 0.98372640911059162 0.92922379131507438 0.95242846126021108 0.90162119223771331 -0.98523971305672675 -0.97113884758256674 -0.88622299073327826 -0.84315017450793706 0.83319018930763433 -0.99467753128998015 33.500000000000007 807.50000000000011 816.50000000000011
decision_type=2 2 2 2 2 2 2 2 2 2 2 2 2 2
left_child=1 2 4 -4 5 10 -7 9 -9 -8 -1 13 -13 -10
right_child=-2 -3 3 -5 -6 6 7 8 11 -11 -12 12 -14 -15
leaf_value=0.062458201060976763 -0.35537699837315873 0.34476520445195247 -0.2100073493876885 0.072540613720662145 0.4451895518889275 -0.77714143620455256 0.003621356571114771 -0.28243063620621783 0.010622522919090166 1.0037522305263116 0.24810188222497273 0.0064041498194917909 -0.40818400781301523 1.4417098291038151
leaf_weight=120 85 117 85 152 82 81 154 98 430 121 80 1696 99 115
leaf_count=120 85 117 85 152 82 81 154 98 430 121 80 1696 99 115
internal_value=0.000177557 0.000262009 0.000170283 -0.00150826 0.00030185 0.000206736 7.85997e-05 0.000207874 3.68401e-05 0.00169643 0.00195122 0.000170576 -9.7222e-05 0.00104545
internal_weight=3515 3430 3313 237 3076 2994 2794 2713 2438 275 200 2340 1795 545
internal_count=3515 3430 3313 237 3076 2994 2794 2713 2438 275 200 2340 1795 545
is_linear=0
shrinkage=0.05


Tree=226
num_leaves=15
num_cat=0
split_feature=11 3 7 11 1 0 2 11 11 2 10 6 3 0
split_gain=0.291578 0.235577 0.462601 0.52721 0.308035 0.283798 0.275648 0.30055 0.252561 0.244964 0.340749 0.44343 0.212266 0.199353
threshold=0.99761913169647187 -156.49999999999997 28.050000000000004 0.70290292807158605 606.50000000000011 136.50000000000003 15.250000000000002 -0.84315017450793706 -0.98214942551678475 101.75000000000001 17.500000000000004 0.35372633320727853 -131.99999999999997 228.50000000000003
decision_type=2 2 2 2 2 2 2 2 2 2 2 2 2 2
left_child=1 2 4 -4 -1 6 -3 -8 -7 10 -9 -12 -10 -14
right_child=-2 5 3 -5 -6 8 7 9 12 -11 11 -13 13 -15
leaf_value=-0.031554476368543291 -0.53441028606729168 0.0075541833477217176 -0.19511009333331295 0.25730800831362227 0.88217288724377463 0.43305758194097327 -0.080788112974192416 0.13523002283403698 1.1249296040786558 -0.066473600443343994 -0.066271755012385067 0.020736213695251755 0.027745666164784622 3.5940903660046475e-05
leaf_weight=90 80 80 148 81 127 127 81 109 103 86 82 90 281 1951
leaf_count=90 80 80 148 81 127 127 81 109 103 86 82 90 281 1951
internal_value=-4.82816e-05 2.32492e-05 -0.00104213 -0.00258547 0.000608108 0.00018364 -0.000863039 -0.00134658 0.000409404 -0.000712365 1.74827e-05 -0.00135593 0.000288462 0.000183281
internal_weight=3516 3436 446 229 217 2990 528 448 2462 367 281 172 2335 2232
internal_count=3516 3436 446 229 217 2990 528 448 2462 367 281 172 2335 2232
is_linear=0
shrinkage=0.05


Tree=227
num_leaves=15
num_cat=0
split_feature=2 6 6 6 12 12 1 12 4 0 4 4 12 7
split_gain=0.283601 0.227606 0.348118 0.373547 0.359699 0.710674 0.49905 0.424202 0.9048 0.435626 0.387902 0.346817 0.424273 0.455377
threshold=15.250000000000002 0.14883363099236732 0.2365609031523542 0.32796824828367593 -0.59177783207548873 -0.73865259438682551 585.50000000000011 -0.87810534180523914 842.66712891665441 142.50000000000003 832.92997535222605 197.26264117775796 -0.48313741114591585 34.45000000000001
decision_type=2 2 2 2 2 2 2 2 2 2 2 2 2 2
left_child=-1 -2 -3 -4 5 7 -7 8 9 -5 -9 -6 -13 -14
right_child=1 2 3 4 11 6 -8 10 -10 -11 -12 12 13 -15
leaf_value=0.0091900945579238367 0.035927964576718346 -0.33679794017913428 0.19889001523518327 0.056885951986497256 -0.012194103272351244 -0.019700888315684235 -0.96467448010915902 0.37706926985938527 2.4159206375367188 -0.49922449733395358 -0.09849283773561722 0.97250340551571601 0.018752158616980794 -0.078781967682284473
leaf_weight=81 315 155 131 82 264 90 85 140 107 164 80 109 1453 265
leaf_count=81 315 155 131 82 264 90 85 140 107 164 80 109 1453 265
internal_value=0.000129042 5.80553e-05 -7.18848e-05 5.04204e-05 -7.20814e-05 -0.0010093 -0.00375 -0.000147059 -0.00121508 -0.00286853 0.00155556 0.00026479 0.000510371 0.000313407
internal_weight=3521 3440 3125 2970 2839 748 175 573 353 246 220 2091 1827 1718
internal_count=3521 3440 3125 2970 2839 748 175 573 353 246 220 2091 1827 1718
is_linear=0
shrinkage=0.05


Tree=228
num_leaves=15
num_cat=0
split_feature=11 11 7 11 11 11 8 1 3 3 6 1 6 8
split_gain=0.249608 0.291322 0.200931 0.265134 0.334727 0.288463 0.265876 0.246974 0.233368 0.205358 0.269529 0.468417 0.354418 0.493094
threshold=-0.97876850416056738 -0.95754239937548935 39.050000000000004 0.94978112945126536 0.92273069556937592 0.97875492728876534 50.500000000000007 913.50000000000011 -275.99999999999994 286.50000000000006 0.59721908196665241 234.50000000000003 0.76578633771162063 70.500000000000014
decision_type=2 2 2 2 2 2 2 2 2 2 2 2 2 2
left_child=-1 -2 3 4 7 -5 -7 8 -3 10 11 -10 13 -12
right_child=1 2 -4 5 -6 6 -8 -9 9 -11 12 -13 -14 -15
leaf_value=0.13332119124771119 -0.60257488752972654 -0.14249653843168683 -0.13442513481045457 0.39441728555154787 -0.18658496682307146 -0.011806158025224512 0.42134226153751508 1.5638302205091656 0.0027795485233361155 -0.29170976850444719 0.026990045849612516 1.5022978916095768 0.0089265270985751238 -0.49834664792119177
leaf_weight=231 97 85 81 128 86 142 85 142 644 114 87 189 1241 140
leaf_count=231 97 85 81 128 86 142 85 142 644 114 87 189 1241 140
internal_value=0.000145839 3.21496e-05 0.000116756 0.000182967 1.46361e-05 0.00145833 0.000366379 0.000117114 1.85893e-10 9.29754e-05 0.000197312 0.000912888 -0.000210455 -0.00200431
internal_weight=3492 3261 3164 3083 2728 355 227 2642 2500 2415 2301 833 1468 227
internal_count=3492 3261 3164 3083 2728 355 227 2642 2500 2415 2301 833 1468 227
is_linear=0
shrinkage=0.05


Tree=229
num_leaves=15
num_cat=0
split_feature=11 11 11 10 8 8 12 7 9 12 8 0 6 9
split_gain=0.356409 0.829287 0.427874 0.381882 0.385152 0.221017 0.546241 0.387948 0.384547 0.541613 0.56978 0.382917 0.543278 0.383122
threshold=0.92922379131507438 0.9550229469509578 0.90162119223771331 13.500000000000002 20.500000000000004 3.5000000000000004 0.81304046271159414 22.950000000000003 98.500000000000014 0.51849435583340198 53.500000000000007 449.50000000000006 1.0148940906667274 62.500000000000007
decision_type=2 2 2 2 2 2 2 2 2 2 2 2 2 2
left_child=2 -2 5 4 -3 6 -1 -7 9 10 -9 13 -13 -12
right_child=1 3 -4 -5 -6 7 -8 8 -10 -11 11 12 -14 -15
leaf_value=0.06109425333532164 -0.21036801026292007 -0.0075487504872682777 0.51597670400055518 -0.091737106960308568 0.64166230589310091 -0.040912665034072183 -0.0044905947966537496 -0.33446454322148078 0.022389048733007268 0.026394958007468751 0.18068380121811412 0.044871037826512007 -0.53296273375853387 -0.015422812157526221
leaf_weight=189 89 81 88 151 104 123 100 202 1425 488 112 161 90 107
leaf_count=189 89 81 88 151 104 123 100 202 1425 488 112 161 90 107
internal_value=0.000128023 -0.00122093 0.000315534 -5.86508e-05 0.00144737 0.000211526 0.00151361 7.00334e-05 0.000202703 -0.000472103 -0.00138848 -0.000421052 -0.00173828 0.00109375
internal_weight=3510 425 3085 336 185 2997 289 2708 2585 1160 672 470 251 219
internal_count=3510 425 3085 336 185 2997 289 2708 2585 1160 672 470 251 219
is_linear=0
shrinkage=0.05


Tree=230
num_leaves=15
num_cat=0
split_feature=7 8 3 9 9 11 2 9 5 11 6 5 8 6
split_gain=0.195733 0.650679 0.350525 0.212608 0.466697 0.772637 0.729701 0.453003 0.298643 0.405116 0.468812 0.38673 0.231828 0.279182
threshold=23.650000000000002 55.500000000000007 1.0000000180025095e-35 29.500000000000004 11.500000000000002 -0.82415615971448097 547.75000000000011 56.500000000000007 0.86273156769477488 -0.93545489084327571 0.59721908196665241 0.531044557318337 71.500000000000014 0.94272059331184599
decision_type=2 2 2 2 2 2 2 2 2 2 2 2 2 2
left_child=1 -1 -3 4 5 -2 -6 -5 9 -9 -11 -12 13 -10
right_child=3 2 -4 7 6 -7 -8 8 12 10 11 -13 -14 -15
leaf_value=0.01530313272773145 0.20466062611228494 -0.036036757698486098 -0.018204476593051681 0.20259151987890639 0.031134720038731935 -0.0053463181439382659 -0.48945012409920569 0.094861584969794868 0.025858543286349497 0.0045077511429906523 0.04521073154157846 -0.19630285731890035 0.003056445715464204 0.29113350760267465
leaf_weight=104 98 87 96 193 92 896 92 252 90 780 99 306 146 193
leaf_count=104 98 87 96 193 92 896 92 252 90 780 99 306 146 193
internal_value=0.000161519 -0.00107877 -0.00284574 0.00027298 -0.000262045 0.00017017 -0.00253968 0.000578973 0.000336719 -1.0402e-05 -0.000399159 -0.00176829 0.00148618 0.00230903
internal_weight=3524 287 183 3237 1178 994 184 2059 1866 1437 1185 405 429 283
internal_count=3524 287 183 3237 1178 994 184 2059 1866 1437 1185 405 429 283
is_linear=0
shrinkage=0.05


Tree=231
num_leaves=15
num_cat=0
split_feature=11 0 0 12 11 7 7 5 7 11 11 11 7 5
split_gain=0.401018 0.252767 0.553096 0.341447 0.32337 0.438589 0.479535 0.436814 0.330651 0.511039 0.878738 0.453997 0.587301 0.50222
threshold=-0.99630266176052629 331.50000000000006 356.50000000000006 0.94066717844141279 -0.97113884758256674 25.950000000000003 26.650000000000002 0.531044557318337 35.550000000000004 0.92922379131507438 0.78325454425165997 -0.69057362043749781 29.150000000000002 1.0582240780072418
decision_type=2 2 2 2 2 2 2 2 2 2 2 2 2 2
left_child=-1 -2 -3 4 -4 -6 -7 -8 11 10 -10 12 -9 -13
right_child=1 2 3 -5 5 6 7 8 9 -11 -12 13 -14 -15
leaf_value=0.20741492567439532 0.0089020464588555441 -0.32366059334030783 -0.70847671887145047 -0.10770347419571911 0.13092874253692452 -0.60809913512491665 2.3540688332134843 0.022899717548815361 -0.16028892081001267 -0.20074387849415043 1.9031953072600292 0.57332895244797766 -0.60889566209250923 -0.050804165056005095
leaf_weight=94 1294 85 111 138 156 100 83 155 92 158 93 650 99 209
leaf_count=94 1294 85 111 138 156 100 83 155 92 158 93 650 99 209
internal_value=9.51166e-05 4.37592e-06 -0.000330365 -0.000161054 1.56988e-05 0.000180556 -6.38684e-05 0.000158679 -4.79122e-05 -0.00139368 0.000394737 0.000371199 -0.00146718 0.000920139
internal_weight=3517 3423 2129 2044 1906 1795 1639 1539 1456 343 185 1113 254 859
internal_count=3517 3423 2129 2044 1906 1795 1639 1539 1456 343 185 1113 254 859
is_linear=0
shrinkage=0.05


Tree=232
num_leaves=15
num_cat=0
split_feature=11 9 9 12 3 4 9 6 12 11 9 7 2 7
split_gain=0.372366 0.486877 0.734897 0.351791 0.582068 0.277461 0.366545 0.527646 0.46168 0.421516 0.365291 0.306257 0.270582 0.250681
threshold=0.12225609522135446 11.500000000000002 28.500000000000004 0.71952396275653763 -32.499999999999993 169.89167813732209 95.500000000000014 1.1581799768034891 -0.60555643346685839 0.81925054981890411 14.500000000000002 30.750000000000004 755.25000000000011 22.950000000000003
decision_type=2 2 2 2 2 2 2 2 2 2 2 2 2 2
left_child=1 -1 -3 5 -5 -2 7 8 12 -10 -11 -9 -7 -4
right_child=3 2 13 4 -6 6 -8 11 9 10 -12 -13 -14 -15
leaf_value=0.077780924443609539 -0.013270792099063171 -0.35268324936609158 -0.052639718384234452 0.29036027894739225 -0.062261888788865738 -0.11506114313090016 0.10646542092398248 0.0169289744125979 1.2134968001066699 -0.11985919863127743 0.35581102233784123 0.39948455646781728 -0.66486496986088461 0.020656745191872983
leaf_weight=302 147 86 102 83 170 81 361 114 80 262 142 81 86 1397
leaf_count=302 147 86 102 83 170 81 361 114 80 262 142 81 86 1397
internal_value=0.000177194 0.000652749 0.000298742 -0.000381513 -0.00207364 -5.88666e-05 0.000193895 -0.000376028 -0.00105945 -0.000265848 -0.000929095 0.001875 -0.00328488 0.000561835
internal_weight=3494 1887 1585 1607 253 1354 1207 846 651 484 404 195 167 1499
internal_count=3494 1887 1585 1607 253 1354 1207 846 651 484 404 195 167 1499
is_linear=0
shrinkage=0.05


Tree=233
num_leaves=15
num_cat=0
split_feature=11 10 6 6 11 6 4 12 12 4 12 12 12 2
split_gain=0.357285 0.243179 0.300371 0.214601 0.235634 0.208871 0.197333 0.355121 0.49011 0.349232 0.409309 0.327349 0.291169 0.458171
threshold=0.99700008544936913 17.500000000000004 0.14883363099236732 0.2365609031523542 -0.99630266176052629 0.31226569976844448 882.0708518718933 -0.87810534180523914 -0.73865259438682551 842.66712891665441 -0.59177783207548873 -0.96234030595689413 0.1318557721318592 667.75000000000011
decision_type=2 2 2 2 2 2 2 2 2 2 2 2 2 2
left_child=1 2 -1 -4 -5 -6 7 11 -9 10 -10 -7 13 -8
right_child=-2 -3 3 4 5 6 12 8 9 -11 -12 -13 -14 -15
leaf_value=0.089898350117226036 -0.44380963030042492 -0.0052552655045632326 -0.28594601367753097 0.89963420301800012 0.77968416965601162 -0.083803543434403494 1.2486635526603167 0.61523775367509226 -0.32557517648344952 -0.11939940389026843 0.011142178687430216 -0.08222693243095959 1.3330825256992052 -0.10652902619724376
leaf_weight=269 87 295 125 80 102 149 146 149 108 124 1398 91 133 251
leaf_count=269 87 295 125 80 102 149 146 149 108 124 1398 91 133 251
internal_value=0.000195046 0.000277372 0.000407348 0.000255156 0.00034905 0.000265437 0.000174237 -5.18773e-05 0.000193386 -6.11619e-05 0.000152217 -0.00183673 0.00102804 0.000335821
internal_weight=3507 3420 3125 2856 2731 2651 2549 2019 1779 1630 1506 240 530 397
internal_count=3507 3420 3125 2856 2731 2651 2549 2019 1779 1630 1506 240 530 397
is_linear=0
shrinkage=0.05


Tree=234
num_leaves=15
num_cat=0
split_feature=7 7 8 11 0 8 5 5 8 2 6 6 12 7
split_gain=0.352798 0.357802 0.853178 0.303118 0.232812 0.335067 0.320471 0.423689 0.313634 0.29162 0.37676 0.438494 0.932145 0.506341
threshold=38.750000000000007 22.950000000000003 55.500000000000007 0.99274428880883148 474.50000000000006 13.500000000000002 1.1838312710837162 1.0932198240630997 35.500000000000007 429.25000000000006 0.52940518413297777 0.85899233508139339 -0.43733099657705293 28.050000000000004
decision_type=2 2 2 2 2 2 2 2 2 2 2 2 2 2
left_child=1 2 -1 4 5 -3 7 9 -7 -6 -11 12 -12 -13
right_child=-2 3 -4 -5 6 8 -8 -9 -10 10 11 13 -14 -15
leaf_value=0.040873098520524724 -0.097974816353527519 -0.0038245585191926893 -0.058459757092221933 0.087266438070658869 -0.34565110649448294 0.030635112359228778 -0.036884115938149262 0.14538072946633177 0.015546230495556763 2.7813312951156259 1.0122981723057214 0.4443958756175399 -0.24321574045884811 -0.057432530202271161
leaf_weight=80 109 113 97 130 92 86 114 130 1442 83 80 190 87 690
leaf_count=80 109 113 97 130 92 86 114 130 1442 83 80 190 87 690
internal_value=6.09412e-05 0.000152091 -0.00200549 0.00027298 0.000171915 0.000580195 -0.00028552 -6.63226e-05 0.000776256 -0.000358598 -0.000132158 -0.000394486 -0.00270349 5.64974e-05
internal_weight=3523 3414 177 3237 3107 1641 1466 1352 1528 1222 1130 1047 167 880
internal_count=3523 3414 177 3237 3107 1641 1466 1352 1528 1222 1130 1047 167 880
is_linear=0
shrinkage=0.05


Tree=235
num_leaves=15
num_cat=0
split_feature=7 11 11 7 7 0 2 11 11 9 6 7 3 0
split_gain=0.270583 0.336485 0.318681 0.314198 0.322952 0.35158 0.417295 0.511411 0.624186 0.474166 0.336069 0.306769 0.396113 0.29374
threshold=38.750000000000007 0.94704596667653973 0.92273069556937592 32.650000000000013 31.450000000000003 720.50000000000011 564.75000000000011 -0.159513159777915 -0.861146256326485 26.500000000000004 0.9484732579266224 22.950000000000003 1.0000000180025095e-35 781.50000000000011
decision_type=2 2 2 2 2 2 2 2 2 2 2 2 2 2
left_child=1 2 3 4 5 6 11 8 -8 -9 -10 12 -1 -3
right_child=-2 13 -4 -5 -6 -7 7 9 10 -11 -12 -13 -14 -15
leaf_value=-0.045467658145382867 -0.094438272962643982 0.25532895019780966 -0.21216639833398224 0.11806176152451282 -0.25014263582809243 0.3845468410042816 -0.14150420988330981 -0.27718881355335112 -0.077654272923054574 -0.04352409811359452 0.69267410097857229 0.010222544113132313 0.010612812455380663 -0.024136727637928988
leaf_weight=86 108 237 87 311 125 277 143 82 80 98 94 1596 82 109
leaf_count=86 108 237 87 311 125 277 143 82 80 98 94 1596 82 109
internal_value=0.000106534 0.000186108 1.79389e-05 0.000107419 -6.93401e-05 5.50533e-05 -0.00015225 -0.0014243 -0.000201863 -0.00351351 0.00178771 0.000209158 -0.00179191 0.00165242
internal_weight=3515 3407 3061 2974 2663 2538 2261 497 317 180 174 1764 168 346
internal_count=3515 3407 3061 2974 2663 2538 2261 497 317 180 174 1764 168 346
is_linear=0
shrinkage=0.05


Tree=236
num_leaves=15
num_cat=0
split_feature=7 8 2 8 10 8 7 7 4 2 6 5 11 3
split_gain=0.343936 0.47933 0.208588 0.339138 0.395175 0.445974 0.358555 0.373503 0.347198 0.251539 0.229599 0.28541 0.632985 0.786633
threshold=22.950000000000003 57.500000000000007 355.25000000000006 22.500000000000004 17.500000000000004 99.500000000000014 27.150000000000002 24.650000000000002 477.79006764440709 396.50000000000006 0.50207725669882775 0.9228331806033615 -0.159513159777915 -21.499999999999996
decision_type=2 2 2 2 2 2 2 2 2 2 2 2 2 2
left_child=1 -1 3 -2 5 -5 7 -7 -9 -4 -11 -12 -13 -14
right_child=2 -3 9 4 -6 6 -8 8 -10 10 11 12 13 -15
leaf_value=0.0089217580030928317 -0.01476907099575854 -0.092310360941451619 -0.25536940140602504 0.09376175830198881 -0.0066730741740467885 0.079783869606665669 0.11168210861935352 -0.50987032348614636 0.0041298028836537744 1.8611895073913542 -0.074938162807874631 0.34553411514741544 0.29153623887674862 -0.076061614479946124
leaf_weight=81 104 92 104 491 282 128 135 90 125 107 991 223 282 280
leaf_count=81 104 92 104 491 282 128 135 90 125 107 991 223 282 280
internal_value=-2.13066e-05 -0.00216292 9.26204e-05 0.000569853 0.000800159 0.00127823 0.000186336 -0.000675287 -0.00193182 -0.000233434 -9.79871e-05 -0.000235822 0.000474684 -0.00042328
internal_weight=3515 173 3342 1355 1251 969 478 343 215 1987 1883 1776 785 562
internal_count=3515 173 3342 1355 1251 969 478 343 215 1987 1883 1776 785 562
is_linear=0
shrinkage=0.05


Tree=237
num_leaves=15
num_cat=0
split_feature=7 7 7 5 4 5 0 10 1 5 6 5 3 7
split_gain=0.244487 0.217502 0.352656 0.178974 0.426686 0.302861 0.324751 0.201434 0.227084 0.166129 0.549829 0.270925 0.622002 0.268044
threshold=38.750000000000007 37.45000000000001 36.45000000000001 0.25625270220440505 452.58552272868201 0.32923078203581813 126.50000000000001 17.500000000000004 51.500000000000007 1.1926614384787229 1.2784847402042241 1.0932198240630997 -15.499999999999998 28.150000000000002
decision_type=2 2 2 2 2 2 2 2 2 2 2 2 2 2
left_child=1 2 3 4 -1 6 -5 8 -7 11 -11 -10 -13 -12
right_child=-2 -3 -4 5 -6 7 -8 -9 9 10 13 12 -14 -15
leaf_value=-0.013109068979266641 -0.031074053604284224 0.24213251843833317 -0.39451227752140405 0.025456723668191374 0.33492146195678058 0.34722750628982496 0.015083188858084448 -0.040059854303038871 0.0060711181178935945 -0.062765688674403672 -0.013615638849473734 -0.0081127052062510904 0.18184528860044682 0.060873085344689021
leaf_weight=151 108 136 92 89 107 101 90 105 1921 83 270 81 94 83
leaf_count=151 108 136 92 89 107 101 90 105 1921 83 270 81 94 83
internal_value=-1.27984e-05 6.3087e-05 -1.98653e-05 7.07549e-05 -0.00117871 0.000183094 0.00214674 5.10392e-05 0.000138363 4.33585e-05 -0.000839002 0.000228463 0.00208333 4.18996e-05
internal_weight=3511 3403 3267 3175 258 2917 179 2738 2633 2532 436 2096 175 353
internal_count=3511 3403 3267 3175 258 2917 179 2738 2633 2532 436 2096 175 353
is_linear=0
shrinkage=0.05


Tree=238
num_leaves=15
num_cat=0
split_feature=12 7 5 11 3 9 11 12 0 3 1 6 0 11
split_gain=0.272225 0.454529 0.238531 0.374525 0.798015 0.471072 0.473353 0.38982 0.326052 0.318522 0.223793 0.479774 0.276517 0.237704
threshold=0.95873845323692797 22.650000000000002 0.9228331806033615 -0.29343379936893921 -14.499999999999998 35.500000000000007 0.52033990680116082 0.41202506375868281 765.50000000000011 -64.499999999999986 780.50000000000011 0.97251187759681068 644.50000000000011 -0.21861968191509915
decision_type=2 2 2 2 2 2 2 2 2 2 2 2 2 2
left_child=1 -1 8 7 9 -6 -7 -4 10 -5 12 -12 13 -3
right_child=-2 2 3 4 5 6 -8 -9 -10 -11 11 -13 -14 -15
leaf_value=-0.053117838557101997 0.045740133152091404 -0.010862553334151032 0.0062955503837726391 0.79380334679762077 -0.12954282652005636 -0.08076949106609653 0.086414865005785921 0.32942402668719128 -0.52333042785519956 0.053410758678295672 2.0914967371767017 -0.082644671725614807 -0.15288081450607724 0.020216496838045904
leaf_weight=108 168 939 107 120 130 81 94 168 145 307 117 129 125 774
leaf_count=108 168 939 107 120 130 81 94 168 145 307 117 129 125 774
internal_value=3.12768e-05 -6.8677e-05 4.01113e-05 0.000676878 8.14113e-05 -0.00185484 -0.000138889 0.00223214 -0.000248433 0.00146991 -8.61654e-05 0.00131474 -0.000276723 -0.000107683
internal_weight=3512 3344 3236 1007 732 305 175 275 2229 427 2084 246 1838 1713
internal_count=3512 3344 3236 1007 732 305 175 275 2229 427 2084 246 1838 1713
is_linear=0
shrinkage=0.05


Tree=239
num_leaves=15
num_cat=0
split_feature=5 11 0 4 4 6 3 5 12 4 12 11 9 9
split_gain=0.263133 0.351321 0.534414 0.457843 0.49798 0.344151 0.303345 0.665962 0.33314 0.273926 0.294068 0.375499 0.309418 0.508162
threshold=0.97439350332526153 0.92922379131507438 748.50000000000011 971.75484314722951 951.13474704150701 1.0282496167110626 -5.4999999999999991 1.2193489123995356 -0.60555643346685839 934.62619680581747 0.93469109537144635 0.22386011952790016 11.500000000000002 44.500000000000007
decision_type=2 2 2 2 2 2 2 2 2 2 2 2 2 2
left_child=1 3 -3 4 9 -2 8 -8 -7 10 11 12 -1 -14
right_child=5 2 -4 -5 -6 6 7 -9 -10 -11 -12 -13 13 -15
leaf_value=0.041257811975310997 0.48640272313719202 -0.0018890754617259876 -1.1635305607092326 -0.26970200579606934 1.4613535699783227 -0.44608401820438193 -0.1244381619109219 0.011463983772075914 0.075229337874994306 -0.37370394399064449 -0.077664306680445203 0.039733056583461102 -0.30665455650927398 -0.0020030606795096262
leaf_weight=127 167 180 88 87 91 106 80 155 489 123 133 535 80 1078
leaf_count=127 167 180 88 87 91 106 80 155 489 123 133 535 80 1078
internal_value=9.79003e-05 -0.000174119 -0.00186813 3.09873e-05 0.000177256 0.000783433 0.000359282 -0.00114583 0.000958333 1.44163e-05 0.000160879 0.000328767 -0.000135659 -0.000395529
internal_weight=3519 2522 268 2254 2167 997 830 235 595 2076 1953 1820 1285 1158
internal_count=3519 2522 268 2254 2167 997 830 235 595 2076 1953 1820 1285 1158
is_linear=0
shrinkage=0.05


Tree=240
num_leaves=15
num_cat=0
split_feature=12 11 3 7 6 10 3 4 7 6 6 3 7 3
split_gain=0.321305 0.5129 0.323485 0.559926 0.242187 0.439906 0.233795 0.260527 0.199294 0.235318 0.402287 0.311112 0.422627 0.717261
threshold=0.65720762023595369 -0.58482361983252518 -32.499999999999993 28.350000000000005 1.1754713025186776 13.500000000000002 239.50000000000003 826.13343345576482 23.150000000000002 0.31226569976844448 0.18435890546796221 -65.499999999999986 27.850000000000005 -5.4999999999999991
decision_type=2 2 2 2 2 2 2 2 2 2 2 2 2 2
left_child=6 -2 -3 4 5 -4 8 -8 -1 10 -10 -11 13 -13
right_child=1 2 3 -5 -6 -7 7 -9 9 11 -12 12 -14 -15
leaf_value=-0.018831903720069126 0.18285017548339338 0.26956064907719762 0.48501926650793675 -0.18315410556914197 -0.018352746142630796 -0.0036647042466395443 0.74394108540843418 -0.056687839808042206 -0.0027683302864444132 0.033663710344591348 0.091749763731010889 -0.16749085114424406 -0.014437432834008827 0.002262482822412959
leaf_weight=82 112 225 90 126 114 99 93 113 276 878 158 205 774 161
leaf_count=82 112 225 90 126 114 99 93 113 276 878 158 205 774 161
internal_value=-1.99372e-05 0.000881972 0.000333839 -0.00047235 0.000698052 0.00177835 -0.000273224 0.00132701 -0.000405671 -0.00032153 0.00072893 -0.00054869 -0.0010917 -0.00247978
internal_weight=3506 766 654 429 303 189 2740 206 2534 2452 434 2018 1140 366
internal_count=3506 766 654 429 303 189 2740 206 2534 2452 434 2018 1140 366
is_linear=0
shrinkage=0.05


Tree=241
num_leaves=15
num_cat=0
split_feature=12 11 3 7 2 1 8 11 8 1 1 0 7 12
split_gain=0.228902 0.36907 0.393858 0.339173 0.309637 0.281883 0.208609 0.445079 0.342813 0.320543 0.461244 0.413952 0.567979 0.380376
threshold=0.65720762023595369 -0.29343379936893921 -3.4999999999999996 23.650000000000002 399.75000000000006 611.50000000000011 5.5000000000000009 0.91248814248966237 19.500000000000004 480.50000000000006 589.50000000000011 503.50000000000006 28.250000000000004 -0.039769286347669845
decision_type=2 2 2 2 2 2 2 2 2 2 2 2 2 2
left_child=3 4 5 -1 -2 -3 7 -5 -8 -10 -11 -12 -13 -14
right_child=1 2 -4 6 -6 -7 8 -9 9 10 11 12 13 -15
leaf_value=-0.016150393710120326 0.011344004927634089 0.041542566778172599 -0.056894864527241365 0.063722771826876801 0.49289984447339513 -0.052617500045057081 -0.12359606812232876 -0.021263207683911246 0.011363354974752885 -0.47757445904896856 0.77295600588661828 -0.45027027826663657 -0.064776638723301846 0.28635139972605678
leaf_weight=153 113 158 153 140 175 162 129 95 1222 211 123 104 317 243
leaf_count=153 113 158 153 140 175 162 129 95 1222 211 123 104 317 243
internal_value=2.56924e-05 0.000789817 -7.32216e-05 -0.000187819 0.0021843 0.000923077 -5.02123e-05 0.00135417 -0.000193288 -4.49436e-05 -0.000707876 -0.000145202 -0.00064275 1.84616e-10
internal_weight=3498 761 473 2737 288 320 2584 235 2349 2220 998 787 664 560
internal_count=3498 761 473 2737 288 320 2584 235 2349 2220 998 787 664 560
is_linear=0
shrinkage=0.05


Tree=242
num_leaves=15
num_cat=0
split_feature=5 6 4 9 7 12 2 3 8 4 7 7 8 3
split_gain=0.329013 0.340628 0.283425 0.275675 0.500506 0.435252 0.471336 0.256917 0.509065 0.239597 0.349229 0.237715 0.22337 0.586794
threshold=0.88173899687427848 1.0148940906667274 968.66356464887622 15.500000000000002 24.050000000000004 -0.19337245081799007 517.25000000000011 -22.499999999999996 1.5000000000000002 948.0814583596997 36.550000000000004 23.850000000000005 47.500000000000007 -9.4999999999999982
decision_type=2 2 2 2 2 2 2 2 2 2 2 2 2 2
left_child=1 2 9 7 -5 6 -6 -2 -9 10 11 -1 13 -13
right_child=3 -3 -4 4 5 -7 -8 8 -10 -11 -12 12 -14 -15
leaf_value=-0.0091539889610054524 0.084038253385541273 -0.12245967490559506 -0.36709865280329407 -0.014956989083410498 0.091748936223260566 0.28533692658688958 -0.43453692619103662 0.022295091354323594 -0.14273580443557893 1.0456041475767019 -0.076112403328673972 0.16032456167649911 -0.0049474978906096966 -0.011388186151770353
leaf_weight=92 355 162 93 163 111 264 107 175 157 82 143 114 1405 105
leaf_count=92 355 162 93 163 111 264 107 175 157 82 143 114 1405 105
internal_value=-8.77439e-05 -0.000463426 -0.000284453 0.00053104 0.00126923 0.00207392 0.000403588 -0.000166185 -0.00115727 -0.000151593 -0.000270923 -6.97267e-05 7.3665e-05 0.00154018
internal_weight=3528 2196 2034 1332 645 482 218 687 332 1941 1859 1716 1624 219
internal_count=3528 2196 2034 1332 645 482 218 687 332 1941 1859 1716 1624 219
is_linear=0
shrinkage=0.05


Tree=243
num_leaves=15
num_cat=0
split_feature=12 12 12 8 9 12 2 11 0 5 5 5 8 5
split_gain=0.288252 0.37891 0.338099 0.322667 0.31994 0.259423 0.541685 0.575414 0.506678 0.432178 0.466409 0.430471 0.386524 0.362959
threshold=0.57605713708605399 0.31595530242620651 0.86869874770991873 35.500000000000007 69.500000000000014 -0.59177783207548873 694.00000000000011 -0.18492532721306487 130.50000000000003 0.64282682671436675 0.78931043177914972 0.55266506452320263 69.500000000000014 0.63197022919065338
decision_type=2 2 2 2 2 2 2 2 2 2 2 2 2 2
left_child=1 5 -2 -3 -5 6 7 -1 -7 -9 -11 -10 -8 -13
right_child=2 3 -4 4 -6 8 12 9 11 10 -12 13 -14 -15
leaf_value=-0.057969792076034268 0.041493197499964218 0.0030199600382416255 -0.0048447218474153755 -0.20952077075379305 -0.007628680872720818 -0.047308391758685897 -0.032938946485765556 0.1268538271616072 0.57327188456668454 -0.38251361904355663 0.072546343765804669 -0.13239196971363615 -1.0250245380067009 0.035775929861406507
leaf_weight=437 489 114 394 127 87 158 85 331 134 84 176 83 82 738
leaf_count=437 489 114 394 127 87 158 85 331 134 84 176 83 82 738
internal_value=-0.000143303 -0.000405149 0.000636261 -0.00198198 -0.00310502 -0.000177259 -0.0006875 -0.000251694 0.000371199 0.000763423 -0.000754717 0.000807292 -0.00328488 0.00036925
internal_weight=3519 2636 883 328 214 2308 1195 1028 1113 591 260 955 167 821
internal_count=3519 2636 883 328 214 2308 1195 1028 1113 591 260 955 167 821
is_linear=0
shrinkage=0.05


Tree=244
num_leaves=15
num_cat=0
split_feature=7 8 5 5 5 5 3 5 3 11 11 11 7 7
split_gain=0.254661 0.834212 0.233438 0.39384 0.204427 0.177285 0.470702 0.354527 0.507293 0.321376 0.380385 0.275577 0.272609 0.455081
threshold=23.050000000000004 55.500000000000007 0.18370385273605686 0.23661795758505494 0.27866080577904079 1.1926614384787229 -10.499999999999998 1.0932198240630997 -16.499999999999996 0.9916835347852474 0.94425825643485939 0.78325454425165997 38.550000000000004 36.350000000000001
decision_type=2 2 2 2 2 2 2 2 2 2 2 2 2 2
left_child=1 -1 -2 -4 -5 7 11 9 -9 10 12 -7 13 -6
right_child=2 -3 3 4 5 6 -8 8 -10 -11 -12 -13 -14 -15
leaf_value=0.025942711976229927 0.043600873301207377 -0.082272896412282526 -0.076755695704803936 0.065846441710124978 0.00048113694637534079 0.19435061854735611 -0.030896843787298095 -0.028395247763506149 0.2710827869272518 -0.20171803650792508 0.24763320819473444 -0.025756134156388413 0.80161519232061063 -0.30852868976731884
leaf_weight=84 114 107 90 84 2036 89 154 80 93 119 188 87 102 107
leaf_count=84 114 107 90 84 2036 89 154 80 93 119 188 87 102 107
internal_value=-8.47678e-06 -0.0017602 9.40862e-05 1.39148e-05 0.000109733 4.08499e-05 -0.00104478 0.000173993 0.00233146 2.34652e-05 0.000149713 0.000718232 -3.33331e-05 -0.000155959
internal_weight=3534 191 3343 3229 3139 3055 330 2725 173 2552 2433 176 2245 2143
internal_count=3534 191 3343 3229 3139 3055 330 2725 173 2552 2433 176 2245 2143
is_linear=0
shrinkage=0.05


Tree=245
num_leaves=15
num_cat=0
split_feature=0 12 11 11 8 8 0 4 4 4 3 12 1 1
split_gain=0.216322 0.314768 0.169893 0.598538 0.585483 0.55139 0.25189 0.202526 0.615646 0.39895 0.2371 0.2274 0.457077 0.35723
threshold=867.50000000000011 0.11478523713130605 -0.97876850416056738 -0.8781231054254196 65.500000000000014 93.500000000000014 557.50000000000011 934.62619680581747 948.0814583596997 861.94786094539438 -104.49999999999999 -0.87810534180523914 181.50000000000003 99.500000000000014
decision_type=2 2 2 2 2 2 2 2 2 2 2 2 2 2
left_child=2 -2 6 4 -4 -6 -1 9 -9 11 -10 12 -5 -13
right_child=1 -3 3 7 5 -7 -8 8 10 -11 -12 13 -14 -15
leaf_value=0.12165676023512231 0.0034045436399567815 1.5888009321095806 0.0087025164947189676 0.0013551751926704897 -0.39604899657615433 -0.032737943123445912 -0.14723538716887205 -1.1081967832368329 1.2065329418318971 1.2106670429354045 -0.074362140275743435 0.033262903996691885 -0.2870913624180641 0.0022562528799294919
leaf_weight=157 152 92 84 330 89 146 83 94 83 141 88 245 192 1560
leaf_count=157 152 92 84 330 89 146 83 94 83 141 88 245 192 1560
internal_value=6.49536e-05 0.00148594 -4.24627e-05 -0.000143932 -0.00217593 -0.0034375 0.00122449 9.67862e-05 -0.0012037 0.000238577 0.000596591 7.93312e-05 -0.000834914 0.000345304
internal_weight=3536 244 3292 3052 319 235 240 2733 265 2468 171 2327 522 1805
internal_count=3536 244 3292 3052 319 235 240 2733 265 2468 171 2327 522 1805
is_linear=0
shrinkage=0.05


Tree=246
num_leaves=15
num_cat=0
split_feature=2 10 1 2 12 11 11 3 11 11 0 12 4 4
split_gain=0.220057 0.274704 0.374457 0.150034 0.165515 0.458964 0.433559 0.654598 0.284102 0.443648 0.434188 0.260226 0.202897 0.247972
threshold=15.250000000000002 17.500000000000004 47.500000000000007 104.75000000000001 -0.61236746317008228 0.69056404122701587 -0.23537230790205757 -72.499999999999986 -0.01397611846945947 0.46039464932087154 492.50000000000006 -0.54219087765047058 134.25571581260175 842.66712891665441
decision_type=2 2 2 2 2 2 2 2 2 2 2 2 2 2
left_child=-1 3 -3 -2 5 6 7 -5 -8 10 -10 -6 -13 -14
right_child=1 2 -4 4 11 -7 8 -9 9 -11 -12 12 13 -15
leaf_value=0.0061529527555036784 0.10513542337247116 -0.034390816991753718 0.0027220907464910876 0.060229810059047068 0.51325060892446461 -0.51127071160265858 1.353911118052987 -0.37393840851141191 0.00800956280949024 0.58684868821403524 -0.56552562526217309 -0.017432622608786832 0.013097650193474853 -0.043026747090109278
leaf_weight=83 171 105 115 107 93 87 116 170 154 156 108 97 1448 492
leaf_count=83 171 105 115 107 93 87 116 170 154 156 108 97 1448 492
internal_value=-2.56628e-05 -8.90769e-05 -0.00177778 2.96506e-05 -5.27529e-05 -0.000620155 -0.00023897 -0.00182624 0.000593692 -2.36405e-05 -0.00127341 0.000187354 6.61118e-05 0.000179949
internal_weight=3502 3419 220 3199 3028 898 811 277 534 418 262 2130 2037 1940
internal_count=3502 3419 220 3199 3028 898 811 277 534 418 262 2130 2037 1940
is_linear=0
shrinkage=0.05


Tree=247
num_leaves=15
num_cat=0
split_feature=7 11 0 0 11 6 1 4 6 6 11 8 3 12
split_gain=0.291307 0.216922 0.235417 0.290799 0.287783 0.25885 0.290801 0.22193 0.2946 0.457218 0.356247 0.59606 0.633063 0.528636
threshold=38.750000000000007 0.98372640911059162 231.50000000000003 159.50000000000003 0.36648264796514479 0.60633403370552375 78.500000000000014 968.66356464887622 0.14883363099236732 0.24378532369894157 -0.29343379936893921 48.500000000000007 -9.4999999999999982 0.65720762023595369
decision_type=2 2 2 2 2 2 2 2 2 2 2 2 2 2
left_child=1 2 3 4 5 6 -1 8 -4 -10 13 12 -12 -11
right_child=-2 -3 7 -5 -6 -7 -8 -9 9 10 11 -13 -14 -15
leaf_value=0.0057266372654229672 -0.088155263916607343 0.047044051541592108 0.35603723600662496 0.060525187280979956 -0.042621866856933741 0.051830729607654252 -0.056566673894676102 -0.30280900834552033 -0.53702101606252517 -0.0022112449629399073 -0.011531367055427408 0.040877368284652105 -0.077825392781523978 0.26450749232504406
leaf_weight=272 106 202 116 303 137 101 104 123 91 644 325 562 189 227
leaf_count=272 106 202 116 303 137 101 104 123 91 644 325 562 189 227
internal_value=8.83948e-05 0.000170538 6.87717e-05 0.00074295 0.000113086 0.000695021 7.87403e-05 -0.000203768 -8.33717e-05 -0.000225159 -5.89137e-05 -0.00066605 -0.00188825 0.000690639
internal_weight=3502 3396 3194 917 614 477 376 2277 2154 2038 1947 1076 514 871
internal_count=3502 3396 3194 917 614 477 376 2277 2154 2038 1947 1076 514 871
is_linear=0
shrinkage=0.05


Tree=248
num_leaves=15
num_cat=0
split_feature=11 12 7 7 3 11 11 11 11 1 5 7 7 5
split_gain=0.349253 0.639402 0.337573 0.534984 0.269908 0.251876 0.727321 0.517841 0.389611 0.287045 0.24953 0.518532 0.746566 0.381484
threshold=-0.8781231054254196 -0.35846086284744721 27.750000000000004 26.450000000000003 -76.499999999999986 -0.76141707087277943 -0.70291267844185523 -0.58482361983252518 -0.51297808981038739 553.50000000000011 1.1777316145217032 28.150000000000002 25.050000000000004 1.0932198240630997
decision_type=2 2 2 2 2 2 2 2 2 2 2 2 2 2
left_child=1 -1 3 -3 -4 9 -7 -8 -9 -2 13 12 -12 -10
right_child=5 2 4 -5 -6 6 7 8 10 -11 11 -13 -14 -15
leaf_value=-0.55404398057767312 0.079681049181470329 0.00097689413753176014 -0.044676740152134485 -0.059903682547936848 0.14419240155787552 -0.79010402483777331 0.21141238782585847 -0.049105378233566449 0.00313388990505486 0.46291721565486421 -0.0008419653591600889 0.022553314593347692 -0.055063222686154822 0.54086439728835012
leaf_weight=81 136 160 119 90 122 89 167 90 1860 95 165 121 102 113
leaf_count=81 136 160 119 90 122 89 167 90 1860 95 165 121 102 113
internal_value=-7.11236e-05 -0.00119584 -0.000493951 -0.00176471 0.000833333 0.000149507 1.29058e-05 0.000167747 -1.83223e-05 0.0017161 0.000107777 -0.00104326 -0.00226103 0.000336198
internal_weight=3510 572 491 250 241 2938 2707 2618 2451 231 2361 388 267 1973
internal_count=3510 572 491 250 241 2938 2707 2618 2451 231 2361 388 267 1973
is_linear=0
shrinkage=0.05


Tree=249
num_leaves=15
num_cat=0
split_feature=7 7 12 4 1 0 1 0 4 7 11 3 6 11
split_gain=0.304213 0.335317 0.400868 0.418132 0.308003 0.348172 0.732096 0.473775 0.450527 0.433054 0.366429 0.335169 0.336924 0.304124
threshold=22.750000000000004 23.450000000000003 -0.59177783207548873 968.66356464887622 969.00000000000011 531.50000000000011 642.50000000000011 496.50000000000006 842.66712891665441 28.150000000000002 -0.75015329512557205 -121.49999999999999 0.99042585840944597 0.67167992559793654
decision_type=2 2 2 2 2 2 2 2 2 2 2 2 2 2
left_child=-1 -2 3 -3 5 7 9 13 10 -7 -8 -10 -13 -4
right_child=1 2 4 -5 -6 6 8 -9 11 -11 -12 12 -14 -15
leaf_value=-0.01034593749920832 0.026978068477459517 -0.010301440459348729 0.018959673499474118 -0.13439808427587221 1.4848139741898283 -0.10832838507855032 -0.20113240289183151 0.84258314222434594 0.33794228630327305 -0.040101065668147674 0.46557751435647987 -1.5338953775469142 0.0099129218487941737 -0.017146605276246191
leaf_weight=140 106 1039 608 89 112 89 116 99 97 120 361 116 84 326
leaf_count=140 106 1039 608 89 112 89 116 99 97 120 361 116 84 326
internal_value=0.000173938 0.00027027 0.00017786 -0.000582524 0.000581341 0.000435428 -0.000237854 0.00107418 0.000474968 -0.0028271 0.00142116 -0.00104305 -0.00219512 0.000713525
internal_weight=3502 3362 3256 1128 2128 2016 983 1033 774 209 477 297 200 934
internal_count=3502 3362 3256 1128 2128 2016 983 1033 774 209 477 297 200 934
is_linear=0
shrinkage=0.05


end of trees

feature_importances:
Column_12=556
Column_11=459
Column_0=330
Column_4=288
Column_3=282
Column_7=271
Column_5=238
Column_8=231
Column_6=205
Column_2=199
Column_1=184
Column_9=154
Column_10=56

parameters:
[boosting: gbdt]
[objective: quantile]
[metric: quantile]
[tree_learner: serial]
[device_type: cpu]
[data_sample_strategy: bagging]
[data: ]
[valid: ]
[num_iterations: 250]
[learning_rate: 0.05]
[num_leaves: 15]
[num_threads: 0]
[seed: 7]
[deterministic: 0]
[force_col_wise: 0]
[force_row_wise: 0]
[histogram_pool_size: -1]
[max_depth: -1]
[min_data_in_leaf: 80]
[min_sum_hessian_in_leaf: 0.001]
[bagging_fraction: 0.9]
[pos_bagging_fraction: 1]
[neg_bagging_fraction: 1]
[bagging_freq: 1]
[bagging_seed: 17422]
[bagging_by_query: 0]
[feature_fraction: 0.9]
[feature_fraction_bynode: 1]
[feature_fraction_seed: 7040]
[extra_trees: 0]
[extra_seed: 6516]
[early_stopping_round: 0]
[early_stopping_min_delta: 0]
[first_metric_only: 0]
[max_delta_step: 0]
[lambda_l1: 0]
[lambda_l2: 5]
[linear_lambda: 0]
[min_gain_to_split: 0]
[drop_rate: 0.1]
[max_drop: 50]
[skip_drop: 0.5]
[xgboost_dart_mode: 0]
[uniform_drop: 0]
[drop_seed: 15215]
[top_rate: 0.2]
[other_rate: 0.1]
[min_data_per_group: 100]
[max_cat_threshold: 32]
[cat_l2: 10]
[cat_smooth: 10]
[max_cat_to_onehot: 4]
[top_k: 20]
[monotone_constraints: ]
[monotone_constraints_method: basic]
[monotone_penalty: 0]
[feature_contri: ]
[forcedsplits_filename: ]
[refit_decay_rate: 0.9]
[cegb_tradeoff: 1]
[cegb_penalty_split: 0]
[cegb_penalty_feature_lazy: ]
[cegb_penalty_feature_coupled: ]
[path_smooth: 0]
[interaction_constraints: ]
[verbosity: -1]
[saved_feature_importance_type: 0]
[use_quantized_grad: 0]
[num_grad_quant_bins: 4]
[quant_train_renew_leaf: 0]
[stochastic_rounding: 1]
[linear_tree: 0]
[max_bin: 255]
[max_bin_by_feature: ]
[min_data_in_bin: 3]
[bin_construct_sample_cnt: 200000]
[data_random_seed: 61]
[is_enable_sparse: 1]
[enable_bundle: 1]
[use_missing: 1]
[zero_as_missing: 0]
[feature_pre_filter: 1]
[pre_partition: 0]
[two_round: 0]
[header: 0]
[label_column: ]
[weight_column: ]
[group_column: ]
[ignore_column: ]
[categorical_feature: ]
[forcedbins_filename: ]
[precise_float_parser: 0]
[parser_config_file: ]
[objective_seed: 15521]
[num_class: 1]
[is_unbalance: 0]
[scale_pos_weight: 1]
[sigmoid: 1]
[boost_from_average: 1]
[reg_sqrt: 0]
[alpha: 0.1]
[fair_c: 1]
[poisson_max_delta_step: 0.7]
[tweedie_variance_power: 1.5]
[lambdarank_truncation_level: 30]
[lambdarank_norm: 1]
[label_gain: ]
[lambdarank_position_bias_regularization: 0]
[eval_at: ]
[multi_error_top_k: 1]
[auc_mu_weights: ]
[num_machines: 1]
[local_listen_port: 12400]
[time_out: 120]
[machine_list_filename: ]
[machines: ]
[gpu_platform_id: -1]
[gpu_device_id: -1]
[gpu_device_id_list: ]
[gpu_use_dp: 0]
[num_gpu: 1]

end of parameters

pandas_categorical:null
