tree
version=v4
num_class=1
num_tree_per_iteration=1
label_index=0
max_feature_idx=12
objective=quantile
feature_names=Column_0 Column_1 Column_2 Column_3 Column_4 Column_5 Column_6 Column_7 Column_8 Column_9 Column_10 Column_11 Column_12
feature_infos=[1:1035] [0:1064] [0.5:1048.5] [-835:799] [20.020621767519373:1011.2374798422712] [0.026352785036242474:1.3] [0:1.3] [15.1:41.5] [0:100] [0:101] [7:19] [-0.9999994220246925:0.99998555065071859] [-0.99997919295908233:0.9999907524084426]
tree_sizes=1301 1398 1327 1320 1420 1405 1420 1414 1416 1428 1412 1417 1416 1407 1413 1427 1420 1411 1422 1418 1422 1419 1418 1429 1432 1424 1426 1438 1428 1432 1424 1432 1441 1428 1428 1424 1439 1431 1427 1436 1418 1437 1431 1432 1436 1444 1433 1445 1426 1437 1440 1449 1438 1453 1437 1437 1454 1444 1447 1450 1456 1442 1454 1452 1451 1453 1452 1451 1446 1447 1441 1443 1424 1455 1444 1445 1450 1460 1442 1447 1439 1444 1454 1442 1447 1446 1447 1444 1461 1466 1452 1454 1465 1447 1448 1452 1454 1461 1451 1451 1446 1454 1456 1463 1436 1453 1453 1440 1472 1458 1454 1465 1453 1452 1464 1449 1456 1449 1448 1465 1449 1464 1464 1463 1460 1464 1466 1472 1461 1447 1463 1449 1460 1448 1457 1470 1461 1472 1448 1448 1456 1471 1454 1459 1455 1457 1457 1474 1435 1462 1450 1456 1426 1470 1461 1460 1464 1469 1461 1472 1439 1444 1464 1462 1472 1465 1458 1454 1469 1479 1469 1465 1460 1472 1460 1468 1455 1463 1461 1462 1454 1462 1457 1446 1465 1464 1469 1453 1467 1456 1456 1471 1468 1462 1455 1468 1448 1458 1457 1460 1472 1449 1465 1456 1466 1456 1477 1458 1471 1450 1463 1443 1464 1449 1464 1483 1463 1463 1467 1449 1456 1448 1467 1469 1463 1466 1444 1465 1454 1448 1452 1468 1450 1455 1446 1458 1445 1458 1451 1476 1482 1452 1473 1465 1462 1459 1457 1449 1456 1466

Tree=0
num_leaves=15
num_cat=0
split_feature=0 4 2 2 1 0 0 4 2 4 2 8 12 12
split_gain=555.736 34.7799 13.2336 9.15565 7.16416 3.00827 1.92616 1.71046 1.70321 1.77586 1.64134 0.792712 0.884571 0.20006
threshold=455.50000000000006 584.17384410794159 533.25000000000011 376.25000000000006 437.50000000000006 496.50000000000006 540.50000000000011 813.39666489539343 176.25000000000003 667.86222710955155 449.25000000000006 72.500000000000014 -0.056951011027366626 -0.72694848937061807
decision_type=2 2 2 2 2 2 2 2 2 2 2 2 2 2
left_child=1 4 5 8 -1 -2 -4 -5 -3 -10 -7 -8 13 -13
right_child=2 3 6 7 -6 10 11 -9 9 -11 -12 12 -14 -15
leaf_value=435.80000000000001 450.69999999999999 440.375 454.5 449 448.30000000000001 454.02499999999998 464.64999999999998 454.14999999999998 444.80000000000001 446.14999999999998 455.14999999999998 462.25 462.89999999999998 460.05000000000001
leaf_weight=1241 114 104 148 94 87 84 961 88 85 117 96 89 135 91
leaf_count=1241 114 104 148 94 87 84 961 88 85 117 96 89 135 91
internal_value=450 449.981 450.02 449.992 449.976 450.01 450.022 450.001 449.987 449.99 450.014 450.023 450.02 450.016
internal_weight=3534 1816 1718 488 1328 294 1424 182 306 202 180 1276 315 180
internal_count=3534 1816 1718 488 1328 294 1424 182 306 202 180 1276 315 180
is_linear=0
shrinkage=1


Tree=1
num_leaves=15
num_cat=0
split_feature=0 4 2 2 1 0 2 12 2 8 12 4 12 0
split_gain=536.443 33.8515 18.6923 7.22598 5.83031 3.95481 3.03452 2.93648 2.14399 2.01992 2.10218 0.677986 0.657886 0.0962805
threshold=440.50000000000006 632.97374745296804 577.25000000000011 355.25000000000006 437.50000000000006 496.50000000000006 480.75000000000006 -0.039769286347669845 172.75000000000003 65.500000000000014 -0.21862536810265826 840.80592386319893 -0.90161545992537195 682.50000000000011
decision_type=2 2 2 2 2 2 2 2 2 2 2 2 2 2
left_child=1 4 5 8 -1 6 -2 11 -3 -4 13 -7 -10 -11
right_child=2 3 9 -5 -6 7 -8 -9 12 10 -12 -13 -14 -15
leaf_value=-13.240000000000002 -0.875 -9.0437500000000011 14.367500000000001 0.30000000000000004 -1.6650000000000007 3.6750000000000003 1.9700000000000004 3.1750000000000003 -3.0824999999999991 8.6974999999999998 11.805000000000001 9.0087500000000009 -5.4237500000000001 13.677500000000002
leaf_weight=1259 84 100 853 159 83 93 88 143 80 117 205 82 92 86
leaf_count=1259 84 100 853 159 83 93 88 143 80 117 205 82 92 86
internal_value=-0.00034004 -0.0196991 0.0192625 -0.00739679 -0.023608 0.0108081 0.00451977 0.0140867 -0.0122744 0.0224921 0.0188862 0.00930556 -0.00847458 0.0145433
internal_weight=3524 1773 1751 431 1342 490 172 318 272 1261 408 175 172 203
internal_count=3524 1773 1751 431 1342 490 172 318 272 1261 408 175 172 203
is_linear=0
shrinkage=0.05


Tree=2
num_leaves=14
num_cat=0
split_feature=0 4 0 1 2 2 5 5 4 12 1 0 12
split_gain=531.625 34.0023 20.8649 12.0695 6.24627 5.48538 5.3513 2.66359 1.88398 1.21193 0.953906 0.926938 0.0514625
threshold=436.50000000000006 667.86222710955155 549.50000000000011 469.50000000000006 501.75000000000006 342.75000000000006 0.71599037269787613 0.75557668270374123 584.17384410794159 0.080547328232315238 591.50000000000011 267.50000000000006 -0.031174269516803289
decision_type=2 2 2 2 2 2 2 2 2 2 2 2 2
left_child=1 3 4 8 6 11 -2 10 -1 -6 -4 -3 -9
right_child=2 5 7 -5 9 -7 -8 12 -10 -11 -12 -13 -14
leaf_value=-12.528 2.7362500000000014 -6.9099687500000009 8.6837500000000016 -1.0817499999999995 4.5128124999999999 2.4525000000000006 -0.98737500000000011 13.899125000000002 -5.9165625000000013 2.9837500000000006 10.064750000000002 -4.2764375000000001 12.688187500000002
leaf_weight=1259 107 82 81 103 120 108 80 407 119 143 141 80 712
leaf_count=1259 107 82 81 103 120 108 80 407 119 143 141 80 712
internal_value=-9.86749e-05 -0.0196612 0.0190284 -0.0226279 0.00956044 -0.00327273 0.00247396 0.0221582 -0.0238612 0.014459 0.0162996 -0.00898204 0.0232429
internal_weight=3542 1751 1791 1481 450 270 187 1341 1378 263 222 162 1119
internal_count=3542 1751 1791 1481 450 270 187 1341 1378 263 222 162 1119
is_linear=0
shrinkage=0.05


Tree=3
num_leaves=14
num_cat=0
split_feature=0 4 1 0 1 0 8 12 4 6 12 4 4
split_gain=512.272 33.941 18.9556 6.57822 6.17596 5.47144 2.19994 2.13026 1.58956 1.45786 1.32715 0.660783 0.295433
threshold=440.50000000000006 584.17384410794159 591.50000000000011 351.50000000000006 433.50000000000006 496.50000000000006 69.500000000000014 -0.022575793296316496 696.3299064313245 0.4959290487626945 -0.15101602693478741 801.81669627420547 443.42004991768925
decision_type=2 2 2 2 2 2 2 2 2 2 2 2 2
left_child=1 4 5 8 12 -2 -4 9 -3 -7 -8 -5 -1
right_child=2 3 6 11 -6 7 10 -9 -10 -11 -12 -13 -14
leaf_value=-12.7516 0.22193750000000137 -6.1227375000000013 12.764715625000001 -0.34194843750000103 -1.1165062499999991 7.6126468750000003 9.4493875000000003 2.6243406249999994 -4.0027406250000013 3.2656093749999999 10.520926562500001 1.2101296875000003 -7.6515999999999993
leaf_weight=1055 141 116 897 98 82 114 199 138 155 81 184 80 176
leaf_count=1055 141 116 897 98 82 114 199 138 155 81 184 80 176
internal_value=-0.000170406 -0.0191851 0.0189312 -0.00721366 -0.023236 0.0102296 0.0221012 0.0136834 -0.0120471 0.009875 0.0182345 0.000273224 -0.0241303
internal_weight=3516 1762 1754 449 1313 474 1280 333 271 195 383 178 1231
internal_count=3516 1762 1754 449 1313 474 1280 333 271 195 383 178 1231
is_linear=0
shrinkage=0.05


Tree=4
num_leaves=15
num_cat=0
split_feature=0 4 1 2 0 2 4 0 0 12 0 12 12 8
split_gain=489.546 35.2026 20.8574 7.52788 5.2701 5.16307 5.07763 3.37192 2.94521 2.17098 1.59244 0.936043 0.876278 0.802915
threshold=440.50000000000006 562.45339941331315 589.50000000000011 236.75000000000003 351.50000000000006 387.50000000000006 831.75014957605697 605.50000000000011 503.50000000000006 -0.039769286347669845 347.50000000000006 -0.21862536810265826 -0.056951011027366626 66.500000000000014
decision_type=2 2 2 2 2 2 2 2 2 2 2 2 2 2
left_child=1 4 5 -3 -1 -2 10 11 -7 -10 -5 -4 13 -9
right_child=2 3 7 6 -6 8 -8 12 9 -11 -12 -13 -14 -15
leaf_value=-12.064019999999999 -0.544159375000001 -7.3427622656249998 5.1771458593749999 -4.4654053124999988 -1.4140199999999994 0.70637117187499998 4.0221544531250002 14.040932968749999 6.7592739062500016 2.4931235937499991 -0.51018550781250127 4.9542942968750001 12.17647984375 10.786199374999999
leaf_weight=1134 81 166 120 92 149 120 92 252 164 125 126 132 659 135
leaf_count=1134 81 166 120 92 149 120 92 252 164 125 126 132 659 135
internal_value=-7.74212e-05 -0.0187783 0.0183212 -0.00706861 -0.0230784 0.00939394 -0.00238095 0.0216424 0.0116546 0.0143707 -0.00650224 0.0157588 0.0229781 0.0200893
internal_weight=3547 1759 1788 476 1283 490 310 1298 409 289 218 252 1046 387
internal_count=3547 1759 1788 476 1283 490 310 1298 409 289 218 252 1046 387
is_linear=0
shrinkage=0.05


Tree=5
num_leaves=15
num_cat=0
split_feature=2 4 0 0 5 4 4 4 0 2 12 11 10 12
split_gain=471.646 41.5121 24.3208 7.32487 5.41005 3.3 3.10445 2.90939 2.75515 2.34821 1.71174 1.37062 1.31742 0.75132
threshold=449.25000000000006 490.11647989823825 486.50000000000006 351.50000000000006 0.89445907692451632 755.09420084223336 715.38149748737612 696.3299064313245 335.50000000000006 317.75000000000006 -0.031174269516803289 -0.70291267844185523 14.500000000000002 -0.60555643346685839
decision_type=2 2 2 2 2 2 2 2 2 2 2 2 2 2
left_child=1 8 6 5 7 -3 -2 -4 -1 -5 11 -9 -11 -6
right_child=2 3 4 9 13 -7 -8 10 -10 12 -12 -13 -14 -15
leaf_value=-11.765819 -0.17005580273437604 -5.7158189999999998 1.8449392890625007 -2.6572594980468764 11.413886320312498 -3.513625117187499 4.1241212451171876 6.3866539609375028 -1.7933189999999997 3.0536392187499986 9.2926558515625004 9.9680608320312505 -0.21656881054687604 11.315771085937499
leaf_weight=1091 151 147 102 88 117 128 92 87 143 90 262 231 82 732
leaf_count=1091 151 147 102 88 117 128 92 87 143 90 262 231 82 732
internal_value=-9.16009e-05 -0.0183343 0.0181001 -0.00662037 0.0204264 -0.0122321 0.00332661 0.0168122 -0.0233656 -0.000566038 0.0182051 0.0151703 0.00282486 0.0232143
internal_weight=3543 1769 1774 535 1531 275 243 682 1234 260 580 318 172 849
internal_count=3543 1769 1774 535 1531 275 243 682 1234 260 580 318 172 849
is_linear=0
shrinkage=0.05


Tree=6
num_leaves=15
num_cat=0
split_feature=0 4 0 2 1 2 6 4 4 11 11 3 12 12
split_gain=464.832 31.0512 27.6086 5.68645 5.29378 4.97844 4.13227 3.43327 3.23307 2.27659 1.85022 1.5538 0.90386 0.539207
threshold=422.50000000000006 573.77704056559207 540.50000000000011 505.75000000000006 99.500000000000014 399.75000000000006 0.89458906673884542 734.76219894896678 664.06818593055766 -0.92274349529687905 -0.57078386445773377 123.50000000000001 0.41202506375868281 -0.33426211444629356
decision_type=2 2 2 2 2 2 2 2 2 2 2 2 2 2
left_child=1 5 3 7 -3 11 13 -2 -6 -8 -10 -1 -5 -4
right_child=2 4 6 12 8 -7 9 -9 10 -11 -12 -13 -14 -15
leaf_value=-11.022528049999998 -0.59254387197265712 -7.1373521933593755 7.9157656330566413 2.5626536820312511 -1.8098030125976579 -1.0036530499999998 9.2014002074218784 3.826431496484378 2.277942722192384 10.829681750390627 -2.3309809367187486 -5.5275280499999981 2.5737962132812502 5.5126318780273467
leaf_weight=1091 129 122 158 148 90 81 130 87 84 959 119 99 82 123
leaf_count=1091 129 122 158 148 90 81 130 87 84 959 119 99 82 123
internal_value=-0.000313658 -0.0191898 0.0172158 0.00631929 -0.00720238 -0.0230603 0.0207273 0.000452489 -0.0034396 0.0221892 0.000120192 -0.0238912 0.0117021 0.0147727
internal_weight=3502 1686 1816 446 415 1271 1370 216 293 1089 203 1190 230 281
internal_count=3502 1686 1816 446 415 1271 1370 216 293 1089 203 1190 230 281
is_linear=0
shrinkage=0.05


Tree=7
num_leaves=15
num_cat=0
split_feature=0 4 2 1 2 1 11 5 11 4 11 2 11 9
split_gain=436.838 37.7916 25.7348 6.6654 5.11548 4.43348 4.65612 3.75862 2.4287 1.71893 1.49762 1.45886 1.34397 1.103
threshold=440.50000000000006 490.11647989823825 592.75000000000011 410.50000000000006 355.25000000000006 222.50000000000003 0.19020386523577326 0.88173899687427848 -0.31799228562170639 715.38149748737612 -0.89406062840022227 533.25000000000011 -0.61237985104942771 10.500000000000002
decision_type=2 2 2 2 2 2 2 2 2 2 2 2 2 2
left_child=1 3 5 -1 8 -2 10 13 12 -6 -7 -8 -3 -4
right_child=2 4 7 -5 9 6 11 -9 -10 -11 -12 -13 -14 -15
leaf_value=-10.221401647499997 -0.43187070008544881 -3.8756007860888646 9.1840804763964865 -0.86211823948242028 -0.74281259447265313 2.3607323553515642 -0.37721060931396266 11.110383209746097 -2.1581571945092763 2.18822814428589 2.5993069402148481 1.1691945830859383 -8.2288587209960919 7.5207675017382831
leaf_weight=1142 82 103 134 96 100 81 84 774 128 100 189 82 82 351
leaf_count=1142 82 103 134 96 100 81 84 774 128 100 189 82 82 351
internal_value=-0.00031135 -0.0180097 0.0171296 -0.0227273 -0.00651544 0.00764818 0.00963719 0.020985 -0.010456 -0.000243902 0.0136364 0.00292398 -0.0140789 0.0170918
internal_weight=3528 1751 1777 1238 513 518 436 1259 313 200 270 166 185 485
internal_count=3528 1751 1777 1238 513 518 436 1259 313 200 270 166 185 485
is_linear=0
shrinkage=0.05


Tree=8
num_leaves=15
num_cat=0
split_feature=0 0 4 10 2 12 4 6 2 7 4 11 3 3
split_gain=417.73 32.3043 29.7071 7.19377 6.13071 5.19447 4.92062 4.17305 3.68415 3.39892 2.92005 1.72852 1.43986 1.33731
threshold=422.50000000000006 605.50000000000011 446.22209089546192 15.500000000000002 505.75000000000006 0.41202506375868281 696.3299064313245 0.89458906673884542 342.75000000000006 25.150000000000002 529.42609833433551 -0.58482361983252518 -159.49999999999997 -127.49999999999999
decision_type=2 2 2 2 2 2 2 2 2 2 2 2 2 2
left_child=2 4 8 9 6 13 -2 -3 -1 -4 -5 -11 -9 -6
right_child=1 7 3 10 5 -7 -8 12 -10 11 -12 -13 -14 -15
leaf_value=-10.385331565124998 -0.35138399726763936 8.0278811229514169 -5.8153315651249988 -6.265331565124999 5.7341011136630868 2.2602871669345719 4.0038051096591829 10.575210748085695 -0.87692073552587724 1.6137461873889778 -2.4387824660371678 -1.9389737238567208 10.54796081610449 0.58234991135351777
leaf_weight=962 140 168 141 87 133 145 132 128 99 85 152 148 833 151
leaf_count=962 140 168 141 87 133 145 132 128 99 85 152 148 833 151
internal_value=-0.000441721 0.016049 -0.0184634 -0.00958738 0.00754249 0.0112327 0.00162455 0.0212743 -0.0235225 -0.00514512 -0.016291 -0.00136555 0.0225932 0.00709343
internal_weight=3504 1830 1674 613 701 429 272 1129 1061 374 239 233 961 284
internal_count=3504 1830 1674 613 701 429 272 1129 1061 374 239 233 961 284
is_linear=0
shrinkage=0.05


Tree=9
num_leaves=15
num_cat=0
split_feature=0 0 2 5 1 10 12 7 12 3 2 11 5 12
split_gain=410.621 33.698 21.7635 11.4231 6.40515 4.3902 4.16545 4.51585 3.67815 3.6727 3.59356 2.77223 2.36344 1.74811
threshold=455.50000000000006 309.50000000000006 599.25000000000011 1.2735833539927099 379.50000000000006 15.500000000000002 -0.031174269516803289 31.650000000000002 -0.8142754349318998 75.500000000000014 425.25000000000006 0.19020386523577326 0.3735833751564151 -0.022575793296316496
decision_type=2 2 2 2 2 2 2 2 2 2 2 2 2 2
left_child=1 4 10 5 9 8 7 -4 -3 -1 -2 13 -11 -12
right_child=2 3 6 -5 -6 -7 -8 -9 -10 12 11 -13 -14 -15
leaf_value=-10.896564986868748 0.037012590868630471 -3.3996841900034553 5.879743327359904 -1.1569829802062841 -2.7394656032509759 -1.2831899868687515 8.9024660084535636 10.746243596344186 0.98563661852434314 -5.5546595756566122 5.0637282345247971 0.86207905678443808 -6.2550406654461028 1.8769785317323739
leaf_weight=962 113 115 182 102 82 131 732 308 176 100 101 162 126 129
leaf_count=962 113 115 182 102 82 131 732 308 176 100 101 162 126 129
internal_value=-0.000446682 -0.0171762 0.0169313 -0.00642722 -0.0215686 -0.00269321 0.0205379 0.0165657 0.000760135 -0.0225063 0.00808824 0.0103275 -0.0160173 0.0138298
internal_weight=3521 1794 1727 524 1270 422 1222 490 291 1188 505 392 226 230
internal_count=3521 1794 1727 524 1270 422 1222 490 291 1188 505 392 226 230
is_linear=0
shrinkage=0.05


Tree=10
num_leaves=15
num_cat=0
split_feature=0 4 2 2 2 0 4 0 5 11 10 5 7 4
split_gain=385.968 36.3579 29.978 8.30261 5.83923 4.65851 3.80432 3.18433 2.92626 2.11511 3.24648 1.62863 1.57746 1.32439
threshold=440.50000000000006 446.22209089546192 647.75000000000011 355.25000000000006 342.75000000000006 496.50000000000006 671.33066788763733 197.50000000000003 0.74002373602343907 -0.88622299073327826 9.5000000000000018 0.84188688094408759 28.350000000000005 829.62685313006841
decision_type=2 2 2 2 2 2 2 2 2 2 2 2 2 2
left_child=1 4 5 7 -1 6 -2 -3 -4 -7 -11 13 -5 -12
right_child=2 3 8 12 -6 9 -8 -9 -10 10 11 -13 -14 -15
leaf_value=-9.3746498455608762 -0.41534376506198784 -7.2629340968737814 7.1829196126876269 0.93869350993142864 -0.68976137933839254 1.3045366214570606 2.8474248261197417 -3.3215269786574582 9.6314785356676005 0.13051359468489637 1.9043247085704367 1.661674119532961 -0.68392183909103044 8.2037171333784507
leaf_weight=954 118 140 120 143 117 87 82 304 948 81 111 110 86 107
leaf_count=954 118 140 120 143 117 87 82 304 948 81 111 110 86 107
internal_value=-0.000612013 -0.017267 0.0158564 -0.00807522 -0.0229786 0.00770328 0.00121951 -0.0120267 0.021109 0.0102794 0.0117754 0.013964 -0.000320513 0.0109865
internal_weight=3508 1744 1764 673 1071 696 200 444 1068 496 409 328 229 218
internal_count=3508 1744 1764 673 1071 696 200 444 1068 496 409 328 229 218
is_linear=0
shrinkage=0.05


Tree=11
num_leaves=15
num_cat=0
split_feature=2 4 2 2 2 6 4 5 2 12 3 4 11 2
split_gain=379.865 42.0548 29.8108 6.78015 4.71946 5.10281 4.03986 3.82051 3.78935 3.23282 3.03472 2.48628 1.82253 1.78581
threshold=439.75000000000006 477.79006764440709 640.25000000000011 336.75000000000006 533.25000000000011 0.66939399147666789 711.00705361687358 0.83827525854089024 342.75000000000006 0.38043945030393422 126.50000000000001 831.75014957605697 -0.31799228562170639 505.75000000000006
decision_type=2 2 2 2 2 2 2 2 2 2 2 2 2 2
left_child=1 8 4 12 5 -2 -5 -4 10 11 -1 -6 -3 -7
right_child=2 3 7 6 9 13 -8 -9 -10 -11 -12 -13 -14 -15
leaf_value=-9.1935423532828313 6.5653830132192512 -5.5787184806935874 6.8433969061962419 -1.1442563108439516 0.28006119336862412 -0.41804995308520748 3.6218800005322267 9.6074105714108047 -0.66519914557191129 1.6250228464451226 -4.2979866046635697 7.8879550128475167 -1.6889354239698038 0.64085661242322944
leaf_weight=1002 80 211 314 80 143 144 113 790 118 128 85 102 133 81
leaf_count=1002 80 211 314 80 143 144 113 790 118 128 85 102 133 81
internal_value=-0.000708416 -0.0172868 0.0155008 -0.00558118 0.00717423 0.0025 0.00189394 0.0205591 -0.0224587 0.0109127 -0.0234203 0.0073 -0.00974212 -0.00141304
internal_weight=3524 1742 1782 537 678 305 193 1104 1205 373 1087 245 344 225
internal_count=3524 1742 1782 537 678 305 193 1104 1205 373 1087 245 344 225
is_linear=0
shrinkage=0.05


Tree=12
num_leaves=15
num_cat=0
split_feature=0 4 0 0 2 5 2 4 5 9 2 5 11 11
split_gain=362.69 37.642 28.7751 8.26684 6.09416 4.24473 4.11588 4.70111 3.25484 2.07041 1.86849 1.52775 1.83335 1.51762
threshold=440.50000000000006 446.22209089546192 622.50000000000011 228.50000000000003 303.75000000000006 1.2338399903453825 505.75000000000006 730.9179222680782 0.8752097335183594 10.500000000000002 314.25000000000006 1.1550016511408339 -0.8781231054254196 -0.58482361983252518
decision_type=2 2 2 2 2 2 2 2 2 2 2 2 2 2
left_child=1 4 6 -3 -1 -6 7 -2 9 -4 -5 12 -8 -12
right_child=2 3 8 10 5 -7 11 -9 -10 -11 13 -13 -14 -15
leaf_value=-9.6678271275831236 -0.65742123646117823 -5.8902986503635537 8.7963842874489284 -2.8798577255284954 -0.5120889871735671 -0.92201335309287635 2.4238535446323426 3.9288987710450174 9.1520400428402642 7.2263797448913643 0.45710678544224098 0.15660729500710036 2.3334303489508601 -0.64786386864043521
leaf_weight=868 109 204 95 205 92 111 84 116 716 258 111 80 306 148
leaf_count=868 109 204 95 205 92 111 84 116 716 258 111 80 306 148
internal_value=-0.000491733 -0.0166714 0.0154607 -0.00728083 -0.0224675 -0.0140625 0.00746429 0.00184783 0.0206006 0.0161313 -0.00351812 0.0101053 0.0113924 -0.000662879
internal_weight=3503 1739 1764 668 1071 203 695 225 1069 353 464 470 390 259
internal_count=3503 1739 1764 668 1071 203 695 225 1069 353 464 470 390 259
is_linear=0
shrinkage=0.05


Tree=13
num_leaves=15
num_cat=0
split_feature=0 4 2 0 0 5 5 12 4 11 11 4 9 11
split_gain=352.018 32.7366 31.0692 5.48207 4.83333 4.13131 3.85577 3.66675 5.54412 2.49077 1.91965 1.82022 1.7756 1.55087
threshold=422.50000000000006 446.22209089546192 652.00000000000011 293.50000000000006 205.50000000000003 1.2735833539927099 0.8752097335183594 0.69521084835931835 840.80592386319893 -0.58482361983252518 -0.31799228562170639 661.16784927685251 10.500000000000002 -0.18492532721306487
decision_type=2 2 2 2 2 2 2 2 2 2 2 2 2 2
left_child=1 3 7 -1 -3 -5 12 8 -2 11 -11 -6 -4 -10
right_child=2 4 6 5 9 -7 -8 -9 13 10 -12 -13 -14 -15
leaf_value=-9.0844357712039692 0.30450890294819433 -5.8148979824993035 7.3365219602835001 -0.50383810040320332 -1.3461801157761515 -0.98892422832109905 8.9305384892532125 1.3259080810031492 4.4394897487882679 -5.4004474275862737 -0.66917032702714041 2.621583366683399 6.2625862790856957 8.5778336157080624
leaf_weight=885 421 172 115 80 84 96 693 187 85 86 188 84 245 91
leaf_count=885 421 172 115 80 84 96 693 187 85 86 188 84 245 91
internal_value=-0.000398067 -0.0169494 0.0146987 -0.0222561 -0.00767367 -0.0135359 0.0202977 0.00709759 0.00510797 -0.00480984 -0.00770609 0 0.0156164 0.0124309
internal_weight=3512 1675 1837 1061 614 176 1053 784 597 442 274 168 360 176
internal_count=3512 1675 1837 1061 614 176 1053 784 597 442 274 168 360 176
is_linear=0
shrinkage=0.05


Tree=14
num_leaves=15
num_cat=0
split_feature=0 2 4 5 0 0 6 10 5 5 12 4 12 12
split_gain=326.669 36.5562 31.4987 7.49995 6.7033 5.41146 5.19688 4.04593 3.87396 3.70484 2.47566 2.50673 2.02869 1.6887
threshold=418.50000000000006 670.25000000000011 446.22209089546192 1.244539449494489 267.50000000000006 213.50000000000003 0.25085049064312032 15.500000000000002 0.89091571421567628 1.2735833539927099 0.59003219687534991 830.05838701828168 -0.30164489695395946 -0.71502926860092908
decision_type=2 2 2 2 2 2 2 2 2 2 2 2 2 2
left_child=2 3 4 6 -1 -4 -2 10 -3 -6 11 12 -8 -13
right_child=1 8 5 -5 9 -7 7 -9 -10 -11 -12 13 -14 -15
leaf_value=-9.0302139826437706 -1.7674509655919253 6.5448387624073581 -5.5513314527165507 -0.14342704858305241 -0.84769952320428388 -1.1759110880633414 -0.018552637575282915 -0.21319125972009945 8.6662693260722961 -1.1033402283329736 1.9299109673972283 7.0567128969702315 1.9526307609489892 4.2175152613488534
leaf_weight=829 85 351 170 91 107 432 111 80 645 120 180 91 108 109
leaf_count=829 85 351 170 91 107 432 111 80 645 120 180 91 108 109
internal_value=-0.00053358 0.0138874 -0.0166266 0.00625 -0.021819 -0.00741351 0.00786736 0.00932018 0.0203796 -0.0136853 0.0107202 0.0084316 0.00457589 0.012439
internal_weight=3509 1851 1658 855 1056 602 764 679 996 227 599 419 219 200
internal_count=3509 1851 1658 855 1056 602 764 679 996 227 599 419 219 200
is_linear=0
shrinkage=0.05


Tree=15
num_leaves=15
num_cat=0
split_feature=2 4 2 0 5 0 0 5 3 12 3 4 11 2
split_gain=319.682 38.5269 31.0646 8.78755 5.10582 4.4924 3.91367 3.58851 3.34384 3.03983 2.96863 2.30903 2.15543 1.80661
threshold=439.75000000000006 460.7888115652492 670.25000000000011 219.50000000000003 1.1838312710837162 347.50000000000006 499.50000000000006 0.9096995605756576 -51.499999999999993 0.38043945030393422 8.5000000000000018 830.05838701828168 -0.31799228562170639 359.25000000000006
decision_type=2 2 2 2 2 2 2 2 2 2 2 2 2 2
left_child=1 3 4 -1 6 12 -2 -4 -5 11 -10 -8 -3 -7
right_child=2 5 7 8 -6 13 9 -9 10 -11 -12 -13 -14 -15
leaf_value=-9.1787032835115809 0.8959400299721495 -4.4920642914932403 6.2317821868572993 -0.61599397223609176 -0.051206997157495951 -2.1384372420766669 0.57433928099337095 8.3369974491241408 -1.3553145470440713 1.9915077589162422 -1.3674544361353556 6.7407859469400648 -0.79981252996848018 1.0604013204323877
leaf_weight=781 256 184 427 101 124 142 109 583 201 129 119 131 107 127
leaf_count=781 256 184 427 101 124 142 109 583 201 129 119 131 107 127
internal_value=-0.000815372 -0.0158461 0.0142432 -0.0208782 0.00646552 -0.00495575 0.00829365 0.0199507 -0.01473 0.0115642 -0.0172308 0.00795918 -0.00920608 -0.000273723
internal_weight=3521 1762 1759 1202 749 560 625 1010 421 369 320 240 291 269
internal_count=3521 1762 1759 1202 749 560 625 1010 421 369 320 240 291 269
is_linear=0
shrinkage=0.05


Tree=16
num_leaves=15
num_cat=0
split_feature=0 2 4 0 2 6 2 10 5 3 12 4 11 11
split_gain=312.241 34.7287 32.2486 6.74276 5.41645 5.17618 5.27837 3.76704 3.12951 2.66535 2.35973 5.19253 2.45095 1.78892
threshold=422.50000000000006 670.25000000000011 435.02438073651609 219.50000000000003 314.25000000000006 1.2992369832805601 381.75000000000006 15.500000000000002 0.90681610810317648 -45.499999999999993 0.59003219687534991 701.50228272267134 -0.12546116083924153 -0.31799228562170639
decision_type=2 2 2 2 2 2 2 2 2 2 2 2 2 2
left_child=2 5 3 -1 7 6 -2 13 -3 -5 11 -8 -12 -4
right_child=1 8 4 9 -6 -7 10 -9 -10 -11 12 -13 -14 -15
leaf_value=-8.7697681193360015 -1.2304666509671236 5.63658372812771 -5.6129339384374681 -0.73135989989600181 -0.37979537922852419 -0.21476591342218684 0.24324417649515909 -4.1229769109696974 7.7661059873124714 -1.4572812438749168 1.6145783890237142 4.4816030119782004 1.0948476952605917 -0.75982190347005485
leaf_weight=711 90 405 130 84 260 81 196 182 603 237 96 282 93 83
leaf_count=711 90 405 130 84 260 81 196 182 603 237 96 282 93 83
internal_value=-0.000388638 0.0138033 -0.0159131 -0.0214079 -0.00715909 0.00622776 0.00751312 -0.0108125 0.0200395 -0.014954 0.00904018 0.00703934 0.0137887 -0.00607798
internal_weight=3533 1846 1687 1032 655 838 757 395 1008 321 667 478 189 213
internal_count=3533 1846 1687 1032 655 838 757 395 1008 321 667 478 189 213
is_linear=0
shrinkage=0.05


Tree=17
num_leaves=15
num_cat=0
split_feature=0 4 0 0 10 12 4 0 3 12 7 4 5 8
split_gain=290.576 33.7923 31.7111 8.77256 6.68568 4.60047 7.45051 5.57569 3.6197 3.19995 2.77287 3.09073 2.53635 2.01332
threshold=440.50000000000006 432.83596653553667 682.50000000000011 216.50000000000003 16.500000000000004 -0.022575793296316496 696.3299064313245 499.50000000000006 -45.499999999999993 -0.5129677127369543 24.350000000000005 831.75014957605697 0.91680818597141001 32.500000000000007
decision_type=2 2 2 2 2 2 2 2 2 2 2 2 2 2
left_child=1 3 5 -1 10 6 -2 -7 -5 -8 -3 -12 -4 -9
right_child=2 4 12 8 -6 7 9 13 -10 -11 11 -13 -14 -15
leaf_value=-8.5312797133692015 -0.48305487424318871 -8.542999953438537 7.5941269479883662 -0.40048037064207737 -4.4575204779275994 0.014032895829225824 4.6034722964280013 0.30094045998897911 -1.199577593460458 1.5363412011072286 -1.1789339421326261 1.3774090205816578 7.777800687946848 2.6278006879468481
leaf_weight=681 153 84 307 90 90 104 197 110 257 87 446 128 560 259
leaf_count=681 153 84 307 90 90 104 197 110 257 87 446 128 560 259
internal_value=-0.0003724 -0.0146547 0.0139029 -0.0205227 -0.0065073 0.0073224 0.00356335 0.0107218 -0.0137074 0.0083045 -0.00467572 -0.00336788 0.0207282 0.0135695
internal_weight=3553 1776 1777 1028 748 910 437 473 347 284 658 574 867 369
internal_count=3553 1776 1777 1028 748 910 437 473 347 284 658 574 867 369
is_linear=0
shrinkage=0.05


Tree=18
num_leaves=15
num_cat=0
split_feature=2 0 4 0 2 5 0 12 4 6 0 5 5 12
split_gain=279.291 35.0194 33.4176 7.65964 7.1718 6.45569 5.25956 3.70269 2.9526 2.84553 2.82702 2.5984 6.77962 1.91121
threshold=429.25000000000006 692.50000000000011 431.29735975741153 194.50000000000003 317.75000000000006 1.2057167383195626 474.50000000000006 -0.022575793296316496 831.29122746486269 0.42968160590112198 147.50000000000003 0.74002373602343907 1.2735833539927099 -0.031174269516803289
decision_type=2 2 2 2 2 2 2 2 2 2 2 2 2 2
left_child=2 5 3 -1 10 6 -2 8 -8 -6 -4 -5 -13 -3
right_child=1 13 4 11 9 -7 7 -9 -10 -11 -12 12 -14 -15
leaf_value=-8.3547157277007411 0.43069073034898225 8.0668106322544304 -8.1288585291231161 -2.6790916233401418 2.2524479876886945 -0.10764797965685489 0.25686855716557488 1.8745262169863737 4.3110030404201387 -0.86773479986540281 -2.0716373744014294 -0.10211911706175698 -1.0638593876655591 7.3528178801120054
leaf_weight=615 233 335 90 91 107 113 117 369 175 140 374 96 187 486
leaf_count=615 233 335 90 91 107 113 117 369 175 140 374 96 187 486
internal_value=-0.000155675 0.0133933 -0.0147214 -0.0206489 -0.00638966 0.00708992 0.00850945 0.0107733 0.00639731 0.000496032 -0.0100213 -0.0146438 -0.0118924 0.0210351
internal_weight=3528 1828 1700 989 711 1007 894 661 292 247 464 374 283 821
internal_count=3528 1828 1700 989 711 1007 894 661 292 247 464 374 283 821
is_linear=0
shrinkage=0.05


Tree=19
num_leaves=15
num_cat=0
split_feature=0 0 10 4 5 11 6 0 12 4 11 5 1 7
split_gain=266.836 37.4491 28.7325 22.0327 6.0982 7.07833 6.34029 3.62058 3.13472 3.21169 2.69303 2.68876 1.95852 1.91525
threshold=411.50000000000006 698.50000000000011 16.500000000000004 177.58562550969802 1.1603267046974401 0.534952257794027 0.26736409532732103 187.50000000000003 0.38043945030393422 696.3299064313245 -0.58482361983252518 0.91680818597141001 585.50000000000011 28.650000000000002
decision_type=2 2 2 2 2 2 2 2 2 2 2 2 2 2
left_child=2 4 3 -1 6 -6 -2 -5 9 12 -9 -3 -8 -10
right_child=1 11 -4 7 5 -7 8 10 13 -11 -12 -13 -14 -15
leaf_value=-4.461979941315704 -1.9185559509335492 6.5170568465919843 -7.8119799413157045 -3.9065729908455782 0.28439498678373243 -0.27463953336862945 -0.88810656880786354 -0.081685987918783107 2.2122612240038677 3.8542547879397264 -0.91097321469312653 7.2462697595439067 1.7983298703768584 1.071690104960203
leaf_weight=208 81 260 618 157 80 98 86 251 145 375 415 520 81 137
leaf_count=208 81 260 618 157 80 98 86 251 145 375 415 520 81 137
internal_value=-0.00038385 0.0125669 -0.0150091 -0.00982143 0.00650276 -0.00191257 0.00815934 -0.00606884 0.00946924 0.0071298 -0.00439642 0.0208917 0.00130814 0.0137631
internal_weight=3512 1863 1649 1031 1083 178 905 823 824 542 666 780 167 282
internal_count=3512 1863 1649 1031 1083 178 905 823 824 542 666 780 167 282
is_linear=0
shrinkage=0.05


Tree=20
num_leaves=15
num_cat=0
split_feature=0 0 0 8 5 4 12 11 0 5 4 8 8 11
split_gain=261.534 36.0612 28.0447 9.38782 6.30467 5.40585 5.3477 4.40215 3.56411 3.41286 3.21233 2.96033 2.11156 1.85268
threshold=418.50000000000006 698.50000000000011 194.50000000000003 51.500000000000007 1.2057167383195626 423.49124447907383 -0.022575793296316496 -0.58482361983252518 499.50000000000006 0.91680818597141001 696.3299064313245 94.500000000000014 45.500000000000007 -0.37447345805034543
decision_type=2 2 2 2 2 2 2 2 2 2 2 2 2 2
left_child=2 4 5 -4 6 -1 10 11 -8 -3 -2 -5 -10 -9
right_child=1 9 3 7 -6 -7 8 13 12 -11 -12 -13 -14 -15
leaf_value=-7.6963809442499187 -0.54792717327616747 6.4544516095791948 -1.1477803261783279 -0.91183171721256151 -0.11621499813454933 -3.7882104098332294 0.84644058453413473 -4.3464664299540914 0.46542609749369035 6.9089562715667121 3.1497844941794542 0.535846925941172 3.291672385021764 -0.86501960492381047
leaf_weight=622 141 265 220 91 125 180 96 101 113 527 340 154 239 309
leaf_count=622 141 265 220 91 125 180 96 101 113 527 340 154 239 309
internal_value=-0.000488946 0.0124797 -0.0147592 -0.00849432 0.00637394 -0.0214994 0.00778908 -0.00541667 0.0116998 0.0205144 0.00406379 -0.0001 0.0140056 -0.00855422
internal_weight=3523 1846 1677 875 1054 802 929 655 448 792 481 245 352 410
internal_count=3523 1846 1677 875 1054 802 929 655 448 792 481 245 352 410
is_linear=0
shrinkage=0.05


Tree=21
num_leaves=15
num_cat=0
split_feature=0 0 10 4 2 9 6 6 1 0 4 7 3 11
split_gain=249.363 47.9086 17.9614 17.9127 9.15979 6.04125 4.41324 3.33965 3.17748 2.47741 2.33814 1.80511 1.60814 1.50762
threshold=351.50000000000006 698.50000000000011 16.500000000000004 174.16054135323111 505.75000000000006 15.500000000000002 1.2059296421435446 0.94053119576921762 194.50000000000003 130.50000000000003 696.3299064313245 26.950000000000003 84.500000000000014 -0.861146256326485
decision_type=2 2 2 2 2 2 2 2 2 2 2 2 2 2
left_child=2 4 3 -1 5 -2 13 -3 -7 -5 11 -10 -11 -6
right_child=1 7 -4 9 6 8 -8 -9 10 12 -12 -13 -14 -15
leaf_value=-4.0290618970374243 -0.59508214106085122 4.2518600787898775 -6.9543679650709409 -7.3725973309131696 2.9251858358189224 -0.98887617192625332 -0.01032452657332783 7.1635084579883772 0.21074335026757751 -0.30313921363790403 3.0547922617010217 -0.71395315250514102 -2.9008940996242978 1.5391657202623295
leaf_weight=206 93 143 616 81 153 127 119 645 92 336 142 85 178 506
leaf_count=206 93 143 616 81 153 127 119 645 92 336 142 85 178 506
internal_value=-0.000255174 0.0106517 -0.0164381 -0.0113834 0.00478442 -0.000229779 0.00823755 0.0203657 0.00221729 -0.006875 0.00486111 0.000961538 -0.00549133 0.00982681
internal_weight=3522 2105 1417 801 1317 539 778 788 446 595 319 177 514 659
internal_count=3522 2105 1417 801 1317 539 778 788 446 595 319 177 514 659
is_linear=0
shrinkage=0.05


Tree=22
num_leaves=15
num_cat=0
split_feature=0 0 0 8 4 3 11 12 6 11 6 7 12 8
split_gain=232.29 36.2448 30.7482 8.38525 7.45656 5.52475 6.9353 5.05238 4.19877 4.13078 3.41908 2.75136 2.60745 2.27394
threshold=411.50000000000006 692.50000000000011 187.50000000000003 52.500000000000007 415.23003667520032 -61.499999999999993 0.534952257794027 -0.039769286347669845 0.9484732579266224 -0.58482361983252518 1.1710142978212599 28.650000000000002 -0.13398942717002907 94.500000000000014
decision_type=2 2 2 2 2 2 2 2 2 2 2 2 2 2
left_child=2 5 4 -4 -1 12 7 11 -3 13 -8 -7 -2 -5
right_child=1 8 3 9 -6 6 10 -9 -10 -11 -12 -13 -14 -15
leaf_value=-7.2638434987838769 2.3168137389117875 4.0009154540488856 -1.0966401940314825 -0.67880358927160678 -3.6259900928054183 -1.6167792897576534 0.10454670843914755 0.77608908092258 6.8553330350889556 -1.1302255291453804 -0.26080664170530099 1.4887668007783248 2.5881846932825341 0.50571209844551956
leaf_weight=597 185 165 222 88 175 113 95 192 636 409 90 93 265 150
leaf_count=597 185 165 222 88 175 113 95 192 636 409 90 93 265 150
internal_value=-0.000222701 0.0119902 -0.013867 -0.00735126 -0.0211068 0.00575626 0.0025085 0.00620347 0.0199442 -0.00440951 -0.00539474 0.0007109 0.00989011 0.000823045
internal_weight=3475 1834 1641 869 772 1033 583 398 801 647 185 206 450 238
internal_count=3475 1834 1641 869 772 1033 583 398 801 647 185 206 450 238
is_linear=0
shrinkage=0.05


Tree=23
num_leaves=15
num_cat=0
split_feature=0 0 0 4 5 10 12 0 4 6 4 8 11 6
split_gain=222.391 45.5733 22.587 10.7717 10.0551 6.16946 6.0063 4.11857 4.06234 3.85637 3.78514 3.19347 2.02561 2.01411
threshold=356.50000000000006 716.50000000000011 163.50000000000003 151.49477087462358 1.2996010590322131 16.500000000000004 -0.022575793296316496 492.50000000000006 696.3299064313245 0.94053119576921762 415.23003667520032 41.500000000000007 0.41398981800788198 0.34606098504318489
decision_type=2 2 2 2 2 2 2 2 2 2 2 2 2 2
left_child=2 4 10 -4 6 -5 8 -8 12 -3 -1 -9 -2 -10
right_child=1 9 3 5 -6 -7 7 11 13 -11 -12 -13 -14 -15
leaf_value=-7.2006513238446832 -2.2970289363672549 4.4890736800696009 -2.9762725771137712 -0.66507314065566447 -0.17997403020508784 -1.3304077276153727 0.50710450706233134 0.28690698273304921 -0.58648138831147212 6.5125663833345078 -3.7929333425654037 2.7524348813772406 0.30210981512518065 3.1876174097856396
leaf_weight=537 130 115 112 508 101 152 153 153 95 615 127 289 111 311
leaf_count=537 130 115 112 508 101 152 153 153 95 615 127 289 111 311
internal_value=-0.000277462 0.0101901 -0.0153713 -0.00945946 0.00469214 -0.00691729 0.00593424 0.00954167 0.00256902 0.0202041 -0.0221226 0.0119687 -0.00254065 0.00559611
internal_weight=3509 2073 1436 772 1343 660 1242 595 647 730 664 442 241 406
internal_count=3509 2073 1436 772 1343 660 1242 595 647 730 664 442 241 406
is_linear=0
shrinkage=0.05


Tree=24
num_leaves=15
num_cat=0
split_feature=2 0 0 4 5 11 0 12 11 6 4 8 3 10
split_gain=221.573 42.2413 26.6704 11.6897 9.7934 8.18147 5.11009 5.09963 4.2228 3.89925 2.97229 2.61489 2.50851 2.83957
threshold=376.25000000000006 724.50000000000011 163.50000000000003 159.05116759260088 1.1550016511408339 0.38243310158943505 496.50000000000006 -0.13398942717002907 -0.57078386445773377 0.94053119576921762 406.95194037383743 94.500000000000014 -74.499999999999986 16.500000000000004
decision_type=2 2 2 2 2 2 2 2 2 2 2 2 2 2
left_child=2 4 10 -4 6 -6 -2 -8 11 -3 -1 -5 -10 -14
right_child=1 9 3 8 5 -7 7 -9 12 -11 -12 -13 13 -15
leaf_value=-6.8885395173888533 0.63082763618553916 4.2646199960661191 -2.7656029983906709 -0.58660975277524585 0.28873339673874343 -0.27245672750434269 1.8032461652162597 1.718850791962879 -0.14667762758641062 6.4105683930260176 -4.7408338384241793 0.29426722690727164 -1.4868546335956525 -1.4689166381435286
leaf_weight=526 358 103 107 133 81 146 298 402 82 591 128 139 308 104
leaf_count=526 358 103 107 133 81 146 298 402 82 591 128 139 308 104
internal_value=-0.000256337 0.0107737 -0.0145398 -0.00874146 0.00536822 -0.00398707 0.00738476 0.00985816 -0.00648508 0.0206724 -0.0221548 -0.00144404 -0.00921844 -0.0107914
internal_weight=3506 1979 1527 873 1285 227 1058 700 766 694 654 272 494 412
internal_count=3506 1979 1527 873 1285 227 1058 700 766 694 654 272 494 412
is_linear=0
shrinkage=0.05


Tree=25
num_leaves=15
num_cat=0
split_feature=2 0 0 5 4 10 12 4 6 0 3 10 3 5
split_gain=201.157 51.469 21.862 12.5723 11.4661 7.14372 4.51977 4.13048 3.35595 3.01405 3.18511 2.97144 2.62833 2.44904
threshold=320.75000000000006 724.50000000000011 151.50000000000003 1.2996010590322131 143.31634992101704 15.500000000000002 -0.13398942717002907 854.06044944402208 0.9484732579266224 465.50000000000006 -21.499999999999996 16.500000000000004 2.5000000000000004 0.725230010862014
decision_type=2 2 2 2 2 2 2 2 2 2 2 2 2 2
left_child=2 3 -1 5 -4 6 7 -2 -3 -8 -11 -6 -12 -7
right_child=1 8 4 -5 11 13 9 -9 -10 10 12 -13 -14 -15
leaf_value=-6.6599570851846828 -0.032350316792383184 3.1807618688017274 -2.9141787983385492 -0.22762671874423859 -0.96542779060205819 0.13258546304543586 0.51349084777928344 3.9533130481545586 6.2001297312849575 2.5130455335134174 0.11227849459971254 -1.1488442988092771 1.2967528990785298 -0.70042215928374396
leaf_weight=613 339 120 114 136 458 95 114 213 582 293 107 153 87 93
leaf_count=613 339 120 114 136 458 95 114 213 582 293 107 153 87 93
internal_value=-0.000447189 0.00891712 -0.0156739 0.00359312 -0.00969178 0.00507058 0.00654145 0.0032316 0.0200141 0.0095297 0.0112297 -0.00685877 0.00603015 -0.00388601
internal_weight=3517 2179 1338 1477 725 1341 1153 552 702 601 487 611 194 188
internal_count=3517 2179 1338 1477 725 1341 1153 552 702 601 487 611 194 188
is_linear=0
shrinkage=0.05


Tree=26
num_leaves=15
num_cat=0
split_feature=2 2 2 4 3 5 12 8 6 5 5 8 5 5
split_gain=193.249 51.5054 21.0497 10.9786 10.7186 5.19135 4.4045 3.79538 3.51826 2.96961 2.69084 2.84147 2.19678 2.35635
threshold=320.75000000000006 766.75000000000011 198.25000000000003 671.33066788763733 75.500000000000014 1.2996010590322131 0.53312596302726967 52.500000000000007 0.88272662219485898 0.91680818597141001 1.1550016511408339 65.500000000000014 0.7980773516213896 0.5453632474052047
decision_type=2 2 2 2 2 2 2 2 2 2 2 2 2 2
left_child=2 3 4 5 -1 8 -5 -4 -2 -3 11 -10 13 -9
right_child=1 9 7 6 -6 -7 -8 12 10 -11 -12 -13 -14 -15
leaf_value=-5.9131939275237713 -0.28484866714574369 5.7281176240168179 -0.97281429197550295 2.5310202813202012 -2.3638598954941274 -0.20379004956299129 1.5251841927294565 -0.67585213771060071 1.0306191769589135 6.1064031579522355 -0.031453699269766842 0.6286509838423342 0.13738657691540937 -1.6473619992200044
leaf_weight=639 240 225 113 584 211 131 182 182 109 439 140 124 82 105
leaf_count=639 240 225 113 584 211 131 182 182 109 439 140 124 82 105
internal_value=-0.000256337 0.00892611 -0.0152206 0.00379538 -0.0199415 -0.000534045 0.00797665 -0.00677618 0.00141586 0.0204783 0.00443122 0.00766807 -0.00421123 -0.00625
internal_weight=3506 2174 1332 1510 850 744 766 482 613 664 373 233 369 287
internal_count=3506 2174 1332 1510 850 744 766 482 613 664 373 233 369 287
is_linear=0
shrinkage=0.05


Tree=27
num_leaves=15
num_cat=0
split_feature=0 0 0 4 5 12 10 4 8 10 4 11 12 11
split_gain=186.326 42.6517 31.8538 16.7027 5.49188 5.37366 4.50318 3.73019 3.59814 3.48515 2.78086 2.58966 2.58377 5.38043
threshold=468.50000000000006 147.50000000000003 768.50000000000011 143.31634992101704 1.1550016511408339 -0.022575793296316496 16.500000000000004 927.22620977892575 36.500000000000007 14.500000000000002 415.23003667520032 0.57782244426053786 -0.82413948779581736 -0.35041564478062465
decision_type=2 2 2 2 2 2 2 2 2 2 2 2 2 2
left_child=1 10 4 -3 5 7 8 -2 -5 -7 -1 -6 13 -10
right_child=2 3 -4 6 11 9 -8 -9 12 -11 -12 -13 -14 -15
leaf_value=-6.2175342311475834 0.32649637498971062 -2.5392946614189835 5.8510830000546212 -0.34354283516011042 0.21255774512576553 2.2981499228781774 -0.93665389934366206 4.3801222303437219 -5.3315458574797239 0.354530480945904 -5.8128102205257406 -0.27000227064858962 0.06899532600865399 -0.43034429440368033
leaf_weight=491 279 120 545 115 80 362 177 174 88 142 107 80 536 218
leaf_count=491 279 120 545 115 80 362 177 174 88 142 107 80 536 218
internal_value=-0.000227337 -0.0111201 0.0119076 -0.00583797 0.00701872 0.00844595 -0.00390694 0.0044214 -0.00252079 0.0119843 -0.0220564 -0.00151515 -0.00135773 -0.00498392
internal_weight=3514 1852 1662 1254 1117 957 1134 453 957 504 598 160 842 306
internal_count=3514 1852 1662 1254 1117 957 1134 453 957 504 598 160 842 306
is_linear=0
shrinkage=0.05


Tree=28
num_leaves=15
num_cat=0
split_feature=2 0 0 5 5 10 11 12 10 12 1 6 11 12
split_gain=183.048 43.9305 28.7634 8.21621 8.17741 5.27248 5.10478 4.12847 3.85405 3.9704 3.58225 3.27874 3.26649 2.94697
threshold=364.25000000000006 765.50000000000011 142.50000000000003 1.2893819057961309 1.1838312710837162 14.500000000000002 0.534952257794027 -0.19337245081799007 16.500000000000004 -0.80417042486635371 255.50000000000003 1.0414745252296445 -0.35041564478062465 -0.26037106507032781
decision_type=2 2 2 2 2 2 2 2 2 2 2 2 2 2
left_child=2 4 -1 8 5 7 -6 11 9 12 -5 -2 -4 -10
right_child=1 -3 3 10 6 -7 -8 -9 13 -11 -12 -13 -14 -15
leaf_value=-5.7810163988215981 3.0634809982920674 5.5085288500518921 -5.1268959368912892 -2.59044349705627 0.15333598164159812 0.1990565936973667 -0.2537355482995281 1.8950655006234287 -0.85449642305284934 0.096727212788089656 -0.22918127983571568 -0.71557533351322888 -1.0185724756761048 -1.0288441584916541
leaf_weight=583 297 563 82 118 87 353 120 471 80 310 80 94 160 91
leaf_count=583 297 563 82 118 87 353 120 471 80 310 80 94 160 91
internal_value=-2.14654e-05 0.00993719 -0.0131544 -0.00758639 0.00522074 0.00678279 -0.00389151 0.0088812 -0.00504808 -0.0029623 -0.0165025 0.00498737 -0.00769231 -0.0115057
internal_weight=3489 1985 1504 921 1422 1215 207 862 723 552 198 391 242 171
internal_count=3489 1985 1504 921 1422 1215 207 862 723 552 198 391 242 171
is_linear=0
shrinkage=0.05


Tree=29
num_leaves=15
num_cat=0
split_feature=0 2 4 1 4 11 3 10 12 7 0 9 2 11
split_gain=185.291 45.9458 25.1051 8.44978 6.34769 5.00637 6.24266 4.67937 4.67619 3.87966 3.47699 3.19048 3.10534 2.78637
threshold=351.50000000000006 769.25000000000011 228.70521935916278 212.50000000000003 701.50228272267134 0.02042587909481499 -61.499999999999993 16.500000000000004 -0.19337245081799007 26.850000000000005 785.50000000000011 71.500000000000014 381.75000000000006 0.12225609522135446
decision_type=2 2 2 2 2 2 2 2 2 2 2 2 2 2
left_child=2 4 3 -1 5 8 -7 13 -2 -10 -3 -8 -6 -4
right_child=1 10 7 -5 12 6 11 -9 9 -11 -12 -13 -14 -15
leaf_value=-5.2176066996491235 -1.4377544661679622 2.6267916797254602 -1.7061835560071614 -0.46816337918403694 -0.72874367081616076 0.75751313093565642 -0.33527349776005622 -1.5406862073087724 0.59403294528174799 0.13659959598165158 5.6898438822149791 -0.0052356960356206633 2.2207987861821694 0.25737483894414342
leaf_weight=545 99 193 388 124 85 94 165 268 156 104 468 105 626 86
leaf_count=545 99 193 388 124 85 94 165 268 156 104 468 105 626 86
internal_value=-0.000199373 0.00922619 -0.0141773 -0.0211795 0.00416956 0.000858516 -0.00325203 -0.00776439 0.00501374 0.00849057 0.0200826 -0.00709091 0.00750698 -0.00469729
internal_weight=3506 2095 1411 669 1434 723 364 742 359 260 661 270 711 474
internal_count=3506 2095 1411 669 1434 723 364 742 359 260 661 270 711 474
is_linear=0
shrinkage=0.05


Tree=30
num_leaves=15
num_cat=0
split_feature=2 2 2 3 8 8 11 12 4 5 2 10 4 11
split_gain=164.973 42.7222 31.4538 13.5238 7.13769 4.28417 6.1521 4.18748 2.85815 2.69314 2.52335 2.38617 2.1747 2.01822
threshold=471.50000000000006 190.25000000000003 769.25000000000011 75.500000000000014 36.500000000000007 46.500000000000007 -0.32614396506100213 -0.022575793296316496 901.88540133086008 0.91680818597141001 320.75000000000006 8.5000000000000018 398.25011997794348 0.36648264796514479
decision_type=2 2 2 2 2 2 2 2 2 2 2 2 2 2
left_child=1 3 5 12 11 6 -2 8 13 -4 -6 -3 -1 -7
right_child=2 4 9 -5 10 7 -8 -9 -10 -11 -12 -13 -14 -15
leaf_value=-4.9067263646666675 0.43937558805121313 -1.0323059790615816 4.7943074291180325 -2.1593431562661878 -0.72694713450942183 -1.0766572060489892 -0.1199343247218394 1.7062819531533422 3.9353129320746518 4.7736102134385474 0.13614083869360913 -0.22761711982283261 -3.6193152387156027 1.3236006609115805
leaf_weight=545 102 89 213 200 443 138 231 303 151 428 395 97 80 99
leaf_count=545 102 89 213 200 443 138 231 303 151 428 395 97 80 99
internal_value=-0.000426257 -0.0106931 0.0109731 -0.0191265 -0.00383868 0.00549077 0.000813609 0.0077227 0.00419847 0.0196207 -0.00183867 -0.0125654 -0.0227381 0.00072314
internal_weight=3514 1849 1665 825 1024 1024 333 691 388 641 838 186 625 237
internal_count=3514 1849 1665 825 1024 1024 333 691 388 641 838 186 625 237
is_linear=0
shrinkage=0.05


Tree=31
num_leaves=15
num_cat=0
split_feature=2 0 0 4 5 1 12 4 7 0 5 4 8 11
split_gain=156.239 46.9063 25.1355 11.9906 9.71552 6.23235 3.68946 3.40222 3.17378 2.73554 2.65228 3.66896 2.099 2.08254
threshold=320.75000000000006 778.50000000000011 136.50000000000003 134.25571581260175 1.2996010590322131 760.50000000000011 -0.22700609751797865 406.95194037383743 32.250000000000007 459.50000000000006 0.76405935226875255 431.29735975741153 45.500000000000007 -0.37447345805034543
decision_type=2 2 2 2 2 2 2 2 2 2 2 2 2 2
left_child=2 4 7 -4 5 8 -7 -1 9 -2 11 -5 -10 -13
right_child=1 -3 3 10 -6 6 -8 -9 12 -11 -12 13 -14 -15
leaf_value=-5.1613900464333344 0.12185693693276108 4.8267215033879722 -1.9170637734899558 -1.1086989058746568 -0.22452140549913083 1.1270220359430738 2.4401830983880815 -4.9232372982979955 -0.30798004437251053 0.61696412025551695 0.11035487355993184 -2.3867786178513257 0.23769905506225514 -0.022889267596910658
leaf_weight=466 330 520 123 132 128 148 231 92 90 617 130 186 112 196
leaf_count=466 330 520 123 132 128 148 231 92 90 617 130 186 112 196
internal_value=-0.000121221 0.00811554 -0.0136278 -0.00767487 0.00397351 0.00508806 0.010612 -0.0216696 0.0032279 0.00443803 -0.00485362 -0.00645472 -0.00241546 -0.00387597
internal_weight=3501 2176 1325 767 1656 1528 379 558 1149 947 644 514 202 382
internal_count=3501 2176 1325 767 1656 1528 379 558 1149 947 644 514 202 382
is_linear=0
shrinkage=0.05


Tree=32
num_leaves=15
num_cat=0
split_feature=0 0 0 4 5 12 4 1 3 3 1 2 12 7
split_gain=157.585 47.4357 26.9222 16.9868 5.79968 5.53696 4.40594 3.38458 3.36717 4.1198 5.08273 2.23843 1.98791 1.84282
threshold=496.50000000000006 142.50000000000003 778.50000000000011 134.25571581260175 1.1387448990489648 -0.022575793296316496 296.40506010141956 729.50000000000011 -68.499999999999986 -1.0000000180025095e-35 153.50000000000003 643.50000000000011 -0.45273527932988084 25.750000000000004
decision_type=2 2 2 2 2 2 2 2 2 2 2 2 2 2
left_child=1 6 4 -3 5 12 -1 11 -5 13 -11 -7 -2 -10
right_child=2 3 -4 8 -6 7 -8 -9 9 10 -12 -13 -14 -15
leaf_value=-5.0033205441116682 2.3050116453321552 -1.9273974623639718 4.7814582341129039 0.21365559022327149 -0.067455482047512311 0.90077444777641069 -4.2735753575525637 2.3198567055769899 -0.069166343841165198 -1.334423501747608 0.32345970855504264 0.026056096330182757 -0.52368682228280083 -0.65115133655821755
leaf_weight=475 261 124 520 408 161 159 113 249 112 292 240 86 138 212
leaf_count=475 261 124 520 408 161 159 113 249 112 292 240 86 138 212
internal_value=-9.84529e-05 -0.00949016 0.0116846 -0.00441493 0.00703494 0.00860245 -0.0213322 0.0121242 -0.00263987 -0.00441347 -0.00167598 0.0077 0.00414604 -0.00881459
internal_weight=3550 1976 1574 1388 1054 893 588 494 1264 856 532 245 399 324
internal_count=3550 1976 1574 1388 1054 893 588 494 1264 856 532 245 399 324
is_linear=0
shrinkage=0.05


Tree=33
num_leaves=15
num_cat=0
split_feature=0 0 0 4 8 12 11 10 4 12 2 6 2 9
split_gain=146.645 46.2357 19.123 9.71525 7.91655 9.4071 8.84159 5.19331 4.74985 4.5029 3.08269 3.05239 2.94363 2.76747
threshold=285.50000000000006 778.50000000000011 136.50000000000003 75.384457071920934 36.500000000000007 -0.19337245081799007 -0.32614396506100213 14.500000000000002 284.0885623890436 0.063390085881955341 381.75000000000006 1.0414745252296445 715.75000000000011 66.500000000000014
decision_type=2 2 2 2 2 2 2 2 2 2 2 2 2 2
left_child=2 4 8 -4 6 10 -2 12 -1 -5 -6 -12 -7 -8
right_child=1 -3 3 9 5 7 13 -9 -10 -11 11 -13 -14 -15
leaf_value=-4.7531545169060854 0.25471737889385226 4.5216663276802365 -1.8999808292676725 -0.65154145370878647 -1.6136431916349239 1.1812178234726047 -0.31471610140780087 0.19620809602372732 -3.3562218644572983 -0.71980120162642303 1.5424497014469041 -0.83500502741581784 3.3028947758178449 0.0014600296045045981
leaf_weight=460 133 519 84 338 221 327 216 201 114 165 406 109 159 83
leaf_count=460 133 519 84 338 221 327 216 201 114 165 406 109 159 83
internal_value=-0.000247175 0.00687264 -0.0147727 -0.00831926 0.0031586 0.00495448 -0.002746 0.00914017 -0.0212435 -0.00556102 0.00101215 0.003125 0.0119145 -0.00748355
internal_weight=3535 2374 1161 587 1855 1423 432 687 574 503 736 515 486 299
internal_count=3535 2374 1161 587 1855 1423 432 687 574 503 736 515 486 299
is_linear=0
shrinkage=0.05


Tree=34
num_leaves=15
num_cat=0
split_feature=2 2 4 4 11 3 3 9 5 12 3 8 10 7
split_gain=137.997 46.6643 22.2018 9.63107 5.46698 7.17523 5.16729 4.38947 4.38013 3.62332 3.28506 2.59218 2.56947 2.48205
threshold=253.25000000000003 790.25000000000011 406.95194037383743 696.3299064313245 0.02042587909481499 -66.499999999999986 49.500000000000007 16.500000000000004 0.69201011679019586 -0.19337245081799007 -47.499999999999993 54.500000000000007 14.500000000000002 25.150000000000002
decision_type=2 2 2 2 2 2 2 2 2 2 2 2 2 2
left_child=2 3 6 4 8 -6 10 -7 -2 -10 -1 -3 -5 -4
right_child=1 11 13 12 5 7 -8 -9 9 -11 -12 -13 -14 -15
leaf_value=-2.049342815677798 -1.405931993987261 4.1534373995075669 -4.2937040533234452 2.1494455507476178 0.34938290746790984 -0.41142224904505725 -1.97110867868224 -0.11138830027361878 -0.83326921577723856 0.28100377278851457 -3.915496791060781 4.9740627210848576 0.27227480565965723 -0.59726775309645175
leaf_weight=91 133 403 127 644 157 193 116 172 81 312 513 164 209 233
leaf_count=91 133 403 127 644 157 193 116 172 81 312 513 164 209 233
internal_value=-0.000295525 0.00622725 -0.0151613 0.00245278 -0.000759734 -0.00436433 -0.0202069 -0.00817568 0.00282486 0.00546482 -0.0220854 0.01875 0.00638112 -0.00493151
internal_weight=3548 2468 1080 1901 1048 522 720 365 526 393 604 567 853 360
internal_count=3548 2468 1080 1901 1048 522 720 365 526 393 604 567 853 360
is_linear=0
shrinkage=0.05


Tree=35
num_leaves=15
num_cat=0
split_feature=0 2 0 4 0 8 4 8 11 12 7 8 5 12
split_gain=133.225 45.3794 20.6846 11.993 8.03211 4.56684 3.81321 3.38182 6.88345 3.38656 3.52674 3.3405 2.55815 2.00641
threshold=285.50000000000006 790.25000000000011 126.50000000000001 75.384457071920934 496.50000000000006 52.500000000000007 331.15835355179382 46.500000000000007 -0.35846811432664222 -0.13398942717002907 28.450000000000003 34.500000000000007 0.76405935226875255 -0.8142754349318998
decision_type=2 2 2 2 2 2 2 2 2 2 2 2 2 2
left_child=2 4 6 -4 11 -5 -1 8 -6 10 -9 -2 -7 -13
right_child=1 -3 3 5 7 12 -8 9 -10 -11 -12 13 -14 -15
leaf_value=-4.6130296502768919 -0.33171917584809596 4.3457655295321898 -1.6402537082293507 -1.0721826291146386 0.45872369858534512 -0.71589921616918994 -3.7975019986864185 -1.9590246518569303 -0.07839686339754337 1.6291593072574728 2.3077389494963483 -1.4920467230924048 0.22282956936646628 0.2136639630741769
leaf_weight=437 147 563 95 90 99 344 96 106 266 304 207 208 94 451
leaf_count=437 147 563 95 90 99 344 96 106 266 304 207 208 94 451
internal_value=-0.000263383 0.00656834 -0.0141258 -0.00784236 0.00264919 -0.00478424 -0.021329 0.00567376 0.00182432 0.00791801 0.00416667 -0.00104809 -0.00259594 0.000489458
internal_weight=3507 2351 1156 623 1788 528 533 982 365 617 313 806 438 659
internal_count=3507 2351 1156 623 1788 528 533 982 365 617 313 806 438 659
is_linear=0
shrinkage=0.05


Tree=36
num_leaves=15
num_cat=0
split_feature=2 2 4 4 10 4 11 3 10 5 7 12 9 12
split_gain=124.896 41.3645 21.5253 10.013 6.08377 10.5375 4.3484 5.54135 3.54473 3.30641 3.12776 3.90383 2.91456 2.89042
threshold=253.25000000000003 812.25000000000011 252.27534445162021 696.3299064313245 16.500000000000004 84.352046173810464 -0.46801505794253101 -65.499999999999986 13.500000000000002 0.81279094712619593 27.650000000000002 1.0000000180025095e-35 36.500000000000007 -0.18493013702746822
decision_type=2 2 2 2 2 2 2 2 2 2 2 2 2 2
left_child=2 3 4 6 5 -1 10 13 9 -5 11 -2 -9 -8
right_child=1 -3 -4 8 -6 -7 7 12 -10 -11 -12 -13 -14 -15
leaf_value=-1.6519620420981369 -0.1168684672026032 4.6419134430851674 -1.1463308711266607 2.8339199121069956 -4.4890704689938969 -0.23341348814533661 -0.66649526493664268 -0.36532730723341161 0.51053564406716423 1.8512913830091919 -0.40102383120131724 0.37345960104848364 -0.065994019147522925 0.77008046290000898
leaf_weight=137 112 479 449 313 373 103 92 241 440 185 92 163 214 123
leaf_count=137 112 479 449 313 373 103 92 241 440 185 92 163 214 123
internal_value=-0.000241409 0.00595771 -0.0145267 0.0027399 -0.0205906 -0.0138776 -0.000647793 -0.00303704 0.00646872 0.00934394 0.00369624 0.00633929 -0.0061413 0.00352273
internal_weight=3516 2454 1062 1975 613 240 1037 670 938 498 367 275 455 215
internal_count=3516 2454 1062 1975 613 240 1037 670 938 498 367 275 455 215
is_linear=0
shrinkage=0.05


Tree=37
num_leaves=15
num_cat=0
split_feature=2 0 4 0 8 12 11 8 10 4 11 11 4 1
split_gain=121.947 45.7937 16.0752 10.3629 5.91453 7.87513 6.69184 3.2633 2.82139 5.09776 2.27667 2.2639 2.12902 1.81728
threshold=215.50000000000003 785.50000000000011 228.70521935916278 496.50000000000006 40.500000000000007 -0.13398942717002907 -0.35846811432664222 36.500000000000007 16.500000000000004 57.089627456397757 -0.31799228562170639 0.52033990680116082 929.87139200744252 739.50000000000011
decision_type=2 2 2 2 2 2 2 2 2 2 2 2 2 2
left_child=2 3 8 7 6 12 -5 11 9 -1 -4 -2 -6 -7
right_child=1 -3 10 4 5 13 -8 -9 -10 -11 -12 -13 -14 -15
leaf_value=-1.7142574138585935 -0.04958922750200543 3.746381580901323 -2.5916359898046673 0.35757960932852201 -0.17091501237015339 0.9449771142400295 -0.1297930563446073 -0.079350401104063911 -4.3646169455442019 -0.72580942728445452 -0.57385208712331348 -0.68480366307193208 3.0172890935734302 2.4622684962323662
leaf_weight=114 95 497 198 90 209 202 231 868 354 80 161 91 157 200
leaf_count=114 95 497 198 90 209 202 231 868 354 80 161 91 157 200
internal_value=-0.000654561 0.00478261 -0.01642 0.00159451 0.00500457 0.00737387 -0.000690184 -0.00193579 -0.0217902 -0.0160804 -0.00803571 -0.0078534 0.00202156 0.0121622
internal_weight=3547 2640 907 2143 1089 768 321 1054 548 194 359 186 366 402
internal_count=3547 2640 907 2143 1089 768 321 1054 548 194 359 186 366 402
is_linear=0
shrinkage=0.05


Tree=38
num_leaves=15
num_cat=0
split_feature=2 0 4 4 11 8 10 4 0 12 12 10 4 6
split_gain=123.307 40.0167 21.5497 7.56029 6.2549 6.2737 5.56832 9.911 5.49862 5.10073 3.96573 3.36321 2.83037 2.78113
threshold=253.25000000000003 788.50000000000011 252.27534445162021 849.52888445713825 -0.32614396506100213 49.500000000000007 16.500000000000004 84.352046173810464 474.50000000000006 -0.93543596745397617 0.6174544326165855 11.500000000000002 448.927077744766 0.97891537227607339
decision_type=2 2 2 2 2 2 2 2 2 2 2 2 2 2
left_child=2 3 6 4 8 -6 7 -1 12 -7 -10 -11 -2 -3
right_child=1 13 -4 -5 5 9 -8 -9 10 11 -12 -13 -14 -15
leaf_value=-1.4836510693002993 0.21150745511327784 2.2695710514682133 -1.1012452871626466 3.2465793201502864 -0.20510686921349475 -1.8882682721130266 -4.0463860982669919 -0.30481968983594643 0.46661980030707473 1.015146932269795 0.95490758229155981 0.1050106069258078 -0.97757074305381486 4.2516148370200995
leaf_weight=141 129 102 463 410 423 130 371 105 201 145 128 213 185 383
leaf_count=141 129 102 463 410 423 130 371 105 201 145 128 213 185 383
internal_value=-0.000573005 0.00563366 -0.0146083 0.00243779 0.000833868 -0.0018286 -0.0206994 -0.0143426 0.00459105 0.0020284 0.00905689 0.00509642 -0.00015674 0.0184184
internal_weight=3529 2449 1080 1964 1554 911 617 246 643 488 329 358 314 485
internal_count=3529 2449 1080 1964 1554 911 617 246 643 488 329 358 314 485
is_linear=0
shrinkage=0.05


Tree=39
num_leaves=15
num_cat=0
split_feature=2 2 4 2 11 12 8 10 6 11 10 4 3 3
split_gain=120.838 41.7572 20.4369 7.02394 4.47243 5.01247 4.95081 3.49842 2.92169 2.88058 2.67239 5.10502 2.47497 4.99249
threshold=217.75000000000003 812.25000000000011 228.70521935916278 505.75000000000006 -0.35846811432664222 0.59003219687534991 5.5000000000000009 14.500000000000002 0.97891537227607339 -0.97509794945709805 16.500000000000004 57.089627456397757 7.5000000000000009 -19.499999999999996
decision_type=2 2 2 2 2 2 2 2 2 2 2 2 2 2
left_child=2 3 10 12 5 9 -6 -8 -3 -5 11 -1 13 -2
right_child=1 8 -4 4 6 -7 7 -9 -10 -11 -12 -13 -14 -15
leaf_value=-1.5820646149118034 -0.018204185244962902 2.4095501326065492 -1.2337993172880459 2.2402986923593802 -0.15442731600264212 1.2539955511530536 0.71712078903534859 -0.20897257602439226 4.3165751944253374 0.23237958756229204 -3.9440667933536417 -0.72793942046166793 0.38783155054495638 -0.42012339898948881
leaf_weight=114 477 80 386 86 105 128 386 152 400 220 357 86 391 155
leaf_count=114 477 80 386 86 105 128 386 152 400 220 357 86 391 155
internal_value=-0.000474773 0.00512573 -0.0157437 0.00206651 0.00487523 0.00876993 0.00219907 0.00414365 0.0183505 0.00514469 -0.0218416 -0.0163415 -0.000899805 -0.00282575
internal_weight=3523 2580 943 2100 1077 434 643 538 480 306 557 200 1023 632
internal_count=3523 2580 943 2100 1077 434 643 538 480 306 557 200 1023 632
is_linear=0
shrinkage=0.05


Tree=40
num_leaves=15
num_cat=0
split_feature=2 0 4 2 10 4 8 7 3 12 8 3 6 6
split_gain=110.035 37.9794 22.4943 6.81369 6.3703 9.64744 5.92293 6.37089 4.0974 3.70586 3.00172 2.72257 2.63483 2.58268
threshold=253.25000000000003 792.50000000000011 252.27534445162021 521.25000000000011 16.500000000000004 75.384457071920934 38.500000000000007 27.750000000000004 2.5000000000000004 -0.19337245081799007 26.500000000000004 -33.499999999999993 1.0473735686863634 0.97891537227607339
decision_type=2 2 2 2 2 2 2 2 2 2 2 2 2 2
left_child=2 3 4 8 5 -1 7 -5 10 12 -2 -11 -8 -3
right_child=1 13 -4 6 -6 -7 9 -9 -10 11 -12 -13 -14 -15
leaf_value=-1.4445622207921325 -0.47084568984772091 2.2808564177608135 -1.0195802364660105 0.26428758623861198 -3.5968634536859598 -0.33986757932079714 1.8150206798386308 -0.16084582255448937 0.58523130352277808 1.9455956261610141 -0.12112880387656305 0.12866922072059025 -1.4318880532731471 3.8709667718909659
leaf_weight=132 105 94 458 107 368 113 229 188 367 353 482 82 86 369
leaf_count=132 105 94 458 107 368 113 229 188 367 353 482 82 86 369
internal_value=-0.000855003 0.00496555 -0.0141961 0.00195858 -0.0204288 -0.0137 0.0047381 -0.00125 -0.00109489 0.00708609 -0.00367399 0.0100568 0.00289063 0.0177885
internal_weight=3533 2462 1071 1999 613 245 1045 295 954 750 587 435 315 463
internal_count=3533 2462 1071 1999 613 245 1045 295 954 750 587 435 315 463
is_linear=0
shrinkage=0.05


Tree=41
num_leaves=15
num_cat=0
split_feature=2 2 4 0 8 6 10 11 10 12 3 11 9 11
split_gain=103.154 39.165 16.3366 8.85771 4.0605 3.49812 2.92481 2.64278 2.38403 2.31397 4.19325 4.99785 3.00813 1.80163
threshold=190.25000000000003 814.50000000000011 228.70521935916278 496.50000000000006 34.500000000000007 0.9809822651663046 16.500000000000004 -0.36647417525074694 7.5000000000000009 -0.022575793296316496 -33.499999999999993 -0.39036798905311365 15.500000000000002 0.38243310158943505
decision_type=2 2 2 2 2 2 2 2 2 2 2 2 2 2
left_child=2 3 6 4 13 -3 8 -4 -1 -5 -11 -12 -13 -2
right_child=1 5 7 9 -6 -7 -8 -9 -10 10 11 12 -14 -15
leaf_value=-2.0087055892954866 -0.10518408515877553 2.1389959884118865 -2.1389912368939421 0.27001304028403011 -0.090207223663293951 4.1688227567042251 -3.5670202810016622 -0.38063745391214354 -0.79513282671223706 1.4949279325517069 0.36845545160167892 -0.26121834105763497 0.089541529180311843 -0.70935712681156537
leaf_weight=84 82 87 148 454 946 370 352 153 82 276 149 98 106 108
leaf_count=84 82 87 148 454 946 370 352 153 82 276 149 98 106 108
internal_value=-0.00106429 0.00369265 -0.0165352 0.000933004 -0.00214724 0.0169372 -0.0218929 -0.00710784 -0.0154971 0.00415901 0.00611199 0.00244413 -0.00263158 -0.00871795
internal_weight=3495 2676 819 2219 1136 457 518 301 166 1083 629 353 204 190
internal_count=3495 2676 819 2219 1136 457 518 301 166 1083 629 353 204 190
is_linear=0
shrinkage=0.05


Tree=42
num_leaves=15
num_cat=0
split_feature=4 1 10 4 0 1 12 3 12 1 3 7 11 7
split_gain=102.073 37.9342 16.2378 13.2135 7.30624 5.69062 4.9435 3.73831 4.31266 3.33409 3.93609 3.4994 3.33061 1.83825
threshold=270.3506616214292 794.50000000000011 16.500000000000004 114.17365714260659 816.50000000000011 83.500000000000014 -0.23537842981696178 17.500000000000004 0.21652257995689161 534.50000000000011 -7.4999999999999991 34.95000000000001 -0.57078386445773377 29.450000000000003
decision_type=2 2 2 2 2 2 2 2 2 2 2 2 2 2
left_child=2 5 3 -1 6 -2 -3 9 13 -7 11 -11 -5 -9
right_child=1 4 -4 12 -6 7 -8 8 -10 10 -12 -13 -14 -15
leaf_value=-1.1736644155718652 -2.3256810390173825 0.26060646887025313 -3.2886692669515791 0.14434128123879475 3.9158382515807433 -0.20306377975526574 1.931844451730595 -0.3060562295695789 1.1095000512507924 0.29543592282220743 -0.2307691257443196 -0.62047359846724537 -0.47235501429730964 1.2382778738679421
leaf_weight=166 215 147 377 101 339 505 218 264 134 581 84 81 117 193
leaf_count=166 215 147 377 101 339 505 218 264 134 581 84 81 117 193
internal_value=-0.00104905 0.00342552 -0.0171997 -0.00976864 0.0133992 -1.21242e-05 0.00831081 0.000893341 0.00415268 -0.000656847 0.00146471 0.00277361 -0.00156951 0.00178571
internal_weight=3522 2761 761 384 704 2057 365 1842 591 1251 746 662 218 457
internal_count=3522 2761 761 384 704 2057 365 1842 591 1251 746 662 218 457
is_linear=0
shrinkage=0.05


Tree=43
num_leaves=15
num_cat=0
split_feature=4 0 0 11 0 12 1 11 8 11 4 1 3 4
split_gain=96.3271 36.4512 14.9337 10.8119 10.0417 4.03155 5.07058 3.63491 4.71336 4.28292 3.18865 2.92439 2.07092 2.06665
threshold=267.28720860849029 816.50000000000011 114.50000000000001 -0.69057362043749781 507.50000000000006 1.0000000180025095e-35 824.50000000000011 -0.34235669412071207 46.500000000000007 -0.69057362043749781 930.41410571168501 534.50000000000011 -235.49999999999997 75.384457071920934
decision_type=2 2 2 2 2 2 2 2 2 2 2 2 2 2
left_child=2 4 -1 -4 11 10 7 9 -9 -7 -6 -2 -13 -5
right_child=1 -3 3 13 5 6 -8 8 -10 -11 -12 12 -14 -15
leaf_value=-3.2242358036040004 -0.35975249055608177 3.726458975138442 0.146298512980718 -1.0611830515704526 -0.14862930461221141 0.20626618869731886 2.6985052757501138 -0.11117718697813928 0.91751768218381358 0.93207130126768911 2.5568980966671635 -0.86429069159269722 0.82048356549570944 -0.42212695685286694
leaf_weight=415 992 372 80 88 315 138 135 196 113 85 176 99 148 161
leaf_count=415 992 372 80 88 315 138 135 196 113 85 176 99 148 161
internal_value=-0.000845651 0.00345169 -0.0167557 -0.00860778 0.0011761 0.00451419 0.00703125 0.0047486 0.00119427 0.00953947 0.00105847 -0.00194936 0.00287698 -0.0136811
internal_weight=3513 2769 744 329 2397 1158 667 532 309 223 491 1239 247 249
internal_count=3513 2769 744 329 2397 1158 667 532 309 223 491 1239 247 249
is_linear=0
shrinkage=0.05


Tree=44
num_leaves=15
num_cat=0
split_feature=2 1 4 0 0 12 11 8 0 12 4 11 4 7
split_gain=95.1022 36.0144 13.2754 11.0861 7.78286 5.49832 3.64165 5.51527 4.6985 3.33106 2.64123 2.62688 2.4578 2.41023
threshold=149.25000000000003 760.50000000000011 114.17365714260659 118.50000000000001 830.50000000000011 -0.022575793296316496 -0.48314718476766422 41.500000000000007 518.50000000000011 0.69521084835931835 930.41410571168501 -0.98214942551678475 221.97328546240166 25.650000000000002
decision_type=2 2 2 2 2 2 2 2 2 2 2 2 2 2
left_child=3 2 -2 12 5 10 9 -8 13 11 -3 -4 -1 -9
right_child=1 4 6 -5 -6 -7 7 8 -10 -11 -12 -13 -14 -15
leaf_value=-3.1630240134238004 -0.91291714007710567 -0.14203861913362631 0.93818791643568678 -0.7120939434258361 3.9965486625182565 1.0036161977080582 -0.23817410068622566 -1.1804500816598391 1.2055512492352989 0.36145188731950101 2.8627981675751815 0.021610604035214465 -2.7765042319274005 -0.0088838038196428215
leaf_weight=368 85 138 122 177 307 306 309 119 266 103 104 517 117 485
leaf_count=368 85 138 122 177 307 306 309 119 266 103 104 517 117 485
internal_value=-0.000687358 0.00327111 -0.000397812 -0.0176912 0.0118314 0.00813743 0.00048027 -0.00124578 0.0008 0.00321285 0.00242915 0.00182453 -0.0215816 -0.00164204
internal_weight=3523 2861 2006 662 855 548 1921 1179 870 742 242 639 485 604
internal_count=3523 2861 2006 662 855 548 1921 1179 870 742 242 639 485 604
is_linear=0
shrinkage=0.05


Tree=45
num_leaves=15
num_cat=0
split_feature=0 2 4 4 4 12 3 7 11 12 0 1 0 8
split_gain=90.3947 42.3392 14.9083 6.45255 5.6373 3.65072 3.00129 4.29749 3.28404 2.72985 2.1499 1.98548 2.36692 1.96956
threshold=118.50000000000001 814.50000000000011 104.00414500727807 203.5782616702721 730.9179222680782 -0.039769286347669845 -66.499999999999986 26.850000000000005 0.46039464932087154 0.74298546529340237 86.500000000000014 696.50000000000011 533.50000000000011 50.500000000000007
decision_type=2 2 2 2 2 2 2 2 2 2 2 2 2 2
left_child=3 2 -2 -1 6 -6 8 9 -4 -8 -5 12 13 -9
right_child=1 -3 4 10 5 -7 7 11 -10 -11 -12 -13 -14 -15
leaf_value=-3.3548728127526104 -0.94265322246924088 3.0101574194219269 -0.17447877604871564 -1.8914502981638934 0.66989051477735306 0.95467932239718611 -0.088066451431402015 -0.50393515325763194 0.59169648591634005 0.18179436338612334 -0.55615058188594446 -0.33627650702238726 0.042562970872842248 -0.36035011146697687
leaf_weight=320 112 469 279 125 567 363 287 159 144 151 89 80 139 254
leaf_count=320 112 469 279 125 567 363 287 159 144 151 89 80 139 254
internal_value=-0.000903189 0.00247591 -8.85827e-05 -0.0197588 0.000751647 0.00379679 -0.00115154 -0.00255814 0.00239486 0.00124153 -0.0125571 -0.00518053 -0.0040395 -0.00592105
internal_weight=3538 3004 2535 534 2423 930 1493 1070 423 438 214 632 552 413
internal_count=3538 3004 2535 534 2423 930 1493 1070 423 438 214 632 552 413
is_linear=0
shrinkage=0.05


Tree=46
num_leaves=15
num_cat=0
split_feature=0 2 4 4 4 6 10 8 3 5 3 3 11 9
split_gain=83.7813 33.0531 16.6029 7.84286 6.2903 3.98664 5.43695 3.96215 3.50328 3.80332 3.58074 3.97083 2.98206 3.33241
threshold=118.50000000000001 837.75000000000011 75.384457071920934 203.5782616702721 730.9179222680782 0.20575750949163155 13.500000000000002 44.500000000000007 -66.499999999999986 0.76405935226875255 19.500000000000004 84.500000000000014 0.22386011952790016 7.5000000000000009
decision_type=2 2 2 2 2 2 2 2 2 2 2 2 2 2
left_child=3 2 -2 -1 8 -6 -7 -8 9 -4 12 -12 13 -10
right_child=1 -3 4 -5 5 6 7 -9 10 -11 11 -13 -14 -15
leaf_value=-3.1871291721149806 -0.87352757324010788 3.2596495484508297 -0.23354818250581105 -1.363314286689143 -2.9036419588390956 1.7359446958354057 -0.23853841907850326 1.1804793544011518 0.16861557083321374 0.76609672608675228 0.41752116838358549 -0.35008232639141712 -0.28333639889872303 -0.087408394950269044
leaf_weight=307 93 377 239 208 122 474 87 316 95 177 146 296 357 220
leaf_count=307 93 377 239 208 122 474 87 316 95 177 146 296 357 220
internal_value=-0.000653595 0.00255493 0.00055196 -0.0191827 0.00133189 0.00440737 0.0055839 0.00128676 -0.000684039 0.00320665 -0.00214477 0.00134228 -0.00443131 -0.000859375
internal_weight=3514 2999 2622 515 2529 999 877 403 1530 416 1114 442 672 315
internal_count=3514 2999 2622 515 2529 999 877 403 1530 416 1114 442 672 315
is_linear=0
shrinkage=0.05


Tree=47
num_leaves=15
num_cat=0
split_feature=0 1 4 0 4 12 4 12 3 3 1 6 4 11
split_gain=76.6941 32.1382 14.8815 7.03236 4.24591 4.19365 3.6785 3.49954 3.35057 4.45283 4.05148 3.17555 3.06238 2.87962
threshold=90.500000000000014 791.50000000000011 75.384457071920934 839.50000000000011 706.46180495003728 1.0000000180025095e-35 861.94786094539438 -0.87810534180523914 -66.499999999999986 19.500000000000004 83.500000000000014 0.19998215394396199 203.5782616702721 0.42958674266195179
decision_type=2 2 2 2 2 2 2 2 2 2 2 2 2 2
left_child=12 2 -2 5 7 6 -3 -4 -9 13 -11 -6 -1 -10
right_child=1 3 4 -5 11 -7 -8 8 9 10 -12 -13 -14 -15
leaf_value=-3.3277727135092317 -0.88725810887599299 -0.26889903564195949 -1.5645172494043438 3.681112916047022 -2.5958448545457573 1.2153957723423419 2.3527196420113912 0.33496796673207996 -0.030266939848351628 -0.59117726043631691 0.59261444217010539 0.94084888015303825 -1.6421345835099588 -0.33135883503341007
leaf_weight=276 109 84 235 288 124 214 122 342 339 106 201 631 128 312
leaf_count=276 109 84 235 288 124 214 122 342 339 106 201 631 128 312
internal_value=-0.000917235 0.00175932 -0.00100874 0.0110799 -0.000130719 0.00682353 0.00165877 -0.00163961 -0.000613027 -0.00212876 0.00280449 0.00292763 -0.0212714 -0.00445884
internal_weight=3511 3107 2399 708 2290 420 206 1535 1300 958 307 755 404 651
internal_count=3511 3107 2399 708 2290 420 206 1535 1300 958 307 755 404 651
is_linear=0
shrinkage=0.05


Tree=48
num_leaves=15
num_cat=0
split_feature=0 2 4 0 4 7 8 12 5 12 11 4 9 3
split_gain=74.3622 32.0565 13.5596 6.27521 4.8886 4.35234 3.38084 3.25356 3.10189 4.4178 3.00368 2.46747 2.39553 1.98634
threshold=99.500000000000014 837.75000000000011 75.384457071920934 507.50000000000006 203.5782616702721 34.850000000000001 35.500000000000007 -0.8142754349318998 0.6824886151650853 0.1318557721318592 -0.36647417525074694 830.05838701828168 6.5000000000000009 -33.499999999999993
decision_type=2 2 2 2 2 2 2 2 2 2 2 2 2 2
left_child=4 2 -2 6 -1 13 -4 10 9 -9 -8 -12 -3 -5
right_child=1 12 3 5 -6 -7 7 8 -10 -11 11 -13 -14 -15
leaf_value=-3.1113840778337698 -0.83110423998162875 3.4460456130962713 -0.21034831930099573 1.3504231188242557 -1.5033355531036101 -0.29766872400390415 -3.8723861048471564 0.44375436611065455 0.2549156371853542 -0.56937545440448223 -0.7774400473461498 2.6969065894496995 2.511208929555599 0.11542681257511447
leaf_weight=277 96 214 202 433 153 148 99 319 323 181 237 80 166 548
leaf_count=277 96 214 202 433 153 148 99 319 323 181 237 80 166 548
internal_value=-0.00066073 0.00209767 0.000149757 0.000854369 -0.02 0.00363757 -0.00133126 -0.00034164 0.00147947 -0.000990099 -0.00391924 -0.00147516 0.0155844 0.0048428
internal_weight=3476 3046 2666 2570 430 1129 1441 1239 823 500 416 317 380 981
internal_count=3476 3046 2666 2570 430 1129 1441 1239 823 500 416 317 380 981
is_linear=0
shrinkage=0.05


Tree=49
num_leaves=15
num_cat=0
split_feature=0 2 4 4 6 10 8 3 11 8 6 8 9 3
split_gain=71.2487 35.1953 15.8277 5.55162 3.44572 4.32545 3.89961 3.16066 3.391 2.82938 2.57037 2.42598 2.39252 3.56249
threshold=86.500000000000014 837.75000000000011 134.25571581260175 730.9179222680782 0.19998215394396199 13.500000000000002 44.500000000000007 -72.499999999999986 -0.49813634056773481 66.500000000000014 0.9885919190491893 56.500000000000007 36.500000000000007 -19.499999999999996
decision_type=2 2 2 2 2 2 2 2 2 2 2 2 2 2
left_child=-1 2 -2 7 -5 -6 -7 9 11 -4 -3 -9 13 -10
right_child=1 10 3 4 5 6 -8 8 12 -11 -12 -13 -14 -15
leaf_value=-2.8220169457489401 -0.74133288495513061 1.2983886676594751 0.60649674624669958 -2.6365964752179964 1.434157890846862 -0.22405355482466405 0.92448458609635231 0.10184342611243268 -0.13487000604431501 0.011352755587651586 3.6268729545415344 -0.14971036775736479 -0.12860516841633968 -0.32541146110799846
leaf_weight=382 146 83 114 129 482 86 330 179 184 272 291 246 456 137
leaf_count=382 146 83 114 129 482 86 330 179 184 272 291 246 456 137
internal_value=-0.000688529 0.00180732 -0.000153651 0.000753817 0.0036095 0.00470653 0.000950119 -0.00109856 -0.00236123 0.0028133 0.016095 0.00122093 -0.00431586 -0.00759202
internal_weight=3517 3135 2761 2615 1027 898 416 1588 1202 386 374 425 777 321
internal_count=3517 3135 2761 2615 1027 898 416 1588 1202 386 374 425 777 321
is_linear=0
shrinkage=0.05


Tree=50
num_leaves=15
num_cat=0
split_feature=0 2 4 0 8 10 6 12 5 11 5 12 4 6
split_gain=72.7044 30.5945 14.8361 5.81506 4.02327 3.7786 5.90798 3.71852 2.85106 3.19461 2.39453 2.49797 2.22026 2.19107
threshold=86.500000000000014 837.75000000000011 75.384457071920934 507.50000000000006 35.500000000000007 13.500000000000002 1.0224614940091163 -0.23537842981696178 1.0526679723353842 -0.19337636264337835 0.76405935226875255 -0.40613878790836594 199.34390958677727 0.9885919190491893
decision_type=2 2 2 2 2 2 2 2 2 2 2 2 2 2
left_child=12 2 -2 4 -4 6 -5 -8 -9 -10 -6 -12 -1 -3
right_child=1 13 3 5 10 -7 7 8 9 -11 11 -13 -14 -15
leaf_value=-2.9147140266546341 -0.7707216852802099 1.3772266961712489 -0.20354620403679677 1.6867733263022502 -0.18423443851987145 -0.044148034235246318 -0.2818245416401709 1.2802794631041594 0.17881157947898033 -0.14452144768717121 -0.27095010409982478 0.32543773306586277 -1.478423223929243 3.4233845908635461
leaf_weight=261 104 85 210 341 1011 381 110 109 89 114 89 199 128 296
leaf_count=261 104 85 210 341 1011 381 110 109 89 114 89 199 128 296
internal_value=-0.000502548 0.00203627 0.00019008 0.000931151 -0.00110634 0.00361184 0.00563151 0.00163934 0.0044164 0.000841346 -5.75153e-05 0.00392491 -0.0207487 0.0152202
internal_weight=3527 3138 2757 2653 1509 1144 763 422 312 203 1299 288 389 381
internal_count=3527 3138 2757 2653 1509 1144 763 422 312 203 1299 288 389 381
is_linear=0
shrinkage=0.05


Tree=51
num_leaves=15
num_cat=0
split_feature=4 0 0 0 4 11 12 10 12 3 5 12 11 9
split_gain=67.8959 29.9362 9.63723 7.07728 5.34694 4.3501 3.80124 2.68198 2.52998 2.41569 3.81524 2.82835 2.25499 2.24934
threshold=197.26264117775796 816.50000000000011 75.500000000000014 118.50000000000001 849.52888445713825 0.25725141817891134 -0.80417042486635371 11.500000000000002 -0.039769286347669845 -66.499999999999986 0.70727112692049643 -0.61915584096709908 -0.35041564478062465 5.5000000000000009
decision_type=2 2 2 2 2 2 2 2 2 2 2 2 2 2
left_child=3 2 -2 -1 6 -5 -4 -3 12 10 -8 -11 -6 -12
right_child=1 7 4 5 8 -7 9 -9 -10 11 13 -13 -14 -15
leaf_value=-2.6675880281313655 -1.4448390681953711 1.7339715071219843 -0.91154397073100457 -0.0074030695273080488 -0.58948626556091743 -0.72330156257075373 -0.17369391354938274 2.9345381014779037 2.2530718863601522 0.57680135215632478 1.1137408395676063 -0.034578709831245648 2.7588564208919237 0.72421995721597343
leaf_weight=282 100 88 442 85 170 113 218 277 129 123 101 982 186 209
leaf_count=282 100 88 442 85 170 113 218 277 129 123 101 982 186 209
internal_value=-0.000363248 0.00241749 0.000562852 -0.017732 0.00116959 -0.0100985 6.00962e-05 0.0157432 0.00586735 0.00117521 0.00393996 -0.000157658 0.00360111 0.00746032
internal_weight=3505 3025 2660 480 2560 198 2075 365 485 1633 528 1105 356 310
internal_count=3505 3025 2660 480 2560 198 2075 365 485 1633 528 1105 356 310
is_linear=0
shrinkage=0.05


Tree=52
num_leaves=15
num_cat=0
split_feature=4 2 4 0 12 12 8 4 3 8 7 4 6 6
split_gain=59.0883 29.2434 9.02909 8.75697 4.56571 4.23756 3.80145 2.80025 2.43275 3.57263 2.32187 2.24939 2.06664 1.67928
threshold=191.8555792283266 862.00000000000011 730.9179222680782 118.50000000000001 -0.88620506325989179 -0.039769286347669845 32.500000000000007 873.26388873969643 -74.499999999999986 65.500000000000014 30.750000000000004 930.41410571168501 1.0037478731454208 1.1499842435033512
decision_type=2 2 2 2 2 2 2 2 2 2 2 2 2 2
left_child=3 2 4 -1 -2 11 -5 10 9 -6 -7 -4 -3 -10
right_child=1 12 5 6 8 7 -8 -9 13 -11 -12 -13 -14 -15
leaf_value=-2.6355989239153339 -2.0048666750644375 1.6198009986342699 -0.46119083438950104 -0.66494632212309102 0.68710395634004728 0.58974815169275419 -0.11251485203617335 2.8265631144226351 -0.020670449103886313 -0.097630753693088934 -0.12144259576112121 1.6224980380105138 3.9754772198676025 -0.10470275880167179
leaf_weight=257 307 83 318 82 108 287 107 99 707 236 94 325 228 318
leaf_count=257 307 83 318 82 108 287 107 99 707 236 94 325 228 318
internal_value=-0.000491435 0.00195827 0.000329886 -0.0174058 -0.00199286 0.00378989 -0.00889175 0.00731959 -0.000745997 0.00286533 0.00524611 0.00111883 0.0163766 -0.00196602
internal_weight=3556 3110 2799 446 1676 1123 189 480 1369 344 381 643 311 1025
internal_count=3556 3110 2799 446 1676 1123 189 480 1369 344 381 643 311 1025
is_linear=0
shrinkage=0.05


Tree=53
num_leaves=15
num_cat=0
split_feature=4 2 1 2 11 4 10 11 8 11 9 7 11 11
split_gain=59.2248 26.4809 7.72343 7.18966 5.0181 4.39711 2.41723 2.51172 2.24058 4.68345 3.96917 2.49575 2.33047 4.96491
threshold=191.8555792283266 862.00000000000011 116.50000000000001 88.750000000000014 0.25725141817891134 861.94786094539438 15.500000000000002 -0.37447345805034543 3.5000000000000004 0.56369777965491019 5.5000000000000009 30.550000000000004 0.92922379131507438 0.69676570133721638
decision_type=2 2 2 2 2 2 2 2 2 2 2 2 2 2
left_child=3 2 6 -1 -5 8 7 -2 9 -4 11 -10 13 -12
right_child=1 -3 5 4 -6 -7 -8 -9 10 -11 12 -13 -14 -15
leaf_value=-2.8288189777195671 -2.8917373015388934 2.9875673640110962 0.057106722331130302 -0.027582304780311519 -0.6635198724694249 1.5885501490990679 -0.83786802223967749 1.5886398873086478 0.32717906001790881 -0.29358394489413514 -0.043844354447585943 0.074302048955068756 -1.421399932216292 0.48206642948530887
leaf_weight=236 112 309 117 83 124 442 232 98 157 111 1118 148 115 129
leaf_count=236 112 309 117 83 124 442 232 98 157 111 1118 148 115 129
internal_value=-0.000699943 0.00176204 0.000206537 -0.0176897 -0.0104953 0.00135568 -0.00581655 -0.00186047 0.000302632 -0.00429185 0.000941986 0.00604839 -0.000219459 0.000419329
internal_weight=3531 3088 2779 443 207 2337 442 210 1895 228 1667 305 1362 1247
internal_count=3531 3088 2779 443 207 2337 442 210 1895 228 1667 305 1362 1247
is_linear=0
shrinkage=0.05


Tree=54
num_leaves=15
num_cat=0
split_feature=4 1 2 0 12 7 4 3 5 7 4 0 2 9
split_gain=56.102 23.5759 8.02922 7.82669 5.45052 5.98249 7.2109 3.81866 5.07638 4.6706 3.52822 3.48022 2.10801 1.99238
threshold=182.17786409726793 926.50000000000011 88.750000000000014 86.500000000000014 -0.19337245081799007 35.150000000000013 785.90021720951665 -37.499999999999993 0.78534318700046979 26.550000000000004 930.41410571168501 664.00000000000011 722.75000000000011 99.500000000000014
decision_type=2 2 2 2 2 2 2 2 2 2 2 2 2 2
left_child=2 3 -1 -2 10 6 7 8 -6 -9 -5 13 -8 -11
right_child=1 -3 -4 4 5 -7 12 9 -10 11 -12 -13 -14 -15
leaf_value=-2.6623780288335888 -0.97711422930497216 3.5445647289288278 -0.46892709885348866 -0.3117240654918888 0.014498566133386249 -1.4406962656298079 1.3389162663067111 0.089250310174654152 0.72184787392244232 -0.14354571241488687 1.6354985791442616 -0.20490592859658818 0.96561419063839937 0.28632435985981886
leaf_weight=225 158 289 199 996 195 83 111 231 165 128 274 138 251 115
leaf_count=225 158 289 199 996 195 83 111 231 165 128 274 138 251 115
internal_value=-0.00040696 0.00191144 -0.017366 0.000517544 0.00116085 0.00328762 0.00410754 0.00184237 0.00589041 -0.000567261 -0.00121569 -0.00395078 0.0100817 -0.000302419
internal_weight=3558 3134 424 2845 2687 1417 1334 972 360 612 1270 381 362 243
internal_count=3558 3134 424 2845 2687 1417 1334 972 360 612 1270 381 362 243
is_linear=0
shrinkage=0.05


Tree=55
num_leaves=15
num_cat=0
split_feature=0 2 5 0 11 0 10 5 11 12 11 11 11 8
split_gain=55.0237 23.085 9.23345 5.59066 4.75558 3.69446 3.1971 5.29009 4.34003 4.1972 3.49841 3.12516 3.62127 3.2415
threshold=75.500000000000014 872.25000000000011 1.2996010590322131 465.50000000000006 0.67167992559793654 241.50000000000003 13.500000000000002 1.0582240780072418 1.0000000180025095e-35 -0.18493013702746822 -0.70291267844185523 0.92922379131507438 0.74443451080969758 41.500000000000007
decision_type=2 2 2 2 2 2 2 2 2 2 2 2 2 2
left_child=-1 2 3 -2 5 -4 7 9 -9 10 -5 12 13 -8
right_child=1 -3 4 6 -6 -7 11 8 -10 -11 -12 -13 -14 -15
leaf_value=-2.3792591273919093 -0.13588528095848035 2.8957120212817844 -0.42472890832152577 -4.1655520072732717 -0.48360915849504099 0.075740890992831572 -0.2166744571306424 0.18570917017560193 -0.1240308776452963 1.0174980399442235 2.2411732084068947 -1.547207566729111 0.67444886129217996 0.22424936529103265
leaf_weight=339 1198 288 84 81 130 110 80 107 182 357 187 86 80 226
leaf_count=339 1198 288 84 81 130 110 80 107 182 357 187 86 80 226
internal_value=-0.000402542 0.00164011 0.000291795 0.00129394 -0.00759878 -0.00251256 0.00345075 0.00516866 -0.00042517 0.0077381 0.0029304 0.000104822 0.00204604 -0.000482315
internal_weight=3535 3196 2908 2584 324 194 1386 914 289 625 268 472 386 306
internal_count=3535 3196 2908 2584 324 194 1386 914 289 625 268 472 386 306
is_linear=0
shrinkage=0.05


Tree=56
num_leaves=15
num_cat=0
split_feature=0 2 4 3 11 12 9 12 6 4 6 3 11 10
split_gain=55.1511 23.7026 9.32571 5.02196 4.83101 6.6518 4.6483 4.05226 4.52915 3.95919 2.88621 2.88568 2.77996 3.11634
threshold=75.500000000000014 846.25000000000011 134.25571581260175 -48.499999999999993 -0.46801505794253101 0.73136292505298039 83.500000000000014 -0.18493013702746822 0.91071068558917423 187.04766040366846 0.99376522253662469 -19.499999999999996 -0.26037633224328088 15.500000000000002
decision_type=2 2 2 2 2 2 2 2 2 2 2 2 2 2
left_child=9 2 -2 7 5 -5 11 -4 -9 -1 -3 -6 -8 -14
right_child=1 10 3 4 6 -7 12 8 -10 -11 -12 -13 13 -15
leaf_value=-2.5602961710223142 -0.53261023950774489 0.9339937105473155 0.088414918925354871 0.015203074056578104 -0.11545554960825655 0.38633504246645317 -0.69596140702004738 0.025602268663367768 1.0302484141138082 -1.0639783003664254 2.9083845060996794 -0.29008858250593333 0.70041230479741046 -0.44237801798931575
leaf_weight=225 140 83 461 504 194 111 131 214 332 114 268 226 352 157
leaf_count=225 140 83 461 504 194 111 131 214 332 114 268 226 352 157
internal_value=-0.000241683 0.00181718 0.000282985 0.000949014 -0.000729167 0.00278226 -0.00276995 0.00373024 0.00662432 -0.0192587 0.0139747 -0.00682353 -7.75194e-05 0.00160506
internal_weight=3512 3173 2822 2682 1675 615 1060 1007 546 339 351 420 640 509
internal_count=3512 3173 2822 2682 1675 615 1060 1007 546 339 351 420 640 509
is_linear=0
shrinkage=0.05


Tree=57
num_leaves=15
num_cat=0
split_feature=4 1 6 2 11 4 12 12 7 3 3 9 11 11
split_gain=50.659 24.467 7.83709 6.89096 5.04215 3.78519 3.88331 3.08942 2.59296 2.85156 2.75683 6.13856 3.02408 2.76238
threshold=182.17786409726793 926.50000000000011 0.91692575482720973 309.75000000000006 0.25725141817891134 854.06044944402208 -0.19337245081799007 -0.71502926860092908 35.150000000000013 -243.99999999999997 -20.499999999999996 18.500000000000004 0.74443451080969758 -0.37447345805034543
decision_type=2 2 2 2 2 2 2 2 2 2 2 2 2 2
left_child=2 3 -1 -2 -4 8 7 -7 9 -5 12 -12 -11 -13
right_child=1 -3 4 5 -6 6 -8 -9 -10 10 11 13 -14 -15
leaf_value=-2.3822813624711983 -0.46446700236249261 3.1754840702175273 0.039141517622894639 -2.4732174261992288 -0.54939986237845206 2.4304890895673879 1.7464039934666773 -2.6144060531573672 -0.60553825893123303 0.15171354128730175 -0.14779505523669628 0.56255018563787051 0.29778524247617499 -0.036018483854087437
leaf_weight=225 879 283 83 86 104 168 176 96 154 509 210 158 145 215
leaf_count=225 879 283 83 86 104 168 176 96 154 509 210 158 145 215
internal_value=-0.000550629 0.0016618 -0.0169065 0.00023206 -0.00898438 0.00191207 0.00595506 0.00204461 0.000691633 0.0014119 0.00203301 -0.000467687 0.00424886 0.00337302
internal_weight=3491 3079 412 2796 187 1917 440 264 1477 1323 1237 583 654 373
internal_count=3491 3079 412 2796 187 1917 440 264 1477 1323 1237 583 654 373
is_linear=0
shrinkage=0.05


Tree=58
num_leaves=15
num_cat=0
split_feature=4 0 6 2 4 6 11 10 8 12 11 0 12 0
split_gain=47.8373 20.1759 8.83602 6.08174 4.29903 4.22602 3.94588 2.68832 4.08153 2.16163 1.79394 1.65425 2.15073 1.16012
threshold=182.17786409726793 859.50000000000011 0.97891537227607339 58.750000000000007 730.9179222680782 0.19998215394396199 0.25725141817891134 13.500000000000002 44.500000000000007 -0.12545862287572049 0.92922379131507438 692.50000000000011 -0.79382744783423187 518.50000000000011
decision_type=2 2 2 2 2 2 2 2 2 2 2 2 2 2
left_child=2 3 -1 -2 11 -6 -4 -7 -9 -10 -3 12 -5 -14
right_child=1 10 6 4 5 7 -8 8 9 -11 -12 -13 13 -15
leaf_value=-2.1631672943476383 -1.5484310673768655 3.1893994394870675 0.018129556945979175 -0.65538053495777437 -2.771515593066141 0.87937090559668152 -0.53124592652769498 -0.22964872118197946 0.28781600083769376 1.0740658066806277 1.5133020063948608 -0.13536861625524921 -0.00035073756631902602 0.10822488241766451
leaf_weight=231 89 149 85 349 121 573 110 94 215 130 109 135 857 262
leaf_count=231 89 149 85 349 121 573 110 94 215 130 109 135 857 262
internal_value=-0.000405521 0.00177299 -0.0160093 0.000538869 0.0009668 0.00331722 -0.007875 0.00437561 0.00140766 0.00392857 0.015019 -0.000699627 -0.000203666 0.000867438
internal_weight=3509 3083 426 2825 2736 1133 195 1012 439 345 258 1603 1468 1119
internal_count=3509 3083 426 2825 2736 1133 195 1012 439 345 258 1603 1468 1119
is_linear=0
shrinkage=0.05


Tree=59
num_leaves=15
num_cat=0
split_feature=4 2 5 1 4 11 11 11 12 8 12 10 11 5
split_gain=44.2464 21.2278 8.91828 5.88817 4.52762 3.18822 3.18726 2.9371 5.29043 5.03112 4.40455 3.41744 2.78126 2.40978
threshold=177.58562550969802 892.50000000000011 0.73440264850371639 99.500000000000014 861.94786094539438 -0.31799228562170639 0.36648264796514479 -0.48314718476766422 0.71952396275653763 42.500000000000007 -0.88620506325989179 12.500000000000002 0.92922379131507438 0.45524074966398337
decision_type=2 2 2 2 2 2 2 2 2 2 2 2 2 2
left_child=2 3 -1 5 7 -2 -4 8 13 -9 -11 -12 -3 -5
right_child=1 12 6 4 -6 -7 -8 9 -10 10 11 -13 -14 -15
leaf_value=-2.1550089296302559 -1.540315990977684 3.2121456564510482 -0.081387079449681474 -0.81249943297764915 1.2173462998223727 -0.044287196289637266 -0.49536757293314371 -0.13507752492760972 0.3164648604013991 -1.0827017820125633 0.54334875591263199 0.011719648255422044 1.9681746940366338 0.1594135563989113
leaf_weight=195 220 139 106 98 487 172 103 452 117 243 208 339 114 517
leaf_count=195 220 139 106 98 487 172 103 452 117 243 208 339 114 517
internal_value=-0.000554765 0.00147862 -0.0160147 0.000236179 0.00114558 -0.00541562 -0.00852804 7.57959e-05 0.00257802 -0.00140337 0.00100629 0.00348732 0.0152132 0.000685484
internal_weight=3510 3106 404 2853 2461 392 209 1974 732 1242 790 547 253 615
internal_count=3510 3106 404 2853 2461 392 209 1974 732 1242 790 547 253 615
is_linear=0
shrinkage=0.05


Tree=60
num_leaves=15
num_cat=0
split_feature=4 1 5 2 3 9 9 2 11 10 12 11 12 11
split_gain=45.0159 18.7968 8.62355 5.75097 2.73943 4.11936 3.57179 3.20688 2.39567 2.35229 2.76217 2.20169 2.04095 1.95486
threshold=177.58562550969802 926.50000000000011 0.73440264850371639 58.750000000000007 -36.499999999999993 5.5000000000000009 18.500000000000004 387.50000000000006 0.38243310158943505 13.500000000000002 1.0000000180025095e-35 1.0000000180025095e-35 0.86869874770991873 0.19020386523577326
decision_type=2 2 2 2 2 2 2 2 2 2 2 2 2 2
left_child=2 3 -1 -2 5 -5 11 -8 -4 10 13 -6 -9 -7
right_child=1 -3 8 4 6 9 7 12 -10 -11 -12 -13 -14 -15
leaf_value=-2.0972584831487433 -1.3559919053294067 2.6899145168949534 -0.11679926661270912 0.50252272470136894 0.025507023736537349 -0.68170043233418909 -0.16355478148915525 0.53630005717305096 -0.45169873009455447 -0.11180747447979798 0.86552475964960118 -0.21992024535929888 -0.063475735543045184 0.84930435931783566
leaf_weight=195 95 294 108 210 144 216 683 410 97 408 208 273 92 91
leaf_count=195 95 294 108 210 144 216 683 410 97 408 208 273 92 91
internal_value=-0.000240861 0.00178971 -0.0159259 0.000529101 0.000958029 0.00283392 -0.000373367 0.00102941 -0.00845238 0.00137392 0.00360577 -0.00432464 0.00404339 0.000560897
internal_weight=3524 3124 400 2830 2735 1133 1602 1185 205 923 515 417 502 307
internal_count=3524 3124 400 2830 2735 1133 1602 1185 205 923 515 417 502 307
is_linear=0
shrinkage=0.05


Tree=61
num_leaves=15
num_cat=0
split_feature=0 1 0 8 11 8 9 12 12 12 12 0 10 7
split_gain=36.891 21.6585 6.79158 3.83368 6.23681 3.06701 3.47408 3.1521 3.02928 2.53798 2.4548 2.19701 2.01488 1.90815
threshold=56.500000000000007 943.50000000000011 369.50000000000006 34.500000000000007 -0.19337636264337835 5.5000000000000009 28.500000000000004 -0.022575793296316496 0.94066717844141279 -0.39036009226888674 -0.82413948779581736 29.500000000000004 13.500000000000002 29.350000000000005
decision_type=2 2 2 2 2 2 2 2 2 2 2 2 2 2
left_child=11 2 3 4 -2 6 -4 9 -9 10 13 -1 -11 -7
right_child=1 -3 5 -5 -6 7 -8 8 -10 12 -12 -13 -14 -15
leaf_value=-3.0923955589913059 0.024154450447340284 3.0132263412741169 -0.1191472529914762 -0.13658564063245821 -0.59915988558199373 -1.1825849201976126 0.22248516016363171 0.41832849414821571 -0.17245162700601782 0.059860734457930678 0.90315648317498187 -1.2402939345271211 -1.8379813420709015 0.75924415834117553
leaf_weight=127 85 217 194 1073 106 146 81 690 97 121 285 118 93 121
leaf_count=127 85 217 194 1073 106 146 81 690 97 121 285 118 93 121
internal_value=-0.00037932 0.00101841 -6.45786e-05 -0.00287628 -0.00931122 0.00188216 -0.00294643 0.0027439 0.00495581 0.000453956 0.00224417 -0.0189 -0.00410959 -0.00119485
internal_weight=3554 3309 3092 1264 191 1828 275 1553 787 766 552 245 214 267
internal_count=3554 3309 3092 1264 191 1828 275 1553 787 766 552 245 214 267
is_linear=0
shrinkage=0.05


Tree=62
num_leaves=15
num_cat=0
split_feature=4 2 6 4 12 11 11 12 7 5 3 3 3 11
split_gain=39.8389 15.683 9.03692 5.10996 3.77083 3.42198 3.04396 2.64741 2.47676 2.72457 4.04439 4.02641 2.71783 2.52053
threshold=174.16054135323111 899.75000000000011 0.55258233772822829 857.87214530961626 -0.80417042486635371 0.92922379131507438 0.25725141817891134 -0.72694848937061807 35.95000000000001 0.6824886151650853 -68.499999999999986 28.500000000000004 -18.499999999999996 -0.32614396506100213
decision_type=2 2 2 2 2 2 2 2 2 2 2 2 2 2
left_child=2 3 -1 4 -2 -3 -4 -6 9 -9 -11 12 -12 -14
right_child=1 5 6 -5 7 -7 -8 8 -10 10 11 -13 13 -15
leaf_value=-2.037775781041741 -0.80041908818615759 2.8820508060003789 -0.02032163625491137 1.0343180509199541 0.57969720634584299 1.4675545251495921 -0.41805626350265901 -0.26751446069452561 -0.37464794844452315 0.86977856794918584 0.057471059350696407 0.80745162954550553 0.045481614093752398 -0.18959551407155006
leaf_weight=188 515 128 91 542 96 112 117 502 142 301 260 152 134 233
leaf_count=188 515 128 91 542 96 112 117 502 142 301 260 152 134 233
internal_value=-0.000376634 0.00152947 -0.015212 0.000494448 -0.000523504 0.0136735 -0.00774648 0.000547945 8.67553e-05 0.000661626 0.00207373 0.000159439 -0.00162184 -0.00436828
internal_weight=3513 3117 396 2877 2335 240 208 1820 1724 1582 1080 779 627 367
internal_count=3513 3117 396 2877 2335 240 208 1820 1724 1582 1080 779 627 367
is_linear=0
shrinkage=0.05


Tree=63
num_leaves=15
num_cat=0
split_feature=4 2 5 2 11 3 9 7 7 4 12 12 11 11
split_gain=36.9636 14.1975 9.47149 4.21738 3.42443 2.81258 3.45189 3.21051 2.99502 2.79976 2.66738 4.42165 4.28094 2.65916
threshold=174.16054135323111 892.50000000000011 1.0844629192942341 73.250000000000014 0.92922379131507438 -34.499999999999993 35.500000000000007 25.450000000000003 27.750000000000004 51.734672429331361 -0.80417042486635371 -0.6652727025667432 -0.36647417525074694 -0.01397611846945947
decision_type=2 2 2 2 2 2 2 2 2 2 2 2 2 2
left_child=2 3 -1 -2 -3 7 8 -5 -7 -4 12 -12 -8 -14
right_child=1 4 9 5 -6 6 10 -9 -10 -11 11 -13 13 -15
leaf_value=-1.9571895326012581 -0.74061223822654054 2.5188092848498318 -0.47061166051094006 -0.60973129428736716 1.1940117736379194 0.037993369099447706 -3.8493872517655947 0.39105027866087599 -0.19712583791489352 -0.044059778315640591 1.6215231558512473 0.056193849284480284 1.7088030279277655 -0.60410379926042523
leaf_weight=184 140 142 83 174 110 149 83 1058 262 118 93 627 126 172
leaf_count=184 140 142 83 174 110 149 83 1058 262 118 93 627 126 172
internal_value=-0.000418321 0.00138491 -0.0149359 0.000380755 0.0126459 0.000818479 -0.000626236 0.0025869 -0.00450721 -0.00716019 0.000836347 0.00262069 -0.00252591 0.000330033
internal_weight=3521 3136 385 2884 252 2744 1512 1232 411 201 1101 720 381 298
internal_count=3521 3136 385 2884 252 2744 1512 1232 411 201 1101 720 381 298
is_linear=0
shrinkage=0.05


Tree=64
num_leaves=15
num_cat=0
split_feature=2 2 4 3 3 3 11 11 2 3 11 6 6 12
split_gain=38.8362 15.5826 6.88738 3.41169 3.35563 4.15406 4.0982 3.31618 3.00524 3.31352 2.99164 2.7318 2.51121 2.40995
threshold=58.750000000000007 892.50000000000011 94.497996038906692 15.500000000000002 -34.499999999999993 4.5000000000000009 -0.49813634056773481 -0.69057362043749781 779.25000000000011 -19.499999999999996 0.92922379131507438 0.92791354246974933 0.35372633320727853 -0.13398942717002907
decision_type=2 2 2 2 2 2 2 2 2 2 2 2 2 2
left_child=3 2 -2 -1 11 6 7 -6 9 -8 -3 -4 -7 -13
right_child=1 10 4 -5 5 12 8 -9 -10 -11 -12 13 -14 -15
leaf_value=-2.2973968630043049 -0.39843625324610915 2.5942706240772226 -0.0019747544371540473 -0.96282850696179034 -0.051008815348666303 -0.29374054955789364 0.014353408357372999 0.13479669008315512 -0.27106749711767292 -0.2456021789712679 1.5609958107407409 0.10891763513258185 0.3977207244280635 0.66198907805650153
leaf_weight=167 140 140 596 101 154 495 136 80 102 226 111 265 433 374
leaf_count=167 140 140 596 101 154 495 136 80 102 226 111 265 433 374
internal_value=-0.000567376 0.000951796 -5.82169e-05 -0.0186813 0.000479763 -0.00101165 -0.00391181 0.00146444 -0.00660981 -0.00435967 0.012793 0.00243952 0.00117899 0.0046972
internal_weight=3520 3252 3001 268 2861 1626 698 234 464 362 251 1235 928 639
internal_count=3520 3252 3001 268 2861 1626 698 234 464 362 251 1235 928 639
is_linear=0
shrinkage=0.05


Tree=65
num_leaves=15
num_cat=0
split_feature=2 1 5 8 3 11 1 0 11 12 11 8 5 5
split_gain=36.5411 13.8087 4.29629 3.69574 3.66342 2.78531 2.93665 1.67669 1.55281 6.87331 2.86767 3.81212 2.93526 3.75928
threshold=58.750000000000007 939.50000000000011 1.2996010590322131 35.500000000000007 8.5000000000000018 0.9916835347852474 83.500000000000014 391.50000000000006 -0.48314718476766422 0.71952396275653763 0.69676570133721638 38.500000000000007 1.0722333320854254 0.84188688094408759
decision_type=2 2 2 2 2 2 2 2 2 2 2 2 2 2
left_child=4 2 5 7 -1 6 -2 -4 9 -8 11 -10 13 -12
right_child=1 -3 3 -5 -6 -7 8 -9 10 -11 12 -13 -14 -15
leaf_value=-2.3020126574617805 -0.46197354620523046 2.3829146932706182 -0.35370105463967438 0.0055084672369190464 -0.91468708161370105 -0.45104310826607946 0.19400286770065805 -0.094415362963673033 -0.14754552756073167 0.28480683940289708 0.069275945978107253 0.07319940848379361 -0.085051268387141485 0.84024189458419019
leaf_weight=153 262 231 105 152 111 96 804 85 191 112 236 735 106 148
leaf_count=153 262 231 105 152 111 96 804 85 191 112 236 735 106 148
internal_value=-0.000502548 0.000956242 4.93908e-05 -0.00518732 -0.0182156 0.000723562 0.00103886 -0.00974359 0.00160462 0.00320304 0.000562984 -0.00107411 0.00363636 0.00565553
internal_weight=3527 3263 3032 342 264 2690 2594 190 2332 916 1416 926 490 384
internal_count=3527 3263 3032 342 264 2690 2594 190 2332 916 1416 926 490 384
is_linear=0
shrinkage=0.05


Tree=66
num_leaves=15
num_cat=0
split_feature=0 1 4 0 8 11 1 0 11 11 5 11 11 8
split_gain=35.0888 13.9879 6.49895 3.62804 2.88259 2.97653 2.84523 3.09382 2.22445 5.38116 4.1478 2.51248 2.74553 2.42482
threshold=51.500000000000007 949.50000000000011 114.17365714260659 513.50000000000011 45.500000000000007 -0.32614396506100213 611.50000000000011 847.50000000000011 -0.57078386445773377 -0.37447345805034543 0.41224927513359849 -0.84315017450793706 -0.98214942551678475 99.500000000000014
decision_type=2 2 2 2 2 2 2 2 2 2 2 2 2 2
left_child=-1 2 -2 8 5 -5 -7 -8 11 13 -11 12 -4 -10
right_child=1 -3 3 4 -6 6 7 -9 9 10 -12 -13 -14 -15
leaf_value=-2.0580570393362865 -0.3360160019076901 2.5493434624862177 0.48038513285732382 0.23746423771146397 0.70167188571955141 0.11112165490663131 -0.12507272004216646 0.46336795337930997 -0.19438832061089714 0.31789372384139086 -0.16375332401198933 0.23745462911719245 -0.56313280555476908 -3.4134152252118923
leaf_weight=225 153 197 110 147 734 82 252 91 80 215 678 250 216 97
leaf_count=225 153 197 110 147 734 82 252 91 80 215 678 250 216 97
internal_value=-0.00057333 0.000740853 -8.84244e-05 0.000439635 0.00240275 -0.000259965 -0.00238372 -0.00438218 -0.00112053 -0.00246512 -0.000863029 0.00137694 -0.00151057 -0.0103022
internal_weight=3527 3302 3105 2952 1306 572 425 343 1646 1070 893 576 326 177
internal_count=3527 3302 3105 2952 1306 572 425 343 1646 1070 893 576 326 177
is_linear=0
shrinkage=0.05


Tree=67
num_leaves=15
num_cat=0
split_feature=0 2 4 11 8 4 7 5 5 11 11 11 10 11
split_gain=31.8208 12.7487 6.28297 3.71834 3.3557 2.56613 1.81834 4.81694 2.84136 4.01661 2.93861 3.46415 3.87944 2.90464
threshold=46.500000000000007 892.50000000000011 174.16054135323111 0.92922379131507438 37.500000000000007 854.06044944402208 35.95000000000001 0.67508799792485108 0.45524074966398337 -0.23537230790205757 -0.32614396506100213 -0.67803021058859214 10.500000000000002 0.878110924644389
decision_type=2 2 2 2 2 2 2 2 2 2 2 2 2 2
left_child=-1 2 4 -3 -2 6 8 -8 9 -4 11 -10 -13 -12
right_child=1 3 5 -5 -6 -7 7 -9 10 -11 13 12 -14 -15
leaf_value=-2.0301541873694724 -0.33718744654395255 2.1751344551848661 -1.5545554998350923 1.1211412023284595 -0.10398024222483998 0.64244338327359007 0.2539382494290891 -1.1287103737459205 0.068563987996401468 0.15453634236511959 -0.091635996445111806 -0.053228025577246291 0.35883148872295012 0.098058860356445621
leaf_weight=196 97 137 235 115 141 558 87 102 516 142 720 87 174 201
leaf_count=196 97 137 235 115 141 558 87 102 516 142 720 87 174 201
internal_value=-0.000583547 0.000587881 -0.000309951 0.011284 -0.00802469 0.000353732 -0.000396651 -0.00502577 3.60577e-05 -0.00386126 0.000910159 0.00316496 0.00780075 -0.00099892
internal_weight=3508 3312 3060 252 238 2822 2264 189 2075 377 1698 777 261 921
internal_count=3508 3312 3060 252 238 2822 2264 189 2075 377 1698 777 261 921
is_linear=0
shrinkage=0.05


Tree=68
num_leaves=15
num_cat=0
split_feature=4 2 5 1 4 11 12 0 1 8 12 12 1 5
split_gain=33.0333 10.4924 6.23348 5.50495 3.00726 2.74072 4.64711 4.00209 2.8167 2.67488 2.30155 2.36642 2.06437 2.40219
threshold=134.25571581260175 934.25000000000011 0.73440264850371639 83.500000000000014 861.94786094539438 -0.32614396506100213 0.59003219687534991 772.50000000000011 715.50000000000011 47.500000000000007 -0.022575793296316496 -0.39827153806311183 775.50000000000011 0.42827756756826857
decision_type=2 2 2 2 2 2 2 2 2 2 2 2 2 2
left_child=2 3 -1 -2 5 6 -5 12 -8 -4 11 -6 13 -7
right_child=1 -3 9 4 10 7 8 -9 -10 -11 -12 -13 -14 -15
leaf_value=-2.1786464780009989 -0.47492083132647595 2.5962834941443704 -0.33243774784131053 -0.009136518323572318 1.1547491970571471 0.27132668374547037 0.092089146814910816 -0.17070797784327568 0.55578973625235339 -0.18490852258409199 1.3022601365507427 -0.99454004920402217 0.35724474081312113 -0.094560020781585763
leaf_weight=132 369 146 80 568 324 120 209 128 80 96 170 106 99 899
leaf_count=132 369 146 80 568 324 120 209 128 80 96 170 106 99 899
internal_value=-0.00046729 0.0010394 -0.0159744 0.00040624 0.00119092 0.00029649 0.0024652 -0.00119904 0.00756803 -0.00939227 0.00429752 0.00229885 -0.000222618 -0.00090332
internal_weight=3526 3218 308 3072 2703 2103 857 1246 289 176 600 430 1118 1019
internal_count=3526 3218 308 3072 2703 2103 857 1246 289 176 600 430 1118 1019
is_linear=0
shrinkage=0.05


Tree=69
num_leaves=15
num_cat=0
split_feature=0 1 4 4 11 12 11 4 4 11 11 7 0 11
split_gain=32.0945 11.8016 6.45518 3.07834 2.59711 2.18049 6.65802 2.36965 2.12651 2.92731 4.206 3.52523 2.64691 1.51095
threshold=51.500000000000007 943.50000000000011 94.497996038906692 143.31634992101704 0.98667101781630195 -0.82413948779581736 -0.36647417525074694 931.36555740307074 782.89627316795895 -0.861146256326485 -0.94705910369513524 28.150000000000002 695.50000000000011 -0.14250824554987665
decision_type=2 2 2 2 2 2 2 2 2 2 2 2 2 2
left_child=3 2 -2 -1 5 6 -4 -8 12 10 -10 -11 -7 -14
right_child=1 -3 4 -5 -6 8 7 -9 9 11 -12 -13 13 -15
leaf_value=-1.9852522656154912 -0.31130717403689306 2.0817647943150774 -3.2563506511149329 -0.44776030356360086 -0.37103014719728977 0.036747870815889885 -0.1791371120861257 3.0712285248796634 1.2929723401666935 2.089938133838166 -3.2358921560460971 0.37164575835558938 -0.021469357127119795 -0.16986533343523436
leaf_weight=144 134 206 120 82 136 1309 395 109 131 103 94 373 81 85
leaf_count=144 134 206 120 82 136 1309 395 109 131 103 94 373 81 85
internal_value=-0.000384944 0.000883877 9.7561e-05 -0.0183983 0.000595036 0.000926916 -0.00166932 0.000884086 0.00167354 0.00393059 -0.00076087 0.00613306 0.000591216 -0.00526316
internal_weight=3502 3276 3070 226 2936 2800 624 504 2176 701 225 476 1475 166
internal_count=3502 3276 3070 226 2936 2800 624 504 2176 701 225 476 1475 166
is_linear=0
shrinkage=0.05


Tree=70
num_leaves=15
num_cat=0
split_feature=0 1 3 4 4 8 11 10 12 7 3 5 1 1
split_gain=28.6473 9.08413 4.01304 5.14284 3.13093 2.84074 2.52742 1.87293 2.83301 1.93408 1.85369 3.95902 2.2161 1.82957
threshold=51.500000000000007 949.50000000000011 -25.499999999999996 94.497996038906692 134.25571581260175 33.500000000000007 0.97875492728876534 14.500000000000002 -0.13398942717002907 26.250000000000004 20.500000000000004 0.9713766617928371 201.50000000000003 826.50000000000011
decision_type=2 2 2 2 2 2 2 2 2 2 2 2 2 2
left_child=4 2 7 -4 -1 -3 10 8 9 -2 -5 12 -12 -11
right_child=1 5 3 6 -6 -7 -8 -9 -10 13 11 -13 -14 -15
leaf_value=-1.945451540820174 -1.042947310861561 3.3039222365167831 -0.34274281949508989 -0.057679090169069275 -0.49407512220519739 1.3240945841806422 -0.65456836190565548 -0.039114045533661823 0.39166508440454212 0.82027637983375856 -0.43442571321688778 0.70841665097063355 0.659436161931923 -0.36725919574267896
leaf_weight=136 137 90 110 674 86 107 84 448 490 172 469 119 284 120
leaf_count=136 137 90 110 674 86 107 84 448 490 172 469 119 284 120
internal_value=-0.000438969 0.000740405 7.23008e-05 -0.00151862 -0.0176211 0.0110149 -0.000795107 0.00209548 0.00338203 0.000403226 -0.000322373 0.00119726 -0.000164908 0.0026936
internal_weight=3526 3304 3107 1740 222 197 1630 1367 919 429 1546 872 753 292
internal_count=3526 3304 3107 1740 222 197 1630 1367 919 429 1546 872 753 292
is_linear=0
shrinkage=0.05


Tree=71
num_leaves=15
num_cat=0
split_feature=4 2 1 1 4 11 12 8 8 12 8 12 7 5
split_gain=29.0596 10.0029 7.31357 4.26735 2.70713 2.96154 4.22117 2.72282 2.59794 3.40954 2.57159 2.471 2.0194 2.03213
threshold=134.25571581260175 934.25000000000011 55.500000000000007 83.500000000000014 861.94786094539438 -0.48314718476766422 0.59003219687534991 97.500000000000014 38.500000000000007 -0.87810534180523914 49.500000000000007 -0.36648370705903521 34.550000000000004 0.66682556926540115
decision_type=2 2 2 2 2 2 2 2 2 2 2 2 2 2
left_child=2 3 -1 -2 5 6 7 -5 -7 -10 -4 -11 13 -13
right_child=1 -3 10 4 -6 8 -8 -9 9 11 -12 12 -14 -15
leaf_value=-1.8981789637791655 -0.42938088467477692 2.2711763505123659 -0.2764896525998552 -0.11913794534032576 0.83243260590064672 -0.10549305333069015 0.19542959010199823 0.62052844619485237 -1.0425448693603101 0.46520217168890954 -0.0047115921234343718 -0.30062711245009838 -0.68027528027480111 0.27252916224630042
leaf_weight=151 388 149 81 325 583 429 211 233 271 139 80 116 86 290
leaf_count=151 388 149 81 325 583 429 211 233 271 139 80 116 86 290
internal_value=-0.000381679 0.00103876 -0.0148265 0.000414499 0.00112537 0.000285036 0.00274548 0.00044405 -0.00114147 0.000385888 -0.00707831 0.0023978 0.000704225 0.00218978
internal_weight=3532 3220 312 3071 2683 2100 769 558 1331 902 161 631 492 406
internal_count=3532 3220 312 3071 2683 2100 769 558 1331 902 161 631 492 406
is_linear=0
shrinkage=0.05


Tree=72
num_leaves=15
num_cat=0
split_feature=4 4 5 5 6 8 3 4 9 7 9 8 6 8
split_gain=29.1591 8.79441 6.04132 4.31322 3.69909 2.52452 1.91072 2.911 2.92379 2.40425 2.30476 1.83731 2.03833 1.74841
threshold=134.25571581260175 854.06044944402208 0.73440264850371639 0.17816566477433513 0.9834231801469967 9.5000000000000018 -35.499999999999993 236.07310870342761 6.5000000000000009 26.950000000000003 15.500000000000002 99.500000000000014 1.1499842435033512 49.500000000000007
decision_type=2 2 2 2 2 2 2 2 2 2 2 2 2 2
left_child=2 3 -1 -2 -3 -6 7 -5 -9 11 -11 12 -8 -4
right_child=1 4 13 6 5 -7 9 8 -10 10 -12 -13 -14 -15
leaf_value=-1.7782700155902071 -2.0499492491224331 0.67039773337450304 -0.28084679454883033 0.2942391471576844 2.5614776830694499 1.4027117712679968 0.17980500466107543 0.31981498306577549 -0.068129080085874705 -0.15379995876882335 -0.051602326557557636 -0.40467992236032591 -0.020429711745936177 -0.1079272352956032
leaf_weight=130 81 484 81 88 80 205 214 242 600 300 567 187 144 94
leaf_count=130 81 484 81 88 80 205 214 242 600 300 567 187 144 94
internal_value=-0.000278412 0.0011417 -0.0149194 -0.000339786 0.00578165 0.0102586 6.39114e-05 0.00181818 0.000885478 -0.00109386 -0.00272362 0.0015 0.00358127 -0.00847222
internal_weight=3497 3192 305 2423 769 285 2342 930 842 1412 867 545 358 175
internal_count=3497 3192 305 2423 769 285 2342 930 842 1412 867 545 358 175
is_linear=0
shrinkage=0.05


Tree=73
num_leaves=15
num_cat=0
split_feature=4 1 5 1 8 11 11 8 9 11 5 11 11 4
split_gain=25.915 9.15802 6.8776 3.6002 2.51701 3.08305 4.55584 2.49784 2.06835 1.87634 1.87253 1.56675 2.07001 1.52501
threshold=134.25571581260175 939.50000000000011 0.73440264850371639 83.500000000000014 41.500000000000007 -0.32614396506100213 -0.69057362043749781 47.500000000000007 1.0000000180025095e-35 -0.99275805973510278 0.96102704813553574 -0.31799228562170639 -0.61237985104942771 209.82136977285859
decision_type=2 2 2 2 2 2 2 2 2 2 2 2 2 2
left_child=2 3 -1 11 5 6 -5 -4 -6 -10 -3 12 -2 -11
right_child=1 10 7 4 8 -7 -8 -9 9 13 -12 -13 -14 -15
leaf_value=-1.7143565148106967 -0.3298815201127141 1.1233716509346976 -0.27267849466935135 -0.091783344735402755 0.35843429053359732 -0.10089584829985086 0.232133382512626 -0.098732503669452854 1.2420334615164728 0.1559024405829888 1.9805522662164663 -0.049022210229679786 -2.5222324262912288 0.011602432129986085
leaf_weight=126 115 104 81 110 159 531 103 103 92 101 117 169 98 1518
leaf_count=126 115 104 81 110 159 531 103 103 92 101 117 169 98 1518
internal_value=-0.000757361 0.000581937 -0.0144444 -0.00014995 0.000515464 -0.00193591 0.00309633 -0.00793651 0.00149333 0.000976107 0.0102876 -0.00465116 -0.00745413 0.000569581
internal_weight=3527 3217 310 2996 2614 744 213 184 1870 1711 221 382 213 1619
internal_count=3527 3217 310 2996 2614 744 213 184 1870 1711 221 382 213 1619
is_linear=0
shrinkage=0.05


Tree=74
num_leaves=15
num_cat=0
split_feature=0 0 4 8 3 3 5 7 4 3 12 4 7 10
split_gain=25.2804 9.27408 5.36435 4.15117 2.41325 1.58599 2.77199 1.79399 1.91437 2.4364 2.43157 1.8064 1.64497 2.05985
threshold=36.500000000000007 911.50000000000011 124.39368274531448 45.500000000000007 -50.499999999999993 20.500000000000004 0.9228331806033615 24.050000000000004 789.45580271003644 -8.4999999999999982 0.14888728888808328 308.01241382439639 29.350000000000005 14.500000000000002
decision_type=2 2 2 2 2 2 2 2 2 2 2 2 2 2
left_child=-1 2 3 -2 -4 7 12 -6 9 10 -9 -11 -7 -14
right_child=1 -3 4 -5 5 6 -8 8 -10 11 -12 -13 13 -15
leaf_value=-1.7286386890701619 -0.25904456993588382 1.857834501206628 0.22696570335485264 -0.076314813378959914 0.084370423760793761 -0.40231802763378255 0.69986376074982104 -0.13807508448609271 0.072614614236863426 -0.050552747140608291 0.017980059415458528 -0.2500948346598193 3.3944932981890221 -0.034334448640342428
leaf_weight=148 83 157 1141 99 85 529 121 196 201 80 272 155 80 167
leaf_count=148 83 157 1141 99 85 529 121 196 201 80 272 155 80 167
internal_value=-0.000383632 0.000519134 -7.00062e-05 -0.00828877 0.000437005 -0.000661026 0.000859202 -0.00203722 -0.00269527 -0.00391949 -0.00179704 -0.00802083 -0.000256082 0.0030754
internal_weight=3514 3366 3209 182 3027 1886 897 989 904 703 468 235 776 247
internal_count=3514 3366 3209 182 3027 1886 897 989 904 703 468 235 776 247
is_linear=0
shrinkage=0.05


Tree=75
num_leaves=15
num_cat=0
split_feature=4 0 0 2 11 11 11 12 4 11 3 9 11 6
split_gain=22.2925 7.4425 4.41288 3.12121 2.77273 2.47063 3.22384 3.26368 2.34176 2.32472 2.23023 2.79824 2.80634 3.31693
threshold=94.497996038906692 901.50000000000011 36.500000000000007 58.750000000000007 0.92922379131507438 -0.57078386445773377 -0.67803021058859214 -0.22700609751797865 824.09515335061099 -0.861146256326485 -68.499999999999986 35.500000000000007 -0.37447345805034543 0.38282505511010051
decision_type=2 2 2 2 2 2 2 2 2 2 2 2 2 2
left_child=2 3 -1 -2 -3 6 7 9 -9 -5 -7 -12 13 -13
right_child=1 4 -4 5 -6 10 -8 8 -10 -11 11 12 -14 -15
leaf_value=-1.6422067546166539 -0.36157303340905789 1.6282723396067895 -0.25025212204058533 -2.1055753078221002 1.0155607843751626 0.20098187545341092 0.3242284854863613 0.075897370713551029 1.3844568274761713 0.33114096718162145 -0.14192978279775731 -3.311430763746646 0.064590974781982877 0.029821791781382247
leaf_weight=96 149 90 144 147 85 596 147 398 152 158 474 80 732 80
leaf_count=96 149 90 144 147 85 596 147 398 152 158 474 80 732 80
internal_value=-0.000551939 0.00053143 -0.015102 -4.00898e-05 0.0104167 0.000319973 0.00233366 0.00113372 0.00342342 -0.00298387 -0.000711744 -0.00182349 -0.000167224 -0.00606061
internal_weight=3528 3288 240 3113 175 2964 1002 855 550 305 1962 1366 892 160
internal_count=3528 3288 240 3113 175 2964 1002 855 550 305 1962 1366 892 160
is_linear=0
shrinkage=0.05


Tree=76
num_leaves=15
num_cat=0
split_feature=4 2 0 0 11 11 11 3 3 11 11 6 11 3
split_gain=23.2922 7.1246 6.36427 2.50824 2.57554 4.95818 3.06526 2.29011 1.98575 3.67425 2.81882 2.30041 1.95524 1.87583
threshold=114.17365714260659 934.25000000000011 39.500000000000007 56.500000000000007 -0.57078386445773377 -0.861146256326485 -0.90163369914317015 30.500000000000004 -96.499999999999986 0.46039464932087154 0.9916835347852474 0.97251187759681068 -0.99630266176052629 -8.4999999999999982
decision_type=2 2 2 2 2 2 2 2 2 2 2 2 2 2
left_child=2 3 -1 -2 5 6 12 13 9 -6 -10 -11 -5 -7
right_child=1 -3 -4 4 8 7 -8 -9 10 11 -12 -13 -14 -15
leaf_value=-1.5600964168858213 -0.25458745157420637 1.8141489890718505 -0.21600207349853948 1.1696566233110788 -0.45242580267885729 0.38171669426374355 -1.382993194883676 1.867085507329125 -0.047770404895172904 0.24568088866599994 -0.53772887446869078 1.5208087586626222 -0.064948253094733843 -0.023232249967353624
leaf_weight=113 116 153 152 87 201 264 88 102 1460 114 87 104 372 97
leaf_count=113 116 153 152 87 201 264 88 102 1460 114 87 104 372 97
internal_value=-0.000611664 0.000561538 -0.0147222 3.22893e-05 0.000318685 0.00236453 -0.000860507 0.00614316 -0.000735667 0.00229953 -0.0015625 0.00672646 0.00080819 0.00416667
internal_weight=3510 3245 265 3092 2976 1010 547 463 1966 419 1547 218 459 361
internal_count=3510 3245 265 3092 2976 1010 547 463 1966 419 1547 218 459 361
is_linear=0
shrinkage=0.05


Tree=77
num_leaves=15
num_cat=0
split_feature=2 2 3 4 11 4 7 10 12 6 7 11 12 3
split_gain=22.0814 8.32448 3.71972 4.26294 2.68681 2.57685 3.79613 2.49286 1.82253 3.11941 1.68297 2.07112 2.6235 2.41277
threshold=30.750000000000004 934.25000000000011 -34.499999999999993 124.39368274531448 0.98213580174693105 236.07310870342761 25.450000000000003 13.500000000000002 -0.23537842981696178 1.0224614940091163 32.850000000000001 -0.46801505794253101 0.73136292505298039 52.500000000000007
decision_type=2 2 2 2 2 2 2 2 2 2 2 2 2 2
left_child=-1 2 5 -4 10 -2 -7 8 9 -8 11 12 -5 -13
right_child=1 -3 3 4 -6 6 7 -9 -10 -11 -12 13 -14 -15
leaf_value=-1.4820915960415304 0.27083531109439285 1.8136503307867144 -0.18321062514736985 -0.0033348301081872478 -0.37368166286077553 -1.0670620670073903 2.0056331805204763 -0.02416868398772927 0.81775123472802713 -0.38979879132114664 0.1391658163141358 -0.15263566305465021 0.13612531057967914 0.28426330191228999
leaf_weight=140 126 150 152 498 82 127 131 498 296 125 227 486 112 335
leaf_count=140 126 150 152 498 82 127 131 498 296 125 227 486 112 335
internal_value=-0.000207736 0.000619403 7.03125e-05 -0.00134423 -0.000630372 0.00212156 0.00137479 0.00236967 0.00466786 0.00153257 -0.000180397 -0.000818245 0.00138211 -0.00245157
internal_weight=3485 3345 3195 1892 1740 1303 1177 1050 552 256 1658 1431 610 821
internal_count=3485 3345 3195 1892 1740 1303 1177 1050 552 256 1658 1431 610 821
is_linear=0
shrinkage=0.05


Tree=78
num_leaves=15
num_cat=0
split_feature=2 2 11 8 4 8 11 5 9 7 11 0 11 11
split_gain=23.3271 7.19456 3.10017 4.93923 6.23672 4.00752 4.16919 2.9892 2.91698 2.56401 2.55796 3.02399 2.53233 2.46334
threshold=30.750000000000004 934.25000000000011 -0.48314718476766422 47.500000000000007 199.34390958677727 86.500000000000014 -0.25205528343633254 0.39579247412862889 36.500000000000007 26.450000000000003 -0.861146256326485 728.50000000000011 -0.90163369914317015 -0.01397611846945947
decision_type=2 2 2 2 2 2 2 2 2 2 2 2 2 2
left_child=-1 2 10 4 -4 8 -7 -8 -5 -6 12 -12 -2 -9
right_child=1 -3 3 5 9 6 7 13 -10 -11 11 -13 -14 -15
leaf_value=-1.4079870162394539 0.12974774480617129 1.6658010151542442 -0.26092598059362404 -0.020918095488924138 0.093682830211747614 -1.7462045909797312 0.40985071514691074 0.44996533324262739 0.50629781651103511 -0.12050808789984445 0.11371101044668706 0.40337447409268068 -1.5665442253240771 -0.39863582798897429
leaf_weight=145 469 149 114 296 87 163 135 102 370 527 505 80 81 275
leaf_count=145 469 149 114 296 87 163 135 102 370 527 505 80 81 275
internal_value=-0.000542392 0.000320131 -0.000186974 -0.00133799 -0.00463847 0.000464339 -0.00224265 0 0.00320417 -0.00258481 0.00190789 0.00419492 -0.000540541 -0.00229058
internal_weight=3498 3353 3204 2069 728 1341 675 512 666 614 1135 585 550 377
internal_count=3498 3353 3204 2069 728 1341 675 512 666 614 1135 585 550 377
is_linear=0
shrinkage=0.05


Tree=79
num_leaves=15
num_cat=0
split_feature=4 2 5 1 4 12 8 1 8 10 0 12 12 5
split_gain=21.6897 7.01599 5.49969 3.13115 1.92649 1.85671 2.35906 2.07089 2.34581 1.61218 1.37095 1.31825 2.64922 2.59464
threshold=94.497996038906692 937.75000000000011 0.531044557318337 83.500000000000014 746.14255249298924 0.14888728888808328 45.500000000000007 885.50000000000011 27.500000000000004 10.500000000000002 692.50000000000011 -0.77243990499604276 -0.39036009226888674 0.68867451138562064
decision_type=2 2 2 2 2 2 2 2 2 2 2 2 2 2
left_child=2 3 -1 9 10 6 -6 8 -7 -2 11 -5 -13 -14
right_child=1 -3 -4 4 5 7 -8 -9 -10 -11 -12 12 13 -15
leaf_value=-1.3375876654274812 0.39567894517177965 1.9107086156946309 -0.21015783017474945 -0.39074307976874612 -1.1987854603433277 -0.060215197345166872 0.63431964254685913 1.0741268699075648 0.51016741690578449 -0.26731442015546952 -0.077318948147495806 0.31307976957977851 -0.23677749163213094 0.051315393549799637
leaf_weight=95 86 138 151 283 91 86 643 81 270 330 143 202 303 629
leaf_count=95 86 138 151 283 91 86 643 81 270 330 143 202 303 629
internal_value=-0.000374717 0.000706687 -0.0145418 0.00021415 0.000831506 0.00235969 0.000811908 0.00492081 0.0031856 -0.00380048 -0.000319489 0.000158228 0.000921861 -0.000213447
internal_weight=3531 3285 246 3147 2731 1171 734 437 356 416 1560 1417 1134 932
internal_count=3531 3285 246 3147 2731 1171 734 437 356 416 1560 1417 1134 932
is_linear=0
shrinkage=0.05


Tree=80
num_leaves=15
num_cat=0
split_feature=4 2 5 4 8 8 12 12 11 11 9 3 3 7
split_gain=23.0692 6.96236 5.66129 2.27321 1.76615 3.14688 2.30397 2.00416 2.48793 2.6167 2.64974 1.57055 1.43262 1.38406
threshold=94.497996038906692 934.25000000000011 0.531044557318337 730.9179222680782 44.500000000000007 60.500000000000007 -0.022575793296316496 -0.5129677127369543 -0.57078386445773377 -0.25205528343633254 99.500000000000014 227.50000000000003 -12.499999999999998 27.650000000000002
decision_type=2 2 2 2 2 2 2 2 2 2 2 2 2 2
left_child=2 3 -1 11 12 -6 7 8 -7 -10 -11 13 -5 -2
right_child=1 -3 -4 4 5 6 -8 -9 9 10 -12 -13 -14 -15
leaf_value=-1.2707082821561073 0.006214633150122495 1.4907572507575226 -0.20258420139707953 0.046224079532532873 0.9649084582948575 3.5155793238999764 1.0587409410560611 -1.2545906836083676 -1.5742222114568549 -0.85451541172581646 1.8965828417746025 1.1166920209922324 -0.15808449748715248 -0.086979392418012225
leaf_weight=100 942 144 148 155 154 114 225 152 86 83 159 91 126 826
leaf_count=100 942 144 148 155 154 114 225 152 86 83 159 91 126 826
internal_value=-0.000277778 0.000850705 -0.0148221 0.000344772 0.0019857 0.0029908 0.00172937 8.34725e-05 0.00178971 -0.00045045 0.00222672 -0.000764485 -0.00148601 -0.00109983
internal_weight=3505 3257 248 3113 1254 973 819 594 442 328 242 1859 281 1768
internal_count=3505 3257 248 3113 1254 973 819 594 442 328 242 1859 281 1768
is_linear=0
shrinkage=0.05


Tree=81
num_leaves=15
num_cat=0
split_feature=0 0 0 8 11 1 1 4 10 6 11 11 0 3
split_gain=21.4403 8.52183 3.53794 6.64497 2.98339 3.18559 1.8334 2.14486 1.7986 2.7844 2.17393 7.24122 1.93953 1.90982
threshold=33.500000000000007 937.50000000000011 513.50000000000011 36.500000000000007 0.38243310158943505 297.50000000000006 164.00000000000003 207.20338916788958 13.500000000000002 1.0148940906667274 0.92922379131507438 0.74443451080969758 664.00000000000011 -5.4999999999999991
decision_type=2 2 2 2 2 2 2 2 2 2 2 2 2 2
left_child=-1 2 3 4 -2 -6 -5 -8 9 -4 11 12 -10 -11
right_child=1 -3 8 6 5 -7 7 -9 10 13 -12 -13 -14 -15
leaf_value=-1.207172868048302 -0.023034310596204935 2.6424666364141132 0.89621815609660027 -0.15940786381480337 -0.36089121896257198 -0.1840855690056202 0.23356943907370609 0.030411699664733761 0.00072720298779245247 0.076725241884349774 -1.3849176725969075 0.64903190616514628 -0.49052884728121743 -0.12375483057308259
leaf_weight=134 121 80 410 659 85 91 106 847 157 489 89 80 95 101
leaf_count=134 121 80 410 659 85 91 106 847 157 489 89 80 95 101
internal_value=-0.000535362 0.000248902 -0.000149925 -0.00155434 -0.00836093 -0.0124309 -0.000278293 0.00112213 0.00173562 0.00288557 -0.000997653 0.000890208 -0.00330739 0.000672269
internal_weight=3544 3410 3330 1909 297 176 1612 953 1421 1000 421 332 252 590
internal_count=3544 3410 3330 1909 297 176 1612 953 1421 1000 421 332 252 590
is_linear=0
shrinkage=0.05


Tree=82
num_leaves=15
num_cat=0
split_feature=0 0 8 0 7 12 0 10 12 12 9 9 12 8
split_gain=21.4304 5.5998 3.78125 4.06443 3.4266 2.8525 2.74033 1.80136 2.40069 2.33128 2.02164 2.29409 1.99904 1.73057
threshold=36.500000000000007 897.50000000000011 36.500000000000007 252.50000000000003 26.850000000000005 -0.82413948779581736 521.50000000000011 14.500000000000002 1.0000000180025095e-35 -0.3744658827978154 6.5000000000000009 89.500000000000014 -0.61236746317008228 65.500000000000014
decision_type=2 2 2 2 2 2 2 2 2 2 2 2 2 2
left_child=-1 2 3 -2 6 -4 -5 8 12 -9 -11 -12 -7 -14
right_child=1 -3 5 4 -6 7 -8 9 -10 10 11 -13 13 -15
leaf_value=-1.0968142246458867 -0.17734469311016454 1.0769196850654907 -0.42657711259855663 -0.030635183350500486 -0.074187888610055097 0.80004591608461484 0.31295803938755284 0.31846278498978298 0.33942252094011638 0.094073902259475525 -0.47430675813720174 -0.07377501619283465 0.35482656020603542 -0.55237103012773614
leaf_weight=150 117 181 691 101 425 203 85 201 574 133 147 205 81 247
leaf_count=150 117 181 691 101 425 203 85 201 574 133 147 205 81 247
internal_value=-0.000528765 0.000301826 -0.000186625 -0.00334243 -0.00166396 0.000743868 0.0039267 0.00179566 0.00304054 -0.000217077 -0.00209184 -0.00406162 0.000606343 -0.0018018
internal_weight=3541 3391 3210 728 611 2482 186 1791 1105 686 485 352 531 328
internal_count=3541 3391 3210 728 611 2482 186 1791 1105 686 485 352 531 328
is_linear=0
shrinkage=0.05


Tree=83
num_leaves=15
num_cat=0
split_feature=0 0 8 11 12 11 0 11 1 4 11 11 4 11
split_gain=20.8529 6.13157 3.57943 3.14293 3.12897 4.01599 3.07348 3.48046 2.56158 2.4299 1.79813 1.77794 1.66831 1.65561
threshold=36.500000000000007 897.50000000000011 36.500000000000007 0.92922379131507438 -0.80417042486635371 -0.31799228562170639 518.50000000000011 -0.074117382312902977 297.50000000000006 715.38149748737612 -0.46038400545438724 -0.01397611846945947 782.89627316795895 0.29033824002281988
decision_type=2 2 2 2 2 2 2 2 2 2 2 2 2 2
left_child=-1 2 6 -3 5 10 7 -2 -9 -8 -4 -7 -11 -13
right_child=1 3 4 -5 -6 11 9 8 -10 12 -12 13 -14 -15
leaf_value=-1.0419735134135926 -0.013325289126260033 1.2064426221851079 -1.3553501129296337 0.58189839768830609 0.091955276093582949 0.69462041748757319 0.063040258338958211 -0.35003445404087902 -0.14876892260512875 -0.14543169210549819 -2.8671735588151996 -0.93321374911261046 -0.009058633641393499 0.14674549874566126
leaf_weight=148 122 94 88 90 1743 184 219 83 85 82 88 197 137 181
leaf_count=148 122 94 88 90 1743 184 219 83 85 82 88 197 137 181
internal_value=-0.000571066 0.00024279 -0.000272246 0.00899471 0.000633548 -0.00208614 -0.00334243 -0.00728814 -0.0118497 -0.000677201 -0.00856354 0 -0.00435268 -0.00195822
internal_weight=3541 3393 3209 184 2481 738 728 290 168 438 176 562 219 378
internal_count=3541 3393 3209 184 2481 738 728 290 168 438 176 562 219 378
is_linear=0
shrinkage=0.05


Tree=84
num_leaves=15
num_cat=0
split_feature=0 0 8 4 7 12 12 3 8 9 3 7 7 7
split_gain=18.9361 5.35715 3.73948 3.29736 3.24903 3.2035 3.43875 2.604 2.1824 2.00488 2.25754 1.66002 1.64937 1.75168
threshold=33.500000000000007 897.50000000000011 47.500000000000007 124.39368274531448 26.450000000000003 -0.88620506325989179 -0.92272482904738262 -22.499999999999996 66.500000000000014 99.500000000000014 -104.49999999999999 35.150000000000013 29.850000000000005 36.350000000000001
decision_type=2 2 2 2 2 2 2 2 2 2 2 2 2 2
left_child=-1 2 3 -2 -5 6 -4 11 9 10 -7 -6 -10 -14
right_child=1 -3 5 4 7 8 -8 -9 12 -11 -12 -13 13 -15
leaf_value=-1.039874837742913 -0.13050061643598704 1.0196212131763163 -0.19165934480230362 0.056084544363608303 0.055841167891378524 1.1704204243692844 -2.1171671792899391 -0.14362532433786443 -0.041933568617900367 0.51788716219741671 -0.021526226360316515 -0.29366073256487085 0.64225235925795943 -0.083199744260799957
leaf_weight=136 87 183 480 189 189 132 102 381 898 117 232 87 186 89
leaf_count=136 87 183 480 189 189 132 102 381 898 117 232 87 186 89
internal_value=-0.000844546 -8.93655e-05 -0.000574984 -0.00322495 -0.00223267 0.000535475 -0.00264055 -0.00388973 0.00165763 0.00447531 0.00257453 -0.000177936 0.000488115 0.00383929
internal_weight=3488 3352 3169 933 846 2236 582 657 1654 481 364 276 1173 275
internal_count=3488 3352 3169 933 846 2236 582 657 1654 481 364 276 1173 275
is_linear=0
shrinkage=0.05


Tree=85
num_leaves=15
num_cat=0
split_feature=2 2 3 3 4 4 7 12 12 11 5 3 10 1
split_gain=18.0882 5.52059 2.6818 4.31455 3.40208 1.87395 3.25348 1.86416 3.57003 3.35671 2.2488 2.00568 1.82297 1.49363
threshold=19.750000000000004 934.25000000000011 -25.499999999999996 20.500000000000004 124.39368274531448 209.82136977285859 25.150000000000002 -0.80417042486635371 -0.6652727025667432 -0.36647417525074694 0.82101107464293932 84.500000000000014 13.500000000000002 362.50000000000006
decision_type=2 2 2 2 2 2 2 2 2 2 2 2 2 2
left_child=-1 2 5 4 -4 -2 -7 9 -9 -5 11 -10 -8 -14
right_child=1 -3 3 7 -6 6 12 8 10 -11 -12 -13 13 -15
leaf_value=-1.0878810958557672 0.25054403647111484 1.2104102408830444 -0.14445070493081288 -2.1421438305837124 -0.070570332159053353 -0.80404870394368122 0.38517522831104717 2.1437469715011104 0.1571629300774017 0.12921942079598239 0.41267442908454371 -1.0641556496883398 0.14466774454951334 -0.14634690951344995
leaf_weight=96 120 143 121 90 734 125 636 87 102 321 165 187 162 424
leaf_count=96 120 143 121 90 734 125 636 87 102 321 165 187 162 424
internal_value=-0.000433485 0.000182642 -0.000243977 -0.00153146 -0.00409884 0.00134171 0.000795118 0.000783699 0.00270147 -0.00174279 0.00087146 -0.00178571 0.00158924 -0.000423012
internal_weight=3513 3417 3274 1807 855 1467 1347 952 541 411 454 289 1222 586
internal_count=3513 3417 3274 1807 855 1467 1347 952 541 411 454 289 1222 586
is_linear=0
shrinkage=0.05


Tree=86
num_leaves=15
num_cat=0
split_feature=2 4 4 8 7 8 4 8 11 9 11 7 6 3
split_gain=19.4894 5.48951 3.07506 2.82251 1.91067 2.69935 2.96349 2.28699 2.51512 2.41369 1.93307 1.84882 1.44694 1.444
threshold=19.750000000000004 758.39384974800123 94.497996038906692 2.5000000000000004 26.850000000000005 65.500000000000014 216.00745080517268 50.500000000000007 0.71503381463111937 5.5000000000000009 1.0000000180025095e-35 24.350000000000005 0.19998215394396199 -5.4999999999999991
decision_type=2 2 2 2 2 2 2 2 2 2 2 2 2 2
left_child=-1 2 -2 -3 5 10 -7 9 -9 -6 13 -8 -5 -4
right_child=1 3 4 12 7 6 11 8 -10 -11 -12 -13 -14 -15
leaf_value=-1.0334870410629788 -0.16096636734111913 0.4709799725398881 0.18604469003644228 -1.0660982880477179 -0.02288678847450001 0.20008660262695344 -1.2615695701780938 -0.14081261939762585 0.23186894103735547 -0.20731069735677751 -0.05084936864577401 -0.20539518158469719 0.42504436617192598 0.02471028274394467
leaf_weight=101 162 104 113 133 193 119 113 480 186 276 81 307 1083 90
leaf_count=101 162 104 113 133 193 119 113 480 186 276 81 307 1083 90
internal_value=-0.00034546 0.00030479 -0.00127059 0.00283019 -0.000713194 0.00111715 -0.000965074 -0.00203947 -0.000149031 -0.00469409 0.0050173 -0.00294118 0.0021294 0.00757212
internal_weight=3541 3440 2120 1320 1958 823 539 1135 666 469 284 420 1216 203
internal_count=3541 3440 2120 1320 1958 823 539 1135 666 469 284 420 1216 203
is_linear=0
shrinkage=0.05


Tree=87
num_leaves=15
num_cat=0
split_feature=0 0 8 4 11 12 11 6 7 12 5 1 5 11
split_gain=18.1778 6.45067 3.24737 3.66276 2.82706 2.75524 5.98771 3.01074 2.4055 2.66247 1.69616 1.34063 2.00896 1.1423
threshold=19.000000000000004 897.50000000000011 38.500000000000007 143.31634992101704 0.92922379131507438 -0.88620506325989179 -0.31799228562170639 0.68621036111737699 26.350000000000005 0.81304046271159414 1.2735833539927099 724.50000000000011 0.96102704813553574 -0.98214942551678475
decision_type=2 2 2 2 2 2 2 2 2 2 2 2 2 2
left_child=-1 2 3 -2 -3 6 -4 -8 10 -10 -5 13 -13 -7
right_child=1 4 5 8 -6 11 7 -9 9 -11 -12 12 -14 -15
leaf_value=-0.93181268900982994 -0.15291804897406253 0.95101309799586609 -2.1369649474112946 0.17203505362123508 0.55977903606708423 0.66389629539122907 0.44771392628827589 -0.71829502929582822 -0.041369263530674522 -0.20843828605787851 -0.053110622536266305 0.85779433784734926 -0.06105554601088841 0.0054591335705026726
leaf_weight=94 81 89 95 84 95 126 325 176 422 97 81 408 80 1275
leaf_count=94 81 89 95 84 95 126 325 176 422 97 81 408 80 1275
internal_value=-0.000594396 1.45391e-05 -0.000506912 -0.00334416 0.00899471 0.000371486 -0.00257903 -0.00034585 -0.0021045 -0.00376908 0.00308824 0.00130676 0.0035497 0.000515647
internal_weight=3528 3434 3250 765 184 2485 596 501 684 519 165 1889 488 1401
internal_count=3528 3434 3250 765 184 2485 596 501 684 519 165 1889 488 1401
is_linear=0
shrinkage=0.05


Tree=88
num_leaves=15
num_cat=0
split_feature=2 0 4 11 3 11 2 0 7 10 7 11 6 8
split_gain=18.9117 5.50822 4.11257 3.45494 2.32574 2.05176 1.93691 1.7339 1.60446 1.34168 1.70484 1.48497 2.44569 1.21196
threshold=19.750000000000004 862.50000000000011 124.39368274531448 0.92922379131507438 -62.499999999999993 0.36648264796514479 794.50000000000011 755.50000000000011 25.450000000000003 13.500000000000002 28.350000000000005 0.36648264796514479 1.0194549859629467 52.500000000000007
decision_type=2 2 2 2 2 2 2 2 2 2 2 2 2 2
left_child=-1 2 5 -3 8 -2 7 13 -4 11 -11 12 -10 -6
right_child=1 3 4 -5 6 -7 -8 -9 9 10 -12 -13 -14 -15
leaf_value=-0.88522205455933833 -0.015727657748099234 0.84154330887099327 -0.69296239407650129 0.02280268080612018 -0.086307898557111434 -0.14527214652535889 -0.079467284706964847 0.24710145262345123 1.5756792773330859 0.85641045100375379 -0.13226188974642242 0.80790119174742481 -0.60884381286739431 -0.020746322937856124
leaf_weight=99 96 144 147 108 602 112 147 105 194 100 286 149 132 1112
leaf_count=99 96 144 147 108 602 112 147 105 194 100 286 149 132 1112
internal_value=-0.000869135 -0.000232626 -0.000800126 0.00680934 -0.000318899 -0.00751174 -0.00131913 -0.000863487 0.00162883 0.00245381 0.000255754 0.00421875 0.00226586 -0.00125073
internal_weight=3533 3434 3182 252 2974 208 1966 1819 1008 861 386 475 326 1714
internal_count=3533 3434 3182 252 2974 208 1966 1819 1008 861 386 475 326 1714
is_linear=0
shrinkage=0.05


Tree=89
num_leaves=15
num_cat=0
split_feature=4 2 0 11 7 11 11 9 11 9 11 11 4 8
split_gain=16.2827 5.54011 2.79739 2.07966 1.71443 1.52114 2.21201 2.88535 2.3057 2.25149 1.94996 2.53607 2.93552 2.08912
threshold=39.081575387965842 934.25000000000011 51.500000000000007 0.9916835347852474 38.150000000000013 -0.48314718476766422 0.94978112945126536 36.500000000000007 -0.37447345805034543 12.500000000000002 -0.861146256326485 -0.98214942551678475 440.36142369035059 55.500000000000007
decision_type=2 2 2 2 2 2 2 2 2 2 2 2 2 2
left_child=-1 2 -2 4 5 10 7 9 -9 -7 11 -4 -13 -12
right_child=1 -3 3 -5 -6 6 -8 8 -10 -11 13 12 -14 -15
leaf_value=-0.89096095183137136 -0.11417795690606276 0.92492884624922178 0.55682506909461726 -0.34596137648103992 0.26328550904823372 -0.090237235696432105 0.196491295122037 -1.0368288686227978 0.051873352006822415 -0.48429342617725413 0.13484789916440718 0.15453290412566789 -1.2314319409068504 0.17089430637567027
leaf_weight=101 155 148 201 121 105 494 178 116 925 90 219 84 265 352
leaf_count=101 155 148 201 121 105 494 178 116 925 90 219 84 265 352
internal_value=-0.000744591 -0.000151822 -0.000581571 -0.000253566 8.23995e-06 -0.000221919 -0.00112002 -0.00170245 -0.000119503 -0.00449915 0.00122114 -0.000900901 -0.00346045 0.00325521
internal_weight=3554 3453 3305 3150 3029 2924 1803 1625 1041 584 1121 550 349 571
internal_count=3554 3453 3305 3150 3029 2924 1803 1625 1041 584 1121 550 349 571
is_linear=0
shrinkage=0.05


Tree=90
num_leaves=15
num_cat=0
split_feature=0 0 11 4 11 12 11 6 4 12 7 11 3 3
split_gain=16.688 5.32722 3.39976 2.49734 2.23223 1.61331 5.41832 1.8386 1.91528 1.6691 4.15026 3.1166 2.04024 3.47377
threshold=19.000000000000004 897.50000000000011 0.92922379131507438 124.39368274531448 0.36648264796514479 -0.88620506325989179 -0.31799228562170639 0.82200143619931654 930.41410571168501 -0.3744658827978154 36.050000000000004 0.82414472752956958 47.500000000000007 -12.499999999999998
decision_type=2 2 2 2 2 2 2 2 2 2 2 2 2 2
left_child=-1 3 -3 4 -2 6 -5 8 -8 11 12 -7 13 -11
right_child=1 2 -4 5 -6 9 7 -9 -10 10 -12 -13 -14 -15
leaf_value=-0.79641290423980282 0.00069022372097578006 0.83116424219412588 0.29374984837933482 -2.1962782611862894 -0.1019918346218967 0.15710383329787733 -0.095577253578636612 -1.3105661270936595 3.326767962876636 0.041992271144786743 -1.1300331309414575 0.34146279434309579 0.58791827747494096 -0.080367152028880187
leaf_weight=93 93 92 94 90 111 645 275 103 87 987 116 101 227 405
leaf_count=93 93 92 94 90 111 645 275 103 87 987 116 101 227 405
internal_value=-0.00031924 0.000262314 0.00837696 -0.000215716 -0.00550239 0.000147978 -0.00227679 -5.31915e-05 0.00163488 0.000693886 -0.000158046 0.00266312 0.000508005 -0.000214746
internal_weight=3519 3426 186 3240 204 3036 555 465 362 2481 1735 746 1619 1392
internal_count=3519 3426 186 3240 204 3036 555 465 362 2481 1735 746 1619 1392
is_linear=0
shrinkage=0.05


Tree=91
num_leaves=15
num_cat=0
split_feature=2 0 3 9 11 3 4 0 5 11 12 12 11 0
split_gain=19.1804 6.00463 2.75597 3.15583 3.9723 3.71498 2.93015 3.33186 2.74487 2.57063 2.03076 1.98233 5.6413 1.75002
threshold=19.750000000000004 897.50000000000011 -68.499999999999986 24.500000000000004 0.22386011952790016 -12.499999999999998 182.17786409726793 778.50000000000011 0.88173899687427848 0.92922379131507438 0.14888728888808328 -0.80417042486635371 -0.36647417525074694 518.50000000000011
decision_type=2 2 2 2 2 2 2 2 2 2 2 2 2 2
left_child=-1 2 8 4 5 -4 -6 13 -2 -3 -10 12 -5 -8
right_child=1 9 3 11 6 -7 7 -9 10 -11 -12 -13 -14 -15
leaf_value=-0.80659225902781273 0.080005192952215518 0.81902908190147627 0.1207709517691587 -2.1967378381453275 -0.18027072986966175 -0.078715563067311228 -0.21465895482585609 -0.19135578294636846 0.45890838344640489 0.55776820160598672 0.72724417504616956 0.036157280686825291 0.035131080819144248 0.016278185284454596
leaf_weight=104 812 90 138 116 100 104 113 81 119 88 83 1012 432 140
leaf_count=104 812 90 138 116 100 104 113 81 119 88 83 1012 432 140
internal_value=-0.000452361 0.000203903 -0.000291859 -0.00127175 -0.0041116 0.00101215 -0.00694761 -0.00457227 0.00186457 0.00901639 0.00700483 -3.19489e-05 -0.00244123 -0.00164729
internal_weight=3532 3428 3250 2236 676 242 434 334 1014 178 202 1560 548 253
internal_count=3532 3428 3250 2236 676 242 434 334 1014 178 202 1560 548 253
is_linear=0
shrinkage=0.05


Tree=92
num_leaves=15
num_cat=0
split_feature=0 0 4 8 5 11 12 11 10 7 11 4 11 6
split_gain=16.3371 4.87777 2.53698 2.22119 1.65593 1.53732 3.55179 3.44651 2.68589 1.68867 2.81722 1.24242 1.35637 1.77127
threshold=19.000000000000004 937.50000000000011 124.39368274531448 46.500000000000007 0.16819470692411273 0.92922379131507438 0.16587474750015932 0.878110924644389 13.500000000000002 37.45000000000001 0.81925054981890411 209.82136977285859 -0.98214942551678475 0.17755144625076649
decision_type=2 2 2 2 2 2 2 2 2 2 2 2 2 2
left_child=-1 2 3 -2 -4 7 8 9 -7 10 11 -6 -13 -14
right_child=1 -3 4 -5 5 6 -8 -9 -10 -11 -12 12 13 -15
leaf_value=-0.71626264607642209 -0.090057151634280797 1.8427406890403262 -1.4614963870210085 -0.011817189968428643 0.068380798232957937 -0.0026196058027863956 0.18762572598494387 0.41758471129367081 -1.0297688281193202 0.21238346021258964 -0.26951140894540659 0.61677092567746006 -0.93504773484259551 0.010413797670000237
leaf_weight=89 80 86 81 122 187 154 105 123 144 95 80 179 231 1785
leaf_count=89 80 86 81 122 187 154 105 123 144 95 80 179 231 1785
internal_value=-0.000444162 0.000115707 -0.000192821 -0.00555556 0.000157778 0.000348122 -0.00251225 0.000782123 -0.00528053 0.000380562 0.000121605 0.000439883 0.000102273 -0.000272143
internal_weight=3541 3452 3366 202 3164 3083 403 2680 298 2557 2462 2382 2195 2016
internal_count=3541 3452 3366 202 3164 3083 403 2680 298 2557 2462 2382 2195 2016
is_linear=0
shrinkage=0.05


Tree=93
num_leaves=15
num_cat=0
split_feature=2 4 12 4 11 12 11 10 7 11 3 5 3 4
split_gain=17.7987 4.86974 4.83989 2.28751 2.25392 1.9561 3.1002 1.8781 1.54325 1.37956 1.188 2.51497 2.31459 2.48449
threshold=19.750000000000004 901.88540133086008 0.14888728888808328 124.39368274531448 0.534952257794027 -0.88620506325989179 -0.23537230790205757 13.500000000000002 26.950000000000003 -0.31799228562170639 19.500000000000004 0.97911281043085263 -5.4999999999999991 308.01241382439639
decision_type=2 2 2 2 2 2 2 2 2 2 2 2 2 2
left_child=-1 3 7 4 -2 6 -5 9 -8 -3 12 -12 -7 -14
right_child=1 2 -4 5 -6 10 8 -9 -10 -11 11 -13 13 -15
leaf_value=-0.73044951377260103 -0.016718552461675529 0.18790240029527894 1.2200488075409481 -2.3448587901488875 -0.15800241271820392 0.0041973807192761114 0.38941140721720197 -0.24293094446001648 -0.70725578169431602 1.646723079407326 0.050660868809475804 0.56171952459453967 0.028919534769938339 -0.20768254335428082
leaf_weight=103 119 148 100 98 82 1470 126 164 171 206 393 98 88 151
leaf_count=103 119 148 100 98 82 1470 126 164 171 206 393 98 88 151
internal_value=-0.000617547 1.46242e-05 0.00401284 -0.000874688 -0.0059466 -0.000471154 -0.0036875 0.00200765 -0.00107616 0.004039 0.000113379 0.00226815 -0.000510502 -0.00502049
internal_weight=3517 3414 618 2796 201 2595 395 518 297 354 2200 491 1709 239
internal_count=3517 3414 618 2796 201 2595 395 518 297 354 2200 491 1709 239
is_linear=0
shrinkage=0.05


Tree=94
num_leaves=15
num_cat=0
split_feature=0 0 8 11 4 12 11 12 12 6 4 12 0 4
split_gain=15.2824 4.15303 2.82842 4.28001 3.74523 2.47646 5.48609 2.28618 3.45508 2.25993 2.08668 2.05436 1.41449 1.40135
threshold=19.000000000000004 862.50000000000011 41.500000000000007 -0.30983472475487867 177.58562550969802 -0.88620506325989179 -0.31799228562170639 0.1318557721318592 -0.38243420677835349 0.68621036111737699 715.38149748737612 0.73136292505298039 518.50000000000011 219.22127026261342
decision_type=2 2 2 2 2 2 2 2 2 2 2 2 2 2
left_child=-1 2 3 11 -5 6 -4 8 -3 -8 12 -2 -6 -7
right_child=1 7 5 4 10 13 9 -9 -10 -11 -12 -13 -14 -15
leaf_value=-0.64392703808397089 -0.039494453950741006 0.85814973058803057 -1.3975050065170276 -0.1946902770971228 -0.13318160847026803 0.05069518361767536 0.51234709544039281 0.72947185569358342 -1.1009946024232875 -0.58591002961757399 -0.15953529979002498 0.12192045650708537 0.021952236789394421 0.064207416403482404
leaf_weight=91 126 86 96 94 138 304 331 89 80 171 155 104 165 1481
leaf_count=91 126 86 96 94 138 304 331 89 80 171 155 104 165 1481
internal_value=-0.000376849 0.000175182 -0.000323344 -0.00292249 -0.00529623 0.00053392 -0.00223881 0.00625 0.00263158 -9.86193e-05 -0.00334773 0.00276596 -0.000892857 0.00146648
internal_weight=3511 3420 3165 782 552 2383 598 255 166 502 458 230 303 1785
internal_count=3511 3420 3165 782 552 2383 598 255 166 502 458 230 303 1785
is_linear=0
shrinkage=0.05


Tree=95
num_leaves=15
num_cat=0
split_feature=2 0 3 3 2 12 11 11 8 12 3 12 12 9
split_gain=17.3772 4.70359 2.48572 2.57001 2.2708 2.00947 3.5381 2.63243 3.01682 1.9459 2.15786 1.89267 1.88601 1.86172
threshold=19.750000000000004 937.50000000000011 -35.499999999999993 22.500000000000004 264.75000000000006 -0.80417042486635371 -0.36647417525074694 -0.79384350655589164 46.500000000000007 0.14888728888808328 -17.499999999999996 0.86869874770991873 -0.32613736746952143 95.500000000000014
decision_type=2 2 2 2 2 2 2 2 2 2 2 2 2 2
left_child=-1 2 -2 4 13 6 -5 12 -9 -6 -11 -12 -7 -4
right_child=1 -3 3 5 9 7 -8 8 -10 10 11 -13 -14 -15
leaf_value=-0.66173068617977249 0.11456419615271614 1.6014985385151079 -0.12464476489889904 -2.285255595477218 -0.16289732591528719 -3.1398974707812246 0.14720272770973111 -0.12922556596309251 0.80238325882461092 0.087580990332226355 0.0085291303653548308 -0.093166313559073899 0.27014811595921912 -0.13527614613242989
leaf_weight=97 1339 85 183 95 239 89 311 111 229 136 243 96 113 154
leaf_count=97 1339 85 183 95 239 89 311 111 229 136 243 96 113 154
internal_value=-0.000496454 0.000109393 -0.000194436 -0.00130988 -0.00300663 0.000577125 -0.00206813 0.00255941 0.00521739 -0.00139082 0.00046875 -0.00167151 -0.00193237 -0.00635965
internal_weight=3520 3423 3338 1999 1051 948 406 542 340 714 475 339 202 337
internal_count=3520 3423 3338 1999 1051 948 406 542 340 714 475 339 202 337
is_linear=0
shrinkage=0.05


Tree=96
num_leaves=15
num_cat=0
split_feature=4 0 3 3 4 7 3 12 11 11 8 10 11 12
split_gain=17.238 5.46917 2.02176 3.98743 2.61382 2.43631 2.33798 1.95679 3.08174 1.76156 1.64504 1.72802 1.55595 2.10706
threshold=39.081575387965842 937.50000000000011 -25.499999999999996 4.5000000000000009 209.82136977285859 24.850000000000005 -4.4999999999999991 -0.80417042486635371 -0.35041564478062465 -0.13398594226331254 46.500000000000007 12.500000000000002 -0.79384350655589164 -0.35846086284744721
decision_type=2 2 2 2 2 2 2 2 2 2 2 2 2 2
left_child=-1 2 4 6 -2 -6 -4 8 -5 -10 11 -9 13 -12
right_child=1 -3 3 7 5 -7 -8 10 9 -11 12 -13 -14 -15
leaf_value=-0.62864415187078382 0.20792357198239841 1.7041525706518428 -0.04365003251403117 -1.7493707680918675 -0.59486955009256881 0.090639413545369515 -0.15301222011848098 0.087342294784577501 2.0444665070286523 -0.1813414042260007 -1.7314331936932719 -0.21433483410270926 0.53392298649398817 0.26227166500207588
leaf_weight=105 107 85 537 101 104 1299 187 96 88 240 84 81 251 128
leaf_count=105 107 85 537 101 104 1299 187 96 88 240 84 81 251 128
internal_value=-0.000293025 0.000338933 7.55744e-06 -0.00112625 0.00135314 0.000763494 -0.00397805 0.000814711 -0.00178571 0.000600601 0.00255814 -0.00151099 0.00411325 0.000921659
internal_weight=3493 3388 3303 1793 1510 1403 724 1069 429 328 640 177 463 212
internal_count=3493 3388 3303 1793 1510 1403 724 1069 429 328 640 177 463 212
is_linear=0
shrinkage=0.05


Tree=97
num_leaves=15
num_cat=0
split_feature=4 0 3 0 1 0 12 11 12 7 1 11 7 11
split_gain=15.5129 4.53643 2.32105 1.43631 2.16047 1.31666 1.30214 2.59294 2.2647 1.63828 1.30017 1.28022 1.68852 2.03127
threshold=33.232423289957843 937.50000000000011 -68.499999999999986 872.50000000000011 817.50000000000011 51.500000000000007 -0.80417042486635371 -0.36647417525074694 -0.70289845916694649 26.950000000000003 87.500000000000014 0.97508442350096236 32.850000000000001 0.42958674266195179
decision_type=2 2 2 2 2 2 2 2 2 2 2 2 2 2
left_child=-1 2 -2 4 5 -4 7 -7 -8 10 -9 12 13 -10
right_child=1 -3 3 -5 -6 6 8 9 11 -11 -12 -13 -14 -15
leaf_value=-0.6472119442772446 0.2610914333215561 1.6042095454994865 -0.065300799991347705 0.22576819125829389 -0.10958695186514547 -2.0492835098731628 0.48765786787540294 1.2020338069302312 0.011126829978388743 -0.25105117090689932 -0.23122501716507315 -0.29505354736739947 0.14081106592173606 -0.11025792801384569
leaf_weight=84 1020 80 134 105 124 100 97 86 791 243 85 112 146 292
leaf_count=84 1020 80 134 105 124 100 97 86 791 243 85 112 146 292
internal_value=-0.000178368 0.000358187 6.73653e-05 -0.00080819 -0.00108352 -0.000693448 -0.00035769 -0.00250482 0.0004158 -0.00071599 0.00298295 -0.000130015 0.000344408 -0.000344669
internal_weight=3499 3415 3335 2315 2210 2086 1952 514 1438 414 171 1341 1229 1083
internal_count=3499 3415 3335 2315 2210 2086 1952 514 1438 414 171 1341 1229 1083
is_linear=0
shrinkage=0.05


Tree=98
num_leaves=15
num_cat=0
split_feature=4 0 10 11 12 5 5 4 5 11 12 9 6 11
split_gain=15.5144 3.83154 1.66327 2.476 1.76988 3.84398 2.4365 3.14852 2.96542 2.63823 1.93645 1.92019 1.28345 3.49664
threshold=33.232423289957843 911.50000000000011 14.500000000000002 0.94978112945126536 0.04621408538533487 0.45524074966398337 0.41224927513359849 209.82136977285859 0.21873887630812677 0.89404822654372251 -0.57077231802681661 11.500000000000002 1.0522305271177661 0.76696112484652035
decision_type=2 2 2 2 2 2 2 2 2 2 2 2 2 2
left_child=-1 2 3 12 6 -6 7 -4 -9 10 -8 -7 -2 -14
right_child=1 -3 4 -5 5 11 9 8 -10 -11 -12 -13 13 -15
leaf_value=-0.61349226084619812 0.14287149266999252 0.53873446484427634 0.16179719372082355 0.24977264459005541 -0.20254194426317229 0.072269356745081836 -0.3538525061080986 -1.0602129033425485 0.58355260955872978 -0.79619005175570123 0.21975289160911091 -0.17568103910808475 0.0016209556794137825 -0.13547249286962995
leaf_weight=85 1152 151 84 173 122 170 188 81 142 87 87 222 629 141
leaf_count=85 1152 151 84 173 122 170 188 81 142 87 87 222 629 141
internal_value=-0.000341006 0.000196564 -0.00016753 0.000678571 -0.00166246 -0.00385356 3.7092e-05 0.00328526 0.000109649 -0.0027248 -0.000267857 -0.00138539 0.000155682 -0.00141935
internal_weight=3514 3429 3278 2095 1183 514 669 307 223 362 275 392 1922 770
internal_count=3514 3429 3278 2095 1183 514 669 307 223 362 275 392 1922 770
is_linear=0
shrinkage=0.05


Tree=99
num_leaves=15
num_cat=0
split_feature=4 0 11 10 12 11 4 7 11 5 6 11 12 5
split_gain=14.5196 3.97813 2.05572 1.63085 2.26941 5.00344 1.91071 1.89485 1.75179 1.68088 2.95478 2.46425 1.79912 2.7063
threshold=33.232423289957843 945.50000000000011 -0.99763297024448894 13.500000000000002 -0.3744658827978154 0.77244481603295057 169.89167813732209 36.050000000000004 0.74443451080969758 0.44313321903388386 0.97489031826019612 0.25725141817891134 -0.42179730054635828 0.72227309380815741
decision_type=2 2 2 2 2 2 2 2 2 2 2 2 2 2
left_child=-1 2 -2 9 5 -5 -6 8 -8 -4 11 12 13 -11
right_child=1 -3 3 4 6 -7 7 -9 -10 10 -12 -13 -14 -15
leaf_value=-0.58349719091248031 0.86087832129326791 1.497062344982294 -1.1425296468131265 -0.15547548369722294 -0.14255976275703938 0.38619923039253057 -0.10695239775128301 -1.3305975275516175 0.094302668754682281 1.7140106908634494 -0.0081733044016743858 2.1849575918072914 0.91156253252130459 -1.251509616882752
leaf_weight=86 81 80 148 548 91 80 493 99 157 150 1181 92 153 82
leaf_count=86 81 80 148 548 91 80 493 99 157 150 1181 92 153 82
internal_value=-0.000616846 -9.44767e-05 -0.000364583 -0.000564196 -0.00179905 0.000473934 -0.00349112 -0.00261936 -0.00160305 0.000441745 0.000901984 0.00420124 0.00237179 -0.000421941
internal_weight=3521 3435 3355 3274 1468 628 840 749 650 1806 1658 477 385 232
internal_count=3521 3435 3355 3274 1468 628 840 749 650 1806 1658 477 385 232
is_linear=0
shrinkage=0.05


Tree=100
num_leaves=15
num_cat=0
split_feature=2 0 3 3 4 7 3 11 4 4 0 2 0 4
split_gain=16.2257 3.53142 1.6765 1.97262 1.59889 2.16204 1.23072 2.14985 2.03763 1.74483 1.28468 1.23689 1.76359 2.26998
threshold=19.750000000000004 911.50000000000011 -35.499999999999993 20.500000000000004 236.07310870342761 24.950000000000003 -9.4999999999999982 -0.20180236284700911 159.05116759260088 331.15835355179382 584.50000000000011 794.50000000000011 513.50000000000011 187.04766040366846
decision_type=2 2 2 2 2 2 2 2 2 2 2 2 2 2
left_child=-1 2 4 6 -2 -6 11 9 -9 -8 -10 12 13 -4
right_child=1 -3 3 -5 5 -7 7 8 10 -11 -12 -13 -14 -15
leaf_value=-0.50500187447544842 0.20272420428279006 0.61320183496745251 0.015806910317090583 0.1001702602961089 -0.67039194751271869 0.11720387780628415 0.048701101098099997 -0.17048819594348147 -0.0062413074131979947 -0.073247843186680942 -0.14863891604776996 -0.087799061247864074 0.045886775495569056 -0.19593270440987426
leaf_weight=95 121 151 86 938 98 1129 89 85 92 125 92 98 173 150
leaf_count=95 121 151 86 938 98 1129 89 85 92 125 92 98 173 150
internal_value=-0.000396938 0.00018211 -0.000167632 -0.00111226 0.00118256 0.000629058 -0.00266332 -0.00445697 -0.00739051 -0.000684932 -0.0042328 -0.000927734 0.000301932 -0.00248963
internal_weight=3522 3427 3276 1928 1348 1227 990 483 269 214 184 507 409 236
internal_count=3522 3427 3276 1928 1348 1227 990 483 269 214 184 507 409 236
is_linear=0
shrinkage=0.05


Tree=101
num_leaves=15
num_cat=0
split_feature=4 0 1 11 0 11 8 11 12 8 2 3 2 3
split_gain=14.9199 3.01861 2.13914 1.50195 2.02578 1.47937 1.40015 1.26544 2.62712 1.96008 1.66499 1.44112 2.39929 1.89002
threshold=39.081575387965842 911.50000000000011 80.500000000000014 -0.99630266176052629 177.50000000000003 -0.27694604220087021 60.500000000000007 -0.48314718476766422 0.59003219687534991 97.500000000000014 525.75000000000011 136.50000000000003 387.50000000000006 -49.499999999999993
decision_type=2 2 2 2 2 2 2 2 2 2 2 2 2 2
left_child=-1 2 6 -4 5 -5 -2 8 9 -6 -10 13 -13 -9
right_child=1 -3 3 4 7 -7 -8 11 10 -11 -12 12 -14 -15
leaf_value=-0.47975178075167602 -0.13635273723477664 0.56664849323658195 0.8494994158184852 -0.00076675550242200075 -0.34167963319104616 0.15013227589402264 -0.10702412556620332 0.029238138594755016 0.02067533111646043 0.45805106384437694 0.28145348765693257 -0.65815479643442532 1.7932073363296697 -0.087545557535543148
leaf_weight=99 81 152 82 119 373 174 377 605 80 258 119 100 91 785
leaf_count=99 81 152 82 119 373 174 377 605 80 258 119 100 91 785
internal_value=-0.000335714 0.000235225 -9.23361e-05 0.000429953 0.000221484 0.00411074 -0.00323974 -0.000258692 0.00131737 -0.000275157 0.00625 -0.00108764 0.00293367 -0.00164875
internal_weight=3495 3396 3244 2786 2704 293 458 2411 830 631 199 1581 191 1390
internal_count=3495 3396 3244 2786 2704 293 458 2411 830 631 199 1581 191 1390
is_linear=0
shrinkage=0.05


Tree=102
num_leaves=15
num_cat=0
split_feature=4 1 1 7 6 0 12 12 4 3 4 5 5 6
split_gain=14.1084 2.86612 1.68324 1.14262 1.90904 2.69901 1.09961 1.9072 1.73765 1.06658 1.01728 1.6769 1.32509 2.06282
threshold=39.081575387965842 1005.5000000000001 83.500000000000014 23.950000000000003 0.28133139830598752 75.500000000000014 -0.87810534180523914 -0.70289845916694649 930.41410571168501 -35.499999999999993 219.22127026261342 1.25138494947973 0.68867451138562064 0.81575077033479004
decision_type=2 2 2 2 2 2 2 2 2 2 2 2 2 2
left_child=-1 2 3 -2 5 -5 8 9 -4 -8 11 -9 -12 -14
right_child=1 -3 6 4 -6 -7 7 10 -10 -11 12 -13 13 -15
leaf_value=-0.47094955307253389 -1.0587457067378101 1.6722977497889731 -0.56617849963851652 0.16332845402008722 -0.12008972796027458 -0.35658464355674124 0.14752486572501802 0.11843451781023262 1.2756107810063384 0.45150266279671458 -0.24547544257542314 -0.0031710101636470258 0.50761326143248486 -0.0092378543311156143
leaf_weight=100 80 86 319 81 109 196 148 104 115 149 510 152 167 1193
leaf_count=100 80 86 319 81 109 196 148 104 115 149 510 152 167 1193
internal_value=-0.000519351 3.66139e-05 -0.000202825 -0.0029724 -0.00179028 0.000443262 0.000253319 0.000669275 -0.00205011 0.00438742 0.000140779 0.00306513 -0.000266667 0.000549451
internal_weight=3509 3409 3323 466 386 277 2857 2423 434 297 2126 256 1870 1360
internal_count=3509 3409 3323 466 386 277 2857 2423 434 297 2126 256 1870 1360
is_linear=0
shrinkage=0.05


Tree=103
num_leaves=15
num_cat=0
split_feature=4 1 8 12 12 12 12 1 12 5 6 7 7 3
split_gain=14.9243 2.50799 3.22011 1.06568 1.95455 1.71553 1.50954 3.06084 1.54901 1.60115 2.53271 2.14714 2.05756 2.33792
threshold=39.081575387965842 956.50000000000011 41.500000000000007 -0.87810534180523914 -0.92272482904738262 -0.71502926860092908 -0.57782411410281842 410.50000000000006 -0.49812626372919411 0.68867451138562064 0.81575077033479004 29.550000000000004 35.250000000000007 -12.499999999999998
decision_type=2 2 2 2 2 2 2 2 2 2 2 2 2 2
left_child=-1 3 -3 4 -2 -5 7 -7 -8 11 -11 -10 13 -12
right_child=1 2 -4 5 -6 6 8 -9 9 10 12 -13 -14 -15
leaf_value=-0.43221671406046547 -0.10040025435090279 1.363678604039535 -0.084327955659276199 0.39390776141138634 -1.1654360914469664 0.24194699388177945 0.2389845357554492 -2.4317369850507475 -0.13203983683423176 0.48485627079798238 0.085813282929240134 0.041320076718080405 -0.82105001594477478 -0.036676012011224661
leaf_weight=101 466 84 88 306 121 116 94 83 430 176 723 209 92 397
leaf_count=101 466 84 88 306 121 116 94 83 430 176 723 209 92 397
internal_value=-0.000157548 0.000420354 0.00621469 0.000100994 -0.00181588 0.000532117 6.45161e-05 -0.00404412 0.000458608 0.000159941 0.00111271 -0.00190217 0.000287592 0.000888889
internal_weight=3486 3385 172 3213 587 2626 2320 199 2121 2027 1388 639 1212 1120
internal_count=3486 3385 172 3213 587 2626 2320 199 2121 2027 1388 639 1212 1120
is_linear=0
shrinkage=0.05


Tree=104
num_leaves=15
num_cat=0
split_feature=0 0 12 11 6 4 7 7 8 2 7 4 0 2
split_gain=13.6826 3.50663 1.35902 4.5699 2.3177 1.27182 1.26538 1.05879 0.948957 2.24923 1.85296 1.79976 1.52257 1.6814
threshold=19.000000000000004 945.50000000000011 -0.88620506325989179 -0.31799228562170639 0.68621036111737699 691.04897564390819 26.650000000000002 26.950000000000003 41.500000000000007 246.25000000000003 24.650000000000002 203.5782616702721 518.50000000000011 581.25000000000011
decision_type=2 2 2 2 2 2 2 2 2 2 2 2 2 2
left_child=-1 2 3 -2 5 6 -5 -6 9 -4 -11 -10 -12 -14
right_child=1 -3 8 4 7 -7 -8 -9 11 10 12 -13 13 -15
leaf_value=-0.36060587835744218 -1.525479218780289 1.3118591533688062 -0.076732125111138319 0.39107771391234891 -0.099423756733644814 2.030642273801476 -0.66904241843641055 -1.6711418868296448 0.04556749212721059 0.10629868525740278 -0.14060077714940178 0.019127073211507195 0.14005271171878916 -0.014342965227189098
leaf_weight=92 92 80 142 92 88 155 89 89 237 84 133 1617 81 445
leaf_count=92 92 80 142 92 88 155 89 89 237 84 133 1617 81 445
internal_value=-0.00055382 -2.9163e-05 -0.000283667 -0.00241803 -0.000530888 0.00190616 -0.00094086 -0.00508242 0.000191327 -0.00115169 -3.34225e-05 0.000833782 -0.000941265 0.000282486
internal_weight=3516 3424 3344 605 513 336 181 177 2739 885 743 1854 659 526
internal_count=3516 3424 3344 605 513 336 181 177 2739 885 743 1854 659 526
is_linear=0
shrinkage=0.05


Tree=105
num_leaves=15
num_cat=0
split_feature=0 1 12 11 6 4 11 11 11 8 12 12 11 9
split_gain=14.1674 2.65612 2.00405 4.2602 1.9929 1.89415 1.72502 3.96371 3.16841 2.57204 2.93837 1.66893 1.35156 1.82971
threshold=19.000000000000004 1000.5000000000001 -0.88620506325989179 -0.31799228562170639 0.68621036111737699 930.41410571168501 0.92922379131507438 0.878110924644389 0.95242846126021108 49.500000000000007 0.063390085881955341 -0.85225707553516283 -0.159513159777915 58.500000000000007
decision_type=2 2 2 2 2 2 2 2 2 2 2 2 2 2
left_child=-1 2 3 -2 5 -5 7 11 -8 10 -10 -4 -13 -14
right_child=1 -3 6 4 -6 -7 8 -9 9 -11 -12 12 13 -15
leaf_value=-0.39257558443957008 -1.6572674054344021 1.5012478869144275 0.49469471336718063 -0.037247883577585482 -0.50889267982338426 3.7632331449855574 -0.8641135653540517 0.33894678775898374 -0.81953219606641037 0.12691328593940057 0.068140731912265551 0.043822900789515985 -0.069136265862771037 0.089905269545060312
leaf_weight=91 98 101 80 252 174 80 81 140 85 135 93 1327 504 310
leaf_count=91 98 101 80 252 174 80 81 140 85 135 93 1327 504 310
internal_value=-6.32733e-05 0.00046176 0.000215517 -0.00238095 -0.000489237 0.00178042 0.000788043 0.00129966 -0.00225564 7.86164e-05 -0.00382514 0.000774933 0.000500932 -0.0010989
internal_weight=3551 3460 3359 604 506 332 2755 2361 394 313 178 2221 2141 814
internal_count=3551 3460 3359 604 506 332 2755 2361 394 313 178 2221 2141 814
is_linear=0
shrinkage=0.05


Tree=106
num_leaves=15
num_cat=0
split_feature=4 0 3 4 9 11 5 6 7 8 12 12 8 12
split_gain=14.6017 3.78041 1.38777 3.86188 1.9787 1.70361 1.62545 1.69955 1.4637 1.57199 2.01322 1.90178 1.67546 1.44316
threshold=39.081575387965842 945.50000000000011 -34.499999999999993 236.07310870342761 32.500000000000007 0.78857998149907527 1.0932198240630997 1.1681402414192028 23.850000000000005 42.500000000000007 -0.80417042486635371 -0.61236746317008228 22.500000000000004 -0.32613736746952143
decision_type=2 2 2 2 2 2 2 2 2 2 2 2 2 2
left_child=-1 2 3 -2 -4 -5 8 -8 -6 12 -11 -12 -10 -13
right_child=1 -3 4 5 6 -7 7 -9 9 10 11 13 -14 -15
leaf_value=-0.39794680521759163 0.29684366438416987 1.4003073796079037 -0.039152225867098878 -0.064270056352238217 -0.71349114987780715 0.2816037843065175 0.3463802076991101 0.0074513115211018999 0.012465324451591897 -0.41220361884949885 1.0447317303992123 -0.84120663432583476 -0.20577992724145702 0.098135009520019884
leaf_weight=98 117 80 581 936 82 295 93 129 80 393 125 124 83 294
leaf_count=98 117 80 581 936 82 295 93 129 80 393 125 124 83 294
internal_value=-0.000384068 0.000175593 -8.99011e-05 0.0011456 -0.000930116 0.000303398 8.87784e-05 0.00396476 -0.000653457 -0.000158514 0.00063762 0.00260036 -0.0046131 0.000945626
internal_weight=3510 3412 3332 1348 1984 1231 1403 222 1181 1099 936 543 163 418
internal_count=3510 3412 3332 1348 1984 1231 1403 222 1181 1099 936 543 163 418
is_linear=0
shrinkage=0.05


Tree=107
num_leaves=15
num_cat=0
split_feature=2 4 12 12 12 9 4 11 4 0 3 1 7 3
split_gain=13.5387 2.51052 2.62548 2.044 1.70331 1.27107 1.35445 1.16809 1.6514 1.77473 1.45905 1.57539 1.6518 1.36685
threshold=19.750000000000004 901.88540133086008 -0.031174269516803289 -0.3744658827978154 -0.6391983530350368 98.500000000000014 937.5897793046471 -0.48314718476766422 195.54558252196924 728.50000000000011 -37.499999999999993 290.50000000000006 27.450000000000003 20.500000000000004
decision_type=2 2 2 2 2 2 2 2 2 2 2 2 2 2
left_child=-1 7 3 4 5 -3 -7 8 -2 -10 11 -9 -13 -12
right_child=1 2 -4 -5 -6 6 -8 10 9 -11 13 12 -14 -15
leaf_value=-0.35304946495671202 0.13304662998532421 -0.66318556177776034 0.69650682028758126 -1.2258298630421736 1.4861370864008792 -0.51256843382899153 2.1256274172464429 0.20453981469296992 -0.021601411057710608 0.27450609166394885 -0.062564256709179492 -0.44996985622102842 0.091321556476674462 -0.010001651917399101
leaf_weight=100 82 87 142 99 101 93 99 96 795 94 728 145 389 490
leaf_count=100 82 87 142 99 101 93 99 96 795 94 728 145 389 490
internal_value=-0.000409027 0.000130624 0.00299521 0.00118802 0.00285714 0.000792254 0.00304569 -0.000504603 0.000896516 0.000251678 -0.00124123 0.000708661 -0.000371058 -0.00224857
internal_weight=3540 3440 621 479 380 279 192 2819 971 889 1848 630 534 1218
internal_count=3540 3440 621 479 380 279 192 2819 971 889 1848 630 534 1218
is_linear=0
shrinkage=0.05


Tree=108
num_leaves=15
num_cat=0
split_feature=2 0 11 12 11 5 12 12 3 7 12 11 11 11
split_gain=14.3581 2.46854 1.55702 1.77907 3.81779 2.63169 1.33935 1.55142 1.65033 1.98943 2.16913 1.97109 2.31015 1.6387
threshold=15.250000000000002 937.50000000000011 0.9916835347852474 -0.88620506325989179 -0.31799228562170639 0.6824886151650853 -0.71502926860092908 -0.57782411410281842 -19.499999999999996 26.450000000000003 0.80798785254895478 -0.8781231054254196 -0.98214942551678475 1.0000000180025095e-35
decision_type=2 2 2 2 2 2 2 2 2 2 2 2 2 2
left_child=-1 2 3 4 -2 -6 -5 -8 11 13 -11 12 -9 -10
right_child=1 -3 -4 6 5 -7 7 8 9 10 -12 -13 -14 -15
leaf_value=-0.33539699170887644 -1.0323989694584139 1.0683782701666302 -0.32436359086545397 0.31583787910667527 0.4201020949955947 -0.89270423461514137 -0.41677664836352624 0.64217713644875973 0.071992415683949679 -0.026964086669647714 -0.20339604527414432 0.14133633986970723 -0.50455711365637301 -0.054284842123778536
leaf_weight=84 95 86 140 346 339 162 215 119 277 474 135 745 207 98
leaf_count=84 95 86 140 346 339 162 215 119 277 474 135 745 207 98
internal_value=-0.000396938 0.000116178 -0.00010426 0.000124339 -0.00232945 -0.000543478 0.000686761 0.000241758 0.000667476 -0.000808898 -0.00256515 0.00202138 -0.00120846 0.00203947
internal_weight=3522 3438 3352 3212 596 501 2616 2270 2055 984 609 1071 326 375
internal_count=3522 3438 3352 3212 596 501 2616 2270 2055 984 609 1071 326 375
is_linear=0
shrinkage=0.05


Tree=109
num_leaves=15
num_cat=0
split_feature=2 0 3 4 2 11 9 8 3 0 6 12 12 12
split_gain=13.2893 2.71058 1.00153 1.44602 1.56993 1.96557 1.36451 1.72128 1.6789 2.39284 1.43731 1.15847 1.11764 3.25084
threshold=15.250000000000002 945.50000000000011 -48.499999999999993 228.70521935916278 547.75000000000011 -0.18492532721306487 15.500000000000002 2.5000000000000004 -4.4999999999999991 327.50000000000006 0.96319111107294042 0.53312596302726967 -0.80417042486635371 -0.6652727025667432
decision_type=2 2 2 2 2 2 2 2 2 2 2 2 2 2
left_child=-1 2 3 -2 5 -5 8 -8 9 -4 -11 -12 -9 -14
right_child=1 -3 6 4 -6 -7 7 12 -10 10 11 -13 13 -15
leaf_value=-0.31862714212343263 0.33875810321671057 1.1198357796583707 0.028337431196530361 -0.59425893623818238 0.37455616440001055 0.10070923658001335 0.080872238945107713 -0.41209846006093331 -0.1614287959301052 -0.28516773561327113 -0.078330560215260914 0.045824529805349817 0.50856313458225988 -0.009283573818313684
leaf_weight=82 84 81 145 231 670 234 103 525 84 85 165 123 112 806
leaf_count=82 84 81 145 231 670 234 103 525 84 85 165 123 112 806
internal_value=-0.000240453 0.000246163 2.2242e-05 0.00116422 0.000679825 -0.00154255 -0.000627032 0.000161186 -0.00263591 -0.00152964 -0.00363757 -0.00187713 -0.000293508 0.000758397
internal_weight=3530 3448 3367 1219 1135 465 2148 1546 602 518 373 288 1443 918
internal_count=3530 3448 3367 1219 1135 465 2148 1546 602 518 373 288 1443 918
is_linear=0
shrinkage=0.05


Tree=110
num_leaves=15
num_cat=0
split_feature=2 0 12 12 12 11 0 9 6 12 11 6 12 2
split_gain=13.7152 2.4617 2.28421 2.10524 1.67872 3.97977 1.99161 2.68291 1.72688 1.38285 2.54565 1.86285 1.60146 1.9141
threshold=15.250000000000002 862.50000000000011 0.1318557721318592 -0.41399101439218416 -0.88620506325989179 -0.31799228562170639 781.50000000000011 15.500000000000002 0.66939399147666789 -0.39036009226888674 0.82414472752956958 0.19998215394396199 -0.28519997588938989 757.25000000000011
decision_type=2 2 2 2 2 2 2 2 2 2 2 2 2 2
left_child=-1 4 3 -3 5 -2 9 -8 -7 10 11 -6 -11 -14
right_child=1 2 -4 -5 6 8 7 -9 -10 12 -12 -13 13 -15
leaf_value=-0.30269578501726102 -1.4735367118726614 0.507258839022802 0.5819726086739081 -0.8644749718988578 -0.81604950714301339 0.33066492963144684 -0.17491609286386733 0.11387796300893456 -0.56140171710213449 -0.87902530690982705 0.20694713611898977 0.20260180104412165 -0.0060232400179813794 0.31188782715662455
leaf_weight=85 90 86 84 83 108 315 141 101 188 113 83 485 1397 153
leaf_count=85 90 86 84 83 108 315 141 101 188 113 83 485 1397 153
internal_value=-0.000454933 5.09907e-05 0.00474806 0.0012931 -0.000330293 -0.00271739 0.000222351 -0.00404858 -0.000935039 0.000671928 0.00256975 0.0013796 -0.000104916 0.000321543
internal_weight=3512 3427 253 169 3174 593 2581 242 503 2339 676 593 1663 1550
internal_count=3512 3427 253 169 3174 593 2581 242 503 2339 676 593 1663 1550
is_linear=0
shrinkage=0.05


Tree=111
num_leaves=15
num_cat=0
split_feature=2 1 11 11 11 10 3 3 8 12 8 6 11 11
split_gain=12.3577 1.97751 1.30853 2.11733 2.08904 1.52805 1.9524 2.98024 2.61636 2.42223 2.00629 1.76419 3.33717 3.7082
threshold=15.250000000000002 1000.5000000000001 -0.98214942551678475 -0.8781231054254196 -0.77245553105869302 12.500000000000002 41.500000000000007 -5.4999999999999991 86.500000000000014 -0.94137724084408114 1.5000000000000002 0.81575077033479004 0.74443451080969758 0.92922379131507438
decision_type=2 2 2 2 2 2 2 2 2 2 2 2 2 2
left_child=-1 2 -2 -4 -5 6 7 9 -8 -6 -9 -7 -13 -14
right_child=1 -3 3 4 5 11 8 10 -10 -11 -12 12 13 -15
leaf_value=-0.28756099576639793 0.27746747104202996 1.2286652821766779 -0.45492371643933965 0.27071487919204174 -0.83460944423694916 -0.0027392688222398934 0.83547737191560723 0.004339946511294812 0.24352370426233422 0.045980438295472936 -0.30113247440856417 -0.29783793222198657 0.24552674306723932 -1.3222747491799227
leaf_weight=82 201 101 342 203 93 858 105 80 167 634 140 282 113 101
leaf_count=82 201 101 342 203 93 858 105 80 167 634 140 282 113 101
internal_value=-0.00035643 0.000116788 -9.77738e-05 -0.000352225 0.000107875 -0.000281226 0.00100082 -7.87815e-05 0.00469314 0.00146858 -0.00511111 -0.00143488 -0.00379242 0.000913242
internal_weight=3502 3420 3319 3118 2776 2573 1219 947 272 727 220 1354 496 214
internal_count=3502 3420 3319 3118 2776 2573 1219 947 272 727 220 1354 496 214
is_linear=0
shrinkage=0.05


Tree=112
num_leaves=15
num_cat=0
split_feature=4 1 11 11 11 7 12 4 4 11 0 12 12 3
split_gain=11.5581 1.68214 1.14711 5.82066 2.61478 2.6857 2.02358 1.0012 2.01793 1.95137 1.43433 1.45464 1.91146 2.04579
threshold=39.081575387965842 1000.5000000000001 0.92922379131507438 0.878110924644389 0.9550229469509578 35.150000000000013 0.011826144619637555 308.01241382439639 378.08774989870648 0.67167992559793654 130.50000000000003 0.86439018870140905 0.59003219687534991 -48.499999999999993
decision_type=2 2 2 2 2 2 2 2 2 2 2 2 2 2
left_child=-1 2 3 7 -4 6 -6 9 -9 -2 -10 12 -12 -14
right_child=1 -3 4 -5 5 -7 -8 8 10 -11 11 -13 13 -15
leaf_value=-0.27318294597807802 0.0451656131371653 1.2318337045738872 -0.93983399377059706 0.31643957347623797 -0.19053904344144712 -0.91486984080569733 0.2354709680671192 -0.27438085607671353 -1.442724790560991 -0.12975362653970884 -0.038202787244995311 -0.10783922712120955 1.1116934103110183 0.033798884152292888
leaf_weight=97 547 101 84 128 81 124 91 80 104 85 1423 270 80 241
leaf_count=97 547 101 84 128 81 124 91 80 104 85 1423 270 80 241
internal_value=-0.000324767 0.000166957 -2.99133e-05 0.000303746 -0.0025974 -0.000332226 0.00367232 -0.000176367 -0.00068089 0.00156986 -0.000376825 -7.42942e-05 0.000457404 0.00391104
internal_weight=3536 3439 3338 2958 380 296 172 2830 2198 632 2118 2014 1744 321
internal_count=3536 3439 3338 2958 380 296 172 2830 2198 632 2118 2014 1744 321
is_linear=0
shrinkage=0.05


Tree=113
num_leaves=15
num_cat=0
split_feature=4 1 3 3 5 8 3 12 11 11 3 8 9 9
split_gain=12.7579 2.25313 1.22353 2.04667 1.2887 1.77067 1.77804 1.41371 1.67003 1.28083 1.26481 1.93956 2.18266 1.86906
threshold=33.232423289957843 1000.5000000000001 -36.499999999999993 20.500000000000004 0.97439350332526153 50.500000000000007 293.50000000000006 -0.80417042486635371 -0.79384350655589164 -0.31799228562170639 -5.4999999999999991 68.500000000000014 44.500000000000007 88.500000000000014
decision_type=2 2 2 2 2 2 2 2 2 2 2 2 2 2
left_child=-1 2 -2 10 5 -5 7 9 -9 -7 11 12 -4 -12
right_child=1 -3 3 4 -6 6 -8 8 -10 -11 13 -13 -14 -15
leaf_value=-0.30952379867917412 0.11330399494377162 1.1702420193451928 -0.01728731029518258 -0.27377502694312739 0.31076991898264272 -1.1164322629882606 -0.93610203956067728 0.057536025903588951 0.70436505223130086 0.44760743800073899 -0.14953883540628113 -0.10152066964724026 0.13663338960000893 -0.0024296196938843554
leaf_weight=85 1296 105 465 80 149 91 113 150 142 205 205 138 102 180
leaf_count=85 1296 105 465 80 149 91 113 150 142 205 205 138 102 180
internal_value=-2.84819e-05 0.00045972 0.000225836 -0.00054321 0.00117647 0.000349873 0.00116856 0.00227656 0.0047138 -0.000166113 -0.00200913 -0.000739437 0.000568182 -0.00429487
internal_weight=3506 3421 3316 2020 930 781 701 588 292 296 1090 705 567 385
internal_count=3506 3421 3316 2020 930 781 701 588 292 296 1090 705 567 385
is_linear=0
shrinkage=0.05


Tree=114
num_leaves=15
num_cat=0
split_feature=0 0 11 0 9 0 12 11 11 10 12 10 12 0
split_gain=14.4339 2.15314 1.64417 1.44201 2.98024 1.88893 1.01271 2.3939 1.60377 1.5983 1.45243 1.97054 1.3195 1.75072
threshold=12.500000000000002 862.50000000000011 0.92922379131507438 778.50000000000011 15.500000000000002 744.50000000000011 -0.80417042486635371 -0.23537230790205757 -0.031173458710879235 13.500000000000002 -0.97111920233974802 13.500000000000002 -0.72694848937061807 698.50000000000011
decision_type=2 2 2 2 2 2 2 2 2 2 2 2 2 2
left_child=-1 3 -3 5 -5 6 7 9 -9 -2 -10 -12 -8 -14
right_child=1 2 -4 4 -6 -7 12 8 10 -11 11 -13 13 -15
leaf_value=-0.24404760874521536 -1.4381627709859615 0.38826535167869453 0.025093305208687869 -0.1242440788361705 0.16014291898276839 0.22189281384602566 0.44841181355864496 0.77395647449825666 -0.93926917104676244 -0.11596426717894488 0.66372828242835169 -0.170071896436437 0.012561091663067004 -0.28918669507304745
leaf_weight=80 133 137 104 141 115 126 124 129 160 102 109 99 1828 124
leaf_count=80 133 137 104 141 115 126 124 129 160 102 109 99 1828 124
internal_value=-0.000234642 0.000269208 0.00477642 -7.82473e-05 -0.00363985 0.000238176 -3.55492e-05 -0.00162822 0.000348606 -0.00572917 -0.00134048 0.00140845 0.000528592 0.000204394
internal_weight=3511 3431 241 3190 256 2934 2808 732 497 235 368 208 2076 1952
internal_count=3511 3431 241 3190 256 2934 2808 732 497 235 368 208 2076 1952
is_linear=0
shrinkage=0.05


Tree=115
num_leaves=15
num_cat=0
split_feature=2 0 8 11 3 7 12 11 11 8 8 3 12 7
split_gain=12.5669 2.09209 1.52892 1.46231 1.15375 1.68756 1.31598 3.09857 1.80711 1.29026 1.81626 1.61929 1.38988 0.962099
threshold=15.250000000000002 862.50000000000011 7.5000000000000009 -0.99763297024448894 -53.499999999999993 26.950000000000003 -0.79382744783423187 -0.31799228562170639 -0.17647087149565668 97.500000000000014 84.500000000000014 227.50000000000003 -0.93543596745397617 24.550000000000004
decision_type=2 2 2 2 2 2 2 2 2 2 2 2 2 2
left_child=-1 3 -3 -2 13 6 7 -6 -8 10 11 -7 -11 -5
right_child=1 2 -4 4 5 9 8 -9 -10 12 -12 -13 -14 -15
leaf_value=-0.23184522830795454 0.82203892695693526 0.47749534087300277 0.16028324048092202 -0.29830594567712437 -1.0842101033289802 -0.058970939559992532 0.06251195222947388 0.40082355242241618 -0.036588492777841 -0.64248669190849916 -1.8313606378192633 1.3037396508895995 0.26528903651920716 0.20230384968475904
leaf_weight=82 82 91 156 88 133 743 400 156 159 85 101 87 177 950
leaf_count=82 82 91 156 88 133 743 400 156 159 85 101 87 177 950
internal_value=-0.000200286 0.000278347 0.0046627 -7.10676e-05 -0.000251297 -0.00094086 0.000762016 -0.00195578 0.00217199 -0.00214942 -0.00301816 -0.00221557 0.00093633 0.00110259
internal_weight=3490 3408 247 3161 3079 2041 848 289 559 1193 931 830 262 1038
internal_count=3490 3408 247 3161 3079 2041 848 289 559 1193 931 830 262 1038
is_linear=0
shrinkage=0.05


Tree=116
num_leaves=15
num_cat=0
split_feature=2 4 12 12 8 0 10 5 11 11 8 8 12 2
split_gain=12.9811 1.74889 3.30007 2.1975 1.90925 1.2901 1.25567 2.06548 1.02016 2.58562 2.23515 1.57358 1.46603 1.40029
threshold=19.750000000000004 901.88540133086008 -0.031174269516803289 -0.3744658827978154 83.500000000000014 582.50000000000011 12.500000000000002 0.88173899687427848 0.94978112945126536 0.71503381463111937 65.500000000000014 79.500000000000014 -0.38243420677835349 794.50000000000011
decision_type=2 2 2 2 2 2 2 2 2 2 2 2 2 2
left_child=-1 6 3 4 -3 -6 8 -8 9 10 13 -12 -11 -2
right_child=1 2 -4 -5 5 -7 7 -9 -10 12 11 -13 -14 -15
leaf_value=-0.22025296689255686 0.1131902545477864 1.4620578585717454 0.76570808963059855 -1.2293427718255829 0.69134324617824283 -0.72788842987197888 -0.0036460209017207036 -0.11571411211396879 0.187205897875657 0.0023059979867355198 -0.50701057605252231 0.06909039613378419 -0.16286807162686331 -0.0080683757587223688
leaf_weight=103 350 117 148 107 176 80 1234 140 131 98 100 531 123 88
leaf_count=103 350 117 148 107 176 80 1234 140 131 98 100 531 123 88
internal_value=0.000169924 0.00070741 0.00308057 0.00103093 0.00284392 0.000383142 0.000169643 -0.000906454 0.00120968 0.000772201 0.00179236 -0.000117925 -0.00409292 0.00451467
internal_weight=3526 3423 628 480 373 256 2795 1374 1421 1290 1069 631 221 438
internal_count=3526 3423 628 480 373 256 2795 1374 1421 1290 1069 631 221 438
is_linear=0
shrinkage=0.05


Tree=117
num_leaves=15
num_cat=0
split_feature=2 4 12 12 8 10 5 3 11 11 8 12 11 7
split_gain=12.8126 2.08508 1.91153 1.32022 2.87791 1.08922 2.06809 0.999839 0.956719 2.67302 3.00386 1.76511 1.56543 1.6951
threshold=15.250000000000002 901.88540133086008 0.011826144619637555 -0.3744658827978154 83.500000000000014 12.500000000000002 0.51691512294263864 -243.99999999999997 -0.33425342068356556 -0.24372957273992746 54.500000000000007 0.59003219687534991 0.63257020223555627 34.650000000000013
decision_type=2 2 2 2 2 2 2 2 2 2 2 2 2 2
left_child=-1 7 3 4 -3 -6 -7 -2 11 -10 -11 -9 -12 -14
right_child=1 2 -4 -5 5 6 -8 8 9 10 12 -13 13 -15
leaf_value=-0.20924031854792899 -1.3370986943303251 1.4997019101629008 0.69508466224102683 -0.78246318495677092 1.5188619421886174 0.71091243283444217 -2.4745494634354035 -0.0033354595344517791 -0.31970787825665781 -0.063902594959139955 0.0096133131298245193 0.11701322778317831 0.26528270227709394 -0.010602877579104941
leaf_weight=86 119 107 133 113 82 95 81 764 90 780 492 314 181 96
leaf_count=86 119 107 133 113 82 95 81 764 90 780 492 314 181 96
internal_value=-0.000162521 0.000325898 0.00296266 0.00144928 0.00290541 0 -0.00220994 -0.000246392 -4.59221e-05 -0.000805961 -0.000305663 0.00110803 0.00190568 0.00487589
internal_weight=3533 3447 611 478 365 258 176 2836 2717 1639 1549 1078 769 277
internal_count=3533 3447 611 478 365 258 176 2836 2717 1639 1549 1078 769 277
is_linear=0
shrinkage=0.05


Tree=118
num_leaves=15
num_cat=0
split_feature=2 4 4 1 11 11 11 2 5 11 1 3 5 0
split_gain=10.7367 2.27502 1.20546 1.1958 1.3682 1.24444 1.17446 1.16028 2.52172 1.2568 1.01557 0.921579 1.20295 1.03039
threshold=15.250000000000002 696.3299064313245 661.16784927685251 1000.5000000000001 0.92922379131507438 0.85673801594079257 -0.46801505794253101 794.50000000000011 0.81037120034089083 -0.63921128368950708 885.50000000000011 -67.499999999999986 0.71599037269787613 197.50000000000003
decision_type=2 2 2 2 2 2 2 2 2 2 2 2 2 2
left_child=-1 2 11 4 5 7 -4 8 -3 -9 -11 12 13 -2
right_child=1 3 6 -5 -6 -7 -8 9 -10 10 -12 -13 -14 -15
leaf_value=-0.19877830262053253 0.42553943999611904 0.27159227219434712 0.019651838082882025 1.0135608484802674 -0.49763706487731557 0.44134082669431224 -0.67556658354346277 0.19141468436279185 0.34970195822634198 -0.067695453685277587 0.033411755167355749 -0.014870625568445917 0.35842273525933455 -0.39214228101468579
leaf_weight=84 81 670 85 103 156 80 139 95 191 104 91 1355 156 104
leaf_count=84 81 670 85 103 156 80 139 95 191 104 91 1355 156 104
internal_value=-0.000271506 0.000175695 -0.000961039 0.0016388 0.00123922 0.00180016 -0.00436681 0.00136246 0.0022806 -0.00135593 -0.003625 -0.000499706 0.00180636 -0.000921053
internal_weight=3494 3410 1920 1490 1387 1231 224 1151 861 290 195 1696 341 185
internal_count=3494 3410 1920 1490 1387 1231 224 1151 861 290 195 1696 341 185
is_linear=0
shrinkage=0.05


Tree=119
num_leaves=15
num_cat=0
split_feature=4 1 9 12 11 11 1 9 11 8 11 11 12 11
split_gain=9.84264 1.57919 1.25306 1.74421 2.59585 2.23494 1.6688 1.61123 1.29975 1.65788 1.21698 1.71064 1.60294 2.17784
threshold=39.081575387965842 1000.5000000000001 30.500000000000004 0.14888728888808328 0.94425825643485939 0.81925054981890411 906.50000000000011 10.500000000000002 1.0000000180025095e-35 56.500000000000007 -0.98214942551678475 -0.861146256326485 -0.82413948779581736 0.29033824002281988
decision_type=2 2 2 2 2 2 2 2 2 2 2 2 2 2
left_child=-1 2 3 -2 5 7 10 8 9 -5 -4 -12 13 -13
right_child=1 -3 6 4 -6 -7 -8 -9 -10 -11 11 12 -14 -15
leaf_value=-0.18883938748950593 -0.13578668820560721 0.94587475630995077 0.26567055453710398 0.16453839546435634 0.21192510735552333 -0.20757346709239111 0.58411065029162612 -0.11589600738388413 -0.033069137661721017 -0.039789179886814456 -0.4581101986984919 -0.4327933785481527 0.060782909318565004 0.31787760114914115
leaf_weight=98 412 100 164 149 85 105 89 115 188 81 304 511 978 136
leaf_count=98 412 100 164 149 85 105 89 115 188 81 304 511 978 136
internal_value=-0.000305398 0.000153419 -3.76279e-05 -0.00138158 0.000103022 -0.00101089 0.000663009 0.000325279 0.00177305 0.00425532 0.000369399 1.29266e-05 0.000659509 -0.00126534
internal_weight=3515 3417 3317 1135 723 638 2182 533 418 230 2093 1929 1625 647
internal_count=3515 3417 3317 1135 723 638 2182 533 418 230 2093 1929 1625 647
is_linear=0
shrinkage=0.05


Tree=120
num_leaves=15
num_cat=0
split_feature=4 2 9 3 7 8 7 4 0 3 11 7 7 7
split_gain=9.61594 1.21467 1.02085 3.53292 2.25964 1.78527 2.18111 1.74279 1.58635 1.41503 1.38244 1.51589 1.24477 1.19737
threshold=33.232423289957843 969.75000000000011 30.500000000000004 -5.4999999999999991 28.050000000000004 2.5000000000000004 22.950000000000003 696.3299064313245 75.500000000000014 -98.499999999999986 0.29033824002281988 31.250000000000004 26.150000000000002 35.150000000000013
decision_type=2 2 2 2 2 2 2 2 2 2 2 2 2 2
left_child=-1 2 3 4 12 -4 -7 8 -8 -6 -9 -12 -2 -11
right_child=1 -3 5 -5 9 6 7 10 -10 13 11 -13 -14 -15
leaf_value=-0.22939741811503067 0.00079254430637139002 0.69011180292509955 0.11572100676130503 -0.13318979768791195 0.33723690466251244 -0.23329218654771325 0.058049298374972573 0.20393742853760843 -0.10920176032692552 -0.029161529095335939 1.2512873121202432 0.36012444959263806 0.099326174645916157 -0.31498043615205235
leaf_weight=85 134 83 97 122 225 91 170 647 927 402 84 179 151 121
leaf_count=85 134 83 97 122 225 91 170 647 927 402 84 179 151 121
internal_value=-0.000255464 0.000167248 1.49031e-05 -0.00118534 -0.000216763 0.000647727 0.000332858 0.0006834 -0.000657895 -0.00166003 0.00229508 0.00531716 0.00353448 -0.00307765
internal_weight=3518 3433 3350 1155 1033 2195 2098 2007 1097 748 910 263 285 523
internal_count=3518 3433 3350 1155 1033 2195 2098 2007 1097 748 910 263 285 523
is_linear=0
shrinkage=0.05


Tree=121
num_leaves=15
num_cat=0
split_feature=0 1 11 12 11 7 5 2 12 12 3 7 3 12
split_gain=8.87754 1.59609 1.19677 0.709937 2.13849 2.04572 2.12449 0.854189 0.837965 2.40237 1.5459 2.18868 2.09361 1.74457
threshold=19.000000000000004 1008.5000000000001 0.9916835347852474 -0.88620506325989179 -0.23537230790205757 26.650000000000002 0.6824886151650853 411.25000000000006 -0.48313741114591585 -0.57782411410281842 28.500000000000004 26.850000000000005 -5.4999999999999991 -0.13398942717002907
decision_type=2 2 2 2 2 2 2 2 2 2 2 2 2 2
left_child=-1 2 3 4 -2 -6 7 -7 9 -5 12 -12 13 -10
right_child=1 -3 -4 8 5 6 -8 -9 10 -11 11 -13 -14 -15
leaf_value=-0.16792754720927913 -0.80865857078557934 1.0118682441616558 -0.22208249201033256 0.044642246580836799 0.62268381602629219 -0.075599877826718398 -2.0139193469243821 2.505534236947085 -0.2528651359995337 0.20528809852937116 0.43254353978645671 0.010414256629218244 -0.053089943158778401 0.024482990862330214
leaf_weight=93 145 82 122 552 160 121 94 80 230 127 127 220 314 1071
leaf_count=93 145 82 122 552 160 121 94 80 230 127 127 220 314 1071
internal_value=-0.000211685 0.000210145 3.7114e-05 0.000223352 -0.00132231 0.000380435 -0.00208333 0.000849515 0.000576342 0.00208333 5.08388e-05 0.00305398 -0.000601852 0.000287136
internal_weight=3538 3445 3363 3241 600 455 295 201 2641 679 1962 347 1615 1301
internal_count=3538 3445 3363 3241 600 455 295 201 2641 679 1962 347 1615 1301
is_linear=0
shrinkage=0.05


Tree=122
num_leaves=15
num_cat=0
split_feature=4 1 10 7 9 12 0 11 4 12 8 12 11 11
split_gain=8.63438 1.23656 1.07582 2.20074 3.11529 2.49527 1.85034 1.73333 1.81521 1.90402 1.72712 1.63526 1.51858 1.42537
threshold=39.081575387965842 1000.5000000000001 12.500000000000002 28.750000000000004 16.500000000000004 0.74298546529340237 781.50000000000011 -0.9905448150984083 228.70521935916278 0.080547328232315238 53.500000000000007 1.0000000180025095e-35 0.50557357885840837 0.98213580174693105
decision_type=2 2 2 2 2 2 2 2 2 2 2 2 2 2
left_child=-1 2 3 5 6 10 -5 -4 9 -9 12 -12 -2 -10
right_child=1 -3 7 4 -6 -7 -8 8 13 -11 11 -13 -14 -15
leaf_value=-0.15953116984881516 -0.042472131472629827 0.83049006588641994 0.18993068271794106 0.12223873801328722 0.51622354791680891 0.062992684931293758 -0.1108428270806769 0.1354770983983869 -0.074962292884140427 -0.012869747171047408 -0.24759558637105172 0.33130092437071429 -0.1559797060901886 -0.92322903140351975
leaf_weight=100 93 95 88 134 205 267 129 162 1313 119 498 120 86 82
leaf_count=100 93 95 88 134 205 267 129 162 1313 119 498 120 86 82
internal_value=-0.000164474 0.000272379 0.000106028 0.00107352 0.00391121 -0.000187091 0.000279851 -0.000734878 -0.00110054 0.00253497 -0.00158978 -0.000321027 -0.00584239 -0.00183929
internal_weight=3491 3391 3296 1532 468 1064 263 1764 1676 281 797 618 179 1395
internal_count=3491 3391 3296 1532 468 1064 263 1764 1676 281 797 618 179 1395
is_linear=0
shrinkage=0.05


Tree=123
num_leaves=15
num_cat=0
split_feature=2 1 1 0 3 12 12 12 7 11 11 7 12 11
split_gain=9.21599 0.769781 1.21281 1.18798 1.10806 1.50214 1.58666 4.2957 2.84429 1.89235 2.16343 2.10164 1.52828 2.4141
threshold=22.750000000000004 22.500000000000004 43.500000000000007 66.500000000000014 249.50000000000003 -0.88620506325989179 -0.39036009226888674 -0.57077231802681661 37.150000000000013 0.54940630780725741 -0.49813634056773481 34.650000000000013 -0.19337245081799007 0.88220160189607266
decision_type=2 2 2 2 2 2 2 2 2 2 2 2 2 2
left_child=-1 -2 -3 -4 5 -5 7 9 12 10 -7 -11 -8 -14
right_child=1 2 3 4 -6 6 8 -9 -10 11 -12 -13 13 -15
leaf_value=-0.15155461135637438 0.28745819572490633 -0.17161752773428748 0.057429057908422371 -0.31928117706340231 0.88340115516480333 -0.052573552274885318 -0.41626682393121756 0.23657083866529832 -1.2290744429129319 0.079041689358297168 0.65502678454872409 -0.86093992129444252 -0.0049455266208894956 0.16508290017404761
leaf_weight=116 86 136 100 384 180 200 150 196 96 112 82 86 1254 299
leaf_count=116 86 136 100 384 180 200 150 196 96 112 82 86 1254 299
internal_value=-7.89776e-05 0.000408497 0.000282012 0.000485051 0.000303876 6.11034e-05 0.000514113 0.00256975 -0.000263304 0 0.00261324 -0.00369458 0.000219555 0.000689987
internal_weight=3477 3361 3275 3139 3039 2859 2475 676 1799 480 282 198 1703 1553
internal_count=3477 3361 3275 3139 3039 2859 2475 676 1799 480 282 198 1703 1553
is_linear=0
shrinkage=0.05


Tree=124
num_leaves=15
num_cat=0
split_feature=4 11 6 11 11 11 3 3 8 7 11 11 7 11
split_gain=6.22174 1.15474 1.45834 1.43949 3.90643 2.8938 1.09585 1.32534 0.98201 1.9653 1.30795 2.84334 1.69713 1.4904
threshold=33.232423289957843 0.98802474685579866 1.0037478731454208 0.94978112945126536 0.92602006027323147 0.88220160189607266 311.50000000000006 227.50000000000003 93.500000000000014 24.450000000000003 -0.92274349529687905 -0.19337636264337835 37.850000000000001 0.76696112484652035
decision_type=2 2 2 2 2 2 2 2 2 2 2 2 2 2
left_child=-1 3 -3 4 5 6 7 8 10 -10 -2 -12 13 -13
right_child=1 2 -4 -5 -6 -7 -8 -9 9 -11 11 12 -14 -15
leaf_value=-0.14397688078855567 -0.21430583157261368 -0.87911271696714843 0.044208392938003271 0.20039519370775738 -0.7373067239255775 0.24899338997401443 -1.2664545996085339 1.085884699225474 -0.30981655150432774 0.20424209800068382 0.064911150957548 -0.052293120626427485 0.2528422567104695 -0.11438920151761352
leaf_weight=85 217 83 89 188 84 115 109 110 209 830 500 630 100 170
leaf_count=85 217 83 89 188 84 115 109 110 209 830 500 630 100 170
internal_value=-7.80363e-05 0.000261704 -0.00367232 0.000474441 0.000211108 0.000517529 0.000199653 0.000396969 0.000169109 0.00136494 -0.00060111 -3.55872e-05 -0.00171271 -0.00248447
internal_weight=3519 3434 172 3262 3074 2990 2875 2766 2656 1039 1617 1400 900 800
internal_count=3519 3434 172 3262 3074 2990 2875 2766 2656 1039 1617 1400 900 800
is_linear=0
shrinkage=0.05


Tree=125
num_leaves=15
num_cat=0
split_feature=4 11 1 10 5 11 11 1 11 11 7 5 12 1
split_gain=8.01791 1.81501 1.09338 1.08699 1.62485 3.22236 1.79854 1.58665 1.42927 2.17375 1.33563 3.0439 1.96856 1.71857
threshold=39.081575387965842 -0.99763297024448894 1000.5000000000001 12.500000000000002 0.41224927513359849 0.44505654568748165 0.98213580174693105 89.500000000000014 0.74443451080969758 0.12225609522135446 29.350000000000005 1.0140038153028634 0.21652257995689161 692.50000000000011
decision_type=2 2 2 2 2 2 2 2 2 2 2 2 2 2
left_child=-1 -2 3 10 5 -5 7 -6 9 -9 12 -12 -3 -13
right_child=1 2 -4 4 6 -7 -8 8 -10 -11 11 13 -14 -15
leaf_value=-0.18677803674912791 0.64544367204951536 -0.21572954896401486 0.90014481918094025 -0.022191088381484293 -0.26709406211455472 0.10090685115697431 -0.83515708111879128 -0.0070254388811804352 0.2004340223032216 -0.26340608465109627 1.1910415912450618 0.16408688908203717 0.042474589220631742 -0.092679286510735898
leaf_weight=104 83 617 96 361 87 88 89 557 253 275 142 98 504 156
leaf_count=104 83 617 96 361 87 88 89 557 253 275 142 98 504 156
internal_value=-0.000412518 1.46585e-05 -0.000172776 -0.000332611 -0.00119534 0.00137665 -0.00211295 -0.00157179 -0.00103211 -0.00203106 0.000640604 0.00311721 -0.000244227 -0.00019305
internal_weight=3510 3406 3323 3227 1710 449 1261 1172 1085 832 1517 396 1121 254
internal_count=3510 3406 3323 3227 1710 449 1261 1172 1085 832 1517 396 1121 254
is_linear=0
shrinkage=0.05


Tree=126
num_leaves=15
num_cat=0
split_feature=4 1 1 10 8 11 11 8 5 11 12 11 12 6
split_gain=7.56753 1.12731 1.07243 1.0473 1.78549 1.59294 2.17577 1.75666 1.79011 1.55469 1.61725 1.94791 1.82804 1.353
threshold=39.081575387965842 1000.5000000000001 17.500000000000004 12.500000000000002 41.500000000000007 0.94978112945126536 0.76696112484652035 65.500000000000014 1.0176174889495579 0.29033824002281988 -0.82413948779581736 -0.76141707087277943 -0.96687281075841669 1.1681402414192028
decision_type=2 2 2 2 2 2 2 2 2 2 2 2 2 2
left_child=-1 2 -2 5 -5 6 7 8 -4 10 12 -12 -9 -8
right_child=1 -3 3 4 -6 -7 13 9 -10 -11 11 -13 -14 -15
leaf_value=-0.17743913491167149 0.096180015003299604 0.86555380622990585 0.7478617467823796 -0.07913835349784222 -0.0012306345504086381 0.19276855780669849 -0.011297557882949151 -0.087561604083592925 0.021186010097147802 0.35846058572423378 -0.45943073616997054 0.69907510438500542 -2.1839732180352058 -0.14315098324123951
leaf_weight=103 88 105 88 363 1336 140 91 134 406 117 229 142 103 92
leaf_count=103 88 105 88 363 1336 140 91 134 406 117 229 142 103 92
internal_value=-0.000162338 0.000247165 8.24835e-05 -6.93161e-05 -0.000924296 0.000872657 0.000355366 0.00112337 0.00340681 -0.000445205 -0.00146819 0.000598404 -0.00464876 -0.00465426
internal_weight=3537 3434 3329 3241 1699 1542 1402 1219 494 725 608 371 237 183
internal_count=3537 3434 3329 3241 1699 1542 1402 1219 494 725 608 371 237 183
is_linear=0
shrinkage=0.05


Tree=127
num_leaves=15
num_cat=0
split_feature=4 5 5 11 10 7 9 12 0 5 11 12 11 6
split_gain=7.22975 0.82545 1.68215 1.59519 1.48943 2.16443 3.72164 1.81055 2.14378 2.57565 1.73767 1.69137 2.24813 2.02954
threshold=33.232423289957843 0.16819470692411273 0.34111149825822196 -0.38242426011641079 12.500000000000002 28.950000000000003 46.500000000000007 0.3484035575467645 234.50000000000003 0.79474888166048918 -0.19337636264337835 0.67007489853957602 0.98213580174693105 0.82200143619931654
decision_type=2 2 2 2 2 2 2 2 2 2 2 2 2 2
left_child=-1 -2 3 -3 5 7 -7 8 -4 -10 -9 12 -6 -13
right_child=1 2 4 -5 11 6 -8 10 9 -11 -12 13 -14 -15
leaf_value=-0.16856717816608793 -0.41528616995678275 -0.0026458086655676283 0.098171501933674687 0.1388840153964111 0.079483705715945166 0.007943232223897213 0.80536139242738614 0.1264887090506818 -0.04547979583445283 -0.41167040528760596 -0.02610675592379437 0.00081500424032032726 -0.77618431085771533 -0.23121863447392316
leaf_weight=85 93 141 147 171 1012 351 159 241 244 213 222 162 114 194
leaf_count=85 93 141 147 171 1012 351 159 241 244 213 222 162 114 194
internal_value=-0.000175858 0.000187374 0.000318424 0.00378549 -4.07963e-05 0.00102718 0.00368932 -0.00025653 -0.00205255 -0.00373377 0.00208333 -0.00117687 -0.000221043 -0.00415512
internal_weight=3549 3464 3371 312 3059 1577 510 1067 604 457 463 1482 1126 356
internal_count=3549 3464 3371 312 3059 1577 510 1067 604 457 463 1482 1126 356
is_linear=0
shrinkage=0.05


Tree=128
num_leaves=15
num_cat=0
split_feature=4 7 5 4 7 0 0 8 11 1 4 6 11 11
split_gain=6.72081 0.92312 0.930598 2.31574 2.30881 2.26716 1.81553 1.17281 1.81703 1.78322 1.31073 1.03603 0.913634 0.899957
threshold=39.081575387965842 22.750000000000004 0.34111149825822196 205.00715163286449 23.650000000000002 142.50000000000003 414.50000000000006 54.500000000000007 0.50557357885840837 290.50000000000006 499.87850295359846 0.46946824309672325 -0.099819732675876835 -0.77245553105869302
decision_type=2 2 2 2 2 2 2 2 2 2 2 2 2 2
left_child=-1 -2 3 -3 -4 -5 7 8 -6 -10 12 -12 13 -9
right_child=1 2 4 5 6 -7 -8 10 9 -11 11 -13 -14 -15
leaf_value=-0.11013881925778356 -0.071364007078049949 0.062808983322632628 0.25632552318254087 -0.29967050071999035 0.0077299294884660696 0.66187689685993834 0.034597692315543327 0.18940576815080024 -0.20023074093897222 -0.067801445891009851 -0.16290234775025569 -1.2637562130078237 0.12876071347556675 -0.24582095408555349
leaf_weight=104 135 95 87 167 108 124 1818 118 86 82 135 123 224 111
leaf_count=104 135 95 87 167 108 124 1818 118 86 82 135 123 224 111
internal_value=-0.00016326 0.000226741 0.000395979 0.00268542 8.62962e-05 0.000422297 -0.000169039 -0.00189012 -0.00462633 -0.00780347 -0.000803073 -0.00361217 0.000818777 -0.00138889
internal_weight=3517 3413 3278 386 2892 291 2805 987 276 168 711 258 453 229
internal_count=3517 3413 3278 386 2892 291 2805 987 276 168 711 258 453 229
is_linear=0
shrinkage=0.05


Tree=129
num_leaves=15
num_cat=0
split_feature=4 10 11 7 9 2 12 0 2 3 3 1 5 11
split_gain=7.21967 1.13144 1.56558 1.51473 2.36797 1.45385 1.19471 1.52481 1.34371 1.33505 1.32653 1.50502 1.28529 1.66395
threshold=39.081575387965842 13.500000000000002 0.9893236546938301 28.950000000000003 75.500000000000014 698.75000000000011 0.3484035575467645 302.50000000000006 161.00000000000003 30.500000000000004 -12.499999999999998 437.50000000000006 0.79474888166048918 -0.57078386445773377
decision_type=2 2 2 2 2 2 2 2 2 2 2 2 2 2
left_child=-1 3 -3 6 -5 -6 7 8 -2 10 -8 -12 13 -9
right_child=1 2 -4 4 5 -7 9 12 -10 -11 11 -13 -14 -15
leaf_value=-0.14319388161462984 -0.17009406525296528 -0.011460742108756961 -0.69316588768408571 0.024900251679689234 1.889367446123535 0.40948604517644188 0.10340446504230841 0.96570112809403108 0.19440215020707258 0.31373692674653175 0.011380445300172681 -0.092114701670368504 -0.36960062970778157 -2.0018097128266716
leaf_weight=100 119 1407 80 504 88 108 195 141 158 81 92 128 176 132
leaf_count=100 119 1407 80 504 88 108 195 141 158 81 92 128 176 132
internal_value=-0.00041975 -2.19684e-05 -0.00105563 0.000778412 0.00262411 0.00721393 -0.000285249 -0.00157319 0.00132979 0.00159681 0.000416667 -0.00222222 -0.00335903 -0.00116906
internal_weight=3509 3409 1487 1922 700 196 1222 726 277 496 415 220 449 273
internal_count=3509 3409 1487 1922 700 196 1222 726 277 496 415 220 449 273
is_linear=0
shrinkage=0.05


Tree=130
num_leaves=15
num_cat=0
split_feature=4 11 11 8 0 6 11 9 9 11 0 0 11 8
split_gain=3.23182 1.78515 1.23334 1.23511 1.0849 1.25501 1.75433 1.66471 3.19335 3.52585 2.14063 2.09003 1.57697 1.18817
threshold=39.081575387965842 -0.99763297024448894 -0.92274349529687905 95.500000000000014 513.50000000000011 0.81575077033479004 0.25725141817891134 9.5000000000000018 16.500000000000004 0.70290292807158605 781.50000000000011 862.50000000000011 -0.34235669412071207 38.500000000000007
decision_type=2 2 2 2 2 2 2 2 2 2 2 2 2 2
left_child=-1 -2 3 -3 13 6 -6 10 -9 12 -7 -12 -10 -4
right_child=1 2 4 -5 5 7 -8 8 9 -11 11 -13 -14 -15
leaf_value=-0.11103418753389832 0.62315569229525636 -0.35710982245191758 -0.04886523105799228 0.016529040376098616 0.083493903180567486 0.14710774105834049 2.2247649753180783 -0.50704106397548687 0.063110388240517068 0.40788164829840529 -0.10742160828824013 0.16024108489509958 -0.15923154886902183 -0.0001669776971162662
leaf_weight=94 83 227 287 139 110 275 97 103 119 125 121 140 196 1382
leaf_count=94 83 227 287 139 110 275 97 103 119 125 121 140 196 1382
internal_value=-0.000185555 7.33353e-05 -0.000112748 -0.00283019 0.000228041 0.00131681 0.00483491 0.000622694 -0.00132299 0.000561798 0.0025878 -0.000657895 -0.00226562 -0.000612306
internal_weight=3498 3404 3321 366 2955 1286 207 1079 543 440 536 261 315 1669
internal_count=3498 3404 3321 366 2955 1286 207 1079 543 440 536 261 315 1669
is_linear=0
shrinkage=0.05


Tree=131
num_leaves=15
num_cat=0
split_feature=0 4 12 9 8 0 8 4 11 10 12 6 3 8
split_gain=3.67247 1.35407 1.32779 1.61231 2.00113 1.9855 1.10133 1.01774 2.10113 1.21799 1.84506 1.79488 1.6403 1.24424
threshold=19.000000000000004 849.52888445713825 -0.031174269516803289 15.500000000000002 83.500000000000014 582.50000000000011 51.500000000000007 226.53670236996291 -0.71504373327588355 15.500000000000002 -0.39036009226888674 0.20575750949163155 134.50000000000003 96.500000000000014
decision_type=2 2 2 2 2 2 2 2 2 2 2 2 2 2
left_child=-1 7 3 -3 -5 -6 -4 8 -2 12 11 -11 -9 -14
right_child=1 2 6 4 5 -7 -8 9 -10 10 -12 -13 13 -15
leaf_value=-0.095076266057725664 0.17430228077273996 -0.51201899144447793 0.074993649125599401 1.0216056986283377 0.51555790762652265 -1.0548555752306699 1.3622816126471862 -0.042475055378781691 -0.0081439106932556637 -1.1896340867921147 -0.2250042225697797 0.23995488557853265 0.91374297856334585 -0.095545861430785806
leaf_weight=88 132 126 127 117 206 97 120 1259 455 80 333 173 111 100
leaf_count=88 132 126 127 117 206 97 120 1259 455 80 333 173 111 100
internal_value=-0.000410881 -0.000145307 0.0016604 0.000272232 0.00176471 -0.000405844 0.0046627 -0.000689199 0.0011402 -0.001213 -0.00313029 9.68992e-05 -0.000440678 0.00358796
internal_weight=3524 3436 793 546 420 303 247 2643 587 2056 586 253 1470 211
internal_count=3524 3436 793 546 420 303 247 2643 587 2056 586 253 1470 211
is_linear=0
shrinkage=0.05


Tree=132
num_leaves=15
num_cat=0
split_feature=4 11 11 11 3 12 7 3 8 11 12 11 4 4
split_gain=4.47197 1.06828 1.15163 1.8243 2.07731 2.62285 3.40999 1.97687 1.83804 1.82761 2.59882 1.64714 1.53274 1.81418
threshold=46.070920322609858 -0.99763297024448894 -0.8781231054254196 -0.77245553105869302 47.500000000000007 -0.80417042486635371 27.350000000000005 -11.499999999999998 12.500000000000002 -0.35041564478062465 -0.96234030595689413 -0.01397611846945947 308.01241382439639 165.01673376598856
decision_type=2 2 2 2 2 2 2 2 2 2 2 2 2 2
left_child=-1 -2 -3 -4 7 9 -7 8 -5 -6 11 -11 13 -9
right_child=1 2 3 4 5 6 -8 12 -10 10 -12 -13 -14 -15
leaf_value=-0.092809823807364245 0.59412166044942871 -0.17303031929781343 0.21408716622621571 0.082862440045311569 -1.1251575316746938 0.94922152939854954 0.15509265943038955 -0.072592853836919255 -0.026533651734195019 0.65812753583959138 1.5797633961830571 -1.2058002972946911 -0.11712014525835741 0.082323310598311217
leaf_weight=130 81 480 217 214 81 88 158 105 1207 85 85 88 346 118
leaf_count=130 81 480 217 214 81 88 158 105 1207 85 85 88 346 118
internal_value=-0.000336869 2.23347e-05 -0.000122063 0.000268144 -0.000106589 0.0025 0.0063745 -0.000877193 0.000122721 -0.000363372 0.00171103 -0.00182584 -0.00335366 -0.000109649
internal_weight=3483 3353 3272 2792 2575 585 246 1990 1421 339 258 173 569 223
internal_count=3483 3353 3272 2792 2575 585 246 1990 1421 339 258 173 569 223
is_linear=0
shrinkage=0.05


Tree=133
num_leaves=15
num_cat=0
split_feature=1 8 8 11 11 3 7 9 7 9 11 12 7 0
split_gain=3.56143 1.40379 1.50229 2.36713 2.10188 2.06512 1.76251 1.77244 1.55552 1.47111 1.31367 1.79479 1.76875 1.20273
threshold=7.5000000000000009 2.5000000000000004 51.500000000000007 -0.29343379936893921 0.69676570133721638 -5.4999999999999991 33.250000000000007 11.500000000000002 26.850000000000005 8.5000000000000018 0.98802474685579866 0.42763731121559989 35.050000000000004 545.50000000000011
decision_type=2 2 2 2 2 2 2 2 2 2 2 2 2 2
left_child=-1 9 3 8 -4 10 -6 -8 -3 13 11 12 -5 -2
right_child=1 2 4 5 6 -7 7 -9 -10 -11 -12 -13 -14 -15
leaf_value=-0.13252617034421341 -0.061884729209748461 0.099309874309560092 -0.031938636673559097 0.1882080400695145 0.26482625031962359 -0.30784207723065721 -0.55630974059142491 0.35497149777342829 -0.037575374533118128 0.069162930995543812 -0.30874682870269654 -0.099309105485326662 -0.075317593257889837 0.044606473354389213
leaf_weight=82 81 91 1866 113 155 181 85 116 137 132 82 175 92 140
leaf_count=82 81 91 1866 113 155 181 85 116 137 132 82 175 92 140
internal_value=-0.000353807 -0.00010142 -0.000443835 -0.00219749 0.000246969 -0.00374228 0.00373961 0.000606796 0.00214592 0.00286313 -0.00192719 -0.000649351 0.0025 0.000331858
internal_weight=3528 3446 3093 871 2222 643 356 201 228 353 462 380 205 221
internal_count=3528 3446 3093 871 2222 643 356 201 228 353 462 380 205 221
is_linear=0
shrinkage=0.05


Tree=134
num_leaves=15
num_cat=0
split_feature=0 3 4 7 3 8 12 4 12 1 4 9 9 12
split_gain=2.69041 0.938391 2.48278 1.87752 1.20798 1.68003 1.08003 0.988579 1.39665 0.959966 0.993829 0.986678 2.54721 1.27255
threshold=19.000000000000004 -35.499999999999993 205.00715163286449 25.150000000000002 20.500000000000004 2.5000000000000004 -0.99052477729077237 775.92057899273459 0.73136292505298039 679.50000000000011 813.39666489539343 7.5000000000000009 92.500000000000014 -0.6391983530350368
decision_type=2 2 2 2 2 2 2 2 2 2 2 2 2 2
left_child=-1 2 -2 -4 5 7 -6 8 -3 11 -11 -7 -13 -14
right_child=1 4 3 -5 6 9 -8 -9 -10 10 -12 12 13 -15
leaf_value=-0.075899861827002729 0.20862368793563635 -0.061606174888315483 -0.48042835350687202 0.13798235787487664 -1.1019731112454991 0.039421123470406987 0.093732868932743685 0.16791649727217078 0.027886710490066594 -0.13619307964101496 -0.057237175058710933 -0.18260123577622275 -0.54261343765462333 0.053092943215017389
leaf_weight=87 83 130 124 1172 90 151 865 101 90 121 118 149 88 147
leaf_count=87 83 130 124 1172 90 151 865 101 90 121 118 149 88 147
internal_value=1.42005e-05 0.000240245 0.00124639 0.000691776 -0.000437956 -0.00156818 0.000859375 0.00145706 -0.000444444 -0.00282413 -0.00543033 -0.00162037 -0.0029563 0.0003125
internal_weight=3516 3429 1379 1296 2050 1095 955 321 220 774 239 535 384 235
internal_count=3516 3429 1379 1296 2050 1095 955 321 220 774 239 535 384 235
is_linear=0
shrinkage=0.05


Tree=135
num_leaves=15
num_cat=0
split_feature=4 1 11 11 11 12 8 11 3 3 12 8 11 8
split_gain=3.86272 1.16543 0.915492 1.5066 1.5527 1.99378 1.93467 1.69126 1.27546 1.19435 1.04736 0.996515 2.05706 2.04418
threshold=39.081575387965842 1000.5000000000001 -0.98214942551678475 -0.93545489084327571 -0.57078386445773377 -0.71502926860092908 55.500000000000007 -0.82415615971448097 -12.499999999999998 -29.499999999999996 -0.42179730054635828 12.500000000000002 0.64579916509010216 27.500000000000004
decision_type=2 2 2 2 2 2 2 2 2 2 2 2 2 2
left_child=-1 2 -2 9 5 -5 8 10 -7 -4 -8 12 -6 -13
right_child=1 -3 3 4 11 6 7 -9 -10 -11 -12 13 -14 -15
leaf_value=-0.074619557077418991 0.098222433978225443 0.76796357018220085 -0.98853884494071742 1.3210886703820011 0.040542845925341457 0.37075558368550787 -0.73529785836001482 -0.50736417278352064 0.008053528766620844 0.0019300545333635457 0.36303687153926778 -0.19056413668991468 -0.016814526926394891 -0.023963346572003275
leaf_weight=100 218 103 114 100 162 91 93 139 107 81 119 108 234 1726
leaf_count=100 218 103 114 100 162 91 93 139 107 81 119 108 234 1726
internal_value=-7.85714e-05 0.000213235 4.54959e-05 -0.000178629 0.000112691 0.00225535 0.00103791 -0.00119382 0.00492611 -0.004375 0.0016129 -0.000514541 0.00174564 -0.00100598
internal_weight=3495 3395 3292 3074 2879 649 549 351 198 195 212 2230 396 1834
internal_count=3495 3395 3292 3074 2879 649 549 351 198 195 212 2230 396 1834
is_linear=0
shrinkage=0.05


Tree=136
num_leaves=15
num_cat=0
split_feature=4 7 10 5 12 5 12 11 7 12 12 6 11 0
split_gain=3.64918 1.21524 0.840967 2.67884 2.82842 2.37213 1.93165 1.72897 1.17856 1.48444 1.10135 2.10574 1.9888 1.96888
threshold=33.232423289957843 22.750000000000004 13.500000000000002 0.41224927513359849 0.11478523713130605 0.3100572196806145 -0.68432604233786842 0.97112537654464559 30.850000000000005 -0.68432604233786842 -0.82413948779581736 1.0495233465621514 -0.861146256326485 302.50000000000006
decision_type=2 2 2 2 2 2 2 2 2 2 2 2 2 2
left_child=-1 -2 8 4 5 6 -4 -5 10 -10 -3 12 -12 -13
right_child=1 2 3 7 -6 -7 -8 -9 9 -11 11 13 -14 -15
leaf_value=-0.11837389088178166 -0.068441423635150045 -0.2829134135346294 -0.31818258536636396 -0.037597449936648535 -0.050527274204785401 0.44683472890960979 0.17648871739780977 -0.51184277293859359 0.805752667792342 0.064267542409066888 -0.063309110554922651 0.11278493183633956 0.34474446531360176 -0.055153972384896124
leaf_weight=87 131 349 142 944 81 121 84 105 99 346 203 116 282 424
leaf_count=87 131 349 142 944 81 121 84 105 99 346 203 116 282 424
internal_value=-0.000227337 3.64219e-05 0.000227204 -0.000657895 0.00265589 0.00461648 0.00151515 -0.00201613 0.000945724 0.00316667 0.000217549 0.00104369 0.00341837 -0.00110092
internal_weight=3514 3427 3296 1477 428 347 226 1049 1819 445 1374 1025 485 540
internal_count=3514 3427 3296 1477 428 347 226 1049 1819 445 1374 1025 485 540
is_linear=0
shrinkage=0.05


Tree=137
num_leaves=15
num_cat=0
split_feature=2 1 1 11 11 11 11 5 11 11 11 7 7 6
split_gain=3.94966 1.02185 1.05996 0.893121 1.29255 3.16591 2.62936 1.6085 0.760611 1.21175 1.77944 1.80134 2.0144 1.4969
threshold=22.750000000000004 27.500000000000004 43.500000000000007 0.9916835347852474 0.94978112945126536 0.92273069556937592 0.86113431103781346 0.89445907692451632 -0.99630266176052629 -0.92274349529687905 -0.57078386445773377 27.950000000000003 29.150000000000002 1.1634853610429945
decision_type=2 2 2 2 2 2 2 2 2 2 2 2 2 2
left_child=-1 -2 -3 4 5 6 8 -6 -4 -10 11 13 -13 -11
right_child=1 2 3 -5 7 -7 -8 -9 9 10 -12 12 -14 -15
leaf_value=-0.062455196337692614 0.18515865156906097 -0.13008821615703745 0.55736772519572353 -0.15494687290848219 -0.0026673518384587426 -0.49654525743411571 0.17621377088022713 0.46043349143094475 -0.17961804955371008 0.27998347481537283 -0.011262003733754966 -0.22667665261659808 0.29331472216201177 -0.022221575278662444
leaf_weight=117 111 100 87 153 98 89 167 115 317 259 1587 111 123 90
leaf_count=117 111 100 87 153 98 89 167 115 317 259 1587 111 123 90
internal_value=2.83366e-05 0.000344373 0.000181763 0.000343643 0.000533136 0.000246914 0.000555353 0.00424312 0.000155099 -1.00321e-05 0.000413793 0.00276361 -0.000627615 0.00501412
internal_weight=3524 3407 3296 3196 3043 2830 2741 213 2574 2487 2170 583 234 349
internal_count=3524 3407 3296 3196 3043 2830 2741 213 2574 2487 2170 583 234 349
is_linear=0
shrinkage=0.05


Tree=138
num_leaves=15
num_cat=0
split_feature=0 3 9 3 4 0 0 0 5 7 9 11 6 6
split_gain=3.58182 1.53616 1.45378 2.17569 1.69118 1.71089 2.20239 2.05038 1.49806 1.3219 1.26937 2.35053 1.2163 1.16154
threshold=19.000000000000004 -68.499999999999986 95.500000000000014 -5.4999999999999991 888.79091104422298 335.50000000000006 518.50000000000011 698.50000000000011 1.1069425493730809 23.350000000000005 12.500000000000002 0.75580964594513067 1.0996873302774384 1.0455335861961383
decision_type=2 2 2 2 2 2 2 2 2 2 2 2 2 2
left_child=-1 12 3 4 5 10 -7 -8 -5 -4 11 -3 13 -2
right_child=1 2 9 8 -6 6 7 -9 -10 -11 -12 -13 -14 -15
leaf_value=-0.059332436520807975 0.24294364952453693 0.1427555350538853 -0.22272965903611067 -0.31790605930405713 0.37281728597980079 -0.21995875713093796 0.076971672022148149 -0.042027828525405653 -0.015901626901521127 0.040698273068426265 -0.056647251843448744 -0.010698903547067574 0.38254446799629138 -0.83221470917676477
leaf_weight=86 734 86 115 152 107 98 149 240 112 1159 101 80 201 84
leaf_count=86 734 86 115 152 107 98 149 240 112 1159 101 80 201 84
internal_value=-9.97435e-05 0.000160678 -0.000530366 -0.00183628 -0.000606236 -0.00144928 -0.00320122 -0.00145939 -0.00576208 0.000625489 0.00174632 0.00438596 0.00178223 0.0009113
internal_weight=3504 3418 2399 1125 861 754 487 389 264 1274 267 166 1019 818
internal_count=3504 3418 2399 1125 861 754 487 389 264 1274 267 166 1019 818
is_linear=0
shrinkage=0.05


Tree=139
num_leaves=15
num_cat=0
split_feature=2 11 11 11 9 7 3 3 2 4 2 5 3 11
split_gain=3.27931 0.964823 2.04073 1.76192 1.66413 3.13099 1.05624 1.11599 2.18737 2.09943 1.56116 1.42485 1.27675 1.2124
threshold=19.750000000000004 0.92922379131507438 0.90162119223771331 0.9550229469509578 14.500000000000002 35.550000000000004 311.50000000000006 71.500000000000014 449.25000000000006 219.22127026261342 140.25000000000003 0.67508799792485108 186.50000000000003 0.61915405168109316
decision_type=2 2 2 2 2 2 2 2 2 2 2 2 2 2
left_child=-1 2 6 -3 5 -5 7 9 11 13 -11 12 -9 -2
right_child=1 3 -4 4 -6 -7 -8 8 -10 10 -12 -13 -14 -15
leaf_value=-0.056365814694767563 0.064424985803863785 -0.5961773755863703 0.25142772558669296 0.098715785288831626 0.24871240656740667 -0.82198182253206942 -1.1439125499684508 0.60318373153347271 1.2598425497921597 -0.64407111723294408 -0.011881464303554879 -0.9997750998954722 -0.22097761981812314 -0.020702900575262362
leaf_weight=95 319 99 81 127 135 83 105 200 101 122 1784 90 121 82
leaf_count=95 319 99 81 127 135 83 105 200 101 122 1784 90 121 82
internal_value=-0.000324035 -6.51419e-05 0.000257475 -0.00222717 -0.0005 -0.00325581 3.41413e-05 0.000221317 0.00232108 -0.000248702 -0.000941915 0.000661058 0.00222393 0.00301724
internal_weight=3544 3449 3005 444 345 210 2924 2819 512 2307 1906 411 321 401
internal_count=3544 3449 3005 444 345 210 2924 2819 512 2307 1906 411 321 401
is_linear=0
shrinkage=0.05


Tree=140
num_leaves=15
num_cat=0
split_feature=2 1 10 5 12 12 7 12 12 3 7 6 7 12
split_gain=4.02564 1.40396 1.01654 1.61641 2.12873 2.30916 1.96694 1.78586 1.91342 1.55161 1.47538 1.22478 2.03818 1.86463
threshold=22.750000000000004 1000.5000000000001 12.500000000000002 0.55266506452320263 -0.039769286347669845 0.67007489853957602 28.850000000000005 -0.39036009226888674 -0.6523320455745395 75.500000000000014 34.250000000000007 1.0332358426746848 29.550000000000004 0.44312301391210612
decision_type=2 2 2 2 2 2 2 2 2 2 2 2 2 2
left_child=-1 2 11 10 7 -6 -7 8 9 -5 -4 12 13 -2
right_child=1 -3 3 4 5 6 -8 -9 -10 -11 -12 -13 -14 -15
leaf_value=-0.057842252560851293 -0.0092071133087131326 0.74065602679893061 -0.0047920298750987918 -1.753886051819356 0.21076466871695773 0.0032059950962832319 -0.20726441718489497 -1.9536244169488726 0.18958140642698709 -0.17788446510802203 0.16442854132118062 -0.0056841527837178775 1.5324642034197298 0.58614290324979945
leaf_weight=117 408 100 647 90 312 147 146 129 84 82 82 1022 84 84
leaf_count=117 408 100 647 90 312 147 146 129 84 82 82 1022 84 84
internal_value=-0.000296694 2.1917e-05 -0.000158037 -0.00100058 -0.00231156 -0.00045082 -0.00360738 -0.00519231 -0.00268199 -0.00564972 0.000783379 0.000748596 0.00258176 0.00130785
internal_weight=3534 3417 3317 1719 990 605 293 385 256 172 729 1598 576 492
internal_count=3534 3417 3317 1719 990 605 293 385 256 172 729 1598 576 492
is_linear=0
shrinkage=0.05


Tree=141
num_leaves=15
num_cat=0
split_feature=2 11 11 12 11 3 3 12 11 7 7 12 5 9
split_gain=3.59097 0.954063 0.934827 2.43812 1.98371 1.06921 1.40266 0.952765 2.3381 1.38597 1.38579 1.66538 1.37029 2.64038
threshold=22.750000000000004 0.9916835347852474 0.94978112945126536 -0.13398942717002907 0.92273069556937592 311.50000000000006 221.50000000000003 0.063390085881955341 0.82414472752956958 33.150000000000013 29.050000000000004 -0.78324956448884031 0.67508799792485108 11.500000000000002
decision_type=2 2 2 2 2 2 2 2 2 2 2 2 2 2
left_child=-1 2 4 -4 5 6 7 8 9 10 -2 -12 13 -9
right_child=1 -3 3 -5 -6 -7 -8 12 -10 -11 11 -13 -14 -15
leaf_value=-0.06208316090161619 0.015495683436792263 -0.17946802094991199 -0.10454583542936291 0.29844774656582301 -0.5357456475315473 -1.4349324723289798 1.0642373722054062 0.074352372586613674 0.15811666353599174 -0.2571553410699835 -0.036502996500161089 0.41266811537806802 0.001422220482483283 -0.28514855560453667
leaf_weight=116 921 147 103 111 91 104 127 88 132 170 103 125 962 194
leaf_count=116 921 147 103 111 91 104 127 88 132 170 103 125 962 194
internal_value=-0.000214347 8.86787e-05 0.000270396 0.00342466 4.13633e-05 0.000272944 0.000459851 0.000212963 0.00108173 0.00043429 0.00106153 0.00450644 -0.000800641 -0.00383275
internal_weight=3494 3378 3231 214 3017 2926 2822 2695 1451 1319 1149 228 1244 282
internal_count=3494 3378 3231 214 3017 2926 2822 2695 1451 1319 1149 228 1244 282
is_linear=0
shrinkage=0.05


Tree=142
num_leaves=15
num_cat=0
split_feature=5 2 11 1 3 3 5 12 9 12 12 11 8 7
split_gain=2.31282 1.19635 1.20011 0.990928 0.874854 1.70292 1.88469 1.90215 1.4653 1.87233 1.92554 1.91136 1.64208 1.50315
threshold=0.15160573236095223 26.750000000000004 0.9916835347852474 996.50000000000011 -235.49999999999997 -68.499999999999986 0.87974322459881626 1.0000000180025095e-35 95.500000000000014 -0.8142754349318998 -0.61236746317008228 -0.38242426011641079 17.500000000000004 26.650000000000002
decision_type=2 2 2 2 2 2 2 2 2 2 2 2 2 2
left_child=-1 -2 3 4 -3 6 -6 -8 -7 11 -11 -10 -12 -13
right_child=1 2 -4 -5 5 8 7 -9 9 10 12 13 -14 -15
leaf_value=-0.29755125328690579 -0.047551253286905792 -0.48975120158962682 -0.17729384966853559 0.70259091532159068 0.24409438489863078 -0.020178493628060325 0.29519810140590724 0.61466932394444607 -1.6459296096699263 0.52153738967529228 0.17766182631581381 0.54067908913358742 0.0078348486554546074 -0.14883042787265738
leaf_weight=88 87 188 153 88 547 995 87 91 95 156 91 155 494 217
leaf_count=88 87 188 153 88 547 995 87 91 95 156 91 155 494 217
internal_value=0.000254453 0.000463903 0.000617192 0.000825802 0.000672861 0.000886464 0.00297945 0.00737705 0.000192482 0.00136026 0.00291555 -0.00111229 0.0015678 0.000530504
internal_weight=3532 3444 3357 3204 3116 2928 725 178 2203 1208 741 467 585 372
internal_count=3532 3444 3357 3204 3116 2928 725 178 2203 1208 741 467 585 372
is_linear=0
shrinkage=0.05


Tree=143
num_leaves=15
num_cat=0
split_feature=4 3 11 11 5 10 8 3 8 5 8 12 11 8
split_gain=3.40494 0.91322 1.30715 1.57667 0.984125 1.7411 1.31815 1.17876 2.55966 1.07171 1.03087 1.01013 0.937771 0.906534
threshold=39.081575387965842 -25.499999999999996 -0.92274349529687905 -0.97509794945709805 0.41224927513359849 14.500000000000002 97.500000000000014 35.500000000000007 84.500000000000014 0.29379811085212176 33.500000000000007 -0.59177783207548873 -0.77245553105869302 34.500000000000007
decision_type=2 2 2 2 2 2 2 2 2 2 2 2 2 2
left_child=-1 2 3 -2 9 7 10 11 -9 -3 -7 -6 -4 -14
right_child=1 4 12 -5 5 6 -8 8 -10 -11 -12 -13 13 -15
leaf_value=-0.088923690622560517 0.15931847800065668 -0.056601440192190114 0.3464050198172256 -0.89494305208028213 -0.33354634390421867 -0.017552701506946277 0.075607043849365146 0.59111584005391082 -0.22917787224394104 0.10825364712275212 -0.35327095915920526 -0.0072519579286947078 0.10838606605679786 0.038941173087799541
leaf_weight=94 136 190 164 105 91 126 90 176 240 182 203 566 148 984
leaf_count=94 136 190 164 105 91 126 90 176 240 182 203 566 148 984
internal_value=5e-05 0.000315619 0.00121595 -0.00213415 -0.000428036 -0.001002 -0.00371462 6.95733e-05 0.00213777 0.00185676 -0.00516467 -0.00124622 0.00184473 0.00131926
internal_weight=3495 3401 1537 241 1864 1492 419 1073 416 372 329 657 1296 1132
internal_count=3495 3401 1537 241 1864 1492 419 1073 416 372 329 657 1296 1132
is_linear=0
shrinkage=0.05


Tree=144
num_leaves=15
num_cat=0
split_feature=5 4 1 1 0 5 0 12 12 6 6 12 11 1
split_gain=1.609 0.850503 1.18264 1.40352 1.33426 1.58323 1.44971 2.15615 1.24453 1.23737 2.03421 1.94652 3.41978 2.01002
threshold=0.15160573236095223 49.142171998660935 32.500000000000007 70.500000000000014 187.50000000000003 0.53414561886651213 248.50000000000003 0.1318557721318592 -0.082691941062253513 0.66939399147666789 0.25893615469849313 0.14888728888808328 0.94425825643485939 437.50000000000006
decision_type=2 2 2 2 2 2 2 2 2 2 2 2 2 2
left_child=-1 -2 -3 -4 5 8 7 -6 -5 10 -8 -11 13 -13
right_child=1 2 3 4 6 -7 9 -9 -10 11 -12 12 -14 -15
leaf_value=-0.24107792906829462 -0.040727506091432497 0.077620118833169022 -0.084313556406405615 0.13282830683089913 0.1070256213484754 0.13003657756542283 -0.31753914472029338 -0.36329742523233932 -0.0351634769384555 -0.084344720874146628 0.89589173462224281 0.13800965036334531 0.44241544242363634 -0.0066789126977568006
leaf_weight=87 120 139 208 142 135 96 152 89 80 898 348 148 93 788
leaf_count=87 120 139 208 142 135 96 152 89 80 898 348 148 93 788
internal_value=0.000276361 0.00045045 0.000602228 0.000400691 0.000680901 0.00371517 0.000310617 -0.00349345 0.00132159 0.000668174 0.00287129 9.05797e-05 0.00157157 0.00063762
internal_weight=3523 3436 3316 3177 2969 318 2651 224 222 2427 500 1927 1029 936
internal_count=3523 3436 3316 3177 2969 318 2651 224 222 2427 500 1927 1029 936
is_linear=0
shrinkage=0.05


Tree=145
num_leaves=15
num_cat=0
split_feature=5 4 11 4 8 1 11 12 4 4 11 6 11 3
split_gain=1.17998 0.938206 1.48418 1.25086 1.27267 2.94534 2.25609 1.54616 2.30042 1.66258 1.08797 1.13302 2.81763 1.4781
threshold=0.15160573236095223 696.3299064313245 0.98522604642031408 595.15052936344034 57.500000000000007 80.500000000000014 0.71503381463111937 0.74298546529340237 415.23003667520032 308.01241382439639 0.94978112945126536 0.82200143619931654 0.25725141817891134 186.50000000000003
decision_type=2 2 2 2 2 2 2 2 2 2 2 2 2 2
left_child=-1 3 10 4 5 -2 -6 8 -7 -9 11 12 13 -3
right_child=1 2 -4 -5 6 7 -8 9 -10 -11 -12 -13 -14 -15
leaf_value=-0.26063069480665518 -0.088691130786860889 0.98112148535074939 -0.41971482348153588 -0.12271170119256852 0.00016679364338134661 -0.091382848538714256 0.17893111040015058 0.064095544385180503 0.088402555445577499 -0.070076213148121277 0.68433806405177511 -0.0064891740033942826 2.3668779714037527 -1.0128503375192395
leaf_weight=88 85 254 88 470 727 207 111 92 146 96 83 810 92 147
leaf_count=88 85 254 88 470 727 207 111 92 146 96 83 810 92 147
internal_value=-0.000357041 -0.000205098 0.000743746 -0.000928314 -0.000204221 -0.00190174 0.00106762 -0.000503663 -0.00244413 0.00310881 0.00115025 0.000783639 0.00266064 0.000800493
internal_weight=3496 3408 1474 1934 1464 626 838 541 353 188 1386 1303 493 401
internal_count=3496 3408 1474 1934 1464 626 838 541 353 188 1386 1303 493 401
is_linear=0
shrinkage=0.05


Tree=146
num_leaves=15
num_cat=0
split_feature=1 7 4 7 0 7 5 11 3 11 5 9 9 8
split_gain=1.26977 1.01433 1.05016 0.934203 1.9224 0.854342 1.3172 0.969598 1.42829 1.1194 1.39293 1.02841 1.35268 1.25664
threshold=7.5000000000000009 38.650000000000013 951.13474704150701 30.950000000000003 889.00000000000011 36.050000000000004 0.72837803631454356 0.94425825643485939 -26.499999999999996 0.78325454425165997 0.97911281043085263 10.500000000000002 30.500000000000004 17.500000000000004
decision_type=2 2 2 2 2 2 2 2 2 2 2 2 2 2
left_child=-1 2 5 -4 -5 7 -7 9 -9 11 -11 -2 -13 -14
right_child=1 -3 3 4 -6 6 -8 8 -10 10 -12 12 13 -15
leaf_value=-0.075899260060454846 0.04959569802053352 -0.14773183299737411 -0.21909100495913805 1.3264840243935454 -0.014606741010206294 0.01403656641557518 -0.5893788542536228 0.18434694063573717 -0.019843444768955013 0.087285676427342196 -0.095764828905963384 -0.10310337360171325 0.056180958957220639 -0.00034910328796593508
leaf_weight=80 498 112 94 87 80 84 80 108 112 117 138 187 129 1628
leaf_count=80 498 112 94 87 80 84 80 108 112 117 138 187 129 1628
internal_value=0.000155411 0.000303556 0.000463101 0.00347744 0.0056686 0.000202528 -0.00325444 0.000402122 0.00355556 0.000138786 -0.00298077 0.000469963 -5.13084e-05 0.000383087
internal_weight=3534 3454 3342 261 167 3081 164 2917 220 2697 255 2442 1944 1757
internal_count=3534 3454 3342 261 167 3081 164 2917 220 2697 255 2442 1944 1757
is_linear=0
shrinkage=0.05


Tree=147
num_leaves=15
num_cat=0
split_feature=1 3 11 12 11 7 7 12 10 11 11 12 7 12
split_gain=1.55621 1.17363 0.95961 2.30015 1.37213 0.856556 1.52507 1.29133 1.12993 1.10952 1.31033 1.17665 1.63334 0.925949
threshold=7.5000000000000009 -36.499999999999993 0.92922379131507438 0.1318557721318592 0.86113431103781346 27.950000000000003 29.350000000000005 0.70747208174348741 8.5000000000000018 -0.26037633224328088 0.02042587909481499 -0.82413948779581736 26.850000000000005 -0.14250536273956091
decision_type=2 2 2 2 2 2 2 2 2 2 2 2 2 2
left_child=-1 -2 4 -4 5 8 -7 -8 -3 11 -11 -10 13 -13
right_child=1 2 3 -5 -6 6 7 -9 9 10 -12 12 -14 -15
leaf_value=-0.080461611244495093 0.10283656725835329 -0.060146672556473393 -0.4555128250312972 0.11331024052384181 0.070140912578335698 -0.11711887986408556 0.049839860146153117 -0.18604129762400776 -0.8582573432771945 0.24003997120570944 -0.0085008491213429248 0.41477888438067723 -0.069984026554225129 0.0026852665595924921
leaf_weight=81 1363 213 149 92 107 249 361 86 139 141 122 114 130 175
leaf_count=81 1363 213 149 92 107 249 361 86 139 141 122 114 130 175
internal_value=-4.25291e-05 0.000123331 -0.0006241 -0.00355691 -0.000230727 -0.000576369 -0.00192582 -0.000165929 0.000336862 0.00118039 0.00382463 -8.88099e-05 0.00123821 0.00331633
internal_weight=3522 3441 2078 241 1837 1730 696 447 1034 821 263 558 419 289
internal_count=3522 3441 2078 241 1837 1730 696 447 1034 821 263 558 419 289
is_linear=0
shrinkage=0.05


Tree=148
num_leaves=15
num_cat=0
split_feature=1 0 2 8 12 7 3 6 11 6 5 0 12 5
split_gain=1.00171 0.873482 1.13898 0.896508 1.73286 2.43585 1.40003 2.36502 2.48907 1.75955 1.57854 1.52343 1.47432 1.443
threshold=8.5000000000000018 181.50000000000003 154.75000000000003 12.500000000000002 0.73136292505298039 30.550000000000004 -96.499999999999986 0.81164727176894313 -0.59869031648930193 0.76031837616300824 0.88173899687427848 375.50000000000006 0.41202506375868281 0.83036190283884193
decision_type=2 2 2 2 2 2 2 2 2 2 2 2 2 2
left_child=-1 2 -2 4 5 -3 10 9 12 -8 11 -5 -9 -13
right_child=1 3 -4 6 -6 -7 7 8 -10 -11 -12 13 -14 -15
leaf_value=-0.055687584530950046 0.01356033391541871 -0.10597316890868741 0.27143606388263353 -0.75287092754670659 0.049095276634434984 0.07850560729157792 -0.035954548146833791 -0.22335896072351746 -0.18271007545389681 0.28875215923920339 0.45013767121277226 0.52745452862959608 0.24764332440592229 -0.7948240901495951
leaf_weight=94 516 125 120 125 178 203 752 96 548 80 121 397 92 84
leaf_count=94 516 125 120 125 178 203 752 96 548 80 121 397 92 84
internal_value=-9.19118e-05 5.08425e-05 0.00171607 -0.000329651 0.00156556 -0.000600601 -0.00075 -0.00158932 -0.00364372 0.000238949 0.00105874 0 0.00129534 0.00128601
internal_weight=3531 3437 636 2801 506 328 2295 1568 736 832 727 606 188 481
internal_count=3531 3437 636 2801 506 328 2295 1568 736 832 727 606 188 481
is_linear=0
shrinkage=0.05


Tree=149
num_leaves=15
num_cat=0
split_feature=2 10 5 11 11 9 6 1 0 4 12 6 11 3
split_gain=1.33733 0.931269 1.58041 2.6035 1.56264 1.44499 0.916327 1.34152 0.805815 1.64978 0.775432 1.30734 4.37431 1.8724
threshold=22.750000000000004 14.500000000000002 0.41224927513359849 0.46039464932087154 0.92922379131507438 6.5000000000000009 0.82200143619931654 324.50000000000006 147.50000000000003 236.07310870342761 -0.99052477729077237 0.68621036111737699 -0.23537230790205757 -5.4999999999999991
decision_type=2 2 2 2 2 2 2 2 2 2 2 2 2 2
left_child=-1 10 3 8 5 -4 7 -7 9 -3 -2 12 -12 -13
right_child=1 2 4 -5 -6 6 -8 -9 -10 -11 11 13 -14 -15
leaf_value=-0.042539652105890058 -0.84934306292212236 0.05375358962517867 0.06956831844245813 0.088776092222648373 -0.44290934544695093 -0.12082952393640625 -0.28423384039339511 0.25504297184015173 1.0870896767571652 -0.89441573739032099 0.0077061081027665068 0.041755411307013907 2.4070750097539135 -0.066209173565664511
leaf_weight=117 115 86 153 85 128 275 107 131 100 87 302 1349 139 363
leaf_count=117 115 86 153 85 128 275 107 131 100 87 302 1349 139 363
internal_value=2.11745e-05 0.00020438 -0.000950735 0.00179063 -0.00219024 -0.00119225 -0.00246139 -0.0013382 -0.000629496 -0.00266854 0.000791905 0.00100788 0.00341928 0.000378567
internal_weight=3537 3420 1152 358 794 666 513 406 273 173 2268 2153 441 1712
internal_count=3537 3420 1152 358 794 666 513 406 273 173 2268 2153 441 1712
is_linear=0
shrinkage=0.05


Tree=150
num_leaves=15
num_cat=0
split_feature=1 3 9 5 8 4 1 3 4 7 3 2 0 11
split_gain=1.26668 0.751992 2.63112 1.32739 1.82268 1.19472 1.33874 1.08742 1.26653 1.00785 2.29292 1.84798 3.40058 1.98684
threshold=8.5000000000000018 -6.4999999999999991 99.500000000000014 1.0932198240630997 44.500000000000007 187.04766040366846 493.00000000000006 -32.499999999999993 485.08023836700096 35.150000000000013 -154.49999999999997 872.25000000000011 785.50000000000011 -0.92274349529687905
decision_type=2 2 2 2 2 2 2 2 2 2 2 2 2 2
left_child=-1 5 3 4 -3 -2 7 8 -7 10 -8 12 13 -12
right_child=1 2 -4 -5 -6 6 9 -9 -10 -11 11 -13 -14 -15
leaf_value=-0.04041266950059557 0.062284705794399292 -0.2546494091064414 0.017462701071434595 -0.00864346992668601 -0.085911453040992569 0.058031072823776245 -0.21421048513103644 -0.13848229919828334 -0.66597794450985937 -0.078373182158014754 -0.3621929030124193 0.51355506982810084 -0.064196835019106405 0.16982562884279562
leaf_weight=92 173 88 1013 132 108 280 351 160 90 283 92 95 109 457
leaf_count=92 173 88 1013 132 108 280 351 160 90 283 92 95 109 457
internal_value=-3.54308e-05 0.00012369 -0.000798663 -0.00465465 -0.00721393 0.00071599 0.000351197 -0.0017757 -0.000266667 0.00116739 0.00184851 0.0033971 0.00241327 0.00401625
internal_weight=3523 3431 1341 328 196 2090 1917 530 370 1387 1104 753 658 549
internal_count=3523 3431 1341 328 196 2090 1917 530 370 1387 1104 753 658 549
is_linear=0
shrinkage=0.05


Tree=151
num_leaves=15
num_cat=0
split_feature=4 0 0 4 11 4 12 2 5 4 1 0 3 1
split_gain=1.29351 1.01085 2.23642 1.6399 1.36813 1.33448 2.38635 0.983353 2.07058 1.21682 1.46661 1.22082 1.14727 1.1458
threshold=49.142171998660935 187.50000000000003 122.50000000000001 664.80764334450271 -0.048361574224334618 319.45280968105629 0.14888728888808328 275.50000000000006 0.61807581249759425 595.15052936344034 337.50000000000006 533.50000000000011 -53.499999999999993 437.50000000000006
decision_type=2 2 2 2 2 2 2 2 2 2 2 2 2 2
left_child=-1 2 5 7 -4 6 -2 8 -3 10 -9 13 -11 -12
right_child=1 3 4 -5 -6 -7 -8 9 -10 12 11 -13 -14 -15
leaf_value=-0.037966923498044917 0.10638720266298379 0.01192914878802185 0.18305469969632462 0.029970438874761387 0.3499489283377159 -0.77217484099316214 -0.039530052744644453 0.15899921157873678 -0.28808345615097297 -0.0057653112845571291 0.0033860058788462767 0.068218721138009641 -0.18433925091243566 -0.15702093151603549
leaf_weight=142 202 121 116 1596 82 93 123 115 161 119 203 131 137 165
leaf_count=142 202 121 116 1596 82 93 123 115 161 119 203 131 137 165
internal_value=-0.000170891 2.96824e-05 0.00185185 -0.000381402 0.00615764 -0.000236407 0.00128788 -0.00181504 -0.0043554 -0.000971429 0.000242326 -0.00094246 -0.00383142 -0.00241287
internal_weight=3506 3364 616 2748 198 418 325 1152 282 870 614 499 256 368
internal_count=3506 3364 616 2748 198 418 325 1152 282 870 614 499 256 368
is_linear=0
shrinkage=0.05


Tree=152
num_leaves=15
num_cat=0
split_feature=4 12 5 5 5 12 0 7 10 6 7 12 5 3
split_gain=1.3857 0.866177 0.833814 3.14226 1.96724 2.04866 1.717 1.59607 1.15704 2.04458 1.87963 1.47833 1.43807 1.35529
threshold=39.081575387965842 -0.99761278905001471 0.34476810934614927 0.3100572196806145 0.45524074966398337 -0.13398942717002907 244.50000000000003 24.450000000000003 12.500000000000002 1.0332358426746848 29.550000000000004 0.3484035575467645 0.62266956590464706 78.500000000000014
decision_type=2 2 2 2 2 2 2 2 2 2 2 2 2 2
left_child=-1 -2 3 7 5 6 -4 -3 9 10 11 12 -6 -14
right_child=1 2 4 -5 8 -7 -8 -9 -10 -11 -12 -13 13 -15
leaf_value=-0.036493689850663549 -1.3251623648092989 -0.55690770389507172 0.19560434878051858 0.23504284320824792 2.8068353957553827 -0.22422576831055654 -1.2326348589292253 0.072225554085341245 -0.023778467522548221 0.0024658892805661027 1.720594859744881 0.52974633216398537 0.38375012211675286 -1.3694363473786781
leaf_weight=100 85 97 82 84 82 80 85 209 1228 1007 84 92 92 83
leaf_count=100 85 97 82 84 82 80 85 209 1228 1007 84 92 92 83
internal_value=-5.72246e-05 0.00011782 0.000249245 0.00240506 -4.28082e-05 -0.00426587 -0.00101744 0 0.000355406 0.00131488 0.00416667 0.00247175 0.000477099 -0.00208333
internal_weight=3490 3390 3305 390 2915 247 167 306 2668 1440 433 349 257 175
internal_count=3490 3390 3305 390 2915 247 167 306 2668 1440 433 349 257 175
is_linear=0
shrinkage=0.05


Tree=153
num_leaves=15
num_cat=0
split_feature=4 8 8 12 3 12 6 11 12 10 5 11 7 12
split_gain=1.32975 0.756196 1.37463 1.12038 1.64105 0.774621 1.55636 1.54893 2.79404 1.06094 2.08843 1.74715 1.89876 1.98975
threshold=49.142171998660935 12.500000000000002 25.500000000000004 0.59003219687534991 -22.499999999999996 -0.79382744783423187 0.31226569976844448 -0.75015329512557205 -0.34234976856068178 14.500000000000002 0.9893301563884479 -0.92274349529687905 32.550000000000004 0.87709077819680659
decision_type=2 2 2 2 2 2 2 2 2 2 2 2 2 2
left_child=-1 3 -3 4 -2 -4 7 8 -7 10 11 -8 13 -13
right_child=1 2 5 -5 -6 6 9 -9 -10 -11 -12 12 -14 -15
leaf_value=-0.034669005358130354 0.15994743883995854 -0.10467993380709971 -0.16724489886086361 0.03355148602926477 -0.054558154091269989 -2.1639688004197799 -0.19189146554581385 0.31794107551913875 0.34319628200384555 -0.045700229981184753 -0.075027856982374894 0.94179748673456631 -0.07476412161772715 -0.11248739411808516
leaf_weight=145 99 126 740 239 176 84 204 120 80 615 346 276 167 105
leaf_count=145 99 126 740 239 176 84 204 120 80 615 346 276 167 105
internal_value=-0.000226822 -2.21762e-05 -0.000339958 0.0017341 -0.000446429 -0.000100292 0.000412088 0.00380623 0.000591716 -0.00016007 0.000770626 0.00224571 0.00370705 0.00563472
internal_weight=3522 3377 2863 514 275 2737 1997 284 164 1713 1098 752 548 381
internal_count=3522 3377 2863 514 275 2737 1997 284 164 1713 1098 752 548 381
is_linear=0
shrinkage=0.05


Tree=154
num_leaves=15
num_cat=0
split_feature=5 1 8 2 3 2 2 5 2 4 11 12 12 12
split_gain=1.48104 0.877239 3.91601 1.70459 1.59684 1.25028 1.07345 1.29327 1.09405 1.07807 1.00528 1.35212 0.844802 2.96191
threshold=0.15160573236095223 78.500000000000014 58.500000000000007 236.75000000000003 -31.499999999999996 120.75000000000001 275.50000000000006 0.43342140174283761 317.75000000000006 398.25011997794348 -0.20180236284700911 -0.42958798411962301 0.59003219687534991 0.68274389090025245
decision_type=2 2 2 2 2 2 2 2 2 2 2 2 2 2
left_child=-1 2 -2 4 -3 -4 -5 -8 -9 -10 -6 -12 -11 -14
right_child=1 3 5 6 10 -7 7 8 9 12 11 -13 13 -15
leaf_value=-0.18293555509022386 -0.080887988489146426 0.14035878938798413 0.039262703420691762 -0.28461237049824323 0.075902119500549509 -1.0949564018112283 -2.0061848054907787 0.14519871082031202 -0.052726038748295428 -0.017549436159350763 0.050928361541195247 -0.10820707193975353 0.39661897812192709 0.00376150059624365
leaf_weight=86 83 138 282 149 153 95 90 148 167 1407 104 81 87 456
leaf_count=86 83 138 282 149 153 95 90 148 167 1407 104 81 87 456
internal_value=-0.000297366 -0.000130624 -0.00215054 0.000184255 0.0029106 6.5445e-05 -0.00033878 -7.41525e-05 0.000165198 -0.000129595 0.00102041 -0.00144737 0.000204604 0.00187044
internal_weight=3526 3440 460 2980 476 377 2504 2355 2265 2117 338 185 1950 543
internal_count=3526 3440 460 2980 476 377 2504 2355 2265 2117 338 185 1950 543
is_linear=0
shrinkage=0.05


Tree=155
num_leaves=15
num_cat=0
split_feature=4 3 4 7 12 8 0 4 5 8 5 12 12 7
split_gain=1.4732 3.14723 1.08442 1.70413 1.70019 2.29808 1.20155 1.18567 0.940984 0.877124 0.788265 1.42695 1.2979 1.09081
threshold=104.00414500727807 -4.4999999999999991 308.01241382439639 23.750000000000004 0.73136292505298039 54.500000000000007 190.50000000000003 415.23003667520032 0.43342140174283761 84.500000000000014 0.34476810934614927 -0.79382744783423187 -0.71502926860092908 26.450000000000003
decision_type=2 2 2 2 2 2 2 2 2 2 2 2 2 2
left_child=1 -1 4 -4 5 -2 -5 -8 -7 -3 -9 13 -13 -12
right_child=2 9 3 6 -6 8 7 10 -10 -11 11 12 -14 -15
leaf_value=0.061594353100568357 -0.052976992129103451 -0.11000565501559936 -0.45925140702203748 0.51504727198147726 0.055871198946800149 0.13524369642964126 -0.090439449618291701 1.6933929414268705 0.0094811059074089606 -0.022122431584158012 -3.1100760840460482 0.74179627254379743 0.00066896037324823973 -0.095780211232198556
leaf_weight=88 140 81 83 159 111 153 99 82 165 86 81 116 1721 365
leaf_count=88 140 81 83 159 111 153 99 82 165 86 81 116 1721 365
internal_value=-0.000127298 -0.00375 0.000160061 -0.000258207 0.00213415 0.00075594 -2.85388e-05 -0.000303767 0.00309598 -0.00770349 -7.38397e-05 -0.000251311 0.00036645 -0.00277162
internal_weight=3530 255 3275 2706 569 458 2623 2464 318 167 2365 2283 1837 446
internal_count=3530 255 3275 2706 569 458 2623 2464 318 167 2365 2283 1837 446
is_linear=0
shrinkage=0.05


Tree=156
num_leaves=15
num_cat=0
split_feature=3 9 4 8 9 12 12 8 5 4 2 6 12 12
split_gain=1.15788 2.79643 1.24331 1.24161 1.43899 1.49808 2.04514 1.16897 1.08955 1.13279 1.02344 0.950779 1.02828 1.63426
threshold=-12.499999999999998 99.500000000000014 49.142171998660935 43.500000000000007 18.500000000000004 0.16587474750015932 -0.38243420677835349 50.500000000000007 1.1069425493730809 826.13343345576482 661.75000000000011 0.96319111107294042 -0.17646730165275518 0.69521084835931835
decision_type=2 2 2 2 2 2 2 2 2 2 2 2 2 2
left_child=3 8 -3 4 5 6 -1 -5 9 -2 -4 -9 -13 -14
right_child=1 2 10 7 -6 -7 -8 11 -10 -11 -12 12 13 -15
leaf_value=0.046472980819314814 -0.062322178399246302 -0.069268329421696362 0.055959988246465288 -0.15931999680731082 0.22508931188259568 0.081310585113828895 -0.38301846203459039 -0.036504247215405884 -0.010196434018942569 -0.066103923433584552 -0.091860198166151014 -0.011871758284482326 0.54002556914878141 -0.033048285783930001
leaf_weight=120 206 86 955 140 111 203 85 685 191 92 82 276 186 88
leaf_count=120 206 86 955 140 111 203 85 685 191 92 82 276 186 88
internal_value=-0.000284819 -0.00126778 0.000110816 0.000552923 0.00262405 0.00121065 -0.00178571 -0.000235507 -0.00440283 -0.00627063 0.000599808 0.000262097 0.0018018 0.00394265
internal_weight=3506 1612 1123 1894 519 408 205 1375 489 298 1037 1235 550 274
internal_count=3506 1612 1123 1894 519 408 205 1375 489 298 1037 1235 550 274
is_linear=0
shrinkage=0.05


Tree=157
num_leaves=15
num_cat=0
split_feature=4 11 1 12 7 7 5 1 6 5 2 4 1 6
split_gain=1.62627 0.873272 1.20142 0.807517 0.904375 1.22714 1.07404 1.54768 1.32136 1.84723 0.962145 1.38576 0.90201 2.3986
threshold=49.142171998660935 0.9916835347852474 987.00000000000011 0.96348459056927072 22.750000000000004 23.450000000000003 0.96781935208090408 312.50000000000006 0.9606063291841308 0.89975090728900919 661.75000000000011 730.9179222680782 365.50000000000006 0.85148356553625348
decision_type=2 2 2 2 2 2 2 2 2 2 2 2 2 2
left_child=-1 2 3 4 -2 -6 8 -8 10 -10 11 12 -7 -14
right_child=1 -3 -4 -5 5 6 7 -9 9 -11 -12 -13 13 -15
leaf_value=-0.051389263344857078 -0.11879224885384332 -0.11817182272099701 0.61432054596002672 0.049203901289391186 0.13256092159129054 0.0013908611659532611 0.10593917016445786 -0.044722191172505178 0.30549896270439381 0.32002991003828929 -0.16639734438201118 0.59260981466935336 -0.45259641230368858 0.035079752786299427
leaf_weight=143 95 150 106 157 85 764 100 586 254 111 229 523 121 101
leaf_count=143 95 150 106 157 85 764 100 586 254 111 229 523 121 101
internal_value=-0.000106232 0.000118099 0.000293482 0.000111785 -7.56557e-05 8.68357e-05 -9.84252e-05 -0.00180897 0.000462524 0.00317568 -0.000114745 0.000346764 -0.000756811 -0.00352423
internal_weight=3525 3382 3232 3126 2969 2874 2789 686 2103 365 1738 1509 986 222
internal_count=3525 3382 3232 3126 2969 2874 2789 686 2103 365 1738 1509 986 222
is_linear=0
shrinkage=0.05


Tree=158
num_leaves=15
num_cat=0
split_feature=1 12 4 5 7 12 12 3 2 12 0 9 0 0
split_gain=1.33731 2.20268 1.13853 1.1908 0.899913 0.740218 1.201 1.05758 0.708685 2.47447 1.41805 1.63847 1.13333 0.783613
threshold=70.500000000000014 -0.96687281075841669 114.17365714260659 0.34966832226972505 38.650000000000013 0.89691351184655443 0.86004965528756494 -12.499999999999998 872.25000000000011 0.1318557721318592 781.50000000000011 18.500000000000004 744.50000000000011 698.50000000000011
decision_type=2 2 2 2 2 2 2 2 2 2 2 2 2 2
left_child=1 -1 -3 -4 5 6 8 -7 10 -10 12 -12 13 -2
right_child=4 2 3 -5 -6 7 -8 -9 9 -11 11 -13 -14 -15
leaf_value=0.086682915384932224 0.011394711879074749 -0.063317084615067784 0.039297092019406323 -0.18148991749288079 -0.11475063133908066 0.12121772116240592 -0.20304466558304954 -0.0064468773116743705 -0.073339107681036353 0.42508224693433477 -0.1188464070823045 0.047918972754294492 0.19910578816484589 -0.14595514072094035
leaf_weight=96 1877 104 158 131 118 168 82 130 142 93 106 82 94 123
leaf_count=96 1877 104 158 131 118 168 82 130 142 93 106 82 94 123
internal_value=-0.000270732 -0.00268219 -0.00433417 -0.00263605 0.000124172 0.000301516 2.88018e-05 0.00264026 0.000227994 0.0028125 -4.37254e-05 -0.00414508 0.000333492 7.4813e-05
internal_weight=3504 489 393 289 3015 2897 2599 298 2517 235 2282 188 2094 2000
internal_count=3504 489 393 289 3015 2897 2599 298 2517 235 2282 188 2094 2000
is_linear=0
shrinkage=0.05


Tree=159
num_leaves=15
num_cat=0
split_feature=11 5 0 2 0 12 7 12 11 11 11 11 8 8
split_gain=0.917637 0.746616 0.866009 2.79019 1.47858 2.64961 2.28313 1.39245 2.60728 3.2458 2.57382 1.30821 1.43666 3.38951
threshold=-0.99763297024448894 0.15160573236095223 174.50000000000003 154.75000000000003 259.50000000000006 0.45847758937963173 24.650000000000002 0.14888728888808328 0.92922379131507438 0.82414472752956958 0.91248814248966237 -0.30983472475487867 55.500000000000007 12.500000000000002
decision_type=2 2 2 2 2 2 2 2 2 2 2 2 2 2
left_child=-1 -2 3 -3 5 -4 -6 8 9 -8 11 -9 13 -13
right_child=1 2 4 -5 6 -7 7 10 -10 -11 -12 12 -14 -15
leaf_value=0.50966466835711799 -0.17357896160998509 1.6683856945753918e-06 -0.01629390275421656 0.48965291857976467 0.12597630957859707 -0.21442444352644685 -0.088168310070550149 0.04987270733787455 -0.27825948568649894 0.22823524752246982 0.1904444869447815 0.027248818496201466 0.11836821538125833 -0.25175631632915269
leaf_weight=83 81 509 256 87 136 104 924 411 253 108 134 120 140 174
leaf_count=83 81 509 256 87 136 104 924 411 253 108 134 120 140 174
internal_value=-0.000212766 -0.000341371 -0.000223148 0.0014975 -0.000596745 -0.00356164 -0.00014553 -0.000528867 -0.00160853 -0.00048216 0.000889228 -0.000147059 -0.00205011 -0.00401338
internal_weight=3520 3437 3356 596 2760 360 2400 2264 1285 1032 979 845 434 294
internal_count=3520 3437 3356 596 2760 360 2400 2264 1285 1032 979 845 434 294
is_linear=0
shrinkage=0.05


Tree=160
num_leaves=15
num_cat=0
split_feature=2 0 0 9 4 0 7 8 10 2 7 11 9 12
split_gain=1.309 1.91725 1.81841 1.151 1.6085 1.10456 1.15168 1.88373 2.16361 1.62645 1.14505 1.63725 1.92033 1.02315
threshold=969.75000000000011 778.50000000000011 744.50000000000011 14.500000000000002 917.70635636308759 698.50000000000011 29.550000000000004 50.500000000000007 13.500000000000002 533.25000000000011 28.150000000000002 0.67167992559793654 5.5000000000000009 0.5475998096715059
decision_type=2 2 2 2 2 2 2 2 2 2 2 2 2 2
left_child=1 2 5 13 -5 6 10 9 -9 -8 11 12 -1 -3
right_child=-2 3 -4 4 -6 -7 7 8 -10 -11 -12 -13 -14 -15
leaf_value=0.076492772064301565 0.56060452296309793 -0.36813633010806374 0.18267867616216621 -0.056737675012050209 0.7503026721570194 -0.19571362222058611 -0.15167148904518798 1.663006767696436 0.058850374326127053 0.13857228449469972 -0.081909072334883606 -0.14908621228739491 -0.0026820613439056729 -0.015126270319393599
leaf_weight=113 80 161 122 99 80 153 134 89 383 98 385 115 1420 91
leaf_count=113 80 161 122 99 80 153 134 89 383 98 385 115 1420 91
internal_value=-0.000248016 -0.000398782 4.97183e-05 -0.00349771 -0.000407609 -0.000207254 2.73523e-05 0.00176305 0.00356394 -0.00189873 -0.000576546 0 0.000438882 -0.00564202
internal_weight=3523 3443 3012 431 179 2890 2737 704 472 232 2033 1648 1533 252
internal_count=3523 3443 3012 431 179 2890 2737 704 472 232 2033 1648 1533 252
is_linear=0
shrinkage=0.05


Tree=161
num_leaves=15
num_cat=0
split_feature=5 4 12 9 8 3 0 3 0 11 9 0 11 11
split_gain=1.46658 0.651814 1.88524 1.92623 1.35355 1.43724 1.33464 1.59991 2.05514 1.99054 1.40516 2.2632 0.953279 0.947637
threshold=0.15160573236095223 901.88540133086008 0.14888728888808328 20.500000000000004 81.500000000000014 166.50000000000003 695.50000000000011 -43.499999999999993 752.50000000000011 0.42958674266195179 1.0000000180025095e-35 521.50000000000011 0.65883702558178847 -0.55657520495441892
decision_type=2 2 2 2 2 2 2 2 2 2 2 2 2 2
left_child=-1 6 3 -3 -5 13 10 -8 -9 -10 11 12 -2 -6
right_child=1 2 -4 4 5 -7 7 8 9 -11 -12 -13 -14 -15
leaf_value=-0.15467087073972913 0.044915728451410786 -0.34972951360265941 0.40666629931820925 0.99362140312956349 1.9863324649877485 -1.7756148342495663 0.29550358024662277 -0.29802062796305223 0.10044730027188963 -0.067016914488053206 -0.007731852343835755 0.18860308752655897 -0.041205154806576161 -0.080795969637793522
leaf_weight=88 92 131 97 96 98 80 111 83 96 186 2064 91 89 102
leaf_count=88 92 131 97 96 98 80 111 83 96 186 2064 91 89 102
internal_value=-0.000256483 -8.76937e-05 0.00139573 0.000146484 0.0019685 0.000175439 -0.000408236 -0.00280665 -0.00439189 -0.00226481 8.54336e-05 0.0034296 0.000134409 0.00243902
internal_weight=3504 3416 604 507 376 280 2812 476 365 282 2336 272 181 200
internal_count=3504 3416 604 507 376 280 2812 476 365 282 2336 272 181 200
is_linear=0
shrinkage=0.05


Tree=162
num_leaves=15
num_cat=0
split_feature=5 8 8 3 7 3 8 5 9 3 4 7 12 1
split_gain=1.48793 0.960429 1.74689 2.01948 1.44005 1.35075 1.22477 1.69016 1.30266 1.33902 1.17495 1.1357 1.17772 1.19441
threshold=0.15160573236095223 14.500000000000002 51.500000000000007 -5.4999999999999991 27.650000000000002 -28.499999999999996 62.500000000000007 0.76598773870163905 78.500000000000014 293.50000000000006 842.66712891665441 29.550000000000004 -0.091258822863740666 22.500000000000004
decision_type=2 2 2 2 2 2 2 2 2 2 2 2 2 2
left_child=-1 -2 3 4 -3 10 7 -4 -8 11 -6 12 13 -10
right_child=1 2 6 -5 5 -7 8 -9 9 -11 -12 -13 -14 -15
leaf_value=-0.19693732720274265 0.022033162295561227 0.10462368609721864 -0.070477061110463701 -0.11128858396187979 0.087627003902099432 -0.18592457902597062 -0.06303369217444299 0.4054877269767303 0.13770994470452602 -1.4808272571119176 -0.18801852959878718 0.37235762927255611 -0.060174923805203666 0.083088632069740251
leaf_weight=86 560 102 116 193 165 105 512 195 86 105 121 222 239 727
leaf_count=86 560 102 116 193 165 105 512 195 86 105 121 222 239 727
internal_value=-0.000282566 -0.000115841 -0.000483927 -0.00267728 -0.000953815 -0.00233586 0.000203897 0.00308544 -0.000276899 0.000523844 -0.000515464 0.000977326 0.000283822 0.00119193
internal_weight=3534 3448 2888 686 493 391 2202 311 1891 1379 286 1274 1052 813
internal_count=3534 3448 2888 686 493 391 2202 311 1891 1379 286 1274 1052 813
is_linear=0
shrinkage=0.05


Tree=163
num_leaves=15
num_cat=0
split_feature=0 11 12 11 5 11 10 8 7 12 11 11 7 1
split_gain=1.25517 0.789403 2.53471 1.80221 1.51338 1.3192 2.01887 0.906811 1.68903 1.4257 2.18994 2.38771 1.17584 1.15221
threshold=937.50000000000011 0.92922379131507438 0.18281312110578132 0.86113431103781346 0.91680818597141001 0.97112537654464559 13.500000000000002 94.500000000000014 23.350000000000005 0.59003219687534991 -0.2102246306142678 -0.03977009085991149 29.450000000000003 882.50000000000011
decision_type=2 2 2 2 2 2 2 2 2 2 2 2 2 2
left_child=1 3 5 7 -5 -3 -7 9 -9 13 -11 -12 -10 -1
right_child=-2 2 -4 4 -6 6 -8 8 12 10 11 -13 -14 -15
leaf_value=-0.051523587945816018 0.51827619177575179 -0.62010962912072509 0.13792038475834403 0.29358909778237818 -0.0084919629881426324 0.08819068189239801 -0.41435459584911016 -0.19737298457519614 0.025983884645561697 0.054788772177523273 -0.41805615016336195 -0.0014352673764879142 0.53307495069936128 -0.54250783778085176
leaf_weight=762 84 80 94 93 81 112 114 103 912 326 85 363 153 114
leaf_count=762 84 80 94 93 81 112 114 103 912 326 85 363 153 114
internal_value=-0.000244183 -0.000397409 -0.00246914 -0.000116783 0.0047486 -0.00466238 -0.0025974 -0.00042508 0.000639386 -0.00117825 0.000385109 -0.00187638 0.00123832 -0.00255392
internal_weight=3476 3392 400 2992 174 306 226 2818 1168 1650 774 448 1065 876
internal_count=3476 3392 400 2992 174 306 226 2818 1168 1650 774 448 1065 876
is_linear=0
shrinkage=0.05


Tree=164
num_leaves=15
num_cat=0
split_feature=11 11 5 11 3 3 12 4 2 12 11 7 8 0
split_gain=0.870378 1.69916 1.20096 1.09853 0.862561 1.46235 2.73163 1.67958 1.75098 1.4102 1.69914 2.70461 1.40225 1.58653
threshold=-0.98214942551678475 -0.8781231054254196 0.69201011679019586 -0.82415615971448097 47.500000000000007 -4.4999999999999991 -0.95242240592625282 165.01673376598856 678.75000000000011 -0.80417042486635371 -0.35041564478062465 26.650000000000002 85.500000000000014 187.50000000000003
decision_type=2 2 2 2 2 2 2 2 2 2 2 2 2 2
left_child=-1 2 -2 -3 5 12 -7 -8 -9 10 -6 -12 13 -5
right_child=1 3 -4 4 9 6 7 8 -10 -11 11 -13 -14 -15
leaf_value=0.11423147123375764 -0.29579728012899553 0.25449000928282006 -0.046452298330240185 0.056968790702528339 -1.3396499283780905 0.06814751766920002 -0.08628064094148083 -0.0084139266991122962 -0.16890207124407652 0.21279564746197224 1.9523750306451548 -0.22890842997250582 -0.085323045980567266 0.0040354240665294583
leaf_weight=215 168 110 193 133 86 88 109 215 102 280 84 170 467 1109
leaf_count=215 168 110 193 133 86 88 109 215 102 280 84 170 467 1109
internal_value=-0.00020515 -0.000406749 -0.00362022 -8.45166e-06 -0.000201896 -0.000662029 -0.00298651 -0.00464037 -0.00271739 0.00144 -0.000724638 0.00135135 4.37573e-05 0.000922213
internal_weight=3529 3314 361 2953 2843 2223 514 426 317 620 340 254 1709 1242
internal_count=3529 3314 361 2953 2843 2223 514 426 317 620 340 254 1709 1242
is_linear=0
shrinkage=0.05


Tree=165
num_leaves=15
num_cat=0
split_feature=5 5 12 11 0 12 12 5 0 3 10 8 8 9
split_gain=1.01617 0.762201 0.757138 2.38031 1.59739 1.32083 1.23034 0.976753 0.808697 0.820725 0.743553 1.23093 1.05833 1.27236
threshold=0.15160573236095223 0.22435201981972189 0.89691351184655443 -0.14250824554987665 455.50000000000006 0.86004965528756494 0.99322932550245857 1.2996010590322131 295.50000000000006 -6.4999999999999991 13.500000000000002 8.5000000000000018 29.500000000000004 18.500000000000004
decision_type=2 2 2 2 2 2 2 2 2 2 2 2 2 2
left_child=-1 -2 5 4 -4 7 -5 10 9 -9 12 -12 13 -3
right_child=1 2 3 6 -6 -7 -8 8 -10 -11 11 -13 -14 -15
leaf_value=-0.12290777956677168 0.050896102485909367 0.0088932827613490417 0.24660483869366026 -0.21315027843699 0.042237857839506891 -0.19301453011539138 0.037516859974358142 0.087799368481158532 -0.095402098712972366 -0.13153275153283703 -0.033737024777690298 -0.0098831020145638618 0.018509789054371596 0.28859024925202165
leaf_weight=83 115 220 80 86 85 87 82 84 122 82 85 1124 1082 92
leaf_count=83 115 220 80 86 85 87 82 84 122 82 85 1124 1082 92
internal_value=-9.24872e-05 4.3719e-05 -9.80097e-05 0.00214497 0.00632353 -0.000351995 -0.00202312 -0.000164019 -0.00290102 -0.000584795 0.000143788 -0.000761944 0.000929235 0.00347003
internal_weight=3509 3426 3311 333 165 2978 168 2891 288 166 2603 1209 1394 312
internal_count=3509 3426 3311 333 165 2978 168 2891 288 166 2603 1209 1394 312
is_linear=0
shrinkage=0.05


Tree=166
num_leaves=15
num_cat=0
split_feature=10 7 5 9 12 12 12 12 12 11 5 8 4 2
split_gain=0.901005 1.61278 2.11206 2.03936 1.67759 2.49421 1.61476 1.46509 1.53035 1.67589 1.26101 1.36713 1.24659 1.60066
threshold=14.500000000000002 24.550000000000004 0.541939617416066 2.5000000000000004 0.14888728888808328 -0.6391983530350368 -0.97507822412530132 1.0000000180025095e-35 -0.39036009226888674 0.80417553764032002 0.67508799792485108 99.500000000000014 813.39666489539343 781.25000000000011
decision_type=2 2 2 2 2 2 2 2 2 2 2 2 2 2
left_child=7 -2 4 -4 5 6 -3 8 9 10 11 -1 13 -9
right_child=1 2 3 -5 -6 -7 -8 12 -10 -11 -12 -13 -14 -15
leaf_value=2.7905853488372432 -0.07793023404947097 0.12914791887265978 0.12491298570672456 -0.12474316784719691 -0.030976074260636113 0.19816452801683371 -0.16595877507126733 0.035641016975640837 -0.25482538444024389 0.11368417511966698 -0.11778089989252437 0.023952483038806351 0.28175675664421079 -0.063077041874493034
leaf_weight=84 80 97 89 456 171 175 182 622 293 99 457 301 318 81
leaf_count=84 80 97 89 456 171 175 182 622 293 99 457 301 318 81
internal_value=7.83476e-05 -0.000996016 -0.000510638 -0.00277273 0.00146825 0.00305011 8.80282e-05 0.000674779 -0.000484262 0.000502114 -0.000236128 0.00185897 0.00207115 0.000882768
internal_weight=3505 1250 1170 545 625 454 279 2255 1234 941 842 385 1021 703
internal_count=3505 1250 1170 545 625 454 279 2255 1234 941 842 385 1021 703
is_linear=0
shrinkage=0.05


Tree=167
num_leaves=15
num_cat=0
split_feature=0 0 12 12 11 11 0 7 8 3 6 3 12 8
split_gain=0.78138 1.43596 1.21622 2.28527 2.39434 1.12435 1.02901 1.0717 1.26902 0.950567 1.14206 1.453 1.29306 1.44824
threshold=778.50000000000011 744.50000000000011 0.45847758937963173 0.11478523713130605 0.92922379131507438 0.534952257794027 698.50000000000011 32.850000000000001 59.500000000000007 -235.49999999999997 0.54819691870326548 2.5000000000000004 -0.99052477729077237 97.500000000000014
decision_type=2 2 2 2 2 2 2 2 2 2 2 2 2 2
left_child=1 6 3 4 -2 -4 7 9 -9 -1 11 -11 -13 -14
right_child=2 -3 5 -5 -6 -7 -8 8 -10 10 -12 12 13 -15
leaf_value=-0.77372622174528094 0.028461473158955641 0.1508824882935926 -0.015342795178057145 0.41312378798540411 -1.5062437881266704 -0.14616125272740418 -0.16551862782002902 -0.0061775869887213735 0.22873326268185892 -0.046419648387055194 0.025180677862063308 -1.016556411987213 -0.078624872107004154 0.20119859713445296
leaf_weight=172 175 126 86 82 87 85 155 158 164 227 1311 91 222 391
leaf_count=172 175 126 86 82 87 85 155 158 164 227 1311 91 222 391
internal_value=-8.48176e-05 0.000223362 -0.001875 -0.000143266 -0.00243446 -0.00525568 -8.6326e-06 0.000218898 0.0029052 -0.000144688 0.000133511 -0.00120192 -7.05219e-05 0.000768608
internal_weight=3532 3017 515 344 262 171 2891 2736 322 2414 2242 931 704 613
internal_count=3532 3017 515 344 262 171 2891 2736 322 2414 2242 931 704 613
is_linear=0
shrinkage=0.05


Tree=168
num_leaves=15
num_cat=0
split_feature=1 3 12 11 11 8 3 12 12 2 4 8 9 9
split_gain=0.966443 1.05896 1.40716 1.97144 1.29597 1.52328 1.23013 2.12629 4.32185 1.10676 0.956402 0.783733 1.13292 1.28784
threshold=1000.5000000000001 47.500000000000007 -0.039769286347669845 -0.79384350655589164 -0.13398594226331254 85.500000000000014 -47.499999999999993 -0.97507822412530132 -0.88620506325989179 794.50000000000011 789.45580271003644 66.500000000000014 1.0000000180025095e-35 39.500000000000007
decision_type=2 2 2 2 2 2 2 2 2 2 2 2 2 2
left_child=1 6 3 -3 -5 -6 11 -8 -9 10 -10 12 -1 -14
right_child=-2 2 -4 4 5 -7 7 8 9 -11 -12 -13 13 -15
leaf_value=0.27299809332596964 0.3458739963998369 -1.9334719280624428 0.24515062431205481 0.99990561552513313 0.23195654473524741 -0.90193565466024672 0.12410293612117425 -0.37624628815603534 -0.0093340067339511279 -0.063920753073114164 0.61133068591736905 -0.035459579867385571 -0.077872649082698336 0.2903024457452027
leaf_weight=95 101 115 166 195 146 147 80 98 939 258 83 764 210 104
leaf_count=95 101 115 166 195 146 147 80 98 939 258 83 764 210 104
internal_value=-0.00022105 -0.000367107 0.00125969 0.000123355 0.0015213 -0.000587248 -0.000844082 -0.00181135 -0.00227766 -0.0014786 -0.000730282 0.000360781 0.00211353 0.000626959
internal_weight=3501 3400 769 603 488 293 2631 1458 1378 1280 1022 1173 409 314
internal_count=3501 3400 769 603 488 293 2631 1458 1378 1280 1022 1173 409 314
is_linear=0
shrinkage=0.05


Tree=169
num_leaves=15
num_cat=0
split_feature=0 2 11 11 10 12 7 6 11 4 9 11 4 7
split_gain=0.72411 0.769319 0.658517 1.73448 1.07477 2.35491 0.741027 0.737348 0.64664 0.701737 1.51878 1.10881 1.24626 1.60727
threshold=937.50000000000011 922.25000000000011 0.94425825643485939 0.91596454896554913 13.500000000000002 -0.013976481981245173 37.050000000000004 0.056359808918195274 -0.99763297024448894 308.01241382439639 12.500000000000002 -0.861146256326485 460.7888115652492 28.350000000000005
decision_type=2 2 2 2 2 2 2 2 2 2 2 2 2 2
left_child=1 2 3 6 -4 -6 7 -1 -9 10 -10 -11 -13 -14
right_child=-2 -3 4 -5 5 -7 -8 8 9 11 -12 12 13 -15
leaf_value=-0.095734606251834789 0.37601080055848118 -0.089054211174169506 0.15822674641488846 -0.30054093351683075 -0.42370749183383227 0.12826733462180187 0.11114028224640649 0.4010443160258646 0.04202438926496193 -0.39949089158306494 -0.0020244920459276728 -0.081544099621648061 0.11605861405568306 -0.032760530589735028
leaf_weight=112 83 99 142 84 81 90 124 82 167 395 515 283 608 680
leaf_count=112 83 99 142 84 81 90 124 82 167 395 515 283 608 680
internal_value=-0.00021831 -0.000331699 -0.000200416 -0.000425532 0.00196541 -0.000710227 -0.000218782 -0.000386372 -0.000219378 -0.000358085 0.00101892 -0.000837139 -0.000237944 0.000425367
internal_weight=3545 3462 3363 3050 313 171 2966 2842 2730 2648 682 1966 1571 1288
internal_count=3545 3462 3363 3050 313 171 2966 2842 2730 2648 682 1966 1571 1288
is_linear=0
shrinkage=0.05


Tree=170
num_leaves=15
num_cat=0
split_feature=2 5 5 11 11 1 12 9 11 1 11 1 8 4
split_gain=1.18602 0.727451 1.37477 0.654955 2.56428 1.20755 1.08977 1.07385 1.1631 0.991367 0.962542 0.643557 1.23129 0.979951
threshold=969.75000000000011 0.15160573236095223 0.2326118632813807 0.9550229469509578 0.92922379131507438 863.50000000000011 -0.50557503990954278 11.500000000000002 0.9916835347852474 836.00000000000011 0.7090011537757156 119.50000000000001 59.500000000000007 296.40506010141956
decision_type=2 2 2 2 2 2 2 2 2 2 2 2 2 2
left_child=1 -1 -3 4 5 9 -7 8 -5 11 -8 12 -4 -13
right_child=-2 2 3 7 -6 6 10 -9 -10 -11 -12 13 -14 -15
leaf_value=-0.090947875939243056 0.43327657948552772 0.050796767111705603 -0.024842174612574965 0.096170239099654969 -0.75091428430802554 -0.47544530691099851 -0.24266468955440815 0.17710704251634299 -0.23539885680295641 0.10561387595535621 0.11066630581927656 0.036239470673974948 -0.018996499854456419 -0.0081305082893152313
leaf_weight=90 81 129 98 89 82 112 93 140 84 84 80 349 388 1614
leaf_count=90 81 129 98 89 82 112 93 140 84 84 80 349 388 1614
internal_value=-0.000277146 -0.00042188 -0.000298775 -0.000504972 -0.000740103 -0.000478215 -0.00353448 0.00165094 -0.000983146 -0.000128054 -0.000983146 -0.000315811 -0.00193483 8.89228e-05
internal_weight=3513 3432 3342 3213 2900 2818 285 313 173 2533 173 2449 486 1963
internal_count=3513 3432 3342 3213 2900 2818 285 313 173 2533 173 2449 486 1963
is_linear=0
shrinkage=0.05


Tree=171
num_leaves=15
num_cat=0
split_feature=10 12 7 7 11 12 11 7 12 12 11 3 6 8
split_gain=0.928951 1.40006 1.29598 1.4692 2.40291 2.01786 1.47342 1.1406 1.02223 2.18628 1.88047 1.52596 1.65592 1.5568
threshold=14.500000000000002 -0.97507822412530132 25.250000000000004 27.650000000000002 0.59177612190863982 -0.36648370705903521 -0.77245553105869302 35.850000000000001 -0.23537842981696178 -0.36648370705903521 0.80417553764032002 -89.499999999999986 0.67483185406599988 48.500000000000007
decision_type=2 2 2 2 2 2 2 2 2 2 2 2 2 2
left_child=8 -2 -3 6 -5 -6 -4 -7 9 10 -1 -10 -13 -14
right_child=1 2 3 4 5 7 -8 -9 11 -11 -12 12 13 -15
leaf_value=-0.028404261540086396 0.054459173501908258 -0.043566301410289034 0.1067389585388078 -0.2085790612973927 0.18949444194446841 0.0016025596220197614 -0.011792376716257991 -0.44411167329882206 0.37426672707362629 -0.89357590665850362 0.12384839039488682 0.58483503181718532 0.014047646899813061 -0.11621914930360476
leaf_weight=863 117 128 109 346 114 188 157 81 315 104 108 80 591 214
leaf_count=863 117 128 109 346 114 188 157 81 315 104 108 80 591 214
internal_value=-0.000106534 -0.00120482 -0.00175089 -0.001125 -0.00228202 0.000451031 0.00202952 -0.00191606 0.000493421 -0.000625 0.000128074 0.00149378 0.000421348 -0.000277778
internal_weight=3515 1240 1123 995 729 383 266 269 2275 1075 971 1200 885 805
internal_count=3515 1240 1123 995 729 383 266 269 2275 1075 971 1200 885 805
is_linear=0
shrinkage=0.05


Tree=172
num_leaves=15
num_cat=0
split_feature=5 1 10 11 7 5 3 11 6 11 5 1 3 11
split_gain=1.25453 0.956099 0.962949 1.47292 1.09281 2.6141 1.2132 1.00348 1.63955 1.56819 1.77785 1.27987 1.14166 1.2982
threshold=0.15160573236095223 12.500000000000002 12.500000000000002 0.9916835347852474 28.950000000000003 0.89975090728900919 -22.499999999999996 0.71503381463111937 0.78130453900864905 -0.58482361983252518 0.72227309380815741 197.50000000000003 -32.499999999999993 -0.59869031648930193
decision_type=2 2 2 2 2 2 2 2 2 2 2 2 2 2
left_child=-1 -2 4 7 -3 -6 -7 8 12 10 -10 -9 13 -4
right_child=1 2 3 -5 5 6 -8 11 9 -11 -12 -13 -14 -15
leaf_value=-0.091672064998980091 0.030591734632991141 -0.0023962439671919356 -0.030980869958052538 -0.85623084204748923 1.9175522721047571 0.10496380910545043 -0.02823488328384656 -0.050055791711691104 -0.82446406857192756 -0.20087156178365717 0.2044703987516755 0.16625581195878569 -0.016678637443533262 0.40322888657259315
leaf_weight=83 89 1133 86 81 91 228 193 85 81 261 106 301 605 105
leaf_count=83 89 1133 86 81 91 228 193 85 81 261 106 301 605 105
internal_value=-7.07614e-05 7.97101e-05 -5.95061e-05 -0.000888695 0.00080303 0.00270793 0.000997653 -0.000550459 -0.00124099 -0.00364238 -0.000130208 0.0016624 0.000124844 0.00344388
internal_weight=3528 3445 3356 1711 1645 512 421 1630 1244 448 187 386 796 191
internal_count=3528 3445 3356 1711 1645 512 421 1630 1244 448 187 386 796 191
is_linear=0
shrinkage=0.05


Tree=173
num_leaves=15
num_cat=0
split_feature=12 12 7 1 10 11 12 11 7 5 4 12 6 4
split_gain=0.986641 1.18755 1.94845 1.34153 1.49679 1.47019 1.2943 1.28511 1.13926 0.953831 1.39068 0.973892 1.91577 0.838666
threshold=0.98593086309089384 0.89691351184655443 22.850000000000005 12.500000000000002 14.500000000000002 0.94978112945126536 0.011826144619637555 -0.19337636264337835 23.650000000000002 0.74404215664068829 661.16784927685251 0.04621408538533487 0.14883363099236732 826.13343345576482
decision_type=2 2 2 2 2 2 2 2 2 2 2 2 2 2
left_child=1 2 -1 -4 5 8 -7 -3 -5 11 -11 12 -6 -10
right_child=-2 7 3 4 9 6 -8 -9 13 10 -12 -13 -14 -15
leaf_value=-0.15942541365908555 -0.050696999910792864 0.089300477498066758 0.044004383349375335 0.19137857777218559 -0.72130124695426834 0.02472461764670868 0.2001549962928266 -0.014551959203339494 -0.022381451391098039 -0.0012538036741901238 -0.67489930775812756 -0.033370951578809031 0.076923649215645901 0.095809582508272234
leaf_weight=100 106 136 105 94 113 127 113 95 824 80 90 276 456 800
leaf_count=100 106 136 105 94 113 127 113 95 824 80 90 276 456 800
internal_value=0.000134943 0.000285589 3.14169e-05 0.000259488 5.87643e-05 0.000866021 0.0044898 0.00370763 0.00034823 -0.0014951 -0.00485714 -0.000794118 0.000391986 3.06937e-05
internal_weight=3515 3409 3178 3078 2973 1958 240 231 1718 1015 170 845 569 1624
internal_count=3515 3409 3178 3078 2973 1958 240 231 1718 1015 170 845 569 1624
is_linear=0
shrinkage=0.05


Tree=174
num_leaves=15
num_cat=0
split_feature=7 10 11 11 11 8 2 7 12 7 9 5 11 11
split_gain=1.22249 0.912071 1.07219 0.875385 1.25535 1.04256 1.80381 1.68833 1.52655 1.94968 1.24336 0.927032 0.884361 1.85099
threshold=22.750000000000004 13.500000000000002 0.98213580174693105 0.94978112945126536 0.90892735371523092 17.500000000000004 834.25000000000011 28.950000000000003 0.7710868207630478 31.050000000000004 75.500000000000014 1.0631587177607453 -0.58482361983252518 -0.43733984355855576
decision_type=2 2 2 2 2 2 2 2 2 2 2 2 2 2
left_child=-1 3 -3 4 5 8 7 12 9 -2 -9 -5 -7 -14
right_child=1 2 -4 11 -6 6 -8 10 -10 -11 -12 -13 13 -15
leaf_value=-0.035376858455962078 -0.028948734498044359 -0.002106406796321281 -0.3624519476405329 0.41711753833511128 -0.16263996481041687 0.18703456813279332 -0.35005383343935254 0.10645265853294178 0.093617199608729607 0.11807020236592791 1.6525812030282765 0.00063237805265146116 -0.75224968269124204 0.0085025526953131699
leaf_weight=144 126 1460 99 113 80 389 145 97 87 80 114 91 84 429
leaf_count=144 126 1460 99 113 80 389 145 97 87 80 114 91 84 429
internal_value=7.05617e-05 0.000264784 -0.000623402 0.00101902 0.000626528 0.000947943 0.000316706 0.00100626 0.00360738 0.00118483 0.00497685 0.00406699 5.51268e-05 -0.00130309
internal_weight=3538 3394 1559 1835 1631 1551 1258 1113 293 206 211 204 902 513
internal_count=3538 3394 1559 1835 1631 1551 1258 1113 293 206 211 204 902 513
is_linear=0
shrinkage=0.05


Tree=175
num_leaves=15
num_cat=0
split_feature=5 5 3 5 11 11 1 11 3 11 4 7 7 4
split_gain=0.908156 0.780622 0.847628 1.56034 1.55647 1.92937 1.03053 1.04057 1.01944 0.818907 0.883766 0.76515 0.991875 0.933098
threshold=0.15160573236095223 0.34111149825822196 -96.499999999999986 0.48751101997988583 0.98213580174693105 0.94425825643485939 932.50000000000011 0.46039464932087154 -156.49999999999997 -0.38242426011641079 431.29735975741153 23.650000000000002 22.750000000000004 828.48594280570489
decision_type=2 2 2 2 2 2 2 2 2 2 2 2 2 2
left_child=-1 9 3 -3 5 11 7 8 -5 10 -2 12 -4 -13
right_child=1 2 4 6 -6 -7 -8 -9 -10 -11 -12 13 -14 -15
leaf_value=-0.089183360576683773 0.016354203009940973 -0.88000043007661766 -0.0035021684626570962 -0.1790554667848909 -0.21133022935161991 0.17761757677019788 -0.3212241895633895 0.61368096382331183 0.59300522901246355 0.05577445449244927 -0.75796131149248402 -0.030300362534202919 0.25369662014063865 0.022354761568388427
leaf_weight=85 84 93 117 208 152 128 101 144 174 221 83 1362 83 480
leaf_count=85 84 93 117 208 152 128 101 144 174 221 83 1362 83 480
internal_value=-0.000319602 -0.000189229 -0.000459468 0.00103448 -0.000923936 -0.000574713 0.00193829 0.00282486 0.00142119 0.0019084 -0.000726744 -0.000952614 0.00195122 -0.00127233
internal_weight=3515 3430 3042 720 2322 2170 627 526 382 388 167 2042 200 1842
internal_count=3515 3430 3042 720 2322 2170 627 526 382 388 167 2042 200 1842
is_linear=0
shrinkage=0.05


Tree=176
num_leaves=15
num_cat=0
split_feature=1 5 0 2 5 12 0 12 6 6 5 3 12 11
split_gain=0.84108 0.733048 0.965373 1.18914 1.63062 1.20313 1.17198 2.25489 1.32615 2.24542 1.9227 2.24184 1.35539 2.31844
threshold=1000.5000000000001 0.15160573236095223 183.50000000000003 111.75000000000001 0.4780600409877504 0.14888728888808328 267.50000000000006 0.45847758937963173 0.81575077033479004 0.85148356553625348 0.83036190283884193 311.50000000000006 1.0000000180025095e-35 0.90892735371523092
decision_type=2 2 2 2 2 2 2 2 2 2 2 2 2 2
left_child=1 -1 3 4 5 -3 7 -4 10 -10 11 -8 13 -11
right_child=-2 2 6 -5 -6 -7 8 -9 9 12 -12 -13 -14 -15
leaf_value=-0.084724192547849603 0.37001396560867195 0.063481210707271932 -0.0081173324953823563 0.086576581520778018 -0.20115265381150779 -0.016803418596301078 0.22625609345744238 -0.22227189618934703 -0.69132008299316539 -0.020408134612625875 1.0061366806189882 -1.9011508493707625 0.01004813077408926 -0.37980300175421466
leaf_weight=87 98 230 256 241 90 104 568 104 80 444 82 97 962 125
leaf_count=87 98 230 256 241 90 104 568 104 80 444 82 97 962 125
internal_value=-8.39631e-05 -0.000215827 -9.59268e-05 0.00160448 0 0.00162242 -0.000514139 -0.00315068 -0.000105798 -0.000912748 0.00162899 0.000708955 -0.000472005 -0.00239547
internal_weight=3568 3470 3383 665 424 334 2718 360 2358 1611 747 665 1531 569
internal_count=3568 3470 3383 665 424 334 2718 360 2358 1611 747 665 1531 569
is_linear=0
shrinkage=0.05


Tree=177
num_leaves=15
num_cat=0
split_feature=5 11 11 12 10 11 0 0 11 12 0 0 12 6
split_gain=0.88951 0.752877 1.3862 1.32713 2.27777 1.1372 1.01828 1.30694 1.57662 1.457 1.24146 1.06402 1.21092 1.5912
threshold=0.15160573236095223 0.94978112945126536 0.92273069556937592 0.1318557721318592 11.500000000000002 0.8697513045430848 190.50000000000003 259.50000000000006 -0.72696319516528884 -0.8611288361322974 33.500000000000007 302.50000000000006 0.96348459056927072 1.0698588247117835
decision_type=2 2 2 2 2 2 2 2 2 2 2 2 2 2
left_child=-1 2 5 4 -3 6 10 8 -8 -10 -2 -9 13 -13
right_child=1 3 -4 -5 -6 -7 7 11 9 -11 -12 12 -14 -15
leaf_value=-0.10285559626988423 -0.014870492195522767 0.20550390274435701 -0.27004472131731916 0.21668556442062653 -0.23515066712725671 0.079221737987560922 0.10119901513942864 0.20288358989337923 -0.043860124138650751 -0.40375634170701319 0.051243716592300363 0.0026513727331803241 0.085435777255035816 -0.042991140053237592
leaf_weight=88 90 88 89 111 160 148 80 132 81 97 528 1251 106 433
leaf_count=88 90 88 89 111 160 148 80 132 81 97 528 1251 106 433
internal_value=-1.4339e-05 0.000117682 -0.000139803 0.00226648 0.000197628 5.08302e-05 -0.00017838 -0.000686499 -0.0039924 -0.00655738 0.00160514 -0.000233524 -0.000557103 -0.000888099
internal_weight=3482 3394 3035 359 248 2946 2798 2180 258 178 618 1922 1790 1684
internal_count=3482 3394 3035 359 248 2946 2798 2180 258 178 618 1922 1790 1684
is_linear=0
shrinkage=0.05


Tree=178
num_leaves=15
num_cat=0
split_feature=5 4 0 0 1 12 1 0 0 2 2 5 2 6
split_gain=0.658822 0.667491 0.935688 1.18394 0.927716 1.2446 1.27077 0.758299 0.776558 0.740827 1.28378 1.23535 1.77407 1.49283
threshold=0.15160573236095223 951.13474704150701 781.50000000000011 812.50000000000011 769.50000000000011 0.38043945030393422 850.50000000000011 688.50000000000011 620.50000000000011 239.25000000000003 154.75000000000003 0.45524074966398337 275.50000000000006 0.81575077033479004
decision_type=2 2 2 2 2 2 2 2 2 2 2 2 2 2
left_child=-1 2 4 -4 7 6 -6 8 9 10 -2 -11 -13 -14
right_child=1 -3 3 -5 5 -7 -8 -9 -10 11 -12 12 13 -15
leaf_value=-0.082782155165433913 -0.0056143675627071234 0.28686394173062696 -0.086957110827029283 -0.0078504837906848476 0.3729227970289003 0.50824047517472482 -0.48673707298931962 -0.16359424460285368 0.075610815485794097 -1.3059577759641172 0.092974268514319655 -0.36916966562884357 0.1921061841710241 -0.023981280838975751
leaf_weight=88 611 305 93 221 138 90 89 127 155 119 325 96 403 673
leaf_count=88 611 305 93 221 138 90 89 127 155 119 325 96 403 673
internal_value=-0.000148389 -3.62319e-05 -0.000254372 -0.00282132 3.53232e-05 0.00256211 0.000538793 -0.000288385 -8.37872e-05 -0.000324821 0.000743889 -0.00109954 -0.000594732 0
internal_weight=3533 3445 3140 314 2826 317 227 2509 2382 2227 936 1291 1172 1076
internal_count=3533 3445 3140 314 2826 317 227 2509 2382 2227 936 1291 1172 1076
is_linear=0
shrinkage=0.05


Tree=179
num_leaves=15
num_cat=0
split_feature=5 8 8 11 11 5 6 5 9 3 3 0 2 11
split_gain=0.769966 0.81494 1.78579 1.45226 1.50773 1.35714 1.68878 1.35741 1.17719 1.12203 1.55756 1.35718 1.25129 2.46745
threshold=0.15160573236095223 94.500000000000014 84.500000000000014 -0.57078386445773377 -0.39036798905311365 0.44313321903388386 0.34178374516207394 0.56526362567754829 99.500000000000014 194.50000000000003 -9.4999999999999982 695.50000000000011 376.25000000000006 -0.19337636264337835
decision_type=2 2 2 2 2 2 2 2 2 2 2 2 2 2
left_child=-1 2 9 5 -5 6 -3 -7 -4 10 -2 12 13 -12
right_child=1 3 8 4 -6 7 -8 -9 -10 -11 11 -13 -14 -15
leaf_value=-0.086079999465633258 0.016292193895276343 0.16200461997259802 -0.016578018540980646 -0.48261455492638561 0.04079473738745909 3.2689086613222957 -0.45660480487412447 0.39392419072767954 -0.76174279039889936 0.3446201199114185 0.028013952840918368 -0.11096734561587028 0.048839664447001496 -0.084040091735830436
leaf_weight=89 1322 93 82 140 554 81 80 197 134 134 113 171 169 173
leaf_count=89 1322 93 82 140 554 81 80 197 134 134 113 171 169 173
internal_value=-5.65451e-05 6.52552e-05 -0.000477638 0.00115217 -0.000286123 0.0033443 -0.000140449 0.00547703 -0.00475113 -2.39578e-05 -0.000332821 -0.00237718 -0.000923913 -0.00292096
internal_weight=3532 3443 2298 1145 694 451 173 278 216 2082 1948 626 455 286
internal_count=3532 3443 2298 1145 694 451 173 278 216 2082 1948 626 455 286
is_linear=0
shrinkage=0.05


Tree=180
num_leaves=15
num_cat=0
split_feature=4 9 12 1 2 0 1 0 1 2 2 0 4 7
split_gain=0.699806 1.151 1.86129 1.67689 0.94229 0.932951 1.5909 1.54008 1.37605 1.52068 1.3745 1.08446 1.06811 0.905805
threshold=861.94786094539438 17.500000000000004 -0.031174269516803289 909.50000000000011 794.50000000000011 518.50000000000011 585.50000000000011 432.50000000000006 633.50000000000011 675.25000000000011 746.25000000000011 688.50000000000011 670.74731855416178 32.750000000000007
decision_type=2 2 2 2 2 2 2 2 2 2 2 2 2 2
left_child=4 2 -2 -3 5 7 -7 13 -8 -10 11 -11 -9 -1
right_child=1 3 -4 -5 -6 6 8 12 9 10 -12 -13 -14 -15
leaf_value=-0.0080960518877951412 -0.44892610282237799 0.16913449540512604 0.072470820705902383 0.68352375838209134 -0.033948930207162678 0.16817411897938542 -0.18194995154094046 -0.21907546742958744 0.23968723107724943 -0.0010988423922981382 0.18600532532597924 -0.20576515082740912 -0.60176085632629395 0.072420540159762944
leaf_weight=1467 131 402 128 100 178 169 85 160 129 103 138 81 93 169
leaf_count=1467 131 402 128 100 178 169 85 160 129 103 138 81 93 169
internal_value=-0.000261447 0.00107702 -0.00160985 0.00246548 -0.000630176 -0.000384763 0.00116197 -0.000963569 -0.000184843 0.000932018 -0.000917431 -0.0037037 -0.00455426 -0.0003961
internal_weight=3533 761 259 502 2772 2594 705 1889 536 451 322 184 253 1636
internal_count=3533 761 259 502 2772 2594 705 1889 536 451 322 184 253 1636
is_linear=0
shrinkage=0.05


Tree=181
num_leaves=15
num_cat=0
split_feature=4 3 9 9 8 1 8 8 12 0 11 12 5 8
split_gain=0.959719 1.13412 1.76047 1.39636 1.76462 1.03742 1.01026 1.61364 1.00145 1.45915 1.39558 1.18272 0.984615 0.953143
threshold=849.52888445713825 -36.499999999999993 1.0000000180025095e-35 36.500000000000007 33.500000000000007 286.50000000000006 17.500000000000004 46.500000000000007 -0.13398942717002907 768.50000000000011 0.89017062131308955 -0.3744658827978154 0.4780600409877504 83.500000000000014
decision_type=2 2 2 2 2 2 2 2 2 2 2 2 2 2
left_child=1 2 -1 4 -3 -4 -5 -8 11 -10 -11 13 -7 -2
right_child=8 3 5 6 -6 12 7 -9 9 10 -12 -13 -14 -15
leaf_value=0.24977514280803065 0.38762084280664344 -0.0076912492934056338 0.11496740230860319 0.06114288852720904 -0.083739723824037743 -1.1265241360254628 -0.086957913841303205 -0.0019331217062154239 1.7071546475491062 -0.14882517653924196 0.27675712435386118 -1.2854842388665191 -0.0012675655317707425 -0.055415849253965636
leaf_weight=145 149 401 125 162 156 98 135 929 107 81 98 93 591 264
leaf_count=145 149 401 125 162 156 98 135 929 107 81 98 93 591 264
internal_value=-8.47697e-05 -0.000527849 0.000855809 -0.00127237 -0.0033363 -6.10501e-05 -0.000324939 -0.000888681 0.00144291 0.00378007 0.000951087 9.78474e-05 -0.00082853 0.00125598
internal_weight=3534 2742 959 1783 557 814 1226 1064 792 286 179 506 689 413
internal_count=3534 2742 959 1783 557 814 1226 1064 792 286 179 506 689 413
is_linear=0
shrinkage=0.05


Tree=182
num_leaves=15
num_cat=0
split_feature=4 0 2 0 4 4 11 11 11 4 11 5 12 7
split_gain=0.82048 0.684512 0.755391 1.07626 0.809574 1.5764 1.18992 1.99279 1.28355 1.66898 2.06835 1.80251 2.21519 1.34647
threshold=979.94154310313274 918.50000000000011 892.50000000000011 778.50000000000011 696.3299064313245 605.30785219901134 -0.95754239937548935 -0.77245553105869302 -0.55657520495441892 169.89167813732209 0.69056404122701587 0.45139924598838294 -0.89404254237865755 27.050000000000004
decision_type=2 2 2 2 2 2 2 2 2 2 2 2 2 2
left_child=1 2 3 4 5 6 -1 -8 -9 10 -10 12 -11 -13
right_child=-2 -3 -4 -5 -6 -7 7 8 9 11 -12 13 -14 -15
leaf_value=-0.040592164164924775 0.49137252729124442 -0.14354829138121092 0.2590238603420289 -0.034367784517900193 0.13100557180060265 -0.12891188488214028 0.11598652582240661 -0.036769388664626493 0.0071198470669561866 0.047772685181393021 -0.098196957003118257 0.060355204452839928 0.23084944867234614 -0.04026412676491873
leaf_weight=156 96 86 82 249 988 468 182 137 194 102 98 232 87 341
leaf_count=156 96 86 82 249 988 468 182 137 194 102 98 232 87 341
internal_value=1.42735e-05 -0.000117405 0 -0.000123495 0.00014214 -0.000437063 0.000342243 0.000816401 6.2709e-05 0.000661001 -0.00252525 0.00189048 0.0060567 0.000475779
internal_weight=3498 3402 3316 3234 2985 1997 1529 1373 1191 1054 292 762 189 573
internal_count=3498 3402 3316 3234 2985 1997 1529 1373 1191 1054 292 762 189 573
is_linear=0
shrinkage=0.05


Tree=183
num_leaves=15
num_cat=0
split_feature=3 4 7 3 3 2 8 12 11 12 3 7 10 5
split_gain=1.17613 1.41234 1.79223 0.986511 1.23884 2.12617 0.997241 1.03167 1.01315 1.23929 1.17405 1.10195 1.10153 1.25404
threshold=-47.499999999999993 270.3506616214292 24.950000000000003 20.500000000000004 -5.4999999999999991 698.75000000000011 46.500000000000007 -0.99052477729077237 -0.23537230790205757 -0.34234976856068178 176.50000000000003 24.450000000000003 13.500000000000002 0.5393914364871446
decision_type=2 2 2 2 2 2 2 2 2 2 2 2 2 2
left_child=1 -1 -3 4 -2 -6 -5 -8 9 10 11 -9 -10 -14
right_child=3 2 -4 6 5 -7 7 8 12 -11 -12 -13 13 -15
leaf_value=0.24859127877993217 -0.0044985343096364261 -0.75998275714030905 0.10198055282418467 -0.062207173702188361 -0.010758004521103049 -0.2151812812447986 -0.96119156800859862 -0.4462559211315652 0.86850729144057937 0.27554077103902513 -2.0829041740063552 0.85245330475266323 0.20085481428633969 -0.15809901727063222
leaf_weight=109 887 80 1035 138 358 90 95 82 129 149 106 95 85 83
leaf_count=109 887 80 1035 138 358 90 95 82 129 149 106 95 85 83
internal_value=-0.000191435 0.00105777 0.000513393 -0.00085795 -0.00173507 -0.00386313 0.000361944 0.00102533 0.00166894 0.000114416 -0.00182292 0.000686813 0.00389073 0.00115607
internal_weight=3521 1224 1115 2297 1335 448 962 824 729 432 283 177 297 168
internal_count=3521 1224 1115 2297 1335 448 962 824 729 432 283 177 297 168
is_linear=0
shrinkage=0.05


Tree=184
num_leaves=15
num_cat=0
split_feature=1 10 5 11 11 12 3 5 11 7 3 11 12 3
split_gain=1.06019 0.700453 1.5451 0.862886 0.84709 1.07542 0.828773 1.02541 0.787072 1.19185 0.769133 1.97765 1.5496 1.32644
threshold=7.5000000000000009 14.500000000000002 0.77879941318029255 -0.62588817255938378 -0.82415615971448097 0.011826144619637555 57.500000000000007 0.51296182768521004 0.19020386523577326 32.750000000000007 35.500000000000007 -0.76141707087277943 -0.8142754349318998 -5.4999999999999991
decision_type=2 2 2 2 2 2 2 2 2 2 2 2 2 2
left_child=-1 10 3 4 5 -3 8 -8 -5 -10 13 -12 -13 -2
right_child=1 2 -4 6 -6 -7 7 -9 9 -11 11 12 -14 -15
leaf_value=-0.012542308204280418 0.030611895454590157 0.16841551928807486 -0.15693701886873443 0.1175240075223222 -0.22036099249929625 -0.12190188043610846 0.20168076802949386 -0.47003964457506414 -0.025974819018862672 0.095962203945468977 -2.1532467572043799 0.16620650113099489 0.61372692403763274 -0.029383532970707196
leaf_weight=83 1462 117 150 181 92 102 82 83 170 186 100 245 168 288
leaf_count=83 1462 117 150 181 92 102 82 83 170 186 100 245 168 288
internal_value=2.13432e-05 0.000160303 -0.00083476 -0.00012279 -0.0022943 -0.000558036 0.000848656 -0.00220588 0.00179889 0.000415512 0.000672399 0.00236486 0.00388756 0.00017094
internal_weight=3509 3426 1163 1013 311 219 702 165 537 356 2263 513 413 1750
internal_count=3509 3426 1163 1013 311 219 702 165 537 356 2263 513 413 1750
is_linear=0
shrinkage=0.05


Tree=185
num_leaves=15
num_cat=0
split_feature=2 9 8 9 7 11 6 3 0 8 11 7 4 11
split_gain=0.760914 0.923484 1.96368 1.29124 1.46251 1.51788 1.21451 1.18726 1.56248 1.1319 1.10225 1.08759 1.29016 1.17588
threshold=22.750000000000004 16.500000000000004 10.500000000000002 11.500000000000002 35.550000000000004 0.92273069556937592 1.0813897686516787 -9.4999999999999982 295.50000000000006 95.500000000000014 0.8697513045430848 30.350000000000005 828.48594280570489 0.08804500090241206
decision_type=2 2 2 2 2 2 2 2 2 2 2 2 2 2
left_child=-1 3 -3 4 7 -6 10 8 -2 -8 11 13 -13 -4
right_child=1 2 6 -5 5 -7 9 -9 -10 -11 -12 12 -14 -15
leaf_value=-0.0094218315524797099 0.11068915675878231 0.11138296790680897 0.01635693790829933 -0.28565015740531979 -0.00079146608653672961 -0.59235889553395826 -0.11174335728210778 -0.015975720712011567 0.0051608447102637458 0.028669160015900277 0.1719887452268779 -0.28417514601191024 0.10772615755559514 0.17614383424396865
leaf_weight=113 129 161 1164 87 113 100 206 169 516 97 176 133 131 202
leaf_count=113 129 161 1164 87 113 100 206 169 516 97 176 133 131 202
internal_value=-7.85266e-05 5.90145e-05 0.000637363 -0.00111707 -0.00060562 -0.00424312 0.000224693 0.0003663 0.00134615 -0.00267857 0.000717835 0.00030581 -0.00260223 0.000875274
internal_weight=3497 3384 2270 1114 1027 213 2109 814 645 303 1806 1630 264 1366
internal_count=3497 3384 2270 1114 1027 213 2109 814 645 303 1806 1630 264 1366
is_linear=0
shrinkage=0.05


Tree=186
num_leaves=15
num_cat=0
split_feature=2 12 11 12 11 8 1 8 12 12 12 3 8 12
split_gain=1.27087 0.71003 2.33513 1.84115 1.19988 0.583136 1.55382 1.47646 1.15232 2.26028 2.05152 1.21953 1.0646 1.0542
threshold=22.750000000000004 0.89691351184655443 -0.159513159777915 0.86439018870140905 -0.0053757284505435614 51.500000000000007 987.00000000000011 65.500000000000014 0.53312596302726967 0.39629089145655322 0.18281312110578132 -28.499999999999996 72.500000000000014 -0.20180761162458913
decision_type=2 2 2 2 2 2 2 2 2 2 2 2 2 2
left_child=-1 3 -3 5 -4 6 8 -7 9 10 13 -10 -9 -2
right_child=1 2 4 -5 -6 7 -8 12 11 -11 -12 -13 -14 -15
leaf_value=-0.014247833993535375 -0.034623608245271956 0.18430240671627018 -0.28993197318292518 -0.19994855962605698 0.039056232581366146 0.18009460987263709 0.3790754329131602 -0.22234819018169105 0.16170774471268176 -0.17474976667401165 0.072069324574120228 -0.0043516699251199501 -0.00050214926127978288 -0.24993200033087534
leaf_weight=110 258 156 82 83 85 314 84 149 81 81 94 307 1493 145
leaf_count=110 258 156 82 83 85 314 84 149 81 81 94 307 1493 145
internal_value=-0.000481996 -0.000307287 0.00190549 -0.00054137 -0.00218023 -0.000332116 -0.00127962 0.00017848 -0.00185376 -0.00325901 -0.00194223 0.000254453 -0.000425015 -0.00349265
internal_weight=3522 3412 323 3089 167 3006 1050 1956 966 578 497 388 1642 403
internal_count=3522 3412 323 3089 167 3006 1050 1956 966 578 497 388 1642 403
is_linear=0
shrinkage=0.05


Tree=187
num_leaves=15
num_cat=0
split_feature=5 3 4 12 12 6 7 10 7 4 7 8 12 12
split_gain=0.920203 0.968568 1.40975 1.446 1.26297 1.96906 1.20247 1.16633 1.42944 0.866454 1.17682 0.763626 2.7584 1.92743
threshold=0.14483359218101907 -66.499999999999986 447.93390285334215 0.59003219687534991 0.28313308994381592 1.0332358426746848 28.850000000000005 13.500000000000002 29.350000000000005 951.13474704150701 37.150000000000013 95.500000000000014 -0.8142754349318998 -0.61236746317008228
decision_type=2 2 2 2 2 2 2 2 2 2 2 2 2 2
left_child=-1 2 -2 4 5 7 -7 -4 -9 10 11 -3 -13 -14
right_child=1 9 3 -5 -6 6 -8 8 -10 -11 -12 12 13 -15
leaf_value=-0.10846473094286646 0.29932892557835372 -0.01103910403517574 1.1960559410718361 0.35925650634524403 -0.60028064853904661 -1.5643238432616557 0.046148898551075491 0.72310025611649964 -0.37808285769636429 0.3986556822730194 -0.14317989857433844 -0.1362147002450195 0.76253954970271143 0.032995317951053947
leaf_weight=80 158 1468 215 150 117 94 97 88 115 176 106 361 85 256
leaf_count=80 158 1468 215 150 117 94 97 88 115 176 106 361 85 256
internal_value=-0.000154018 -2.86451e-05 0.0012512 0.00045403 -0.000478796 0.000447883 -0.00369898 0.00236407 -0.000360577 -0.000569801 -0.000832968 -0.000574713 0.000777935 0.00397399
internal_weight=3566 3486 1034 876 726 609 191 418 203 2452 2276 2170 702 341
internal_count=3566 3486 1034 876 726 609 191 418 203 2452 2276 2170 702 341
is_linear=0
shrinkage=0.05


Tree=188
num_leaves=15
num_cat=0
split_feature=5 5 3 11 12 12 12 5 7 11 1 5 3 12
split_gain=0.712791 0.843161 0.590263 1.02487 1.37213 0.997751 1.48804 0.977968 2.32648 1.39268 0.970729 1.51185 1.41736 0.768863
threshold=0.15160573236095223 0.22435201981972189 -28.499999999999996 0.92922379131507438 -0.031174269516803289 -0.6391983530350368 -0.46039597980994923 0.68867451138562064 36.350000000000001 -0.108376950152639 863.50000000000011 0.50901667965465047 -113.49999999999999 0.86439018870140905
decision_type=2 2 2 2 2 2 2 2 2 2 2 2 2 2
left_child=-1 -2 5 -4 -5 10 -7 9 13 -8 11 -3 -13 -9
right_child=1 2 3 4 -6 6 7 8 -10 -11 -12 12 -14 -15
leaf_value=-0.10870081492913806 0.04417937256774445 -0.30929213669835182 -0.004316057236801907 -0.87676446102632899 -0.022843375404162994 0.39530241521772497 -0.4935272391356364 0.1891044559709627 -0.37450929060941579 0.074233705714630102 -0.8223627186760496 1.2034580115922779 -0.13964028845503976 -0.06850665710850877
leaf_weight=87 115 112 1658 91 112 94 162 512 81 117 96 81 100 109
leaf_count=87 115 112 1658 91 112 94 162 512 81 117 96 81 100 109
internal_value=-0.000276048 -0.000159652 -0.000307808 -0.000897642 -0.00420673 0.000442478 0.00122685 0.000633874 0.00162659 -0.00184859 -0.0017132 -0.000251678 0.00255376 0.00267572
internal_weight=3527 3440 3325 1861 203 1464 1075 981 702 279 389 293 181 621
internal_count=3527 3440 3325 1861 203 1464 1075 981 702 279 389 293 181 621
is_linear=0
shrinkage=0.05


Tree=189
num_leaves=15
num_cat=0
split_feature=4 4 11 3 11 12 7 5 7 12 2 11 10 3
split_gain=0.748057 1.27935 2.25162 1.23479 1.55178 2.31752 1.33682 1.28603 1.18363 1.11066 2.20348 1.94738 1.51491 1.34145
threshold=813.39666489539343 319.45280968105629 0.69676570133721638 166.50000000000003 0.63257020223555627 -0.38243420677835349 33.850000000000001 1.0326626607043157 28.750000000000004 -0.031174269516803289 632.25000000000011 0.25725141817891134 13.500000000000002 172.50000000000003
decision_type=2 2 2 2 2 2 2 2 2 2 2 2 2 2
left_child=1 2 -1 4 -3 -6 7 -7 -4 10 11 13 -12 -2
right_child=9 3 8 -5 5 6 -8 -9 -10 -11 12 -13 -14 -15
leaf_value=0.027201873117046207 0.5457933924657169 -0.089620505328306885 -0.23281771904662207 0.15126127386007795 0.1078295652869727 0.14932505711215358 -0.30053874959366456 -0.055062038613911568 -0.0027415414042714307 0.094042106747156143 -0.044069695815170465 2.9579397999149535 -0.86149841699250373 -0.81479901274311217
leaf_weight=659 212 982 80 155 86 110 81 102 114 367 267 81 95 128
leaf_count=659 212 982 80 155 86 110 81 102 114 367 267 81 95 128
internal_value=-0.00013479 -0.000642376 0.000903263 -0.00151216 -0.00199488 0.000716146 -0.00142617 0.000691244 -0.00376884 0.000909091 -0.000158629 0.00228873 -0.00299728 0.00057971
internal_weight=3519 2369 853 1516 1361 379 293 212 194 1150 783 421 362 340
internal_count=3519 2369 853 1516 1361 379 293 212 194 1150 783 421 362 340
is_linear=0
shrinkage=0.05


Tree=190
num_leaves=15
num_cat=0
split_feature=8 6 0 12 12 9 8 8 11 11 5 10 6 8
split_gain=1.01889 2.32582 0.872804 1.44392 0.975497 0.859027 1.38704 1.84467 1.7283 1.58102 1.28604 1.85896 0.936978 0.906724
threshold=7.5000000000000009 1.0148940906667274 698.50000000000011 0.71952396275653763 0.14888728888808328 9.5000000000000018 45.500000000000007 32.500000000000007 0.29033824002281988 -0.98214942551678475 0.45139924598838294 12.500000000000002 0.68621036111737699 79.500000000000014
decision_type=2 2 2 2 2 2 2 2 2 2 2 2 2 2
left_child=1 -1 5 4 -4 -2 7 -7 9 -8 -10 -12 -13 -11
right_child=2 -3 3 -5 -6 6 8 -9 10 13 11 12 -14 -15
leaf_value=-0.025908536362565474 0.04369003373932117 0.039367052005606244 -0.15880127237412012 -0.10918626958294625 0.078818159961224418 0.0055420050468768522 0.3217119921891694 -0.18309896086800848 0.14249038394545963 -0.19689279448086838 0.29934822913960668 -0.19455847373549418 0.099244304292224694 -0.031623011944090562
leaf_weight=128 416 318 317 106 149 97 157 82 124 187 128 87 111 1065
leaf_count=128 416 318 317 106 149 97 157 82 124 187 128 87 111 1065
internal_value=0 0.00221729 -0.000329924 -0.00207972 -0.000849257 8.13339e-05 -0.000342633 -0.0044837 6.70601e-05 -0.000795615 0.00274725 0.0010574 -0.00197044 -0.0013922
internal_weight=3472 446 3026 572 466 2454 2038 179 1859 1409 450 326 198 1252
internal_count=3472 446 3026 572 466 2454 2038 179 1859 1409 450 326 198 1252
is_linear=0
shrinkage=0.05


Tree=191
num_leaves=15
num_cat=0
split_feature=12 11 11 7 5 12 9 3 11 11 11 12 8 12
split_gain=0.76569 2.31292 1.36452 1.02053 1.49678 1.14529 1.12287 1.48488 0.860348 2.6816 2.29602 1.26601 1.93284 0.804538
threshold=0.89691351184655443 -0.19337636264337835 -0.0053757284505435614 24.350000000000005 0.34476810934614927 0.84199059757024453 79.500000000000014 49.500000000000007 0.92922379131507438 0.8697513045430848 0.95242846126021108 0.1318557721318592 51.500000000000007 0.59003219687534991
decision_type=2 2 2 2 2 2 2 2 2 2 2 2 2 2
left_child=3 -2 -3 6 -5 8 -1 -8 9 13 -10 12 -12 -6
right_child=1 2 -4 4 5 -7 7 -9 10 -11 11 -13 -14 -15
leaf_value=0.034955411139680592 0.10502829113575701 -0.12808071257834258 0.038667508725227152 0.04017565676431583 -0.026208036507961198 -0.090169696268270635 -0.13239151454281739 0.12230570157352788 -0.69289007709613348 0.17173989861718156 -0.23205160907935324 0.18855244893482137 0.14081547793905111 0.028310857004484546
leaf_weight=84 128 103 95 350 1479 87 173 84 80 152 140 92 107 330
leaf_count=84 128 103 95 350 1479 87 173 84 80 152 140 92 107 330
internal_value=0.000128977 0.00241692 -0.000985222 -0.000110654 0.000203756 -0.000232605 -0.00267341 -0.00429389 -2.09644e-05 0.000419634 -0.00206368 -0.000218023 -0.00208333 -0.000124035
internal_weight=3484 326 198 3158 2817 2467 341 257 2380 1961 419 339 247 1809
internal_count=3484 326 198 3158 2817 2467 341 257 2380 1961 419 339 247 1809
is_linear=0
shrinkage=0.05


Tree=192
num_leaves=15
num_cat=0
split_feature=12 12 2 7 4 5 3 12 11 12 10 9 12 4
split_gain=0.824742 0.682367 1.92424 0.851 0.806073 1.03844 1.45827 1.29246 1.38697 2.02653 1.31202 1.42796 1.38324 1.02305
threshold=0.9886564832480399 0.89691351184655443 525.75000000000011 22.850000000000005 813.39666489539343 0.65185164309339483 172.50000000000003 -0.031174269516803289 0.88220160189607266 0.59003219687534991 12.500000000000002 55.500000000000007 -0.6391983530350368 605.30785219901134
decision_type=2 2 2 2 2 2 2 2 2 2 2 2 2 2
left_child=1 3 -3 -1 13 6 -6 10 9 -9 11 -7 -12 -5
right_child=-2 2 -4 4 5 7 -8 8 -10 -11 12 -13 -14 -15
leaf_value=-0.10610313982937569 -0.05707436094378409 0.10423963892948472 -0.041258009692370479 0.0008854244132885825 1.8497222228883929 -0.40195479621147001 -0.67075800620348791 -0.38185887042835703 0.25792874491425266 0.069015679719018411 -1.8046444443118788 0.90290283402462712 -0.046522646439089502 -0.067109931969224587
leaf_weight=102 97 120 120 1284 288 96 97 115 124 102 89 105 122 673
leaf_count=102 97 120 120 1284 288 96 97 115 124 102 89 105 122 673
internal_value=-0.000226053 -9.44218e-05 0.00244898 -0.000288882 -0.000137097 0.000918635 0.00301282 -0.000164908 0.00209538 -0.000337838 -0.00203837 0.000849515 -0.00474537 -0.000751784
internal_weight=3534 3437 240 3197 3095 1138 385 753 341 217 412 201 211 1957
internal_count=3534 3437 240 3197 3095 1138 385 753 341 217 412 201 211 1957
is_linear=0
shrinkage=0.05


Tree=193
num_leaves=15
num_cat=0
split_feature=0 2 11 1 4 2 1 4 3 11 8 0 9 8
split_gain=0.77047 0.664612 0.779665 1.05366 1.34518 0.699999 1.00545 0.813356 1.2239 0.960749 1.04969 1.8557 1.00474 1.69678
threshold=937.50000000000011 922.25000000000011 0.94425825643485939 783.50000000000011 632.97374745296804 834.25000000000011 899.50000000000011 930.41410571168501 -243.99999999999997 0.89404822654372251 9.5000000000000018 521.50000000000011 11.500000000000002 74.500000000000014
decision_type=2 2 2 2 2 2 2 2 2 2 2 2 2 2
left_child=1 2 5 4 -4 7 -7 8 -1 10 11 -10 -12 -14
right_child=-2 -3 3 -5 -6 6 -8 -9 9 -11 12 -13 13 -15
leaf_value=-1.2996321689646977 0.2926366355300502 -0.19828250653784779 0.078728245107416231 0.35973667799163711 -0.34888639537555266 -0.19954120035500011 0.045050643342534613 0.43799977472721141 -0.0027490414250827657 -0.090568319372636097 0.045986020099367586 0.072379224877602164 -0.060743425523836519 0.0060297818907020691
leaf_weight=119 85 96 143 88 83 80 88 301 154 95 414 155 497 1144
leaf_count=119 85 96 143 88 83 80 88 301 154 95 414 155 497 1144
internal_value=0.000155061 3.61063e-05 0.000155971 0.00250784 0.000649351 -9.01048e-05 -0.00317919 9.53537e-05 -0.000193573 5.07305e-05 0.000253271 0.00294586 -0.000157767 -0.000713852
internal_weight=3542 3457 3361 314 226 3047 168 2879 2578 2459 2364 309 2055 1641
internal_count=3542 3457 3361 314 226 3047 168 2879 2578 2459 2364 309 2055 1641
is_linear=0
shrinkage=0.05


Tree=194
num_leaves=15
num_cat=0
split_feature=4 3 4 11 8 11 11 12 3 9 3 3 4 5
split_gain=0.888817 2.76512 1.21772 2.55401 0.816994 0.709606 2.76563 2.22987 1.9203 0.75164 0.749437 1.73178 1.12828 0.861128
threshold=104.00414500727807 -4.4999999999999991 182.17786409726793 0.79904096188274243 82.500000000000014 0.8697513045430848 0.92922379131507438 0.14888728888808328 -100.49999999999999 17.500000000000004 293.50000000000006 134.50000000000003 734.76219894896678 0.17816566477433513
decision_type=2 2 2 2 2 2 2 2 2 2 2 2 2 2
left_child=1 -1 3 -2 -3 10 -7 8 -8 -10 11 13 -13 -4
right_child=2 4 5 -5 -6 6 7 -9 9 -11 -12 12 -14 -15
leaf_value=0.058077070577646599 0.096523000583467855 -0.076537143110603667 -0.60061267621198489 -0.010660643621078769 -0.01409995368801531 0.16903093334536268 0.1864791228188068 0.17348122700064722 -0.30562224376841418 -0.20804141914063479 -1.0021559070697408 0.00085074434840635158 0.89881142775062417 -0.0040786126026745254
leaf_weight=94 80 80 85 80 84 136 86 107 89 100 109 125 146 2116
leaf_count=94 80 80 85 80 84 136 86 107 89 100 109 125 146 2116
internal_value=0.000134867 -0.0026616 0.000359988 0.00454545 -0.00650888 0.00013692 0.00181644 -0.000387597 -0.00276786 -0.00554124 -0.000203016 -2.01857e-05 0.00371377 -0.000487307
internal_weight=3517 258 3259 160 164 3099 518 382 275 189 2581 2472 271 2201
internal_count=3517 258 3259 160 164 3099 518 382 275 189 2581 2472 271 2201
is_linear=0
shrinkage=0.05


Tree=195
num_leaves=15
num_cat=0
split_feature=0 12 12 12 8 0 8 11 9 11 9 11 11 5
split_gain=0.899601 1.00044 2.34581 1.79796 1.37129 1.08408 1.03183 0.964006 1.70148 1.40669 1.17344 0.784948 1.33383 1.9523
threshold=937.50000000000011 0.59003219687534991 0.67007489853957602 0.45847758937963173 3.5000000000000004 540.50000000000011 3.5000000000000004 -0.32614396506100213 9.5000000000000018 -0.55657520495441892 86.500000000000014 -0.23537230790205757 -0.57078386445773377 0.38941361770299376
decision_type=2 2 2 2 2 2 2 2 2 2 2 2 2 2
left_child=1 3 -3 6 -4 -5 -1 9 -9 -6 -10 12 -8 -14
right_child=-2 2 4 5 7 -7 11 8 10 -11 -12 -13 13 -15
leaf_value=-0.054403289184742937 0.27094074114784805 0.2640272177637854 0.031042259683601969 -0.01504123602655323 -0.011730084988401758 -0.54873712887888082 -0.0024810829184445994 0.026318996808640804 -0.36616505697323876 0.22237237158231837 -0.05513934449039775 0.024925937663646414 -0.019377142621392719 -1.1424726426795815
leaf_weight=138 83 110 164 88 91 84 813 143 97 120 146 1220 143 85
leaf_count=138 83 110 164 88 91 84 813 143 97 120 146 1220 143 85
internal_value=-0.00016289 -0.000290107 0.00117009 -0.000786102 0.000163185 -0.00564972 -0.000426373 -0.00095515 -0.00242967 0.00173611 -0.00493952 -0.00016549 -0.00117113 -0.00450644
internal_weight=3525 3442 871 2571 761 172 2399 597 386 211 243 2261 1041 228
internal_count=3525 3442 871 2571 761 172 2399 597 386 211 243 2261 1041 228
is_linear=0
shrinkage=0.05


Tree=196
num_leaves=15
num_cat=0
split_feature=11 4 3 3 3 3 0 11 1 1 11 3 4 11
split_gain=0.690335 0.511647 0.714751 0.392004 1.04492 0.583447 1.13512 0.633728 1.24239 2.53698 1.85503 1.42453 0.986925 1.59442
threshold=-0.99763297024448894 970.1358476200304 -39.499999999999993 -235.49999999999997 -317.49999999999994 -168.49999999999997 528.50000000000011 0.534952257794027 724.50000000000011 591.50000000000011 -0.8041866928211282 -21.499999999999996 165.01673376598856 0.63257020223555627
decision_type=2 2 2 2 2 2 2 2 2 2 2 2 2 2
left_child=-1 3 -3 4 -2 6 -5 8 9 -7 -10 -11 -9 -14
right_child=1 2 -4 5 -6 7 -8 12 10 11 -12 -13 13 -15
leaf_value=0.46029504430618717 0.14155502529231398 -0.013020796178653883 0.53306415968457943 1.3382147327715543 -0.95733293555970533 0.0074429020914838166 -0.13009146884299413 -0.052763771565670227 -0.11567544145144666 -0.20571534034681349 0.18771508636967837 -0.21409145839422195 -0.097373842887051865 0.0057573412383352014
leaf_weight=80 83 97 83 80 108 1444 80 120 89 96 198 94 116 768
leaf_count=80 83 97 83 80 108 1444 80 120 89 96 198 94 116 768
internal_value=0.000254165 0.000144467 0.0027027 0 -0.00216837 0.00013754 0.0030303 -2.55973e-05 0.000506231 -3.05064e-05 0.00351027 -0.00538462 -0.00104063 -0.000449944
internal_weight=3536 3456 180 3276 191 3085 160 2925 1921 1634 287 190 1004 884
internal_count=3536 3456 180 3276 191 3085 160 2925 1921 1634 287 190 1004 884
is_linear=0
shrinkage=0.05


Tree=197
num_leaves=15
num_cat=0
split_feature=12 12 0 7 1 3 4 2 12 3 3 0 12 12
split_gain=0.714065 1.33228 2.05379 1.30334 1.48725 0.681607 1.23643 2.29543 1.35475 1.04251 1.31593 1.44727 1.33886 1.05244
threshold=0.9886564832480399 0.90438663683299525 436.50000000000006 22.850000000000005 12.500000000000002 -68.499999999999986 443.42004991768925 376.25000000000006 0.53312596302726967 20.500000000000004 -9.4999999999999982 605.50000000000011 0.69521084835931835 0.51849435583340198
decision_type=2 2 2 2 2 2 2 2 2 2 2 2 2 2
left_child=1 3 -3 -1 -5 6 -6 -8 -9 10 12 -12 13 -7
right_child=-2 2 -4 4 5 9 7 8 -10 -11 11 -13 -14 -15
leaf_value=-0.08564057680432953 -0.068674241858816432 0.11951846775356785 -0.0050079410540888603 0.033507739055493868 0.27511573658157434 -0.0030868810829375094 -1.894379413687787 0.061883409837022896 0.72509720957738044 0.1275847495471627 -0.012193455027130718 -0.13372101114863427 -0.082999656313927528 0.12378474326212086
leaf_weight=100 93 99 121 105 129 618 85 632 84 838 258 135 116 105
leaf_count=100 93 99 121 105 129 618 85 632 84 838 258 135 116 105
internal_value=0.000383196 0.000502915 0.00422222 0.000241433 0.000426045 0.000216306 0.0013369 0.00058933 0.00152566 -0.000289157 -0.00121261 -0.0035804 -8.88626e-05 0.000721154
internal_weight=3518 3425 220 3205 3105 3000 930 801 716 2070 1232 393 839 723
internal_count=3518 3425 220 3205 3105 3000 930 801 716 2070 1232 393 839 723
is_linear=0
shrinkage=0.05


Tree=198
num_leaves=15
num_cat=0
split_feature=12 12 7 1 0 5 8 6 3 1 3 11 12 7
split_gain=0.956281 1.68503 1.29827 1.16709 2.78037 1.61036 1.34668 1.63662 1.19412 0.957378 0.895295 0.857517 1.35597 2.35967
threshold=0.59003219687534991 0.67007489853957602 23.850000000000005 437.50000000000006 521.50000000000011 0.83549800877495783 3.5000000000000004 0.93112630015912823 -26.499999999999996 12.500000000000002 -6.4999999999999991 -0.92274349529687905 0.063390085881955341 28.350000000000005
decision_type=2 2 2 2 2 2 2 2 2 2 2 2 2 2
left_child=2 -2 -1 5 -5 10 -6 -8 -9 -4 -3 12 13 -11
right_child=1 3 9 4 6 -7 7 8 -10 11 -12 -13 -14 -15
leaf_value=-0.11875319744019919 0.25132236253523532 0.023996950624103876 0.031832352102719154 -0.28578531833260856 0.068221391566339662 0.079493700835588765 0.20404241369339504 0.040389772010394155 -0.10900240268352378 -0.16724997173381626 -0.018807642075331789 0.0014194517148212072 -0.45109549665315857 0.74906455469451894
leaf_weight=171 122 86 81 82 97 127 80 83 105 170 92 1969 171 81
leaf_count=171 122 86 81 82 97 127 80 83 105 170 92 1969 171 81
internal_value=-6.38842e-05 0.00136519 -0.000538142 0.000462351 -0.0011615 0.00282258 0.000743243 -0.0010989 -0.00362694 -0.000242229 -0.000273224 -0.000427796 -0.00245902 -9.76563e-05
internal_weight=3517 874 2643 752 447 305 365 268 188 2472 178 2391 422 251
internal_count=3517 874 2643 752 447 305 365 268 188 2472 178 2391 422 251
is_linear=0
shrinkage=0.05


Tree=199
num_leaves=15
num_cat=0
split_feature=8 11 2 4 8 3 11 3 11 7 7 1 10 11
split_gain=0.79642 1.43406 1.59323 1.73861 1.44719 1.7307 1.25 1.06703 0.991458 0.858529 2.10542 0.846049 0.975944 1.13125
threshold=51.500000000000007 0.534952257794027 726.25000000000011 595.15052936344034 43.500000000000007 -2.4999999999999996 0.97696484778429815 -5.4999999999999991 0.98522604642031408 32.750000000000007 34.850000000000001 12.500000000000002 15.500000000000002 0.8697513045430848
decision_type=2 2 2 2 2 2 2 2 2 2 2 2 2 2
left_child=1 2 3 7 5 8 11 -1 9 -3 -11 -2 13 -13
right_child=6 4 -4 -5 -6 -7 -8 -9 -10 10 -12 12 -14 -15
leaf_value=0.062371392313136202 0.028524612835548302 -0.021993862683291357 0.079177045391190859 -0.15871171695540198 -0.29315287349253938 -0.26831574693412391 0.16464623020557775 -0.0038436429095924044 -0.20233947701824492 0.15659319506379035 -0.019601833848597039 0.013916320678646343 -0.027882455116122175 0.38148688987471929
leaf_weight=127 112 193 145 92 139 115 84 153 90 84 110 1451 548 97
leaf_count=127 112 193 145 92 139 115 84 153 90 84 110 1451 548 97
internal_value=-0.000183357 -0.00119713 0.000814176 -0.000928382 -0.00261549 -0.00150754 0.000370048 0.00105263 -0.000155602 0.000956633 0.00326633 0.000135563 -9.51928e-05 0.000547328
internal_weight=3540 1248 517 372 731 592 2292 280 477 387 194 2208 2096 1548
internal_count=3540 1248 517 372 731 592 2292 280 477 387 194 2208 2096 1548
is_linear=0
shrinkage=0.05


Tree=200
num_leaves=15
num_cat=0
split_feature=4 2 1 12 9 12 8 0 0 9 0 12 8 5
split_gain=0.537026 0.928231 1.53015 0.854198 1.46706 0.868757 0.571024 0.549267 2.14838 1.21048 0.961237 0.747564 1.72937 1.66617
threshold=970.1358476200304 794.50000000000011 794.50000000000011 0.14888728888808328 17.500000000000004 0.69521084835931835 64.500000000000014 695.50000000000011 744.50000000000011 1.0000000180025095e-35 274.50000000000006 0.3484035575467645 41.500000000000007 0.6640862044216066
decision_type=2 2 2 2 2 2 2 2 2 2 2 2 2 2
left_child=1 2 7 4 -3 -5 -2 9 -9 10 -1 12 -11 -13
right_child=6 3 -4 5 -6 -7 -8 8 -10 11 -12 13 -14 -15
leaf_value=-0.011820557553351652 0.48048735042785612 -0.38152884373767509 0.68059835002860902 0.053133926329502403 0.028197328515102527 -0.066124101140056277 -0.074322659107559738 -0.20894585779105343 0.12131285600549974 -0.17379779592262709 0.074493822822796582 -0.023175382323377972 -0.0082460913715709083 0.041881486855066902
leaf_weight=82 88 125 160 139 84 80 85 107 107 139 179 199 1484 435
leaf_count=82 88 125 160 139 84 80 85 107 107 139 179 199 1484 435
internal_value=-7.14694e-06 -0.000150376 0.000172592 -0.00230947 -0.00455607 -0.000111607 0.00266854 -0.000109609 -0.00251142 9.90884e-05 0.00328947 -0.000276304 -0.000844595 0.00117371
internal_weight=3493 3320 2892 428 209 219 173 2732 214 2518 261 2257 1623 634
internal_count=3493 3320 2892 428 209 219 173 2732 214 2518 261 2257 1623 634
is_linear=0
shrinkage=0.05


Tree=201
num_leaves=15
num_cat=0
split_feature=7 8 11 11 9 7 11 5 4 4 8 5 5 11
split_gain=0.740242 1.05016 0.79521 1.99083 1.32492 1.94305 1.2218 1.63847 0.801899 1.28373 1.21345 1.52942 1.43879 1.27707
threshold=22.950000000000003 58.500000000000007 0.92922379131507438 0.95242846126021108 14.500000000000002 34.350000000000001 0.86113431103781346 0.97439350332526153 308.01241382439639 406.95194037383743 22.500000000000004 0.9325723075080532 1.0140038153028634 -0.57078386445773377
decision_type=2 2 2 2 2 2 2 2 2 2 2 2 2 2
left_child=1 -1 6 -4 5 -5 8 -8 -2 -10 12 13 -11 -12
right_child=2 -3 3 4 -6 -7 7 -9 9 10 11 -13 -14 -15
leaf_value=0.017985914514834177 0.0089534747867702439 -0.1961787128650542 -0.56769856311265132 0.060997722628724209 0.15591513776670976 -0.55480179934423857 0.34342654566287917 -0.0075875951351413564 -0.1453797005194076 -0.013550512712210151 0.23558900152355591 -0.131840657014169 0.069650069606808529 -0.15143767778512116
leaf_weight=84 579 81 85 99 148 107 106 82 105 98 645 251 183 850
leaf_count=84 579 81 85 99 148 107 106 82 105 98 645 251 183 850
internal_value=-0.000163911 -0.00338235 0 -0.00197072 -0.000278552 -0.0028436 0.000301309 0.00414508 2.76141e-05 -0.000421151 -0.000135335 -0.000628212 0.00288462 -1.66667e-05
internal_weight=3503 165 3338 439 354 206 2899 188 2711 2132 2027 1746 281 1495
internal_count=3503 165 3338 439 354 206 2899 188 2711 2132 2027 1746 281 1495
is_linear=0
shrinkage=0.05


Tree=202
num_leaves=15
num_cat=0
split_feature=4 9 11 3 6 3 9 5 5 7 11 11 8 8
split_gain=1.08968 2.78886 0.991834 0.824294 0.673033 0.485209 1.34445 0.982642 0.847926 1.54274 0.872751 1.10252 1.11589 1.53251
threshold=937.5897793046471 20.500000000000004 0.15632249006386423 -255.49999999999997 1.0148940906667274 -66.499999999999986 1.0000000180025095e-35 0.88173899687427848 0.4780600409877504 35.150000000000013 0.94425825643485939 0.534952257794027 50.500000000000007 26.500000000000004
decision_type=2 2 2 2 2 2 2 2 2 2 2 2 2 2
left_child=3 4 -3 -1 -2 6 -5 -8 -7 10 11 -10 13 -13
right_child=1 2 -4 5 -6 8 7 -9 9 -11 -12 12 -14 -15
leaf_value=-0.72075653902468562 -0.68628515991649697 0.6368381600815497 0.9074373279021416 0.29711956411840673 0.025803874691047213 0.0073314809882065292 -0.084571938677908076 0.26412198374316065 0.0013595325838366536 -0.15681787844651895 0.11318168753796841 -0.011474274953783947 0.040861549186735152 -0.24748739507511033
leaf_weight=114 83 124 117 101 81 595 480 147 1025 158 103 192 83 99
leaf_count=114 83 124 117 101 81 595 480 147 1025 158 103 192 83 99
internal_value=0.000199601 0.00262195 0.00599593 -0.00012089 -0.00236686 4.1834e-05 0.00115962 0.000276899 -0.000320796 -0.000900901 -0.000398142 -0.000730057 -0.0030343 -0.00447635
internal_weight=3502 405 241 3097 164 2983 728 627 2255 1660 1502 1399 374 291
internal_count=3502 405 241 3097 164 2983 728 627 2255 1660 1502 1399 374 291
is_linear=0
shrinkage=0.05


Tree=203
num_leaves=15
num_cat=0
split_feature=12 3 12 7 3 12 9 12 7 1 6 12 8 8
split_gain=0.685491 1.53363 1.53788 2.11263 1.68351 1.43886 1.03154 0.998449 0.764921 1.24843 0.996703 0.73607 0.783736 1.68748
threshold=0.59003219687534991 -12.499999999999998 0.69521084835931835 29.350000000000005 -41.499999999999993 0.45847758937963173 15.500000000000002 0.87709077819680659 24.550000000000004 24.500000000000004 0.65483587528666909 -0.99761278905001471 50.500000000000007 65.500000000000014
decision_type=2 2 2 2 2 2 2 2 2 2 2 2 2 2
left_child=5 2 -2 4 -4 8 -3 -8 9 -1 -11 -10 -13 -14
right_child=1 6 3 -5 -6 -7 7 -9 11 10 -12 12 13 -15
leaf_value=0.025700255457133461 0.28214244501993452 -0.015550186146919387 0.022895731206129713 -0.2182683872118048 0.10322260261064856 -0.19029266277131002 0.017155586892047835 -0.014782637633935926 -0.62445771160406027 -1.2317705112114483 -0.014821148976241717 -0.01910834512548263 0.28638440045879893 0.026970203490749436
leaf_weight=87 83 168 144 95 88 171 129 152 87 97 98 603 240 1285
leaf_count=87 83 168 144 95 88 171 129 152 87 97 98 603 240 1285
internal_value=7.78596e-05 0.00130208 0.00349398 0.00188253 0.00443038 -0.000317995 -0.000715859 0.00113636 -9.99201e-06 -0.00243902 -0.004625 0.000304054 0.000492264 0.00109477
internal_weight=3527 859 410 327 232 2668 449 281 2497 282 195 2215 2128 1525
internal_count=3527 859 410 327 232 2668 449 281 2497 282 195 2215 2128 1525
is_linear=0
shrinkage=0.05


Tree=204
num_leaves=15
num_cat=0
split_feature=4 8 9 12 12 5 9 3 10 12 7 3 12 8
split_gain=0.857339 0.981072 1.86757 0.77379 1.37646 1.33898 1.21501 1.35777 1.31197 1.13358 1.26614 1.15964 1.6195 1.85188
threshold=951.13474704150701 98.500000000000014 14.500000000000002 0.59003219687534991 0.67007489853957602 0.65185164309339483 1.0000000180025095e-35 -31.499999999999996 13.500000000000002 -0.97507822412530132 35.250000000000007 1.5000000000000002 -0.8142754349318998 97.500000000000014
decision_type=2 2 2 2 2 2 2 2 2 2 2 2 2 2
left_child=3 2 -2 5 -5 9 7 -7 -8 -1 11 -11 -13 -14
right_child=1 -3 -4 4 -6 6 8 -9 -10 10 -12 12 13 -15
leaf_value=0.1590663156215365 0.0096731888069740545 -0.85193545435203655 0.95248853884295959 0.22865090923158959 0.0013587528076941524 0.12599466813662802 -0.048708953930199077 -0.01603758043521708 -0.58673479648900018 -0.051565920707861437 0.13893959482583185 -0.27594758517837475 -0.041700974820334837 0.36256354564509724
leaf_weight=183 122 89 103 115 742 100 790 114 240 394 110 185 95 147
leaf_count=183 122 89 103 115 742 100 790 114 240 394 110 185 95 147
internal_value=3.53707e-05 0.00250784 0.00423913 -0.000209627 0.00107309 -0.000677105 -0.00180144 0.00159817 -0.00251208 0.000580876 -0.000133547 -0.000817191 0.000983796 0.00364372
internal_weight=3529 314 225 3215 857 2358 1244 214 1030 1114 931 821 427 242
internal_count=3529 314 225 3215 857 2358 1244 214 1030 1114 931 821 427 242
is_linear=0
shrinkage=0.05


Tree=205
num_leaves=15
num_cat=0
split_feature=1 5 5 7 8 8 8 12 11 11 11 11 11 7
split_gain=1.33691 0.767324 0.691073 0.809961 1.49353 1.91233 2.27604 1.17709 1.0828 1.82182 1.03002 2.00998 1.18036 1.53536
threshold=12.500000000000002 0.17816566477433513 1.2996010590322131 26.650000000000002 65.500000000000014 93.500000000000014 99.500000000000014 0.92843842216862604 -0.25205528343633254 -0.61237985104942771 -0.69057362043749781 -0.57078386445773377 -0.77245553105869302 28.950000000000003
decision_type=2 2 2 2 2 2 2 2 2 2 2 2 2 2
left_child=-1 -2 3 4 -3 -6 -7 10 9 -8 12 -12 13 -5
right_child=1 2 -4 7 5 6 8 -9 -10 -11 11 -13 -14 -15
leaf_value=0.019110734680021224 -0.41124616333089503 0.079510938319091909 -0.0072531943946579254 -0.25566934514911371 -0.36694930183707586 1.0062630335324201 0.11158789301246089 -0.14379697373170472 0.240733267518209 -0.64246678197485929 0.35004299753031776 0.0098339858573240242 -0.46702567109770143 0.23116371862264629
leaf_weight=127 80 180 346 285 106 99 138 118 83 133 97 1472 99 178
leaf_count=127 80 180 346 285 106 99 138 118 83 133 97 1472 99 178
internal_value=0.000176255 -1.46242e-05 0.000104822 0.000350819 0.00178091 0.000487589 0.00191048 -0.000122005 0 -0.00153986 0.000152154 0.000810038 -0.00167549 -0.000587607
internal_weight=3541 3414 3334 2988 739 559 453 2249 354 271 2131 1569 562 463
internal_count=3541 3414 3334 2988 739 559 453 2249 354 271 2131 1569 562 463
is_linear=0
shrinkage=0.05


Tree=206
num_leaves=15
num_cat=0
split_feature=1 6 6 6 3 8 2 12 3 3 11 4 12 3
split_gain=1.16066 0.733359 0.637191 1.24199 1.19366 1.42286 1.39271 2.50553 1.3512 1.01257 0.951075 1.26558 1.20597 1.64499
threshold=12.500000000000002 0.063862451121238714 0.40672438896611568 0.26736409532732103 -13.499999999999998 14.500000000000002 236.75000000000003 -0.57077231802681661 -21.499999999999996 -52.499999999999993 0.89787622492179153 829.62685313006841 -0.59177783207548873 15.500000000000002
decision_type=2 2 2 2 2 2 2 2 2 2 2 2 2 2
left_child=-1 -2 3 -3 5 8 7 -7 -4 -8 11 12 -6 -14
right_child=1 2 4 -5 10 6 9 -9 -10 -11 -12 -13 13 -15
leaf_value=0.015859523668838627 -0.76920512525740503 -0.0055210386077220626 0.14012692391881529 0.091943166821406672 -0.53141262445023896 -0.037827763615280223 0.0035174730832672196 0.10479185878529762 0.00024322784739752026 -0.064249102407970327 -0.1813987427043042 0.11683051539627343 -0.01082309493628344 0.13921176571076899
leaf_weight=118 82 391 106 218 132 80 1064 119 107 339 126 136 336 145
leaf_count=118 82 391 106 218 132 80 1064 119 107 339 126 136 336 145
internal_value=0.000107021 -6.64501e-05 5.29661e-05 0.00150651 -0.000278293 0.000453297 -6.22278e-05 0.00379902 0.00424312 -0.000621449 -0.00178977 -0.00109416 -0.00206311 -0.000874486
internal_weight=3499 3381 3299 609 2690 1815 1602 199 213 1403 875 749 613 481
internal_count=3499 3381 3299 609 2690 1815 1602 199 213 1403 875 749 613 481
is_linear=0
shrinkage=0.05


Tree=207
num_leaves=15
num_cat=0
split_feature=11 11 5 11 8 4 8 6 1 0 11 8 5 11
split_gain=0.77002 1.48291 1.16069 1.81813 1.68732 1.45928 1.18224 1.03017 2.1149 1.26164 3.49986 2.2172 1.2443 1.13095
threshold=-0.861146256326485 -0.77245553105869302 0.69201011679019586 -0.98803845231459242 89.500000000000014 499.87850295359846 65.500000000000014 0.40672438896611568 153.50000000000003 263.50000000000006 -0.43733984355855576 72.500000000000014 0.51296182768521004 0.92922379131507438
decision_type=2 2 2 2 2 2 2 2 2 2 2 2 2 2
left_child=2 -2 3 -1 6 -5 -4 8 12 10 -9 -12 -3 -11
right_child=1 7 4 5 -6 -7 -8 9 -10 13 11 -13 -14 -15
leaf_value=0.050162134725162844 0.16755236791524766 0.016286694409793179 0.037583693201494843 -0.019670692333920672 0.72212107120651015 -2.9020436433516368 -0.5376854710281862 -0.30299064191349817 1.2308947565950747 0.013847774382145418 -0.055071070694069135 0.047939578878823143 -0.16738459959022978 -0.091393687649605232
leaf_weight=105 167 344 125 97 87 114 91 81 132 1311 199 176 114 360
leaf_count=105 167 344 125 97 87 114 91 81 132 1311 199 176 114 360
internal_value=-4.9886e-05 0.000294219 -0.00164263 -0.00373832 0.000568182 -0.00636574 -0.00180995 9.18442e-06 0.00184874 -0.000504221 -0.00281996 -0.000723684 0.000215983 0.000134248
internal_weight=3503 2884 619 316 303 211 216 2717 590 2127 456 375 458 1671
internal_count=3503 2884 619 316 303 211 216 2717 590 2127 456 375 458 1671
is_linear=0
shrinkage=0.05


Tree=208
num_leaves=15
num_cat=0
split_feature=7 5 11 11 11 6 3 0 12 3 8 6 7 7
split_gain=0.753556 1.0254 0.715615 1.28688 1.03689 0.810998 1.83446 1.74588 1.6859 1.61484 1.57039 1.79678 1.56269 1.66914
threshold=22.850000000000005 0.19212309275615216 -0.861146256326485 -0.77245553105869302 -0.70291267844185523 0.81575077033479004 -8.4999999999999982 513.50000000000011 -0.93543596745397617 -190.49999999999997 34.500000000000007 0.98551886860533089 34.650000000000013 27.450000000000003
decision_type=2 2 2 2 2 2 2 2 2 2 2 2 2 2
left_child=-1 -2 -3 -4 -5 7 8 -6 -7 -10 11 -11 13 -12
right_child=1 2 3 4 5 6 -8 -9 9 10 12 -13 -14 -15
leaf_value=-0.01594588398795338 0.067209118421478212 -0.029609308042345142 0.20979705173432672 -0.31236986520357279 0.010120615080407448 -0.84803104015467179 -0.081860454401996213 0.98544774232822052 1.3040868084927313 -0.022587711976217409 -0.22427796628523283 0.061863425470124869 -0.8279274628914437 0.064735148987801958
leaf_weight=154 129 558 162 108 829 81 291 180 116 98 112 293 137 275
leaf_count=154 129 558 162 108 829 81 291 180 116 98 112 293 137 275
internal_value=0.000219671 0.00037789 0.000200308 0.000539635 0.000257426 0.000475796 -0.000301847 0.00155325 0.000626679 0.00118243 0.000461957 0.00284091 -0.00132325 0.000318878
internal_weight=3523 3369 3240 2682 2520 2412 1403 1009 1112 1031 915 391 524 387
internal_count=3523 3369 3240 2682 2520 2412 1403 1009 1112 1031 915 391 524 387
is_linear=0
shrinkage=0.05


Tree=209
num_leaves=15
num_cat=0
split_feature=2 2 3 11 2 12 4 5 4 11 12 5 1 1
split_gain=0.634718 1.77955 1.94031 1.47824 1.44675 1.11235 0.994968 1.05172 1.23475 0.806228 0.727257 2.07583 1.63747 2.02017
threshold=236.75000000000003 154.75000000000003 -4.4999999999999991 -0.19337636264337835 261.25000000000006 -0.97507822412530132 114.17365714260659 0.35512214796205588 319.45280968105629 -0.14250824554987665 0.14888728888808328 0.68867451138562064 437.50000000000006 530.50000000000011
decision_type=2 2 2 2 2 2 2 2 2 2 2 2 2 2
left_child=1 5 -3 -4 -2 -1 -7 8 -8 -9 -6 -12 -13 -14
right_child=4 2 3 -5 10 6 7 9 -10 -11 11 12 13 -15
leaf_value=0.11056468036273 -0.37860848084975918 0.15686129313802155 0.41753386683277827 -0.1383147248868653 -0.025277862254705498 -0.021157964544100683 0.051086013643793393 0.00027583902353001122 -0.55528928279092182 -0.075385844977841648 -0.77374921691218512 0.11644209468874465 -0.067742526034547265 0.026214235076830052
leaf_weight=92 102 109 109 91 1317 135 125 115 123 91 129 156 85 740
leaf_count=92 102 109 109 91 1317 135 125 115 123 91 129 156 85 740
internal_value=3.54711e-05 0.00110553 0.00421975 0.00121951 -0.000384767 -0.000327988 -0.00113636 0 0.00217391 -0.00260664 -0.000133635 0.000807175 0.00159736 0.000692771
internal_weight=3519 990 309 200 2529 681 589 454 248 206 2427 1110 981 825
internal_count=3519 990 309 200 2529 681 589 454 248 206 2427 1110 981 825
is_linear=0
shrinkage=0.05


Tree=210
num_leaves=15
num_cat=0
split_feature=11 5 2 11 11 11 11 12 8 5 3 7 8 0
split_gain=0.655148 0.914061 1.33431 1.13992 0.589974 1.96774 1.56842 1.52518 1.7944 1.16531 0.923164 1.07929 1.38362 1.58252
threshold=-0.92274349529687905 0.68867451138562064 621.25000000000011 -0.97509794945709805 0.92922379131507438 0.95242846126021108 0.86113431103781346 0.16587474750015932 50.500000000000007 0.99519512947724798 -235.49999999999997 31.450000000000003 15.500000000000002 610.50000000000011
decision_type=2 2 2 2 2 2 2 2 2 2 2 2 2 2
left_child=1 3 -3 -1 6 -6 10 8 9 -7 -2 -12 -13 -14
right_child=4 2 -4 -5 5 7 -8 -9 -10 -11 11 12 13 -15
leaf_value=-0.0087780687495291332 -0.64828859131893646 0.30864256997648742 -0.45122479974219804 -1.1804538191028129 -0.63463969787746921 -1.2017197945549754 0.076684568823884552 0.17728353557279491 0.10349919992625019 -0.017801846311917304 0.013265881381043921 0.034597576626873662 0.0019674810765124562 -0.59845579204829846
leaf_weight=134 139 110 128 84 80 81 179 83 125 80 1884 87 137 168
leaf_count=134 139 110 128 84 80 81 179 83 125 80 1884 87 137 168
internal_value=2.14041e-05 -0.00173536 0.000411523 -0.00403587 0.000287073 -0.00137665 0.000577145 0.000200535 -0.00154639 -0.00496988 0.000237603 0.000482245 -0.00188917 -0.00346774
internal_weight=3499 456 238 218 3043 449 2594 369 286 161 2415 2276 392 305
internal_count=3499 456 238 218 3043 449 2594 369 286 161 2415 2276 392 305
is_linear=0
shrinkage=0.05


Tree=211
num_leaves=15
num_cat=0
split_feature=12 12 11 0 8 5 9 3 9 11 2 11 10 9
split_gain=0.681756 1.62096 1.63254 1.29328 1.63934 1.16791 1.40347 1.89708 1.6593 1.30335 1.19815 1.43505 1.05367 1.1612
threshold=-0.031174269516803289 0.063390085881955341 -0.97509794945709805 578.50000000000011 83.500000000000014 0.68867451138562064 15.500000000000002 -51.499999999999993 49.500000000000007 0.3342611484689354 573.25000000000011 -0.27694604220087021 13.500000000000002 50.500000000000007
decision_type=2 2 2 2 2 2 2 2 2 2 2 2 2 2
left_child=3 -2 -3 -1 12 -4 7 9 -8 -7 -10 -12 13 -5
right_child=1 2 5 4 -6 6 8 -9 10 -11 11 -13 -14 -15
leaf_value=0.013049633198115852 0.27336228783703403 -0.26741273487842249 -0.015082380075521941 -0.021567512945730984 -0.97781761922044275 0.6438501130106673 0.13747197922670368 -0.01251801383910447 0.12170106313372031 0.016277477805539321 -0.067863501153465219 0.089030378166799554 -0.47243313710898749 0.39114262537722483
leaf_weight=1399 105 87 341 180 156 86 84 412 197 89 92 130 89 100
leaf_count=1399 105 87 341 180 156 86 84 412 197 89 92 130 89 100
internal_value=0.000429336 0.00118243 0.000755089 -0.000207361 -0.00231132 0.00116643 0.00196347 0.000295608 0.0038878 0.00458333 0.00253538 0 -0.000467914 0.00105263
internal_weight=3547 1623 1518 1924 525 1431 1090 587 503 175 419 222 369 280
internal_count=3547 1623 1518 1924 525 1431 1090 587 503 175 419 222 369 280
is_linear=0
shrinkage=0.05


Tree=212
num_leaves=15
num_cat=0
split_feature=1 7 3 7 4 11 11 12 1 11 11 5 12 12
split_gain=0.806421 0.480836 1.18126 1.2036 1.66456 1.57296 2.28613 1.04502 0.866409 1.39549 2.48618 1.14558 0.859782 1.09274
threshold=14.500000000000002 29.150000000000002 -168.49999999999997 34.350000000000001 932.35985748157498 0.92922379131507438 0.82414472752956958 -0.031174269516803289 594.50000000000011 0.82899317702918729 0.46039464932087154 0.83036190283884193 0.38043945030393422 0.18281312110578132
decision_type=2 2 2 2 2 2 2 2 2 2 2 2 2 2
left_child=-1 12 -3 4 8 6 -5 -7 11 10 -10 -4 13 -2
right_child=1 2 3 5 -6 7 -8 -9 9 -11 -12 -13 -14 -15
leaf_value=0.013580320801320201 -0.023725927138659134 1.2797950666701325 0.026147017459995328 -0.1188771352038458 1.0346377661858186 -1.0635454357791836 0.094540693974778378 -0.039168396299476174 -0.23956115625513236 -0.04872648480277917 0.06811038147771456 0.15375444211420444 0.013374931528210966 -0.31058231307791573
leaf_weight=146 1135 129 275 145 85 108 103 111 117 98 146 80 720 108
leaf_count=146 1135 129 275 145 85 108 103 111 117 98 146 80 720 108
internal_value=0.000398747 0.000237741 0.000945078 0.000471328 0.00164392 -0.00153602 0.00118577 -0.00457589 0.000832178 -0.000887978 0.00102612 0.00256944 -0.000266768 -0.0010617
internal_weight=3506 3360 1397 1268 801 467 248 219 716 361 263 355 1963 1243
internal_count=3506 3360 1397 1268 801 467 248 219 716 361 263 355 1963 1243
is_linear=0
shrinkage=0.05


Tree=213
num_leaves=15
num_cat=0
split_feature=1 4 12 12 8 8 0 2 5 6 11 12 2 2
split_gain=0.959569 0.605461 0.953177 1.86323 1.2533 1.16427 1.14178 1.17753 1.00924 0.988248 0.960674 1.42219 0.728456 1.47959
threshold=12.500000000000002 813.39666489539343 -0.031174269516803289 -0.36648370705903521 79.500000000000014 70.500000000000014 518.50000000000011 299.75000000000006 0.82773880820499135 0.99376522253662469 0.91248814248966237 0.59003219687534991 236.75000000000003 149.25000000000003
decision_type=2 2 2 2 2 2 2 2 2 2 2 2 2 2
left_child=-1 12 3 4 9 10 7 -6 -5 -3 11 -4 13 -2
right_child=1 2 5 8 6 -7 -8 -9 -10 -11 -12 -13 -14 -15
leaf_value=0.012167605911088409 -0.0091372868479050236 1.0019183657399082 -0.33421873227693483 -0.093647296503786503 -0.37946234832246262 1.0822879010599367 -0.55896855380530608 1.7011019469615236 -1.7948783952340364 0.07472882644336494 0.24776770169539761 0.026695169909095286 -0.012246295497033089 0.056954133658898343
leaf_weight=132 498 87 81 80 119 90 165 147 81 92 109 95 1448 287
leaf_count=132 498 87 81 80 119 90 165 147 81 92 109 95 1448 287
internal_value=0.000277304 0.000110816 0.00104257 3.22165e-05 0.00130081 0.00309211 -0.000172018 0.00184502 -0.00466867 0.00475543 0.00146552 -0.000828729 -0.000368633 0.00085443
internal_weight=3511 3379 1146 771 610 375 431 266 161 179 285 176 2233 785
internal_count=3511 3379 1146 771 610 375 431 266 161 179 285 176 2233 785
is_linear=0
shrinkage=0.05


Tree=214
num_leaves=15
num_cat=0
split_feature=1 7 12 5 5 5 6 12 4 12 1 7 12 12
split_gain=0.798815 0.536599 1.90626 0.758278 1.02238 1.54078 1.44026 0.544612 1.40657 0.524827 0.988485 1.16997 1.19217 1.54302
threshold=14.500000000000002 24.050000000000004 0.82293497932636273 0.34476810934614927 0.45524074966398337 0.48751101997988583 0.41346200988385035 -0.68432604233786842 665.57586236454915 0.14888728888808328 890.50000000000011 26.350000000000005 0.67007489853957602 0.5475998096715059
decision_type=2 2 2 2 2 2 2 2 2 2 2 2 2 2
left_child=-1 2 -2 7 6 -6 -5 8 -3 -7 11 -11 13 -13
right_child=1 3 -4 4 5 9 -8 -9 -10 10 -12 12 -14 -15
leaf_value=0.012008696028478339 -0.096466788381543725 -0.4179815807501463 0.043921879708042511 0.08425500963928699 0.31701716915495981 -0.019153584449372832 -0.12054416330911231 0.066336143204508424 1.292332140084524 0.0337373304681357 0.18660738042721051 -0.013298236173628198 -0.026101356471183126 0.2095501669330446
leaf_weight=145 222 81 106 117 82 1323 129 127 80 184 106 271 424 112
leaf_count=145 222 81 106 117 82 1323 129 127 80 184 106 271 424 112
internal_value=0.000263233 0.000103888 -0.0018018 0.000312397 5.4486e-05 0.000358995 -0.00298805 0.00273038 0.000753012 0.000123711 0.000930127 0.000426707 -0.000400246 0.00161082
internal_weight=3509 3364 328 3036 2748 2502 246 288 161 2420 1097 991 807 383
internal_count=3509 3364 328 3036 2748 2502 246 288 161 2420 1097 991 807 383
is_linear=0
shrinkage=0.05


Tree=215
num_leaves=15
num_cat=0
split_feature=1 6 11 11 12 1 10 5 11 11 11 11 12 8
split_gain=1.29681 0.567039 0.680506 1.62195 1.52659 1.67943 1.5024 1.78084 1.41116 1.50669 1.47479 1.69415 1.81364 1.90312
threshold=14.500000000000002 0.069024694904528269 -0.58482361983252518 -0.79384350655589164 -0.42179730054635828 246.50000000000003 14.500000000000002 0.96781935208090408 -0.43733984355855576 -0.33425342068356556 -0.24372957273992746 -0.14250824554987665 0.47369649395226454 12.500000000000002
decision_type=2 2 2 2 2 2 2 2 2 2 2 2 2 2
left_child=-1 -2 3 4 -3 -6 7 -5 -4 -10 -11 -12 -13 -14
right_child=1 2 8 6 5 -7 -8 -9 9 10 11 12 13 -15
leaf_value=0.017568147229066612 -1.2835131330689038 -0.86900865790395787 -0.19386476558130072 1.3310475595329565 0.18375406400150782 -0.060491083623622904 -0.03074161896381078 0.0069590085109410898 0.26124068474104334 -0.16848189213252596 0.21362007321905596 0.0068432160568999484 0.012142363287003377 -0.10792041956951409
leaf_weight=145 85 108 184 126 145 447 110 84 86 89 110 1304 129 377
leaf_count=145 85 108 184 126 145 447 110 84 86 89 110 1304 129 377
internal_value=-4.9519e-05 -0.000250811 -0.000143765 0.000926829 -0.000425532 0.000586265 0.00384615 0.00627907 -0.000623905 -0.00025 -0.000533764 -0.000233766 -0.000606061 -0.00313112
internal_weight=3529 3384 3299 1020 700 592 320 210 2279 2095 2009 1920 1810 506
internal_count=3529 3384 3299 1020 700 592 320 210 2279 2095 2009 1920 1810 506
is_linear=0
shrinkage=0.05


Tree=216
num_leaves=15
num_cat=0
split_feature=12 12 3 7 7 6 12 7 7 12 3 4 9 8
split_gain=0.914264 0.672456 1.30585 2.20798 1.16972 1.30991 1.07143 1.03381 1.1753 0.964415 0.94923 0.663911 2.6379 0.880621
threshold=0.98593086309089384 0.59003219687534991 -61.499999999999993 25.350000000000005 23.350000000000005 0.31226569976844448 0.45847758937963173 27.450000000000003 29.250000000000004 0.38043945030393422 311.50000000000006 895.46266149682367 30.500000000000004 80.500000000000014
decision_type=2 2 2 2 2 2 2 2 2 2 2 2 2 2
left_child=1 4 -3 -4 -1 10 9 -5 -9 11 -6 -7 -13 -14
right_child=-2 2 3 7 5 6 -8 8 -10 -11 -12 12 13 -15
leaf_value=-0.12783928120601634 -0.062563291049133343 0.49214422942306446 0.022119864343192575 -0.048476677660518247 0.088183027733609975 -0.0256304322945911 -0.15448527885379326 0.048219551912242767 -0.027212298033842331 0.14060646029464721 -1.1440656418220783 -0.20855382836898004 0.46307901811449881 0.51232695646232862
leaf_weight=100 105 124 188 150 483 1266 154 138 174 88 95 170 98 205
leaf_count=100 105 124 188 150 483 1266 154 138 174 88 95 170 98 205
internal_value=0.000169348 0.000312682 0.00160462 0.000687023 -6.56907e-05 0.000146256 -0.00046576 -0.00117773 0.000473186 -0.000122817 0.00222985 -0.000387041 0.00120293 0.00397727
internal_weight=3538 3433 774 650 2659 2559 1981 462 312 1827 578 1739 473 303
internal_count=3538 3433 774 650 2659 2559 1981 462 312 1827 578 1739 473 303
is_linear=0
shrinkage=0.05


Tree=217
num_leaves=15
num_cat=0
split_feature=2 8 6 1 1 12 11 4 3 11 11 11 11 7
split_gain=0.66046 1.17005 2.83027 1.15282 1.8923 1.37824 1.64544 1.05802 1.02039 1.40561 0.923533 0.853991 1.71924 1.31936
threshold=239.25000000000003 65.500000000000014 0.70151441069221365 525.50000000000011 589.50000000000011 0.86869874770991873 0.54940630780725741 308.01241382439639 -26.499999999999996 0.91596454896554913 -0.8041866928211282 -0.861146256326485 -0.98214942551678475 26.150000000000002
decision_type=2 2 2 2 2 2 2 2 2 2 2 2 2 2
left_child=-1 2 -2 7 -5 6 10 -4 -8 -10 -6 12 -3 -13
right_child=1 11 3 4 5 -7 8 -9 9 -11 -12 13 -14 -15
leaf_value=0.0099211803886664288 0.90914301172771284 0.68017163331651465 0.0071025693087442224 0.11720569788359683 0.023524254412296844 -0.12163012323861438 0.027300999879128086 -0.086130542061944482 0.0022611585070933418 -0.20014870773703708 0.14320104031646111 -0.29245092262544431 -1.2158478673363646 0.035544357313071373
leaf_weight=1020 81 110 140 120 94 104 268 158 143 94 140 158 188 711
leaf_count=1020 81 110 140 120 94 104 268 158 143 94 140 158 188 711
internal_value=0.000247595 -0.000188942 0.00081663 0.00021722 0.00105888 0.000206368 0.000974462 -0.00247525 -0.000637255 -0.00299587 0.00439331 -0.00134386 -0.00363036 -0.000543478
internal_weight=3529 2509 1342 1261 963 843 739 298 505 237 234 1167 298 869
internal_count=3529 2509 1342 1261 963 843 739 298 505 237 234 1167 298 869
is_linear=0
shrinkage=0.05


Tree=218
num_leaves=15
num_cat=0
split_feature=11 11 8 12 6 12 12 11 11 5 5 10 12 7
split_gain=0.519642 0.539664 0.919216 0.583618 1.51268 1.9447 1.69567 1.75449 1.34428 1.80427 1.48893 1.25218 1.24607 0.996791
threshold=-0.99763297024448894 -0.96689237009891416 87.500000000000014 -0.57077231802681661 0.3976690801181838 -0.70289845916694649 -0.80417042486635371 -0.38242426011641079 -0.18492532721306487 0.6824886151650853 0.87974322459881626 13.500000000000002 -0.48313741114591585 26.350000000000005
decision_type=2 2 2 2 2 2 2 2 2 2 2 2 2 2
left_child=-1 2 -2 4 6 8 7 -3 -6 -10 -11 -9 -5 -14
right_child=1 3 -4 12 5 -7 -8 11 9 10 -12 -13 13 -15
leaf_value=0.33178976372523722 -0.3637768940794473 -0.5271662372951994 0.050313845824557293 0.094726728379117386 -0.47417451457938925 -0.70759790341509476 0.53125494772975734 1.940681568849385 0.36557556737463948 -1.2816650926189768 0.023731720658665269 -0.0019046340176585908 0.017896035474427665 0.0010033740095602539
leaf_weight=83 131 81 89 124 154 145 111 101 164 89 188 195 461 1418
leaf_count=83 131 81 89 124 154 145 111 101 164 89 188 195 461 1418
internal_value=0.000466233 0.000368924 -0.002 0.000533066 -0.000324412 -0.00174497 0.00182556 0.000196335 -0.000458333 0.000952915 -0.00150709 0.00199336 0.00105827 0.00072983
internal_weight=3534 3451 220 3231 1228 740 488 377 595 441 277 296 2003 1879
internal_count=3534 3451 220 3231 1228 740 488 377 595 441 277 296 2003 1879
is_linear=0
shrinkage=0.05


Tree=219
num_leaves=15
num_cat=0
split_feature=6 12 11 11 12 0 7 8 8 9 7 3 8 12
split_gain=0.732537 1.20735 2.01458 1.25507 1.24923 1.2394 1.50311 1.02333 1.33737 1.43956 1.33316 1.6646 1.86686 1.33993
threshold=0.31226569976844448 -0.80417042486635371 -0.36647417525074694 -0.75015329512557205 -0.19337245081799007 78.500000000000014 26.950000000000003 65.500000000000014 73.500000000000014 31.500000000000004 25.350000000000005 -8.4999999999999982 46.500000000000007 0.76556758748011056
decision_type=2 2 2 2 2 2 2 2 2 2 2 2 2 2
left_child=1 2 -1 4 -3 -4 -7 10 9 -9 13 -12 -13 -2
right_child=7 3 5 -5 -6 6 -8 8 -10 -11 11 12 -14 -15
leaf_value=-0.50080792543043917 -0.0084125391534456643 -0.79942514029461842 -0.039558281650871586 0.17855518238762758 0.080636404926466565 2.333861599462506 -0.07230394801823295 -0.010836575747330813 -0.026340466969767818 -0.47692631002186375 0.019364373688429738 -0.078153256771207685 0.139047930718424 0.077067097088433914
leaf_weight=87 90 101 81 133 81 83 95 85 1131 100 948 291 85 132
leaf_count=87 90 101 81 133 81 83 95 85 1131 100 948 291 85 132
internal_value=0.000120465 0.00161411 -0.00042735 0.00382813 0.00106952 0.00179924 0.00409836 -0.000226718 -0.00124905 -0.00513158 0.000644745 3.76223e-05 -0.00275591 0.00418502
internal_weight=3523 661 346 315 182 259 178 2862 1316 185 1546 1324 376 222
internal_count=3523 661 346 315 182 259 178 2862 1316 185 1546 1324 376 222
is_linear=0
shrinkage=0.05


Tree=220
num_leaves=15
num_cat=0
split_feature=3 3 12 5 4 1 7 4 7 12 4 3 7 10
split_gain=0.722469 0.870781 1.31755 1.12452 0.834777 1.31704 0.802072 0.686667 0.964342 1.23271 0.80218 0.805829 1.38606 0.719833
threshold=-235.49999999999997 -28.499999999999996 0.57605713708605399 0.2326118632813807 746.14255249298924 420.50000000000006 27.150000000000002 209.82136977285859 26.150000000000002 0.33222858587828868 959.85949551996316 -113.49999999999999 28.650000000000002 12.500000000000002
decision_type=2 2 2 2 2 2 2 2 2 2 2 2 2 2
left_child=6 2 7 -3 5 -4 -1 -2 -9 10 11 13 -13 -10
right_child=1 3 4 -5 -6 -7 -8 8 9 -11 -12 12 -14 -15
leaf_value=-1.1734755764440394 0.048593959696190937 0.030494013560239799 0.075367413660504215 -0.0084433693255448368 0.47296717687086132 -0.09668702823078093 -0.003130625275343846 -0.39987548994892563 0.79031923712751684 -0.17654961479292411 -0.13372906400757642 -0.23992196797480292 0.11449249020082847 0.22124413697228462
leaf_weight=92 84 159 81 1873 103 109 114 121 107 120 115 87 220 116
leaf_count=92 84 159 81 1873 103 109 114 121 107 120 115 87 220 116
internal_value=-7.13063e-06 0.000174242 0.00120268 -0.000466372 0.00411074 0.00205128 -0.0028436 0.000307692 -0.000112233 0.000551948 0.00142308 0.00224299 0.000560897 0.00449561
internal_weight=3501 3295 1263 2032 293 190 206 970 886 765 645 530 307 223
internal_count=3501 3295 1263 2032 293 190 206 970 886 765 645 530 307 223
is_linear=0
shrinkage=0.05


Tree=221
num_leaves=15
num_cat=0
split_feature=1 8 7 7 7 10 6 3 11 8 11 11 5 5
split_gain=0.516361 0.496206 1.52275 1.40491 1.4243 0.93785 1.58661 1.32572 1.88178 1.66248 1.08671 1.09438 1.17971 1.06703
threshold=1000.5000000000001 94.500000000000014 24.450000000000003 31.550000000000004 29.450000000000003 12.500000000000002 0.70151441069221365 -5.4999999999999991 -0.93545489084327571 1.5000000000000002 0.86113431103781346 0.92922379131507438 0.725230010862014 0.96781935208090408
decision_type=2 2 2 2 2 2 2 2 2 2 2 2 2 2
left_child=1 5 -3 4 -4 6 -1 8 -8 -9 -7 -12 -13 -10
right_child=-2 2 3 -5 -6 10 7 9 13 -11 11 12 -14 -15
leaf_value=0.93121503606961087 0.21247263268845984 -0.085880103533686747 0.037302800625178635 -0.18802558929824331 1.3588250152248778 -0.026801013253904472 -0.40607088093933047 0.01148930972932476 0.56917072523310142 -0.15497502106093819 0.19020342515491784 0.12296317480369937 -0.83504765374946288 0.012500177975962857
leaf_weight=84 102 239 783 80 97 836 109 109 155 160 86 99 96 472
leaf_count=84 102 239 783 80 97 836 109 109 155 160 86 99 96 472
internal_value=-0.000149487 -0.000256598 0.000560631 0.00145078 0.0020339 -0.00070104 0.000342779 -0.000222772 0.000877193 -0.00319343 -0.00171569 0.000961538 -0.001125 0.00193829
internal_weight=3507 3405 1199 960 880 2206 1089 1005 736 269 1117 281 195 627
internal_count=3507 3405 1199 960 880 2206 1089 1005 736 269 1117 281 195 627
is_linear=0
shrinkage=0.05


Tree=222
num_leaves=15
num_cat=0
split_feature=7 5 7 4 3 4 9 3 2 4 4 3 5 7
split_gain=0.783828 0.984983 0.650341 0.639261 0.751318 1.61186 1.3229 1.05415 0.712782 0.533735 0.97453 1.43461 0.706777 1.24424
threshold=22.850000000000005 0.19212309275615216 23.650000000000002 274.60542568546271 -9.4999999999999982 177.58562550969802 88.500000000000014 35.500000000000007 165.50000000000003 426.48855718372482 460.7888115652492 -72.499999999999986 0.45524074966398337 26.050000000000004
decision_type=2 2 2 2 2 2 2 2 2 2 2 2 2 2
left_child=-1 -2 -3 4 5 -4 -6 -8 -5 -10 11 -11 -12 -14
right_child=1 2 3 8 6 -7 7 -9 9 10 12 -13 13 -15
leaf_value=-0.039925116081769831 0.071616627769074639 0.074974871947279101 0.076211411110011798 0.27541157190423887 -0.037926373769884683 -0.017565322843096001 0.015858081190768394 -0.14612042048302598 0.076926083641010487 0.21144102967817491 -0.50255124245323379 -0.37477826225262306 0.17083512582429139 0.0063783923261155452
leaf_weight=151 130 105 85 135 96 150 111 99 148 80 197 122 114 1787
leaf_count=151 130 105 85 135 96 150 111 99 148 80 197 122 114 1787
internal_value=9.95733e-05 0.000260107 8.5034e-05 -4.79386e-05 -0.00160256 0.000520833 -0.00321543 -0.000930233 0.000280139 8.15328e-05 -0.00010846 -0.00338164 0.00021398 0.000511542
internal_weight=3510 3359 3229 3124 541 235 306 210 2583 2448 2300 202 2098 1901
internal_count=3510 3359 3229 3124 541 235 306 210 2583 2448 2300 202 2098 1901
is_linear=0
shrinkage=0.05


Tree=223
num_leaves=15
num_cat=0
split_feature=12 2 0 0 11 2 9 4 12 8 5 5 9 11
split_gain=1.05881 0.62083 0.758312 1.44772 1.53389 0.706321 0.695735 1.64622 1.3342 2.12865 2.90294 1.78039 1.31682 1.20785
threshold=0.9886564832480399 52.750000000000007 107.50000000000001 187.50000000000003 -0.23537230790205757 22.750000000000004 16.500000000000004 937.5897793046471 -0.23537842981696178 97.500000000000014 0.73196881195782992 0.93703173076655288 10.500000000000002 -0.30983472475487867
decision_type=2 2 2 2 2 2 2 2 2 2 2 2 2 2
left_child=1 5 -3 4 -4 -1 12 8 -8 10 -10 13 -5 -12
right_child=-2 2 3 6 -6 -7 7 -9 9 -11 11 -13 -14 -15
leaf_value=-0.0037821879717183648 -0.029637561007902803 -0.045775620968781183 -0.0028637112742039509 -0.0091713388164933463 0.12401008719863144 0.066690644014023623 -0.15604489654295578 0.61332844113587726 -0.54581899759532748 0.48327459544651391 0.49265293329851262 -0.003042240698042065 -0.19366616300652029 0.021758002217109152
leaf_weight=106 99 235 136 828 146 124 743 245 160 143 96 236 123 89
leaf_count=106 99 235 136 828 146 124 743 245 160 143 96 236 123 89
internal_value=-7.82584e-05 7.32064e-05 -0.00010989 0.000110169 0.00348432 0.00255319 -0.000252999 0.000349447 -0.000288723 0.00123457 -0.000127986 0.00205399 -0.00133368 0.00565789
internal_weight=3509 3410 3180 2945 282 230 2663 1712 1467 724 581 421 951 185
internal_count=3509 3410 3180 2945 282 230 2663 1712 1467 724 581 421 951 185
is_linear=0
shrinkage=0.05


Tree=224
num_leaves=15
num_cat=0
split_feature=12 0 12 12 5 10 4 6 8 11 5 12 6 4
split_gain=1.09826 0.760389 1.88639 1.23851 1.02865 1.44517 1.82846 1.53891 1.82349 1.14569 1.27156 1.82642 1.10134 1.15482
threshold=0.9886564832480399 194.50000000000003 0.71952396275653763 0.14888728888808328 1.2996010590322131 13.500000000000002 447.93390285334215 1.1998609839758847 8.5000000000000018 0.94978112945126536 0.96102704813553574 0.38043945030393422 0.99885761349962354 830.05838701828168
decision_type=2 2 2 2 2 2 2 2 2 2 2 2 2 2
left_child=1 2 3 -1 5 6 -3 8 -8 10 11 12 13 -10
right_child=-2 4 -4 -5 -6 -7 7 -9 9 -11 -12 -13 -14 -15
leaf_value=0.032563067902591669 -0.070214536722818369 0.24587852576341193 0.048804054161437453 -0.012510034086051648 -0.036752412132578627 -0.033686954586306682 0.074795849433570538 -0.086664081588381237 -1.3769217169449988 0.35102882260987944 -0.095669366724271759 0.51193283211100327 -0.52184820721969061 0.52510894577417844
leaf_weight=581 94 128 99 98 218 969 203 115 116 91 222 126 149 313
leaf_count=581 94 128 99 98 218 969 203 115 116 91 222 126 149 313
internal_value=0.000141764 0.00029129 0.00166028 0.000694444 -0.000112994 0.000184653 0.00117507 0.000615672 0.00114286 0.00026908 -0.000268528 0.00077574 -0.000428816 0.000864055
internal_weight=3522 3428 778 679 2650 2432 1463 1335 1220 1017 926 704 578 429
internal_count=3522 3428 778 679 2650 2432 1463 1335 1220 1017 926 704 578 429
is_linear=0
shrinkage=0.05


Tree=225
num_leaves=15
num_cat=0
split_feature=1 1 12 0 2 11 2 1 2 11 5 8 5 5
split_gain=0.668267 1.03194 0.57844 0.776077 1.23882 1.86716 1.19815 1.14783 1.28476 1.18081 1.1576 0.955259 1.82446 1.62756
threshold=7.5000000000000009 17.500000000000004 -0.94137724084408114 190.50000000000003 272.00000000000006 -0.58482361983252518 154.75000000000003 337.50000000000006 351.75000000000006 -0.77245553105869302 0.7527735760002553 31.500000000000004 0.97439350332526153 0.96102704813553574
decision_type=2 2 2 2 2 2 2 2 2 2 2 2 2 2
left_child=-1 -2 -3 6 5 -5 -4 9 -9 -6 -10 12 -12 -13
right_child=1 2 3 4 7 -7 -8 8 10 -11 11 13 -14 -15
leaf_value=-0.015886081556989184 0.048810627339897876 -0.14230276785066281 0.0033491119303501907 0.074847252082324192 -0.028627732514686956 -0.26569207563743763 0.10168123355310428 -0.27706701780284959 0.31857153149231865 0.24635076020549393 -0.066764156308147457 0.013940668589145845 0.027181931323235632 -0.088242023169783579
leaf_weight=80 82 401 350 114 86 185 137 109 439 170 135 513 442 272
leaf_count=80 82 401 350 114 86 185 137 109 439 170 135 513 442 272
internal_value=0.000262784 0.00037064 0.000230792 0.000473453 0.000111336 -0.00287829 0.00228659 0.00052971 0.000104439 0.00363985 0.000429125 -0.000292612 0.0012457 -0.00142405
internal_weight=3515 3435 3353 2952 2465 299 487 2166 1910 256 1801 1362 577 785
internal_count=3515 3435 3353 2952 2465 299 487 2166 1910 256 1801 1362 577 785
is_linear=0
shrinkage=0.05


Tree=226
num_leaves=15
num_cat=0
split_feature=8 5 1 3 6 5 3 9 3 8 8 8 1 7
split_gain=0.580149 1.36196 2.12021 1.13486 1.61104 1.77647 1.48999 1.08498 1.01527 0.986942 0.730424 1.01983 0.605531 0.838871
threshold=31.500000000000004 0.9325723075080532 324.50000000000006 -5.4999999999999991 1.0250613531752364 1.0777021025047637 1.5000000000000002 5.5000000000000009 -3.4999999999999996 3.5000000000000004 51.500000000000007 65.500000000000014 12.500000000000002 23.750000000000004
decision_type=2 2 2 2 2 2 2 2 2 2 2 2 2 2
left_child=3 12 8 4 7 -6 -5 -1 -3 -7 -4 -12 -2 -14
right_child=1 2 10 6 5 9 -8 -9 -10 -11 11 -13 13 -15
leaf_value=-0.068116115543979922 0.020642088757473066 0.049226233794158247 -0.22770676917259039 -0.03494537700458409 0.22234083841371444 -0.0038592823609292282 0.011235330156009483 0.036421221035386968 -0.051199574790763341 0.074953702523100671 0.093289224696448514 -0.1630852216474068 -0.22132989006278336 0.014186304222363333
leaf_weight=86 103 91 169 125 85 123 159 82 101 99 82 121 89 2001
leaf_count=86 103 91 169 125 85 123 159 82 101 99 82 121 89 2001
internal_value=5.6802e-05 -0.000280594 -0.00246046 0.00127618 0.00276042 0.00488782 -0.00121107 -0.00115607 0.00177665 0.00242291 -0.00464191 -0.00252404 0.000284349 9.54654e-05
internal_weight=3516 2757 564 759 475 307 284 168 192 222 372 203 2193 2090
internal_count=3516 2757 564 759 475 307 284 168 192 222 372 203 2193 2090
is_linear=0
shrinkage=0.05


Tree=227
num_leaves=15
num_cat=0
split_feature=3 1 1 6 12 12 12 3 3 6 10 0 8 2
split_gain=0.603029 0.624883 1.12992 1.17326 1.0827 0.959627 4.36724 0.959226 1.01255 1.01763 1.69022 0.941976 1.44887 1.18985
threshold=302.50000000000006 591.50000000000011 633.50000000000011 1.0996873302774384 0.063390085881955341 0.59003219687534991 0.74298546529340237 -21.499999999999996 -41.499999999999993 1.0332358426746848 12.500000000000002 518.50000000000011 62.500000000000007 444.25000000000006
decision_type=2 2 2 2 2 2 2 2 2 2 2 2 2 2
left_child=1 11 -3 5 -5 7 -7 8 9 10 -4 13 -13 -1
right_child=-2 2 3 4 -6 6 -8 -9 -10 -11 -12 12 -14 -15
leaf_value=0.0089843313070518856 -0.95917998929694193 -0.18572490714428513 0.88911128990343691 0.14711795257781546 -0.010626531088064439 0.21947239914775879 -0.057780997304124074 -0.39131833615061284 0.1076007405405278 -0.96416460444402219 -0.25585591686822229 0.10131269875430463 -0.019256034962251079 -0.061425944637161937
leaf_weight=1632 126 114 114 120 123 93 210 123 81 127 253 106 93 206
leaf_count=1632 126 114 114 120 123 93 210 123 81 127 253 106 93 206
internal_value=-0.000106353 2.20588e-05 -0.000807043 -0.000360288 0.00272177 -0.00111829 0.00121753 -0.00213371 -0.00125 -0.00210421 -0.000739247 0.000575416 0.00379902 0.000217037
internal_weight=3521 3395 1358 1244 243 1001 303 698 575 494 367 2037 199 1838
internal_count=3521 3395 1358 1244 243 1001 303 698 575 494 367 2037 199 1838
is_linear=0
shrinkage=0.05


Tree=228
num_leaves=15
num_cat=0
split_feature=7 3 6 9 7 5 4 8 8 11 11 11 1 3
split_gain=0.682835 0.978031 1.14485 2.10797 1.2677 1.2586 0.953716 1.25923 1.31876 0.920896 2.08466 1.86963 1.53682 1.37291
threshold=30.850000000000005 -166.49999999999997 1.0455335861961383 11.500000000000002 35.050000000000004 1.0582240780072418 941.85482213420403 49.500000000000007 84.500000000000014 -0.14250824554987665 -0.26037633224328088 -0.048361574224334618 749.50000000000011 -8.4999999999999982
decision_type=2 2 2 2 2 2 2 2 2 2 2 2 2 2
left_child=9 -2 3 4 -3 -4 7 -5 -9 10 -1 -11 13 -13
right_child=1 2 5 6 -6 -7 -8 8 -10 11 -12 12 -14 -15
leaf_value=-0.0015501446806667652 1.060473720574413 -0.0031492698289866897 0.43117168511359982 -0.16106690896588632 -0.42736752305103209 0.0031244817438590648 0.56292427576523496 0.15297288979333104 -0.11132977326503807 -0.49000668003385928 0.13336851520014079 0.035988925067623259 -0.090088625633345035 -0.018757834694078858
leaf_weight=1452 94 147 99 85 139 120 84 130 83 115 147 321 116 360
leaf_count=1452 94 147 99 85 139 120 84 130 83 115 147 321 116 360
internal_value=0.000228768 0.00134381 0.00081278 -0.000222883 -0.00343643 0.00390625 0.00219638 0.000825083 0.00286697 -0.000208665 0.000514339 -0.00147219 -0.000592269 0.000327988
internal_weight=3492 981 887 668 286 219 382 298 213 2511 1599 912 797 681
internal_count=3492 981 887 668 286 219 382 298 213 2511 1599 912 797 681
is_linear=0
shrinkage=0.05


Tree=229
num_leaves=15
num_cat=0
split_feature=4 11 7 11 12 7 11 11 3 3 4 4 11 8
split_gain=0.602139 2.55177 2.25371 1.00602 1.69634 2.41228 1.50156 1.16973 0.990853 1.72949 1.41629 1.95478 1.31936 0.987278
threshold=308.01241382439639 0.69056404122701587 23.750000000000004 0.67802080537253961 -0.36648370705903521 34.050000000000004 0.82414472752956958 0.9550229469509578 75.500000000000014 311.50000000000006 758.39384974800123 622.15429809287718 0.534952257794027 43.500000000000007
decision_type=2 2 2 2 2 2 2 2 2 2 2 2 2 2
left_child=1 -1 -2 8 6 -6 -5 -7 12 10 11 -10 -4 -9
right_child=2 -3 3 4 5 7 -8 13 9 -11 -12 -13 -14 -15
leaf_value=0.019238274988280235 -0.38009405433523402 -0.043249433854323983 -0.01680416497766828 0.048228556613202758 0.06316591000704079 -0.87835797005981398 0.25358238322339449 -0.39492591402037935 0.43651942262000887 -1.0212067975815573 0.95609400890068919 -0.33929250760319862 -0.21187733051044405 0.25186785794422523
leaf_weight=643 80 191 1211 104 298 80 108 98 94 90 205 91 135 82
leaf_count=643 80 191 1211 104 298 80 108 98 94 90 205 91 135 82
internal_value=0.000142248 0.00131108 -0.000223797 3.84468e-05 0.00154839 8.88099e-05 0.00529954 -0.00339623 -0.000600765 0.00134021 0.00278481 -0.000394737 -0.00129534 -0.00108108
internal_weight=3510 834 2676 2596 770 558 212 260 1826 480 390 185 1346 180
internal_count=3510 834 2676 2596 770 558 212 260 1826 480 390 185 1346 180
is_linear=0
shrinkage=0.05


Tree=230
num_leaves=15
num_cat=0
split_feature=1 8 7 8 8 4 4 12 11 6 3 5 4 12
split_gain=0.793268 1.14949 2.36963 1.16881 1.03121 0.855048 1.3166 2.48588 0.912156 1.19157 0.940265 1.92599 1.16171 1.0943
threshold=14.500000000000002 63.500000000000007 23.350000000000005 59.500000000000007 73.500000000000014 415.23003667520032 308.01241382439639 0.65720762023595369 0.98802474685579866 0.80673348935042288 -12.499999999999998 1.1069425493730809 770.01111696319697 0.59003219687534991
decision_type=2 2 2 2 2 2 2 2 2 2 2 2 2 2
left_child=-1 3 -3 5 -4 6 7 -2 9 -7 13 12 -12 -11
right_child=1 2 4 -5 -6 8 -8 -9 -10 10 11 -13 -14 -15
leaf_value=0.018024654291090014 -0.035219237895650936 -0.18555623060777507 -0.12102627068570371 0.27170645882550559 0.0086740775976702263 0.32894478065643684 -0.14196631694334058 0.015798545254435227 -0.071985958524192026 0.012805225884540051 -0.099983113243627034 0.059338715976508638 -0.005413785922166881 0.14384190619757931
leaf_weight=138 188 100 256 109 1481 111 86 125 115 388 81 85 89 172
leaf_count=138 188 100 256 109 1481 111 86 125 115 388 81 85 89 172
internal_value=0.000198356 4.42347e-05 -0.00080076 0.00104569 -0.000358783 0.000657439 -0.0012995 0.000235849 0.00141013 0.0019334 0.00125 -0.00125 -0.00428571 0.00238938
internal_weight=3524 3386 1837 1549 1737 1440 399 313 1041 926 815 255 170 560
internal_count=3524 3386 1837 1549 1737 1440 399 313 1041 926 815 255 170 560
is_linear=0
shrinkage=0.05


Tree=231
num_leaves=15
num_cat=0
split_feature=12 12 7 7 4 0 6 0 6 12 12 8 12 11
split_gain=0.919299 0.609452 0.564612 0.682035 0.852065 1.89309 1.3451 0.79618 0.808859 1.11108 1.26303 1.00721 0.874537 1.44397
threshold=0.9886564832480399 0.95370860977165395 22.850000000000005 23.650000000000002 664.80764334450271 244.50000000000003 1.1140698597061094 347.50000000000006 0.81575077033479004 -0.14250536273956091 0.69521084835931835 45.500000000000007 -0.82413948779581736 -0.861146256326485
decision_type=2 2 2 2 2 2 2 2 2 2 2 2 2 2
left_child=1 2 -1 -4 -5 -6 7 -7 12 -10 -11 -12 -9 -14
right_child=-2 -3 3 4 5 6 -8 8 9 10 11 -13 13 -15
leaf_value=-0.046136146316142407 -0.047057008468180728 0.046073561569829738 0.039276668697237942 -0.0059763776293721097 2.0752753330941056 -1.0711277155469277 0.10523946483636451 -0.13798237700655136 -0.14562449776227596 0.091183433686575208 0.0043088620458831889 -0.19550754506043405 -0.24257910942178001 1.1738037590452621
leaf_weight=120 99 81 130 1487 82 84 85 180 331 375 123 80 101 159
leaf_count=120 99 81 130 1487 82 84 85 180 331 375 123 80 101 159
internal_value=6.38842e-05 0.000204499 9.72472e-05 0.000225016 7.27684e-05 0.000872274 0.000459619 8.69263e-05 0.00038774 -0.000464989 0.000857633 -0.00228365 0.00213483 0.00396226
internal_weight=3517 3418 3337 3217 3087 1600 1518 1433 1349 909 578 203 440 260
internal_count=3517 3418 3337 3217 3087 1600 1518 1433 1349 909 578 203 440 260
is_linear=0
shrinkage=0.05


Tree=232
num_leaves=15
num_cat=0
split_feature=8 12 0 4 4 6 0 7 3 2 3 6 9 2
split_gain=0.58804 0.937946 0.806621 0.939913 1.15922 0.987355 0.743538 1.13122 1.25624 2.11357 0.93279 0.946335 0.81684 0.823658
threshold=7.5000000000000009 0.6174544326165855 571.50000000000011 739.94401099497406 595.15052936344034 0.87929644016276198 617.50000000000011 37.750000000000007 -80.499999999999986 647.75000000000011 -19.499999999999996 0.97489031826019612 5.5000000000000009 790.25000000000011
decision_type=2 2 2 2 2 2 2 2 2 2 2 2 2 2
left_child=1 -1 3 4 -2 -6 -4 8 12 -10 -11 -12 -8 -14
right_child=2 -3 6 -5 5 -7 7 -9 9 10 11 -13 13 -15
leaf_value=-0.0053075973197252331 0.0091501243602319371 0.019080079179212818 -0.43504584800953983 0.36837784881319352 -0.28632158295526722 0.17352350325963928 0.57105931198317994 -0.45381670291707227 0.63491430504892044 -0.015771831533203339 -0.080481492583672321 -0.2218064324254897 -0.36223897492405971 0.37096293580894157
leaf_weight=238 1256 207 140 434 293 94 93 101 81 192 90 81 96 98
leaf_count=238 1256 207 140 434 293 94 93 101 81 192 90 81 96 98
internal_value=0.000257216 0.00194444 8.18599e-06 0.000564361 1.51699e-05 -0.00235969 -0.00117707 -0.000597372 0.000101902 -0.00155902 -0.00319293 -0.00582386 0.00265411 0.000753769
internal_weight=3494 445 3049 2077 1643 387 972 832 731 444 363 171 287 194
internal_count=3494 445 3049 2077 1643 387 972 832 731 444 363 171 287 194
is_linear=0
shrinkage=0.05


Tree=233
num_leaves=15
num_cat=0
split_feature=12 0 10 5 5 6 8 4 9 11 11 1 12 11
split_gain=0.835356 0.779875 0.717718 1.30145 1.20562 1.20148 1.55222 1.13784 1.0577 1.24996 1.94696 1.19432 0.89642 1.47333
threshold=0.9886564832480399 937.50000000000011 12.500000000000002 0.55266506452320263 0.45524074966398337 1.0224614940091163 99.500000000000014 685.80830128821344 93.500000000000014 0.97508442350096236 0.67802080537253961 574.50000000000011 -0.23537842981696178 0.3342611484689354
decision_type=2 2 2 2 2 2 2 2 2 2 2 2 2 2
left_child=1 2 4 -4 -1 6 -6 -8 9 10 -5 -10 13 -7
right_child=-2 -3 3 8 5 12 7 -9 11 -11 -12 -13 -14 -15
leaf_value=-0.34276166463452928 -0.044906137124620216 0.20141084520226116 0.020745085470157146 -0.019871773499271231 0.64421814135906175 -0.5979213756521532 -0.64124443298949552 1.380071934654626 -0.02197908837581224 -0.72653772329859556 0.13602629046330322 -0.44059697353716842 0.024972611178500873 0.009085960019055506
leaf_weight=126 101 82 822 300 257 132 96 81 252 82 201 125 630 220
leaf_count=126 101 82 822 300 257 132 96 81 252 82 201 125 630 220
internal_value=0.000363041 0.000498388 0.000375488 -0.000307778 0.00116354 0.00158339 0.00375854 0.000137363 -0.0015544 -0.000212585 0.000741107 -0.00359948 0.000607903 -0.00140056
internal_weight=3507 3406 3324 1782 1542 1416 434 177 960 583 501 377 982 352
internal_count=3507 3406 3324 1782 1542 1416 434 177 960 583 501 377 982 352
is_linear=0
shrinkage=0.05


Tree=234
num_leaves=15
num_cat=0
split_feature=9 3 4 0 8 9 12 9 11 6 12 6 10 7
split_gain=0.510871 3.03466 1.17039 1.38018 1.09052 1.09 1.04566 0.990391 0.927503 1.45116 1.29725 0.827295 1.97715 1.6353
threshold=89.500000000000014 -8.4999999999999982 177.58562550969802 465.50000000000006 11.500000000000002 60.500000000000007 0.11478523713130605 36.500000000000007 -0.159513159777915 1.0037478731454208 0.59003219687534991 0.81575077033479004 12.500000000000002 29.350000000000005
decision_type=2 2 2 2 2 2 2 2 2 2 2 2 2 2
left_child=1 2 -1 -4 -2 7 -3 8 10 -10 -5 13 -13 -6
right_child=4 6 3 5 11 -7 -8 -9 9 -11 -12 12 -14 -15
leaf_value=0.04501565703476143 0.1148025265204467 -0.44885937326536407 -0.032142835255197968 0.035150056061786471 0.00549068814204361 0.27915580526946543 -0.0091596530125819704 -0.15063120130852781 -0.12988043733782889 0.026480126184617349 0.1511411768544349 0.0091157515472893632 -0.65341580717553716 0.37833565068922614
leaf_weight=100 91 88 416 111 921 81 258 83 195 345 83 350 126 275
leaf_count=100 91 88 416 111 921 81 258 83 195 345 83 350 126 275
internal_value=0.000205499 -0.000396601 0.000634249 0.000227445 0.000805995 0.0013289 -0.0045584 0.000760341 0.00135318 0.000275229 0.00427136 0.000506857 -0.0012474 0.00120733
internal_weight=3523 1760 1414 1314 1763 898 346 817 734 540 194 1672 476 1196
internal_count=3523 1760 1414 1314 1763 898 346 817 734 540 194 1672 476 1196
is_linear=0
shrinkage=0.05


Tree=235
num_leaves=15
num_cat=0
split_feature=1 2 0 2 8 3 3 5 8 3 6 0 9 4
split_gain=0.769698 0.655816 1.77716 1.16844 0.976464 1.31404 1.48618 0.995784 0.985223 0.964935 1.30025 0.703015 1.74351 1.12306
threshold=12.500000000000002 149.25000000000003 163.50000000000003 120.75000000000001 65.500000000000014 47.500000000000007 -8.4999999999999982 0.9096995605756576 70.500000000000014 293.50000000000006 0.30902229627620609 414.50000000000006 67.500000000000014 504.5655426808089
decision_type=2 2 2 2 2 2 2 2 2 2 2 2 2 2
left_child=-1 3 -3 -2 5 6 -4 -7 -6 10 -10 13 -13 -12
right_child=1 2 4 -5 8 7 -8 -9 9 -11 11 12 -14 -15
leaf_value=0.014299496204303798 -0.0029912912771386858 0.090854365381342464 0.020401358313611697 -0.37539858483604011 -0.3537766161474849 0.05125785132938887 -0.010782280126159095 0.60626710796508976 0.41350437744593482 -1.4202298315857391 0.016740739255462246 -0.13860784391301309 0.37815308422809724 -0.92225078560102536
leaf_weight=125 429 89 971 107 110 80 317 81 155 92 212 178 387 182
leaf_count=125 429 89 971 107 110 80 317 81 155 92 212 178 387 182
internal_value=0.000262784 0.00011782 0.000419727 -0.00147874 0.000189531 0.00108322 0.000541377 0.00527108 -0.000794852 -0.000371594 4.46828e-05 -0.00064834 0.000482456 -0.00225564
internal_weight=3515 3390 2854 536 2765 1449 1288 161 1316 1206 1114 959 565 394
internal_count=3515 3390 2854 536 2765 1449 1288 161 1316 1206 1114 959 565 394
is_linear=0
shrinkage=0.05


Tree=236
num_leaves=15
num_cat=0
split_feature=1 1 11 1 12 12 3 12 9 12 11 9 7 8
split_gain=0.79677 1.1998 1.27088 1.06481 0.997402 1.2995 1.2249 0.725837 0.84163 0.803618 0.720476 0.742955 0.669404 1.11976
threshold=655.50000000000011 724.50000000000011 -0.108376950152639 628.50000000000011 0.59003219687534991 0.42763731121559989 -12.499999999999998 -0.12545862287572049 16.500000000000004 -0.36648370705903521 0.79383249484937135 52.500000000000007 22.950000000000003 64.500000000000014
decision_type=2 2 2 2 2 2 2 2 2 2 2 2 2 2
left_child=3 2 -2 12 5 7 -6 9 -9 10 11 -3 13 -1
right_child=1 4 -4 -5 6 -7 -8 8 -10 -11 -12 -13 -14 -15
leaf_value=0.0084956626333351441 -0.27558630826981984 -0.52037465979907438 0.033421421180480596 0.27808801979653025 0.16661025809841024 -0.28145055329187585 -0.0090283615443610184 -0.033533967995776952 0.58533719571842091 -0.75032985830590637 0.04565449884944997 0.29819104268881347 0.012703361129543468 -0.23042546270401232
leaf_weight=86 102 93 83 82 139 81 98 157 105 109 81 115 2102 82
leaf_count=86 102 93 83 82 139 81 98 157 105 109 81 115 2102 82
internal_value=0.000362216 -0.000706336 -0.00434211 0.000890963 0 -0.000904826 0.00278926 -0.000150376 0.00187266 -0.00148883 -8.5034e-05 -0.00164319 0.000681319 -0.00231214
internal_weight=3515 1163 185 2352 978 741 237 660 262 398 289 208 2270 168
internal_count=3515 1163 185 2352 978 741 237 660 262 398 289 208 2270 168
is_linear=0
shrinkage=0.05


Tree=237
num_leaves=15
num_cat=0
split_feature=3 9 4 6 5 5 8 4 7 7 5 2 3 0
split_gain=0.659537 1.90207 1.88647 1.90166 1.47447 1.77491 0.90823 1.76781 1.52315 1.39559 0.809627 0.804564 0.699672 0.907908
threshold=-9.4999999999999982 36.500000000000007 177.58562550969802 0.55258233772822829 0.51296182768521004 0.45524074966398337 65.500000000000014 421.66529347632121 25.950000000000003 29.450000000000003 1.1550016511408339 652.00000000000011 26.500000000000004 118.50000000000001
decision_type=2 2 2 2 2 2 2 2 2 2 2 2 2 2
left_child=2 10 -1 -4 5 12 7 -6 -8 -10 -2 -9 -3 -14
right_child=1 4 3 -5 6 -7 8 11 9 -11 -12 -13 13 -15
leaf_value=0.05571612509893669 -0.056887277617185997 0.011776260990488209 -0.34620245396324023 0.01159998859526752 -0.035150787087050619 0.62577609775815901 0.13082066612516813 0.20795811451929469 -1.2573837797032923 -0.081929534872475077 -0.0053450072374793935 -0.0066781411602107712 -0.21600836225215528 0.03645183338307021
leaf_weight=119 125 175 89 1766 107 82 129 143 177 130 100 106 88 175
leaf_count=119 125 175 89 1766 107 82 129 143 177 130 100 106 88 175
internal_value=7.82139e-05 -0.000697147 0.000682163 0.000282258 3.79651e-05 0.00209524 -0.00131744 0.000554017 -0.00283447 -0.00472756 -0.0048913 0.00285433 0.000790068 -0.000839552
internal_weight=3511 1537 1974 1855 1312 520 792 356 436 307 225 249 438 263
internal_count=3511 1537 1974 1855 1312 520 792 356 436 307 225 249 438 263
is_linear=0
shrinkage=0.05


Tree=238
num_leaves=15
num_cat=0
split_feature=0 4 2 1 12 7 12 4 0 5 11 5 5 12
split_gain=0.88286 1.26882 1.20054 0.853145 0.620069 0.83798 0.784705 0.599539 0.562965 1.48906 1.72958 0.628649 1.35828 1.18625
threshold=163.50000000000003 124.39368274531448 154.75000000000003 96.500000000000014 0.14888728888808328 23.750000000000004 -0.6523320455745395 203.5782616702721 285.50000000000006 0.5393914364871446 -0.35041564478062465 1.0582240780072418 1.1069425493730809 0.93469109537144635
decision_type=2 2 2 2 2 2 2 2 2 2 2 2 2 2
left_child=2 -2 3 4 5 -1 -7 -3 9 10 -9 13 -13 -10
right_child=1 7 -4 -5 -6 6 -8 8 11 -11 -12 12 -14 -15
leaf_value=-0.018602110982244603 -0.073346196275693387 0.04009037306654975 0.41372233865832231 -0.0078075050346090085 -0.0021385743947118343 0.029918892840063906 0.1248451796035564 -1.1957234256688509 0.033988942639997792 -0.24677642554548102 0.56785947590154329 -0.11749734354639969 0.0042373906903094396 -0.17316053772769352
leaf_weight=83 87 92 80 152 106 152 93 107 1720 154 104 116 353 113
leaf_count=83 87 92 80 152 106 152 93 107 1720 154 104 116 353 113
internal_value=0.000454933 7.01508e-05 0.00208644 0.00126904 0.0023918 0.00345345 0.0049 0.000262301 0.000121632 -0.00168919 0.00104167 0.00041179 -0.00121308 0.000829706
internal_weight=3512 2846 666 586 434 328 245 2759 2667 365 211 2302 469 1833
internal_count=3512 2846 666 586 434 328 245 2759 2667 365 211 2302 469 1833
is_linear=0
shrinkage=0.05


Tree=239
num_leaves=15
num_cat=0
split_feature=1 5 5 11 12 5 5 6 10 11 11 0 5 6
split_gain=0.780275 0.778097 0.837314 0.707579 0.668537 0.667075 1.1205 1.10544 0.938617 1.24849 1.5716 1.55372 1.08933 0.960828
threshold=12.500000000000002 0.29379811085212176 0.34476810934614927 -0.21861968191509915 0.97960525725233316 0.45524074966398337 0.51296182768521004 0.41346200988385035 13.500000000000002 0.97112537654464559 0.77788564761185042 664.00000000000011 1.0777021025047637 1.0996873302774384
decision_type=2 2 2 2 2 2 2 2 2 2 2 2 2 2
left_child=-1 3 -3 -2 5 7 -7 -4 12 10 11 -10 13 -8
right_child=1 2 4 -5 -6 6 8 -9 9 -11 -12 -13 -14 -15
leaf_value=0.018354576564872362 -0.2363065540668231 0.056250330299495492 0.036590835623611893 0.042668255298262993 -0.044934232065105564 0.21711102031721979 0.061785518988213543 -0.15295857175054978 -0.0041164903499179674 -1.0256951505659744 0.044383212302810907 -0.35251736721949101 -0.0031694954695879575 0.2147637814580719
leaf_weight=127 173 115 120 88 115 164 852 124 461 91 172 98 650 169
leaf_count=127 173 115 120 88 115 164 852 124 461 91 172 98 650 169
internal_value=0.000205732 5.88755e-05 0.000279018 -0.00253759 0.000115856 0.00026669 0.000497746 -0.00220884 0.000230184 -0.00114873 -0.000441576 -0.00172872 0.000909905 0.00192495
internal_weight=3519 3392 3131 261 3016 2901 2657 244 2493 822 731 559 1671 1021
internal_count=3519 3392 3131 261 3016 2901 2657 244 2493 822 731 559 1671 1021
is_linear=0
shrinkage=0.05


Tree=240
num_leaves=15
num_cat=0
split_feature=7 0 12 11 4 2 3 12 12 0 0 4 6 12
split_gain=0.813693 0.807128 1.00041 0.73551 0.622958 0.685212 1.32752 0.681238 2.11046 0.961015 1.30678 1.21308 2.70618 0.765485
threshold=22.750000000000004 66.500000000000014 -0.99761278905001471 -0.03977009085991149 951.13474704150701 819.25000000000011 -21.499999999999996 0.38043945030393422 0.48877522411129348 620.50000000000011 698.50000000000011 308.01241382439639 1.0522305271177661 -0.091258822863740666
decision_type=2 2 2 2 2 2 2 2 2 2 2 2 2 2
left_child=-1 3 -3 -2 5 7 -7 13 -9 11 -11 -10 -13 -4
right_child=1 2 4 -5 -6 6 -8 8 9 10 -12 12 -14 -15
leaf_value=-0.01460498234184442 0.019520554231611253 -1.5126531933701579 0.010668621577559635 -0.00044775254360143182 0.21036246983180718 0.0054574006876976005 -0.082955579668754359 0.1653800064994343 0.057027664767270642 0.14398448339438233 -0.0027666123940775834 0.00080953926967026752 -0.22375641384297185 -0.13958104267089197
leaf_weight=132 141 80 1225 118 286 159 103 102 100 114 165 285 83 413
leaf_count=132 141 80 1225 118 286 159 103 102 100 114 165 285 83 413
internal_value=0.000128169 0.000281148 5.60897e-05 0.00293561 0.000205592 -2.72331e-05 -0.00243446 0.000230738 0.00137588 0.000432181 0.00272887 -0.000951374 -0.00227882 -0.000365186
internal_weight=3506 3374 3115 259 3035 2749 262 2487 849 747 279 468 368 1638
internal_count=3506 3374 3115 259 3035 2749 262 2487 849 747 279 468 368 1638
is_linear=0
shrinkage=0.05


Tree=241
num_leaves=15
num_cat=0
split_feature=12 8 4 3 11 5 12 11 2 11 11 3 10 11
split_gain=0.70317 1.54913 1.52338 1.38852 1.25507 1.22974 1.16701 2.5817 1.02781 1.16044 0.982675 1.69207 1.14504 1.49697
threshold=-0.79382744783423187 95.500000000000014 968.66356464887622 -48.499999999999993 -0.38242426011641079 0.4780600409877504 -0.49812626372919411 -0.94139628442229062 809.25000000000011 0.92273069556937592 -0.01397611846945947 78.500000000000014 12.500000000000002 0.29033824002281988
decision_type=2 2 2 2 2 2 2 2 2 2 2 2 2 2
left_child=4 2 8 6 -1 -5 -3 -8 -2 -10 11 -6 13 -12
right_child=1 3 -4 5 10 -7 7 -9 9 -11 12 -13 -14 -15
leaf_value=-0.45104488760199501 0.0021137515988684185 1.2959819110820832 0.46186541998889086 0.10714725356674037 -0.018210050672934044 0.034674528845837216 0.52704870362868239 -0.33843390854574412 -0.06800107503152901 0.10209068139709246 -0.26648673272556211 1.7587780429936259 -0.14372170267075432 0.27633798116065977
leaf_weight=155 1632 81 115 158 153 178 80 85 242 84 99 99 225 112
leaf_count=155 1632 81 115 158 153 178 80 85 242 84 99 99 225 112
internal_value=0.000399657 0.000798872 0.0001564 0.00306644 -0.000854953 0.00513196 0.000199203 -0.00220588 -0.000178299 -0.00271903 7.21501e-05 0.00252918 -0.00136054 0.00127315
internal_weight=3498 2655 2073 582 843 336 246 165 1958 326 688 252 436 211
internal_count=3498 2655 2073 582 843 336 246 165 1958 326 688 252 436 211
is_linear=0
shrinkage=0.05


Tree=242
num_leaves=15
num_cat=0
split_feature=1 12 12 0 12 12 12 12 12 12 8 11 5 11
split_gain=0.839267 0.892213 0.800627 2.22273 1.75535 1.5947 1.72396 0.936 2.17612 0.640812 0.793472 1.36935 2.29855 1.61279
threshold=12.500000000000002 0.9886564832480399 0.89691351184655443 432.50000000000006 0.86439018870140905 0.82777578779003613 0.78192542922038288 0.59003219687534991 0.69521084835931835 0.48877522411129348 99.500000000000014 -0.57078386445773377 0.3735833751564151 -0.38242426011641079
decision_type=2 2 2 2 2 2 2 2 2 2 2 2 2 2
left_child=-1 2 4 -4 5 6 7 9 -9 10 -2 12 -12 -13
right_child=1 -3 3 -5 -6 -7 -8 8 -10 -11 11 13 -14 -15
leaf_value=0.016332547960652467 0.021289007337361457 -0.042833685005274451 0.17228368682984974 -0.014914304193911222 -0.17562448320897631 0.11490908794902843 -0.046840284888182288 0.12710527830228102 -0.0047893327583619083 -0.13644618732233341 -0.1197303223644985 -1.3224703059716028 0.48938296210591264 -0.072049190723154771
leaf_weight=122 1539 85 100 138 82 80 84 143 142 130 121 88 243 431
leaf_count=122 1539 85 100 138 82 80 84 143 142 130 121 88 243 431
internal_value=0.000339655 0.00019056 0.000323211 0.00308642 0.000105246 0.000307718 0.000111073 0.000325475 0.00301724 1.95542e-05 0.000206016 -0.00098536 0.00135501 -0.00262405
internal_weight=3528 3406 3321 238 3083 3001 2921 2837 285 2552 2422 883 364 519
internal_count=3528 3406 3321 238 3083 3001 2921 2837 285 2552 2422 883 364 519
is_linear=0
shrinkage=0.05


Tree=243
num_leaves=15
num_cat=0
split_feature=2 11 12 8 12 1 0 11 5 8 8 3 11 3
split_gain=0.791005 0.85474 1.63006 1.46996 1.55492 1.04932 0.823714 0.734034 1.4115 0.725014 1.12643 0.702071 1.45024 0.875888
threshold=81.750000000000014 0.78857998149907527 -0.44505783185115427 3.5000000000000004 -0.13398942717002907 615.50000000000011 107.50000000000001 0.25725141817891134 0.27866080577904079 35.500000000000007 52.500000000000007 -181.49999999999997 -0.48314718476766422 -96.499999999999986
decision_type=2 2 2 2 2 2 2 2 2 2 2 2 2 2
left_child=7 6 -3 -4 5 -5 -2 8 -1 -6 -11 12 -8 -13
right_child=1 2 3 4 9 -7 11 -9 -10 10 -12 13 -14 -15
leaf_value=0.002096138849402429 -0.061444380774928933 0.057624669318371249 -0.073858164469456256 0.0076488233153355623 0.1468095662248004 -0.57487742101282613 0.022122673256788516 -0.0023840569756320208 0.072879371068368934 -0.16420312394811845 0.12194940469674408 0.28166194444666531 -1.4969540928399283 -0.0053840171205891355
leaf_weight=159 99 118 102 85 124 87 150 121 93 104 117 333 111 1716
leaf_count=159 99 118 102 85 124 87 150 121 93 104 117 333 111 1716
internal_value=2.12826e-05 -0.00023802 0.00124663 0.000200321 0.0012931 -0.00254237 -0.000693869 0.00218254 0.0036965 0.00321429 0.00143805 -0.00049676 -0.00291353 -0.000182571
internal_weight=3519 3146 737 619 517 172 2409 373 252 345 221 2310 261 2049
internal_count=3519 3146 737 619 517 172 2409 373 252 345 221 2310 261 2049
is_linear=0
shrinkage=0.05


Tree=244
num_leaves=15
num_cat=0
split_feature=6 6 6 6 10 12 12 3 8 12 3 3 8 2
split_gain=0.740671 1.526 1.07614 1.15855 1.05347 0.886943 2.57498 1.81249 1.90931 1.30051 0.86696 2.18185 1.33618 1.21752
threshold=0.66939399147666789 0.73782653279920385 0.54819691870326548 0.48535081820337633 14.500000000000002 -0.80417042486635371 -0.65883892954715351 84.500000000000014 65.500000000000014 -0.33426211444629356 -5.4999999999999991 2.5000000000000004 43.500000000000007 821.25000000000011
decision_type=2 2 2 2 2 2 2 2 2 2 2 2 2 2
left_child=2 -2 3 5 -4 -1 -7 8 -8 -9 12 -12 -3 -14
right_child=1 10 4 -5 -6 6 7 9 -10 -11 11 -13 13 -15
leaf_value=-0.018898838129801379 -0.28558192451085634 0.02156738310458195 1.7063213378265745 -0.10144644446977331 0.013681514231369008 0.91642836888321144 -0.0069769096131814482 -2.3108415210775584 0.065258536439758971 0.055919209881783873 -0.075793404189593627 0.010521242893935323 0.0010106023943308173 -0.49087900551157021
leaf_weight=444 112 611 89 110 142 84 80 86 147 114 146 237 956 176
leaf_count=444 112 611 89 110 142 84 80 86 147 114 146 237 956 176
internal_value=0.000127155 -0.00042354 0.0010761 0.000397196 0.00413136 0.000963542 0.00237403 0.000752315 0.00377155 -0.00268293 -0.000117316 -0.00225515 0.000357551 -0.000659631
internal_weight=3534 2238 1296 1065 231 955 511 427 227 200 2126 383 1743 1132
internal_count=3534 2238 1296 1065 231 955 511 427 227 200 2126 383 1743 1132
is_linear=0
shrinkage=0.05


Tree=245
num_leaves=15
num_cat=0
split_feature=11 4 11 12 0 4 3 4 0 2 1 12 12 11
split_gain=1.02344 1.26783 1.78518 1.24923 1.73828 0.710538 1.75922 1.46499 1.82053 1.34258 1.90355 1.2021 1.39397 1.84167
threshold=0.878110924644389 252.27534445162021 0.92922379131507438 0.1318557721318592 698.50000000000011 114.17365714260659 -4.4999999999999991 319.45280968105629 118.50000000000001 76.250000000000014 127.50000000000001 0.063390085881955341 0.53312596302726967 0.7210268013660811
decision_type=2 2 2 2 2 2 2 2 2 2 2 2 2 2
left_child=5 -2 -3 4 -4 6 -1 9 -9 -7 -11 -10 -13 -14
right_child=1 2 3 -5 -6 7 -8 8 11 10 -12 12 13 -15
leaf_value=0.020124143727296942 -0.064396903443742201 0.12280845820344695 0.096332015200097487 0.24813239298287046 -0.70976629459927099 0.075395071400594565 -0.029905036065811831 -0.7740141726327544 0.02694774855849005 -0.032381959633620741 0.04527461170741845 -0.44706801435163118 -0.017112318266549666 0.13565976935074672
leaf_weight=95 110 115 112 115 128 131 169 87 1195 102 245 236 598 98
leaf_count=95 110 115 112 115 128 131 169 87 1195 102 245 236 598 98
internal_value=0.000225925 0.00213675 0.00326316 0.00145833 -0.000612245 -0.000151976 -0.00260223 9.26956e-05 -0.000450653 0.00258799 0.000923295 -0.000152439 -0.00149413 -0.000356633
internal_weight=3536 580 470 355 240 2956 264 2692 2214 478 347 2127 932 696
internal_count=3536 580 470 355 240 2956 264 2692 2214 478 347 2127 932 696
is_linear=0
shrinkage=0.05


Tree=246
num_leaves=15
num_cat=0
split_feature=3 11 0 6 4 12 6 9 9 0 6 11 8 3
split_gain=0.733271 1.92039 1.15274 1.2741 1.04903 0.783573 0.739817 0.713942 0.468514 1.23314 1.16195 1.33322 2.47664 1.66431
threshold=-96.499999999999986 0.3504237462291826 375.50000000000006 1.0473735686863634 876.34368548386203 -0.71502926860092908 0.92553507125699619 98.500000000000014 96.500000000000014 107.50000000000001 0.66188732189080624 0.78857998149907527 6.5000000000000009 -11.499999999999998
decision_type=2 2 2 2 2 2 2 2 2 2 2 2 2 2
left_child=1 2 5 7 6 -1 -3 -4 9 -2 -11 12 -12 -14
right_child=8 4 3 -5 -6 -7 -8 -9 -10 10 11 -13 13 -15
leaf_value=-0.0031063379322347376 -0.014522771035633665 0.15043470877011558 0.74560370602242765 -0.48360861338222777 0.033956541151695774 -1.2297152038466423 0.67713654045946614 0.031727635499457563 0.0083962990278394056 0.14673245793381007 0.0087934187987961827 0.0076605369360336802 -0.041649444609959119 -0.23292981326480913
leaf_weight=84 143 80 151 94 115 94 83 108 1355 82 180 451 381 101
leaf_count=84 143 80 151 94 115 94 83 108 1355 82 180 451 381 101
internal_value=0.000128315 0.00144349 -0.000326493 0.00132682 0.00477032 -0.00355191 0.00729167 0.003125 -0.000268718 -0.000930752 -0.000395833 -0.00082737 -0.00224888 -0.00410678
internal_weight=3502 809 531 353 278 178 163 259 2693 1338 1195 1113 662 482
internal_count=3502 809 531 353 278 178 163 259 2693 1338 1195 1113 662 482
is_linear=0
shrinkage=0.05


Tree=247
num_leaves=15
num_cat=0
split_feature=7 8 5 5 0 3 6 1 5 0 6 3 3 0
split_gain=0.644061 0.799111 0.675256 0.697032 1.02066 0.678612 0.458291 1.17271 0.769223 0.838208 0.667891 0.622239 0.650127 0.611966
threshold=22.950000000000003 66.500000000000014 0.2326118632813807 0.27289742979482051 66.500000000000014 1.5000000000000002 0.31226569976844448 127.50000000000001 0.6824886151650853 244.50000000000003 0.19130473469695544 176.50000000000003 71.500000000000014 187.50000000000003
decision_type=2 2 2 2 2 2 2 2 2 2 2 2 2 2
left_child=1 -1 5 -4 -5 -2 8 -8 9 -6 -11 12 13 -9
right_child=2 -3 3 4 6 -7 7 11 -10 10 -12 -13 -14 -15
leaf_value=0.0024271020465072013 0.001973773440675708 -0.17109432519989021 -0.06013830020394835 0.0094301278786431911 0.11624822034188186 0.34475775830805661 -0.033423941331301422 0.043103048053276895 1.497622482842597 -1.3760959611015069 0.41934176365496967 -0.081986094094747844 0.38266659625836041 -0.0036366633602625598
leaf_weight=86 106 84 81 108 133 80 103 142 82 111 84 89 144 2069
leaf_count=86 106 84 81 108 133 80 103 142 82 111 84 89 144 2069
internal_value=9.98004e-05 -0.00285714 0.00025472 7.93399e-05 0.000203583 0.00314136 2.53207e-05 -0.000225313 0.00156627 0.00045045 -0.001625 0 0.000158898 -5.64079e-05
internal_weight=3502 170 3332 3146 3065 186 2957 2547 410 328 195 2444 2355 2211
internal_count=3502 170 3332 3146 3065 186 2957 2547 410 328 195 2444 2355 2211
is_linear=0
shrinkage=0.05


Tree=248
num_leaves=15
num_cat=0
split_feature=3 3 3 10 7 2 7 3 7 5 0 0 0 9
split_gain=0.79687 1.73696 1.51291 0.81858 0.788511 1.49617 0.710377 1.66961 1.73504 1.2515 1.10245 2.19346 0.989315 0.667911
threshold=84.500000000000014 59.500000000000007 123.50000000000001 15.500000000000002 29.350000000000005 220.75000000000003 32.850000000000001 -131.99999999999997 34.650000000000013 0.99519512947724798 798.50000000000011 744.50000000000011 755.50000000000011 5.5000000000000009
decision_type=2 2 2 2 2 2 2 2 2 2 2 2 2 2
left_child=1 6 -2 4 5 -4 10 -8 -9 12 11 13 -10 -1
right_child=2 -3 3 -5 -6 -7 7 8 9 -11 -12 -13 -14 -15
leaf_value=0.010614657812975638 -0.75611154711008766 0.35920823013157988 0.74399074113665054 -0.18888579336995975 1.1706427301538724 -0.80477879123068308 0.68082655249736779 0.10324579006267315 -0.005179030538350205 0.050434309004526771 -0.068623591606510104 0.13178900747238914 -0.55621937312451453 -0.0060603933154126828
leaf_weight=312 115 108 107 95 127 167 114 146 134 87 152 119 111 1616
leaf_count=312 115 108 107 95 127 167 114 146 134 87 152 119 111 1616
internal_value=0.000213371 0.000559573 -0.00142045 -0.000199601 0.000800493 -0.000716846 0.000312947 0.00184255 0.000517598 -0.00148368 -0.000102087 0.000207115 -0.0033 -0.000206932
internal_weight=3510 2899 611 496 401 274 2791 592 478 332 2199 2047 245 1928
internal_count=3510 2899 611 496 401 274 2791 592 478 332 2199 2047 245 1928
is_linear=0
shrinkage=0.05


Tree=249
num_leaves=15
num_cat=0
split_feature=2 2 11 1 6 11 6 3 3 12 8 5 11 10
split_gain=0.797838 0.483441 0.620214 1.32824 1.09738 0.815492 0.6438 0.60232 0.993914 0.925615 1.76488 1.43465 1.24066 1.7839
threshold=969.75000000000011 922.25000000000011 0.94425825643485939 780.50000000000011 0.78408354350366172 0.89404822654372251 0.056359808918195274 7.5000000000000009 -3.4999999999999996 -0.80417042486635371 97.500000000000014 0.4914583064664762 -0.23537230790205757 12.500000000000002
decision_type=2 2 2 2 2 2 2 2 2 2 2 2 2 2
left_child=1 2 5 4 -4 6 -1 8 -8 12 -11 -12 -9 -14
right_child=-2 -3 3 -5 -6 -7 7 9 -10 10 11 -13 13 -15
leaf_value=-0.062442177718163197 0.11152149694893865 -0.20390030446306184 0.13057487954078795 0.32240112751529754 -0.13529131102935424 -0.054958683473131487 0.0022699250076112067 -0.63877816629324757 -0.017351984027687051 0.0095851015177345292 0.99017763947678616 0.1594459470966399 0.69584527356208747 -0.43414811235949352
leaf_weight=106 81 104 103 87 125 133 1680 119 203 327 84 95 123 132
leaf_count=106 81 104 103 87 125 133 1680 119 203 327 84 95 123 132
internal_value=0.000185344 6.56743e-05 0.000173089 0.00226562 0.000214592 -4.98836e-05 0.00013048 0.000279986 -0.000225106 0.00135593 0.00273973 0.00665761 -0.000527704 0.00144231
internal_weight=3502 3421 3317 315 228 3002 2869 2763 1883 880 506 179 374 255
internal_count=3502 3421 3317 315 228 3002 2869 2763 1883 880 506 179 374 255
is_linear=0
shrinkage=0.05


end of trees

feature_importances:
Column_11=552
Column_12=469
Column_4=370
Column_0=331
Column_3=281
Column_5=253
Column_8=249
Column_2=223
Column_7=217
Column_1=174
Column_6=148
Column_9=124
Column_10=107

parameters:
[boosting: gbdt]
[objective: quantile]
[metric: quantile]
[tree_learner: serial]
[device_type: cpu]
[data_sample_strategy: bagging]
[data: ]
[valid: ]
[num_iterations: 250]
[learning_rate: 0.05]
[num_leaves: 15]
[num_threads: 0]
[seed: 7]
[deterministic: 0]
[force_col_wise: 0]
[force_row_wise: 0]
[histogram_pool_size: -1]
[max_depth: -1]
[min_data_in_leaf: 80]
[min_sum_hessian_in_leaf: 0.001]
[bagging_fraction: 0.9]
[pos_bagging_fraction: 1]
[neg_bagging_fraction: 1]
[bagging_freq: 1]
[bagging_seed: 17422]
[bagging_by_query: 0]
[feature_fraction: 0.9]
[feature_fraction_bynode: 1]
[feature_fraction_seed: 7040]
[extra_trees: 0]
[extra_seed: 6516]
[early_stopping_round: 0]
[early_stopping_min_delta: 0]
[first_metric_only: 0]
[max_delta_step: 0]
[lambda_l1: 0]
[lambda_l2: 5]
[linear_lambda: 0]
[min_gain_to_split: 0]
[drop_rate: 0.1]
[max_drop: 50]
[skip_drop: 0.5]
[xgboost_dart_mode: 0]
[uniform_drop: 0]
[drop_seed: 15215]
[top_rate: 0.2]
[other_rate: 0.1]
[min_data_per_group: 100]
[max_cat_threshold: 32]
[cat_l2: 10]
[cat_smooth: 10]
[max_cat_to_onehot: 4]
[top_k: 20]
[monotone_constraints: ]
[monotone_constraints_method: basic]
[monotone_penalty: 0]
[feature_contri: ]
[forcedsplits_filename: ]
[refit_decay_rate: 0.9]
[cegb_tradeoff: 1]
[cegb_penalty_split: 0]
[cegb_penalty_feature_lazy: ]
[cegb_penalty_feature_coupled: ]
[path_smooth: 0]
[interaction_constraints: ]
[verbosity: -1]
[saved_feature_importance_type: 0]
[use_quantized_grad: 0]
[num_grad_quant_bins: 4]
[quant_train_renew_leaf: 0]
[stochastic_rounding: 1]
[linear_tree: 0]
[max_bin: 255]
[max_bin_by_feature: ]
[min_data_in_bin: 3]
[bin_construct_sample_cnt: 200000]
[data_random_seed: 61]
[is_enable_sparse: 1]
[enable_bundle: 1]
[use_missing: 1]
[zero_as_missing: 0]
[feature_pre_filter: 1]
[pre_partition: 0]
[two_round: 0]
[header: 0]
[label_column: ]
[weight_column: ]
[group_column: ]
[ignore_column: ]
[categorical_feature: ]
[forcedbins_filename: ]
[precise_float_parser: 0]
[parser_config_file: ]
[objective_seed: 15521]
[num_class: 1]
[is_unbalance: 0]
[scale_pos_weight: 1]
[sigmoid: 1]
[boost_from_average: 1]
[reg_sqrt: 0]
[alpha: 0.5]
[fair_c: 1]
[poisson_max_delta_step: 0.7]
[tweedie_variance_power: 1.5]
[lambdarank_truncation_level: 30]
[lambdarank_norm: 1]
[label_gain: ]
[lambdarank_position_bias_regularization: 0]
[eval_at: ]
[multi_error_top_k: 1]
[auc_mu_weights: ]
[num_machines: 1]
[local_listen_port: 12400]
[time_out: 120]
[machine_list_filename: ]
[machines: ]
[gpu_platform_id: -1]
[gpu_device_id: -1]
[gpu_device_id_list: ]
[gpu_use_dp: 0]
[num_gpu: 1]

end of parameters

pandas_categorical:null
